_source_dataset,_source_pdf,_source_page,_source_table,Número de Contrato,Contratista,Fecha de Otorgación,Fecha de Inicio,Fecha de Terminación,Cuantía,Tipo de Servicio,Comentarios
ACT_2020,Contratos_Vigentes_ACT.pdf,1,1,1992-000228 C,"AUTOPISTAS DE PUERTO RICO Y COMPAÑIA, S.E.",03/09/2009,20/12/1991,22/02/2044,$0.00,CONSTRUCCION Y REPARACION DE VIAS PUBLICAS,
ACT_2020,Contratos_Vigentes_ACT.pdf,1,1,1992-000228 D,"AUTOPISTAS DE PUERTO RICO Y COMPAÑIA, S.E.",31/03/2011,20/12/1991,22/02/2044,$0.00,CONSTRUCCION Y REPARACION DE VIAS PUBLICAS,
ACT_2020,Contratos_Vigentes_ACT.pdf,1,1,2003-000039 I,L. P. C. and D. Inc.,22/07/2020,22/07/2020,18/01/2021,$0.00,CONSTRUCCION Y REPARACION DE VIAS PUBLICAS,
ACT_2020,Contratos_Vigentes_ACT.pdf,1,1,2004-000336 AL,"FERROVIAL- AGROMAN, SA",22/07/2020,22/07/2020,18/01/2021,$0.00,CONSTRUCCION Y REPARACION DE VIAS PUBLICAS,
ACT_2020,Contratos_Vigentes_ACT.pdf,1,1,2006-000206,"AUTOPISTAS DE PUERTO RICO Y COMPAÑIA, S.E.",10/04/2006,10/04/2006,20/03/2027,"$979,208.00",SERVICIOS TÉCNICOS,
ACT_2020,Contratos_Vigentes_ACT.pdf,1,1,2009-000001 BM,"FERROVIAL AGROMAN, S.A.",22/07/2020,22/07/2020,18/01/2021,$0.00,CONSTRUCCION Y REPARACION DE VIAS PUBLICAS,
ACT_2020,Contratos_Vigentes_ACT.pdf,1,1,2009-000063 AX,"LPC & D, INC",22/07/2020,22/07/2020,18/01/2021,$0.00,CONSTRUCCION Y REPARACION DE VIAS PUBLICAS,
ACT_2020,Contratos_Vigentes_ACT.pdf,1,1,2009-000203,"GRUPO DE DESARROLLO LOS ALTOS SAN JUAN, INC.",30/12/2008,30/12/2008,30/12/2058,"$23,427,340.00","COMPRA, VENTA, ALQUILER Y/O DESARROLLO DE INMUEBLES",
ACT_2020,Contratos_Vigentes_ACT.pdf,1,1,2009-000205 AL,"FERROVIAL AGROMAN, S.A.",22/07/2020,22/07/2020,18/01/2021,$0.00,CONSTRUCCION Y REPARACION DE VIAS PUBLICAS,
ACT_2020,Contratos_Vigentes_ACT.pdf,1,1,2011-000013 AS,"LPC & D, INC",22/07/2020,22/07/2020,18/01/2021,$0.00,CONSTRUCCION Y REPARACION DE VIAS PUBLICAS,
ACT_2020,Contratos_Vigentes_ACT.pdf,1,1,2011-000188,"AUTOPISTAS METROPOLITANAS DE PUERTO RICO, LLC",27/06/2011,26/09/2011,26/09/2051,"$1,146,160,000.00",SERVICIOS PERSONALES NO PROFESIONALES,
ACT_2020,Contratos_Vigentes_ACT.pdf,1,1,2011-000188 A,"AUTOPISTAS METROPOLITANAS DE PUERTO RICO, LLC",19/09/2011,26/09/2011,26/09/2051,$0.00,SERVICIOS PERSONALES NO PROFESIONALES,
ACT_2020,Contratos_Vigentes_ACT.pdf,1,1,2011-000188 B,"AUTOPISTAS METROPOLITANAS DE PUERTO RICO, LLC",23/03/2012,28/03/2012,26/09/2051,$0.00,SERVICIOS PERSONALES NO PROFESIONALES,
ACT_2020,Contratos_Vigentes_ACT.pdf,1,1,2011-000188 C,"AUTOPISTAS METROPOLITANAS DE PUERTO RICO, LLC",14/11/2012,14/11/2012,26/09/2051,$0.00,SERVICIOS PERSONALES NO PROFESIONALES,
ACT_2020,Contratos_Vigentes_ACT.pdf,1,1,2011-000188 D,"AUTOPISTAS METROPOLITANAS DE PUERTO RICO, LLC",04/02/2015,04/02/2015,26/09/2051,$0.00,SERVICIOS PERSONALES NO PROFESIONALES,
ACT_2020,Contratos_Vigentes_ACT.pdf,1,1,2011-000188 E,"AUTOPISTAS METROPOLITANAS DE PUERTO RICO, LLC",19/04/2016,19/04/2016,26/09/2051,"$115,000,000.00",SERVICIOS PERSONALES NO PROFESIONALES,
ACT_2020,Contratos_Vigentes_ACT.pdf,2,1,2011-000207,MUNICIPIO DE ADJUNTAS,11/05/2011,11/05/2011,11/05/2026,$1.00,ACUERDOS FINANCIEROS Y NO FINANCIEROS,
ACT_2020,Contratos_Vigentes_ACT.pdf,2,1,2012-000008,CUERPO DE BOMBEROS DE PUERTO RICO,14/07/2011,14/07/2011,14/07/2026,$0.00,ACUERDOS FINANCIEROS Y NO FINANCIEROS,
ACT_2020,Contratos_Vigentes_ACT.pdf,2,1,2012-000051,"AUTOPISTAS METROPOLITANAS DE PUERTO RICO, LLC",22/09/2011,22/09/2011,22/09/2051,"$1,136,160,000.00",ACUERDOS FINANCIEROS Y NO FINANCIEROS,
ACT_2020,Contratos_Vigentes_ACT.pdf,2,1,2012-000053,"AUTOPISTAS METROPOLITANAS DE PUERTO RICO, LLC",22/09/2011,26/09/2011,26/09/2051,$0.00,ACUERDOS FINANCIEROS Y NO FINANCIEROS,
ACT_2020,Contratos_Vigentes_ACT.pdf,2,1,2012-000054,"AUTOPISTAS METROPOLITANAS DE PUERTO RICO, LLC",22/09/2011,26/09/2011,26/09/2051,$0.00,ACUERDOS FINANCIEROS Y NO FINANCIEROS,
ACT_2020,Contratos_Vigentes_ACT.pdf,2,1,2012-000055,"AUTOPISTAS METROPOLITANAS DE PUERTO RICO, LLC",22/09/2011,26/09/2011,26/09/2051,$0.00,ACUERDOS FINANCIEROS Y NO FINANCIEROS,
ACT_2020,Contratos_Vigentes_ACT.pdf,2,1,2012-000056,"AUTOPISTAS METROPOLITANAS DE PUERTO RICO, LLC",22/09/2011,26/09/2011,26/09/2051,$0.00,ACUERDOS FINANCIEROS Y NO FINANCIEROS,
ACT_2020,Contratos_Vigentes_ACT.pdf,2,1,2012-000057,"AUTOPISTAS METROPOLITANAS DE PUERTO RICO, LLC",22/09/2011,26/09/2011,26/09/2051,$0.00,ACUERDOS FINANCIEROS Y NO FINANCIEROS,
ACT_2020,Contratos_Vigentes_ACT.pdf,2,1,2012-000058,"AUTOPISTAS METROPOLITANAS DE PUERTO RICO, LLC",22/09/2011,26/09/2011,26/09/2051,$0.00,ACUERDOS FINANCIEROS Y NO FINANCIEROS,
ACT_2020,Contratos_Vigentes_ACT.pdf,2,1,2012-000059,"AUTOPISTAS METROPOLITANAS DE PUERTO RICO, LLC",22/09/2011,26/09/2011,26/09/2051,$0.00,ACUERDOS FINANCIEROS Y NO FINANCIEROS,
ACT_2020,Contratos_Vigentes_ACT.pdf,2,1,2012-000060,"AUTOPISTAS METROPOLITANAS DE PUERTO RICO, LLC",22/09/2011,26/09/2011,26/09/2051,$0.00,ACUERDOS FINANCIEROS Y NO FINANCIEROS,
ACT_2020,Contratos_Vigentes_ACT.pdf,2,1,2012-000096,MUNICIPIO DE TRUJILLO ALTO,28/09/2011,28/09/2011,28/09/2026,$1.00,ACUERDOS FINANCIEROS Y NO FINANCIEROS,
ACT_2020,Contratos_Vigentes_ACT.pdf,2,1,2012-000098,MUNICIPIO DE TRUJILLO ALTO,28/09/2011,28/09/2011,28/09/2026,$15.00,"COMPRA, VENTA, ALQUILER Y/O DESARROLLO DE INMUEBLES",
ACT_2020,Contratos_Vigentes_ACT.pdf,2,1,2012-000099,MUNICIPIO DE AGUADILLA,28/09/2011,28/09/2011,28/09/2026,$15.00,"COMPRA, VENTA, ALQUILER Y/O DESARROLLO DE INMUEBLES",
ACT_2020,Contratos_Vigentes_ACT.pdf,2,1,2012-000230,3 RÍOS LTD. CORP.,02/04/2012,02/04/2012,02/04/2087,$0.00,ACUERDOS FINANCIEROS Y NO FINANCIEROS,
ACT_2020,Contratos_Vigentes_ACT.pdf,2,1,2013-000017 C,"Plaza Internacional Puerto Rico, LLC",18/06/2018,18/06/2018,18/06/2021,$0.00,ACUERDOS FINANCIEROS Y NO FINANCIEROS,
ACT_2020,Contratos_Vigentes_ACT.pdf,3,1,2013-000079,"ALTERNATE CONCEPTS, INC.",27/11/2012,27/11/2012,31/10/2042,"$1,968,000.00","COMPRA, VENTA, ALQUILER Y/O DESARROLLO DE INMUEBLES",
ACT_2020,Contratos_Vigentes_ACT.pdf,3,1,2013-000079,"CRITICAL HUB NETWORKS, Inc.",27/11/2012,27/11/2012,31/10/2042,"$1,968,000.00","COMPRA, VENTA, ALQUILER Y/O DESARROLLO DE INMUEBLES",
ACT_2020,Contratos_Vigentes_ACT.pdf,3,1,2013-000111 F,"METRIC ENGINEERING, INC.",16/10/2019,16/10/2019,31/12/2020,"$290,000.00",SERVICIOS PROFESIONALES,
ACT_2020,Contratos_Vigentes_ACT.pdf,3,1,2013-000111 G,"METRIC ENGINEERING, INC.",21/02/2020,21/02/2020,31/12/2020,"$200,000.00",SERVICIOS PROFESIONALES,
ACT_2020,Contratos_Vigentes_ACT.pdf,3,1,2013-000111 H,"METRIC ENGINEERING, INC.",16/06/2020,16/06/2020,31/12/2020,"$60,000.00",SERVICIOS PROFESIONALES,
ACT_2020,Contratos_Vigentes_ACT.pdf,3,1,2013-000111 I,"METRIC ENGINEERING, INC.",17/07/2020,17/07/2020,31/12/2020,"$250,000.00",SERVICIOS PROFESIONALES,
ACT_2020,Contratos_Vigentes_ACT.pdf,3,1,2014-000200 P,"LPC & D, INC",22/07/2020,22/07/2020,18/01/2021,$0.00,CONSTRUCCION Y REPARACION DE VIAS PUBLICAS,
ACT_2020,Contratos_Vigentes_ACT.pdf,3,1,2014-000202 K,"Obratec Contratista General, Inc.",05/08/2020,05/08/2020,01/02/2021,$0.00,CONSTRUCCION Y REPARACION DE VIAS PUBLICAS,
ACT_2020,Contratos_Vigentes_ACT.pdf,3,1,2014-000207 R,"Anibal Diaz Construction, Inc.",27/07/2020,27/07/2020,23/01/2021,$0.00,CONSTRUCCION Y REPARACION DE VIAS PUBLICAS,
ACT_2020,Contratos_Vigentes_ACT.pdf,3,1,2015-000006 X,"L.P.C. & D., INC.",07/05/2019,07/05/2019,23/03/2021,"$784,790.00",CONSTRUCCION Y REPARACION DE VIAS PUBLICAS,
ACT_2020,Contratos_Vigentes_ACT.pdf,3,1,2015-000006 AA,"L.P.C. & D., INC.",15/01/2020,15/01/2020,23/03/2021,"$275,491.69",CONSTRUCCION Y REPARACION DE VIAS PUBLICAS,
ACT_2020,Contratos_Vigentes_ACT.pdf,3,1,2015-000006 AB,"L.P.C. & D., INC.",21/07/2020,21/07/2020,18/05/2021,$0.00,CONSTRUCCION Y REPARACION DE VIAS PUBLICAS,
ACT_2020,Contratos_Vigentes_ACT.pdf,3,1,2015-000006 Y,"L.P.C. & D., INC.",05/11/2019,05/11/2019,23/03/2021,"$313,894.50",CONSTRUCCION Y REPARACION DE VIAS PUBLICAS,
ACT_2020,Contratos_Vigentes_ACT.pdf,3,1,2015-000066,MUNICIPIO AUTÓNOMO DE HUMACAO,10/11/2014,10/11/2014,10/11/2024,$0.00,ACUERDOS FINANCIEROS Y NO FINANCIEROS,
ACT_2020,Contratos_Vigentes_ACT.pdf,3,1,2015-000101 K,Super Asphalt Pavement Corp.,11/08/2020,11/08/2020,07/02/2021,$0.00,CONSTRUCCION Y REPARACION DE VIAS PUBLICAS,
ACT_2020,Contratos_Vigentes_ACT.pdf,3,1,2015-000130 G,Torres-Rosa Consulting Engineers,31/12/2019,31/12/2019,31/12/2020,$0.00,SERVICIOS PROFESIONALES,
ACT_2020,Contratos_Vigentes_ACT.pdf,4,1,2015-000131 G,Torres-Rosa Consulting Engineers,23/06/2020,23/06/2020,31/03/2021,$0.00,SERVICIOS PROFESIONALES,
ACT_2020,Contratos_Vigentes_ACT.pdf,4,1,2015-000147 G,"Barrett, Hale & Alamo, LLC",30/06/2020,30/06/2020,31/03/2021,$0.00,SERVICIOS PROFESIONALES,
ACT_2020,Contratos_Vigentes_ACT.pdf,4,1,2015-000165,"ACCIÓN SOCIAL ÉGIDA LOS CANTARES, INC.",12/02/2015,12/02/2015,12/02/2021,"$63,436.00","COMPRA, VENTA Y ALQUILER DE EQUIPO, VEHICULOS Y OTROS",
ACT_2020,Contratos_Vigentes_ACT.pdf,4,1,2015-000169,EL MUNICIPIO DE ARROYO,30/06/2015,30/06/2015,30/06/2025,$0.00,INTERAGENCIALES,
ACT_2020,Contratos_Vigentes_ACT.pdf,4,1,2015-000170,"ASOCIACIÓN COMUNITARIA PALMAREJO II, INC.",12/02/2015,12/02/2015,12/02/2021,"$63,436.00","COMPRA, VENTA Y ALQUILER DE EQUIPO, VEHICULOS Y OTROS",
ACT_2020,Contratos_Vigentes_ACT.pdf,4,1,2015-000171,"CENTRO PROVIDENCIA PARA PERSONAS DE MAYOR EDAD, DE",12/02/2015,12/02/2015,12/02/2021,"$63,436.00","COMPRA, VENTA Y ALQUILER DE EQUIPO, VEHICULOS Y OTROS",
ACT_2020,Contratos_Vigentes_ACT.pdf,4,1,2015-000172,"COMITÉ DE GERICULTURA DE GUAYAMA, INC.",12/02/2015,12/02/2015,12/02/2021,"$63,436.00","COMPRA, VENTA Y ALQUILER DE EQUIPO, VEHICULOS Y OTROS",
ACT_2020,Contratos_Vigentes_ACT.pdf,4,1,2015-000173,MUNICIPALITY OF AIBONITO,12/02/2015,12/02/2015,12/02/2021,"$63,436.00","COMPRA, VENTA Y ALQUILER DE EQUIPO, VEHICULOS Y OTROS",
ACT_2020,Contratos_Vigentes_ACT.pdf,4,1,2015-000174,MUNICIPALITY OF BARCELONETA,12/02/2015,12/02/2015,12/02/2021,"$63,436.00","COMPRA, VENTA Y ALQUILER DE EQUIPO, VEHICULOS Y OTROS",
ACT_2020,Contratos_Vigentes_ACT.pdf,4,1,2015-000175,MUNICIPALITY OF CABO ROJO,12/02/2015,12/02/2015,12/02/2021,"$63,436.00","COMPRA, VENTA Y ALQUILER DE EQUIPO, VEHICULOS Y OTROS",
ACT_2020,Contratos_Vigentes_ACT.pdf,4,1,2015-000176,MUNICIPALITY OF COAMO,12/02/2015,12/02/2015,12/02/2021,"$63,436.00","COMPRA, VENTA Y ALQUILER DE EQUIPO, VEHICULOS Y OTROS",
ACT_2020,Contratos_Vigentes_ACT.pdf,4,1,2015-000177,MUNICIPALITY OF FLORIDA,12/02/2015,12/02/2015,12/02/2021,"$63,436.00","COMPRA, VENTA Y ALQUILER DE EQUIPO, VEHICULOS Y OTROS",
ACT_2020,Contratos_Vigentes_ACT.pdf,4,1,2015-000178,MUNICIPALITY OF GUAYAMA,12/02/2015,12/02/2015,12/02/2021,"$63,436.00","COMPRA, VENTA Y ALQUILER DE EQUIPO, VEHICULOS Y OTROS",
ACT_2020,Contratos_Vigentes_ACT.pdf,4,1,2015-000179,Municipality of Guaynabo,12/02/2015,12/02/2015,12/02/2021,"$63,436.00","COMPRA, VENTA Y ALQUILER DE EQUIPO, VEHICULOS Y OTROS",
ACT_2020,Contratos_Vigentes_ACT.pdf,4,1,2015-000180,MUNICIPALITY OF HORMIGUEROS,12/02/2015,12/02/2015,12/02/2021,"$63,436.00","COMPRA, VENTA Y ALQUILER DE EQUIPO, VEHICULOS Y OTROS",
ACT_2020,Contratos_Vigentes_ACT.pdf,4,1,2015-000181,MUNICIPALITY OF ISABELA,12/02/2015,12/02/2015,12/02/2021,"$63,436.00","COMPRA, VENTA Y ALQUILER DE EQUIPO, VEHICULOS Y OTROS",
ACT_2020,Contratos_Vigentes_ACT.pdf,5,1,2015-000182,Municipality of Jayuya,12/02/2015,12/02/2015,12/02/2021,"$63,436.00","COMPRA, VENTA Y ALQUILER DE EQUIPO, VEHICULOS Y OTROS",
ACT_2020,Contratos_Vigentes_ACT.pdf,5,1,2015-000183,MUNICIPALITY OF JUNCOS,12/02/2015,12/02/2015,12/02/2021,"$63,436.00","COMPRA, VENTA Y ALQUILER DE EQUIPO, VEHICULOS Y OTROS",
ACT_2020,Contratos_Vigentes_ACT.pdf,5,1,2015-000184,MUNICIPALITY OF LAJAS,12/02/2015,12/02/2015,12/02/2021,"$63,436.00","COMPRA, VENTA Y ALQUILER DE EQUIPO, VEHICULOS Y OTROS",
ACT_2020,Contratos_Vigentes_ACT.pdf,5,1,2015-000185,MUNICIPALITY OF MANATI,12/02/2015,12/02/2015,12/02/2021,"$63,436.00","COMPRA, VENTA Y ALQUILER DE EQUIPO, VEHICULOS Y OTROS",
ACT_2020,Contratos_Vigentes_ACT.pdf,5,1,2015-000186,Municipality of Morovis,12/02/2015,12/02/2015,12/02/2021,"$63,436.00","COMPRA, VENTA Y ALQUILER DE EQUIPO, VEHICULOS Y OTROS",
ACT_2020,Contratos_Vigentes_ACT.pdf,5,1,2015-000187,MUNICIPALITY OF SAN GERMÁN,12/02/2015,12/02/2015,12/02/2021,"$63,436.00","COMPRA, VENTA Y ALQUILER DE EQUIPO, VEHICULOS Y OTROS",
ACT_2020,Contratos_Vigentes_ACT.pdf,5,1,2015-000188,MUNICIPALITY OF TRUJILLO ALTO,12/02/2015,12/02/2015,12/02/2021,"$63,436.00","COMPRA, VENTA Y ALQUILER DE EQUIPO, VEHICULOS Y OTROS",
ACT_2020,Contratos_Vigentes_ACT.pdf,5,1,2015-000189,MUNICIPALITY OF CAYEY,12/02/2015,12/02/2015,12/02/2021,"$63,436.00","COMPRA, VENTA Y ALQUILER DE EQUIPO, VEHICULOS Y OTROS",
ACT_2020,Contratos_Vigentes_ACT.pdf,5,1,2015-000190,MUNICIPALITY OF MOCA,12/02/2015,12/02/2015,12/02/2021,"$63,436.00","COMPRA, VENTA Y ALQUILER DE EQUIPO, VEHICULOS Y OTROS",
ACT_2020,Contratos_Vigentes_ACT.pdf,5,1,2015-000191,Municipality of Toa Baja,12/02/2015,12/02/2015,12/02/2021,"$63,436.00","COMPRA, VENTA Y ALQUILER DE EQUIPO, VEHICULOS Y OTROS",
ACT_2020,Contratos_Vigentes_ACT.pdf,5,1,2015-000192,"CENTRO CULTURAL Y DE SERVICIOS DE CANTERA, INC.",12/02/2015,12/02/2015,12/02/2021,"$63,436.00","COMPRA, VENTA Y ALQUILER DE EQUIPO, VEHICULOS Y OTROS",
ACT_2020,Contratos_Vigentes_ACT.pdf,5,1,2015-000193,"INICIATIVA COMUNITARIA DE INVESTIGACIÓN, INC.",12/02/2015,12/02/2015,12/02/2021,"$63,436.00","COMPRA, VENTA Y ALQUILER DE EQUIPO, VEHICULOS Y OTROS",
ACT_2020,Contratos_Vigentes_ACT.pdf,5,1,2016-000020 F,Germán Torres Berrios,26/12/2019,26/12/2019,31/12/2020,$0.00,SERVICIOS PROFESIONALES,
ACT_2020,Contratos_Vigentes_ACT.pdf,5,1,2016-000020 G,Germán Torres Berrios,20/05/2020,20/05/2020,31/12/2020,"$6,400.00",SERVICIOS PROFESIONALES,
ACT_2020,Contratos_Vigentes_ACT.pdf,5,1,2016-000034,"CONSTRUCCIONES JOSE CARRO, S.E.",28/07/2015,07/08/2015,25/06/2023,"$24,611,000.00",CONSTRUCCION Y REPARACION DE VIAS PUBLICAS,
ACT_2020,Contratos_Vigentes_ACT.pdf,5,1,2016-000034 F,"CONSTRUCCIONES JOSE CARRO, S.E.",11/08/2016,25/06/2023,25/06/2023,"$31,800.00",CONSTRUCCION Y REPARACION DE VIAS PUBLICAS,
ACT_2020,Contratos_Vigentes_ACT.pdf,6,1,2016-000036 E,"Barrett, Hale & Alamo, LLC",19/06/2020,19/06/2020,31/03/2021,$0.00,SERVICIOS PROFESIONALES,
ACT_2020,Contratos_Vigentes_ACT.pdf,6,1,2016-000043 A,AUTORIDAD DE TRANSPORTE MARITIMO Y LAS ISLAS MUNIC,29/07/2016,29/07/2016,30/06/2021,$0.00,INTERAGENCIALES,
ACT_2020,Contratos_Vigentes_ACT.pdf,6,1,2016-000043 A,DEPARTAMENTO DE TRANSPORTACION Y OBRAS PUBLICAS,29/07/2016,29/07/2016,30/06/2021,$0.00,INTERAGENCIALES,
ACT_2020,Contratos_Vigentes_ACT.pdf,6,1,2016-000043 A,LA AUTORIDAD DE TRANSPORTE INTEGRADO DE PUERTO RIC,29/07/2016,29/07/2016,30/06/2021,$0.00,INTERAGENCIALES,
ACT_2020,Contratos_Vigentes_ACT.pdf,6,1,2016-000043 A,AUTORIDAD METROPOLITANA DE AUTOBUSES,29/07/2016,29/07/2016,30/06/2021,$0.00,INTERAGENCIALES,
ACT_2020,Contratos_Vigentes_ACT.pdf,6,1,2016-000074 E,"CSA ARCHITECTS AND ENGINEERS, LLP",25/06/2020,25/06/2020,31/03/2021,$0.00,SERVICIOS PROFESIONALES,
ACT_2020,Contratos_Vigentes_ACT.pdf,6,1,2016-000090,EL INSTITUTO DE CULTURA PUERTORRIQUEÑA,21/12/2015,21/12/2015,31/12/2020,$0.00,INTERAGENCIALES,
ACT_2020,Contratos_Vigentes_ACT.pdf,6,1,2016-000092 E,"CSA ARCHITECTS & ENGINEERS, LLP",16/06/2020,16/06/2020,31/12/2020,"$251,594.00",SERVICIOS PROFESIONALES,
ACT_2020,Contratos_Vigentes_ACT.pdf,6,1,2016-000096 F,CMA ARCHITECTS AND ENGINEERS LLC,04/06/2020,04/06/2020,30/06/2021,$0.00,SERVICIOS PROFESIONALES,
ACT_2020,Contratos_Vigentes_ACT.pdf,6,1,2016-000097 F,"PROFESSIONAL ACCOUNT MANAGEMENT, LLC",05/11/2019,05/11/2019,30/04/2021,"$715,000.00",SERVICIOS PERSONALES NO PROFESIONALES,
ACT_2020,Contratos_Vigentes_ACT.pdf,6,1,2016-000097 F,"AUTOPISTAS METROPOLITANAS DE PUERTO RICO, LLC",05/11/2019,05/11/2019,30/04/2021,"$715,000.00",SERVICIOS PERSONALES NO PROFESIONALES,
ACT_2020,Contratos_Vigentes_ACT.pdf,6,1,2016-000101 H,Super Asphalt Pavement Corp.,11/08/2020,11/08/2020,07/02/2021,$0.00,CONSTRUCCION Y REPARACION DE VIAS PUBLICAS,
ACT_2020,Contratos_Vigentes_ACT.pdf,6,1,2016-000112 H,"DEL VALLE GROUP, S.P.",18/08/2020,18/08/2020,14/02/2021,$0.00,CONSTRUCCION Y REPARACION DE VIAS PUBLICAS,
ACT_2020,Contratos_Vigentes_ACT.pdf,6,1,2016-000115 J,"Obratec Contratista General, Inc.",27/07/2020,27/07/2020,23/01/2021,$0.00,CONSTRUCCION Y REPARACION DE VIAS PUBLICAS,
ACT_2020,Contratos_Vigentes_ACT.pdf,6,1,2016-000116 L,"Obratec Contratista General, Inc.",27/07/2020,27/07/2020,23/01/2021,$0.00,CONSTRUCCION Y REPARACION DE VIAS PUBLICAS,
ACT_2020,Contratos_Vigentes_ACT.pdf,6,1,2016-000139,MUNICIPALITY OF COAMO,21/04/2016,21/04/2016,21/04/2066,$0.00,ACUERDOS FINANCIEROS Y NO FINANCIEROS,
ACT_2020,Contratos_Vigentes_ACT.pdf,7,1,2016-000142 N,Desarrolladora J.A.. Inc.,27/07/2020,27/07/2020,21/09/2021,$0.00,CONSTRUCCION Y REPARACION DE VIAS PUBLICAS,
ACT_2020,Contratos_Vigentes_ACT.pdf,7,1,2016-000144,"AUTOPISTAS METROPOLITANAS DE PUERTO RICO, LLC",26/05/2016,26/05/2016,26/05/2026,"$274,500.00",SERVICIOS PERSONALES NO PROFESIONALES,
ACT_2020,Contratos_Vigentes_ACT.pdf,7,1,2016-000144 A,"AUTOPISTAS METROPOLITANAS DE PUERTO RICO, LLC",23/03/2018,23/03/2018,26/05/2026,$0.00,SERVICIOS PERSONALES NO PROFESIONALES,
ACT_2020,Contratos_Vigentes_ACT.pdf,7,1,2017-000024 H,"SUPER ASPHALT PAVEMENT, CORP.",11/08/2020,11/08/2020,07/02/2021,$0.00,CONSTRUCCION Y REPARACION DE VIAS PUBLICAS,
ACT_2020,Contratos_Vigentes_ACT.pdf,7,1,2017-000031 F,"CPM PR, LLC",29/06/2020,29/06/2020,29/01/2021,$0.00,SERVICIOS DE CONSULTORIA,
ACT_2020,Contratos_Vigentes_ACT.pdf,7,1,2017-000031 G,"CPM PR, LLC",25/08/2020,25/08/2020,30/09/2022,"$975,185.00",SERVICIOS DE CONSULTORIA,
ACT_2020,Contratos_Vigentes_ACT.pdf,7,1,2017-000038,MUNICIPIO DE GUAYNABO,02/09/2016,02/09/2016,02/09/2026,$0.00,ACUERDOS FINANCIEROS Y NO FINANCIEROS,
ACT_2020,Contratos_Vigentes_ACT.pdf,7,1,2017-000052 F,SAVE GREEN CORP.,30/06/2020,30/06/2020,31/12/2020,"$297,000.00",SERVICIOS PERSONALES NO PROFESIONALES,
ACT_2020,Contratos_Vigentes_ACT.pdf,7,1,2017-000053 F,SAVE GREEN CORP.,30/06/2020,30/06/2020,31/12/2020,"$1,104,000.00",SERVICIOS PERSONALES NO PROFESIONALES,
ACT_2020,Contratos_Vigentes_ACT.pdf,7,1,2017-000067 D,Torres-Rosa Consulting Engineers,30/06/2020,30/06/2020,31/03/2021,$0.00,SERVICIOS PROFESIONALES,
ACT_2020,Contratos_Vigentes_ACT.pdf,7,1,2017-000068 D,"CMA Architecs & Engineers, L.L.P.",23/06/2020,23/06/2020,31/03/2021,$0.00,SERVICIOS PROFESIONALES,
ACT_2020,Contratos_Vigentes_ACT.pdf,7,1,2017-000069 C,"INGENIEROS JOSÉ A. BATLLE & ASOCIADOS, CSP",12/05/2020,12/05/2020,30/06/2021,$0.00,SERVICIOS PROFESIONALES,
ACT_2020,Contratos_Vigentes_ACT.pdf,7,1,2017-000079 C,CSA ARCHITECTS & ENGINEERS,19/06/2020,19/06/2020,31/12/2020,$0.00,SERVICIOS PROFESIONALES,
ACT_2020,Contratos_Vigentes_ACT.pdf,7,1,2017-000080 D,"CSA ARCHITECTS AND ENGINEERS, LLP",30/06/2020,30/06/2020,31/12/2020,$0.00,SERVICIOS PROFESIONALES,
ACT_2020,Contratos_Vigentes_ACT.pdf,7,1,2017-000081 D,"CSA ARCHITECTS & ENGINEERS,LLP",25/06/2020,25/06/2020,31/03/2021,$0.00,SERVICIOS PROFESIONALES,
ACT_2020,Contratos_Vigentes_ACT.pdf,7,1,2017-000082 D,"CSA ARCHITECTS AND ENGINEERS, LLP",23/06/2020,23/06/2020,31/03/2021,$0.00,SERVICIOS PROFESIONALES,
ACT_2020,Contratos_Vigentes_ACT.pdf,8,1,2017-000095 D,Juan O. Virella Sánchez,30/06/2020,30/06/2020,31/03/2021,$0.00,SERVICIOS PROFESIONALES,
ACT_2020,Contratos_Vigentes_ACT.pdf,8,1,2017-000100 E,Juan O. Virella Sánchez,04/06/2020,04/06/2020,30/06/2021,$0.00,SERVICIOS PROFESIONALES,
ACT_2020,Contratos_Vigentes_ACT.pdf,8,1,2017-000101 D,"CMA Architecs & Engineers, L.L.P.",23/06/2020,23/06/2020,31/03/2021,$0.00,SERVICIOS PROFESIONALES,
ACT_2020,Contratos_Vigentes_ACT.pdf,8,1,2017-000109 E,AECOM Caribe L.L.P.,20/08/2019,20/08/2019,31/12/2020,$0.00,SERVICIOS PROFESIONALES,
ACT_2020,Contratos_Vigentes_ACT.pdf,8,1,2017-000111 M,"TAMRIO, INC",27/07/2020,27/07/2020,03/02/2021,$0.00,CONSTRUCCION Y REPARACION DE VIAS PUBLICAS,
ACT_2020,Contratos_Vigentes_ACT.pdf,8,1,2017-000113 F,"Obratec Contratista General, Inc.",12/08/2020,12/08/2020,14/07/2021,$0.00,CONSTRUCCION Y REPARACION DE VIAS PUBLICAS,
ACT_2020,Contratos_Vigentes_ACT.pdf,8,1,2017-000115,JUNTA DE CALIDAD AMBIENTAL,22/12/2016,22/12/2016,22/12/2021,$0.00,INTERAGENCIALES,
ACT_2020,Contratos_Vigentes_ACT.pdf,8,1,2017-000115,DEPARTAMENTO DE TRANSPORTACION Y OBRAS PUBLICAS,22/12/2016,22/12/2016,22/12/2021,$0.00,INTERAGENCIALES,
ACT_2020,Contratos_Vigentes_ACT.pdf,8,1,2017-000119,MUNICIPALITY OF FLORIDA,22/12/2016,22/12/2016,22/12/2066,$0.00,ACUERDOS FINANCIEROS Y NO FINANCIEROS,
ACT_2020,Contratos_Vigentes_ACT.pdf,8,1,2017-000120,MUNICIPIO DE COAMO,28/12/2016,28/12/2016,28/12/2021,"$68,986.00",INTERAGENCIALES,
ACT_2020,Contratos_Vigentes_ACT.pdf,8,1,2017-000121,MUNICIPIO DE PEÑUELAS,28/12/2016,28/12/2016,28/12/2021,"$68,986.00",INTERAGENCIALES,
ACT_2020,Contratos_Vigentes_ACT.pdf,8,1,2017-000122,"FUNDACION MODESTO GOTAY, INC.",28/12/2016,28/12/2016,28/12/2022,"$68,986.00",INTERAGENCIALES,
ACT_2020,Contratos_Vigentes_ACT.pdf,8,1,2017-000123,MUNICIPALITY OF LAJAS,28/12/2016,28/12/2016,28/12/2021,"$68,986.00",INTERAGENCIALES,
ACT_2020,Contratos_Vigentes_ACT.pdf,8,1,2017-000124,MUNICIPIO DE JAYUYA,28/12/2016,28/12/2016,28/12/2021,"$68,986.00",INTERAGENCIALES,
ACT_2020,Contratos_Vigentes_ACT.pdf,8,1,2017-000125,MUNICIPALITY OF AIBONITO,28/12/2016,28/12/2016,28/12/2022,"$68,986.00",INTERAGENCIALES,
ACT_2020,Contratos_Vigentes_ACT.pdf,8,1,2017-000126,MUNICIPALITY OF SAN GERMÁN,28/12/2016,28/12/2016,28/12/2022,"$68,986.00",INTERAGENCIALES,
ACT_2020,Contratos_Vigentes_ACT.pdf,9,1,2017-000127,MUNICIPALITY OF JUNCOS,28/12/2016,28/12/2016,28/12/2021,$0.00,INTERAGENCIALES,
ACT_2020,Contratos_Vigentes_ACT.pdf,9,1,2017-000128,MUNICIPIO DE CAYEY,28/12/2016,28/12/2016,28/12/2021,"$68,986.00",INTERAGENCIALES,
ACT_2020,Contratos_Vigentes_ACT.pdf,9,1,2017-000129,MUNICIPALITY OF GUAYAMA,28/12/2016,28/12/2016,28/12/2022,"$68,986.00",INTERAGENCIALES,
ACT_2020,Contratos_Vigentes_ACT.pdf,9,1,2017-000130,MUN. DE ARROYO,28/12/2016,28/12/2016,28/12/2022,"$68,986.00",INTERAGENCIALES,
ACT_2020,Contratos_Vigentes_ACT.pdf,9,1,2017-000131,MUNICIPIO DE MAUNABO,28/12/2016,28/12/2016,28/12/2022,"$68,986.00",INTERAGENCIALES,
ACT_2020,Contratos_Vigentes_ACT.pdf,9,1,2017-000132,Municipality of Patillas,28/12/2016,28/12/2016,28/12/2022,"$68,986.00",INTERAGENCIALES,
ACT_2020,Contratos_Vigentes_ACT.pdf,9,1,2017-000133,MUNICIPIO DE MOCA,28/12/2016,28/12/2016,28/12/2022,"$68,986.00",INTERAGENCIALES,
ACT_2020,Contratos_Vigentes_ACT.pdf,9,1,2017-000134,MUNICIPIO DE MAYAGUEZ,28/12/2016,28/12/2016,28/12/2022,"$68,986.00",INTERAGENCIALES,
ACT_2020,Contratos_Vigentes_ACT.pdf,9,1,2017-000135,MUNICIPIO DE SALINAS,28/12/2016,28/12/2016,28/12/2022,"$68,986.00",INTERAGENCIALES,
ACT_2020,Contratos_Vigentes_ACT.pdf,9,1,2017-000136,MUNICIPIO DE OROCOVIS,28/12/2016,28/12/2016,28/12/2021,"$68,986.00",INTERAGENCIALES,
ACT_2020,Contratos_Vigentes_ACT.pdf,9,1,2017-000137,Municipality of Cidra,28/12/2016,28/12/2016,28/12/2022,"$68,986.00",INTERAGENCIALES,
ACT_2020,Contratos_Vigentes_ACT.pdf,9,1,2017-000138,"CENTRO RAMON FRADE PARA PERSONAS DE EDAD, INC.",28/12/2016,28/12/2016,28/12/2022,"$68,986.00",INTERAGENCIALES,
ACT_2020,Contratos_Vigentes_ACT.pdf,9,1,2017-000139,MUNICIPIO DE PONCE,28/12/2016,28/12/2016,28/12/2022,"$68,986.00",INTERAGENCIALES,
ACT_2020,Contratos_Vigentes_ACT.pdf,9,1,2017-000140,"ASOCIACION MAYAGUEZANA PERSONAS CON IMPEDIMENTOS,",28/12/2016,28/12/2016,28/12/2022,"$68,986.00",INTERAGENCIALES,
ACT_2020,Contratos_Vigentes_ACT.pdf,9,1,2017-000141,MUNICIPIO DE AÑASCO,28/12/2016,28/12/2016,28/12/2021,"$68,986.00",INTERAGENCIALES,
ACT_2020,Contratos_Vigentes_ACT.pdf,9,1,2017-000142,MUNICIPALITY OF SAN JUAN,28/12/2016,28/12/2016,28/12/2022,"$68,986.00",INTERAGENCIALES,
ACT_2020,Contratos_Vigentes_ACT.pdf,10,1,2017-000143,MUNICIPIO DE CAMUY,28/12/2016,28/12/2016,28/12/2022,"$68,986.00",INTERAGENCIALES,
ACT_2020,Contratos_Vigentes_ACT.pdf,10,1,2017-000144,HOGAR SAN JOSE (HORMIGUEROS),28/12/2016,28/12/2016,28/12/2022,"$68,986.00",INTERAGENCIALES,
ACT_2020,Contratos_Vigentes_ACT.pdf,10,1,2017-000145,MUNICIPIO DE VIEQUES,28/12/2016,28/12/2016,28/12/2021,"$68,986.00",INTERAGENCIALES,
ACT_2020,Contratos_Vigentes_ACT.pdf,10,1,2017-000146,MUNICIPIO DE SAN SEBASTIAN,18/01/2017,18/01/2017,18/01/2023,"$68,986.00",INTERAGENCIALES,
ACT_2020,Contratos_Vigentes_ACT.pdf,10,1,2017-000148 G,"PUERTO RICO TELEPHONE COMPANY, INC.",24/06/2020,01/07/2020,30/06/2021,$0.00,SERVICIOS MISCELÁNEOS NO PERSONALES,
ACT_2020,Contratos_Vigentes_ACT.pdf,10,1,2017-000152 A,The Eniac Corporation,28/12/2017,28/12/2017,20/02/2022,$0.00,SERVICIOS DE CONSULTORIA,
ACT_2020,Contratos_Vigentes_ACT.pdf,10,1,2017-000152 C,The Eniac Corporation,25/08/2020,25/08/2020,23/02/2022,"$329,050.00",SERVICIOS DE CONSULTORIA,
ACT_2020,Contratos_Vigentes_ACT.pdf,10,1,2017-000152 B,The Eniac Corporation,20/12/2018,20/12/2018,23/02/2022,"$3,690,124.49",SERVICIOS DE CONSULTORIA,
ACT_2020,Contratos_Vigentes_ACT.pdf,10,1,2017-000152,The Eniac Corporation,24/02/2017,24/02/2017,23/02/2022,"$3,500,000.00",SERVICIOS DE CONSULTORIA,
ACT_2020,Contratos_Vigentes_ACT.pdf,10,1,2017-000157,CUERPO DE BOMBEROS DE PUERTO RICO,15/05/2017,15/05/2017,30/06/2023,$0.00,INTERAGENCIALES,
ACT_2020,Contratos_Vigentes_ACT.pdf,10,1,2017-000180,MUNICIPIO DE UTUADO,28/02/2017,28/02/2017,10/04/2022,"$68,986.00",INTERAGENCIALES,
ACT_2020,Contratos_Vigentes_ACT.pdf,10,1,2017-000240,MUNICIPIO DE ARECIBO,01/05/2017,01/05/2017,01/05/2022,$0.00,ACUERDOS FINANCIEROS Y NO FINANCIEROS,
ACT_2020,Contratos_Vigentes_ACT.pdf,10,1,2017-000268,GREEN GARAGE CORPORATION,20/09/2016,20/09/2016,20/09/2026,"$81,600.00","COMPRA, VENTA, ALQUILER Y/O DESARROLLO DE INMUEBLES",
ACT_2020,Contratos_Vigentes_ACT.pdf,10,1,2018-000001,"ACI-HERZOG, A JOINT VENTURE",30/06/2017,01/07/2017,30/06/2032,"$810,660,488.06",SERVICIOS PERSONALES NO PROFESIONALES,
ACT_2020,Contratos_Vigentes_ACT.pdf,10,1,2018-000028,"AUTOPISTAS METROPOLITANAS DE PUERTO RICO, LLC.",20/07/2017,20/07/2017,20/07/2022,$0.00,SERVICIOS PERSONALES NO PROFESIONALES,
ACT_2020,Contratos_Vigentes_ACT.pdf,10,1,2018-000028 A,"AUTOPISTAS METROPOLITANAS DE PUERTO RICO, LLC.",23/03/2018,23/03/2018,20/07/2022,$0.00,SERVICIOS PERSONALES NO PROFESIONALES,
ACT_2020,Contratos_Vigentes_ACT.pdf,11,1,2018-000034 B,Torres-Rosa Consulting Engineers,31/12/2019,31/12/2019,31/12/2020,$0.00,SERVICIOS PROFESIONALES,
ACT_2020,Contratos_Vigentes_ACT.pdf,11,1,2018-000035 B,Municipality of Bayamón,15/08/2020,15/08/2020,15/02/2021,$0.00,INTERAGENCIALES,
ACT_2020,Contratos_Vigentes_ACT.pdf,11,1,2018-000052 L,"CSCG, INC.",24/08/2020,24/08/2020,10/03/2021,$0.00,CONSTRUCCION Y REPARACION DE ESTRUCTURAS,
ACT_2020,Contratos_Vigentes_ACT.pdf,11,1,2018-000056 G,Hartman S.E.,22/07/2020,22/07/2020,18/01/2021,$0.00,CONSTRUCCION Y REPARACION DE ESTRUCTURAS,
ACT_2020,Contratos_Vigentes_ACT.pdf,11,1,2018-000067 Q,SANTA & CO.,23/06/2020,23/06/2020,18/02/2021,$0.00,CONSTRUCCION Y REPARACION DE ESTRUCTURAS,
ACT_2020,Contratos_Vigentes_ACT.pdf,11,1,2018-000071,"CENTRO AYANI, INC.",31/08/2017,31/08/2017,31/08/2022,"$68,886.00",ACUERDOS FINANCIEROS Y NO FINANCIEROS,
ACT_2020,Contratos_Vigentes_ACT.pdf,11,1,2018-000072,"COSSMA, INC",31/08/2017,31/08/2017,31/08/2022,"$68,886.00",ACUERDOS FINANCIEROS Y NO FINANCIEROS,
ACT_2020,Contratos_Vigentes_ACT.pdf,11,1,2018-000073,MUNICIPIO DE ARECIBO,31/08/2017,31/08/2017,31/08/2022,"$68,886.00",ACUERDOS FINANCIEROS Y NO FINANCIEROS,
ACT_2020,Contratos_Vigentes_ACT.pdf,11,1,2018-000074,MUNICIPIO DE YABUCOA,31/08/2017,31/08/2017,31/08/2022,"$68,886.00",ACUERDOS FINANCIEROS Y NO FINANCIEROS,
ACT_2020,Contratos_Vigentes_ACT.pdf,11,1,2018-000075,MUNICIPIO DE VILLALBA,31/08/2017,31/08/2017,31/08/2022,"$68,886.00",ACUERDOS FINANCIEROS Y NO FINANCIEROS,
ACT_2020,Contratos_Vigentes_ACT.pdf,11,1,2018-000076,Municipality of Toa Baja,31/08/2017,31/08/2017,31/08/2022,"$68,886.00",ACUERDOS FINANCIEROS Y NO FINANCIEROS,
ACT_2020,Contratos_Vigentes_ACT.pdf,11,1,2018-000077,MUNICIPIO DE SAN SEBASTIAN,31/08/2017,31/08/2017,31/08/2022,"$68,886.00",ACUERDOS FINANCIEROS Y NO FINANCIEROS,
ACT_2020,Contratos_Vigentes_ACT.pdf,11,1,2018-000078,MUNICIPIO DE OROCOVIS,31/08/2017,31/08/2017,31/08/2022,"$68,886.00",ACUERDOS FINANCIEROS Y NO FINANCIEROS,
ACT_2020,Contratos_Vigentes_ACT.pdf,11,1,2018-000079,MUNICIPIO DE LUQUILLO,31/08/2017,31/08/2017,31/08/2022,"$68,886.00",ACUERDOS FINANCIEROS Y NO FINANCIEROS,
ACT_2020,Contratos_Vigentes_ACT.pdf,11,1,2018-000080,MUNICIPIO DE LAS PIEDRAS,31/08/2017,31/08/2017,31/08/2022,"$68,886.00",ACUERDOS FINANCIEROS Y NO FINANCIEROS,
ACT_2020,Contratos_Vigentes_ACT.pdf,11,1,2018-000081,MUNICIPALITY OF HUMACAO,31/08/2017,31/08/2017,31/08/2022,"$68,886.00",ACUERDOS FINANCIEROS Y NO FINANCIEROS,
ACT_2020,Contratos_Vigentes_ACT.pdf,12,1,2018-000082,MUNICIPALITY OF GURABO,31/08/2017,31/08/2017,31/08/2022,"$68,886.00",ACUERDOS FINANCIEROS Y NO FINANCIEROS,
ACT_2020,Contratos_Vigentes_ACT.pdf,12,1,2018-000083,MUNICIPIO DE FLORIDA,31/08/2017,31/08/2017,31/08/2022,"$68,886.00",INTERAGENCIALES,
ACT_2020,Contratos_Vigentes_ACT.pdf,12,1,2018-000084,Municipality of Caguas,31/08/2017,31/08/2017,31/08/2022,"$68,886.00",ACUERDOS FINANCIEROS Y NO FINANCIEROS,
ACT_2020,Contratos_Vigentes_ACT.pdf,12,1,2018-000085,MUNICIPIO DE DORADO,31/08/2017,31/08/2017,31/08/2022,"$68,886.00",ACUERDOS FINANCIEROS Y NO FINANCIEROS,
ACT_2020,Contratos_Vigentes_ACT.pdf,12,1,2018-000086,MUNICIPALITY OF BARCELONETA,31/08/2017,31/08/2017,31/08/2022,"$68,886.00",ACUERDOS FINANCIEROS Y NO FINANCIEROS,
ACT_2020,Contratos_Vigentes_ACT.pdf,12,1,2018-000087,MUNICIPIO DE ARROYO,31/08/2017,31/08/2017,31/08/2022,"$68,886.00",ACUERDOS FINANCIEROS Y NO FINANCIEROS,
ACT_2020,Contratos_Vigentes_ACT.pdf,12,1,2018-000088,Municipality of Caguas,31/08/2017,31/08/2017,31/08/2022,"$68,886.00",ACUERDOS FINANCIEROS Y NO FINANCIEROS,
ACT_2020,Contratos_Vigentes_ACT.pdf,12,1,2018-000089,MUNICIPIO DE AIBONITO,31/08/2017,31/08/2017,31/08/2022,"$68,886.00",ACUERDOS FINANCIEROS Y NO FINANCIEROS,
ACT_2020,Contratos_Vigentes_ACT.pdf,12,1,2018-000090,MUNICIPIO DE AGUAS BUENAS,31/08/2017,31/08/2017,31/08/2022,"$68,886.00",ACUERDOS FINANCIEROS Y NO FINANCIEROS,
ACT_2020,Contratos_Vigentes_ACT.pdf,12,1,2018-000091,MUNICIPIO DE AGUADA,31/08/2017,31/08/2017,31/08/2022,"$68,886.00",ACUERDOS FINANCIEROS Y NO FINANCIEROS,
ACT_2020,Contratos_Vigentes_ACT.pdf,12,1,2018-000118,"CMA Architecs & Engineers, L.L.P.",08/12/2017,08/12/2017,31/12/2020,"$977,055.84",SERVICIOS PROFESIONALES,
ACT_2020,Contratos_Vigentes_ACT.pdf,12,1,2018-000118 B,"CMA Architecs & Engineers, L.L.P.",11/10/2019,11/10/2019,31/12/2020,"$238,418.45",SERVICIOS PROFESIONALES,
ACT_2020,Contratos_Vigentes_ACT.pdf,12,1,2018-000118 A,"CMA Architecs & Engineers, L.L.P.",07/05/2019,07/05/2019,31/12/2020,"$256,174.97",SERVICIOS PROFESIONALES,
ACT_2020,Contratos_Vigentes_ACT.pdf,12,1,2018-000122,MUNICIPIO DE JUNCOS,13/12/2017,13/12/2017,13/12/2022,"$137,972.00",ACUERDOS FINANCIEROS Y NO FINANCIEROS,
ACT_2020,Contratos_Vigentes_ACT.pdf,12,1,2018-000123,MUNICIPIO DE PONCE,13/12/2017,13/12/2017,13/12/2022,"$68,986.00",ACUERDOS FINANCIEROS Y NO FINANCIEROS,
ACT_2020,Contratos_Vigentes_ACT.pdf,12,1,2018-000124,MUNICIPIO DE PATILLAS,13/12/2017,13/12/2017,13/12/2022,"$137,972.00",ACUERDOS FINANCIEROS Y NO FINANCIEROS,
ACT_2020,Contratos_Vigentes_ACT.pdf,13,1,2018-000125,MUNICIPIO DE PATILLAS,13/12/2017,13/12/2017,13/12/2022,"$206,958.00",ACUERDOS FINANCIEROS Y NO FINANCIEROS,
ACT_2020,Contratos_Vigentes_ACT.pdf,13,1,2018-000126,MUNICIPALlTY OF PEÑUELAS,13/12/2017,13/12/2017,13/12/2022,"$137,972.00",ACUERDOS FINANCIEROS Y NO FINANCIEROS,
ACT_2020,Contratos_Vigentes_ACT.pdf,13,1,2018-000129,Municipality of Yauco,13/12/2017,13/12/2017,13/12/2023,"$206,958.00",INTERAGENCIALES,
ACT_2020,Contratos_Vigentes_ACT.pdf,13,1,2018-000131,MUNICIPALITY OF RÍO GRANDE,13/12/2017,13/12/2017,13/12/2023,"$137,972.00",INTERAGENCIALES,
ACT_2020,Contratos_Vigentes_ACT.pdf,13,1,2018-000132,MUNICIPIO DE TOA BAJA,13/12/2017,13/12/2017,13/12/2023,"$137,972.00",INTERAGENCIALES,
ACT_2020,Contratos_Vigentes_ACT.pdf,13,1,2018-000133,MUNICIPALlTY OF TRUJILLO ALTO,13/12/2017,13/12/2017,13/12/2023,"$68,986.00",INTERAGENCIALES,
ACT_2020,Contratos_Vigentes_ACT.pdf,13,1,2018-000134,MUNICIPIO DE VEGA BAJA,13/12/2017,13/12/2017,13/12/2023,"$137,972.00",INTERAGENCIALES,
ACT_2020,Contratos_Vigentes_ACT.pdf,13,1,2018-000136,MUNICIPALITY OF SAN JUAN,13/12/2017,13/12/2017,13/12/2023,"$275,944.00",INTERAGENCIALES,
ACT_2020,Contratos_Vigentes_ACT.pdf,13,1,2018-000137,MUNICIPALITY OF SAN JUAN,13/12/2017,13/12/2017,13/12/2022,"$68,986.00",INTERAGENCIALES,
ACT_2020,Contratos_Vigentes_ACT.pdf,13,1,2018-000138,MUNICIPALITY OF COAMO,13/12/2017,13/12/2017,13/12/2022,"$68,986.00",ACUERDOS FINANCIEROS Y NO FINANCIEROS,
ACT_2020,Contratos_Vigentes_ACT.pdf,13,1,2018-000139,MUNICIPIO DE MAYAGUEZ,13/12/2017,13/12/2017,13/12/2022,"$68,986.00",INTERAGENCIALES,
ACT_2020,Contratos_Vigentes_ACT.pdf,13,1,2018-000143,AUT. METROPOLITANA DE AUTOBUSES,13/12/2017,13/12/2017,13/12/2021,"$688,860.00",ACUERDOS FINANCIEROS Y NO FINANCIEROS,
ACT_2020,Contratos_Vigentes_ACT.pdf,13,1,2018-000144,INSTITUTO PSICOPEDAGOGICO DE PUERTO RICO,13/12/2017,13/12/2017,13/12/2022,"$68,986.00",ACUERDOS FINANCIEROS Y NO FINANCIEROS,
ACT_2020,Contratos_Vigentes_ACT.pdf,13,1,2018-000148 D,VIRGINIA RIVERA CALDERON,30/06/2020,30/06/2020,31/12/2020,$0.00,SERVICIOS PROFESIONALES,
ACT_2020,Contratos_Vigentes_ACT.pdf,13,1,2018-000149,MUNICIPALITY OF FLORIDA,20/12/2017,20/12/2017,20/12/2022,"$68,886.00",ACUERDOS FINANCIEROS Y NO FINANCIEROS,
ACT_2020,Contratos_Vigentes_ACT.pdf,13,1,2018-000150,MUNICIPIO DE MAUNABO,20/12/2017,20/12/2017,20/12/2022,"$68,986.00",ACUERDOS FINANCIEROS Y NO FINANCIEROS,
ACT_2020,Contratos_Vigentes_ACT.pdf,14,1,2018-000151,MUNICIPIO DE CAYEY,20/12/2017,20/12/2017,20/12/2022,"$68,986.00",ACUERDOS FINANCIEROS Y NO FINANCIEROS,
ACT_2020,Contratos_Vigentes_ACT.pdf,14,1,2018-000152,MUNICIPALITY OF COROZAL,20/12/2017,20/12/2017,20/12/2023,"$137,972.00",INTERAGENCIALES,
ACT_2020,Contratos_Vigentes_ACT.pdf,14,1,2018-000153,MUNICIPIO DE JAYUYA,20/12/2017,20/12/2017,20/12/2022,"$68,986.00",ACUERDOS FINANCIEROS Y NO FINANCIEROS,
ACT_2020,Contratos_Vigentes_ACT.pdf,14,1,2018-000154,MUNICIPIO DE CAMUY,20/12/2017,20/12/2017,20/12/2022,"$68,986.00",INTERAGENCIALES,
ACT_2020,Contratos_Vigentes_ACT.pdf,14,1,2018-000155,MUNICIPIO DE HUMACAO,20/12/2017,20/12/2017,20/12/2023,"$68,986.00",INTERAGENCIALES,
ACT_2020,Contratos_Vigentes_ACT.pdf,14,1,2018-000157,MUNICIPALITY OF GUAYAMA,20/12/2017,20/12/2017,20/12/2022,"$137,972.00",ACUERDOS FINANCIEROS Y NO FINANCIEROS,
ACT_2020,Contratos_Vigentes_ACT.pdf,14,1,2018-000158,MUNICIPIO DE HATILLO,20/12/2017,20/12/2017,20/12/2023,"$137,972.00",ACUERDOS FINANCIEROS Y NO FINANCIEROS,
ACT_2020,Contratos_Vigentes_ACT.pdf,14,1,2018-000159,MUNICIPIO DE LAJAS,20/12/2017,20/12/2017,20/12/2022,"$68,986.00",ACUERDOS FINANCIEROS Y NO FINANCIEROS,
ACT_2020,Contratos_Vigentes_ACT.pdf,14,1,2018-000160,MUNICIPIO DE AGUADA,20/12/2017,20/12/2017,20/12/2023,"$68,986.00",INTERAGENCIALES,
ACT_2020,Contratos_Vigentes_ACT.pdf,14,1,2018-000161,MUNICIPIO DE AÑASCO,20/12/2017,20/12/2017,20/12/2022,"$68,986.00",ACUERDOS FINANCIEROS Y NO FINANCIEROS,
ACT_2020,Contratos_Vigentes_ACT.pdf,14,1,2018-000162,MUNICIPIO DE SALINAS,20/12/2017,20/12/2017,20/12/2022,"$68,986.00",INTERAGENCIALES,
ACT_2020,Contratos_Vigentes_ACT.pdf,14,1,2018-000171,"AUTOPISTAS METROPOLITANAS DE PUERTO RICO, LLC",18/12/2017,18/12/2017,18/12/2022,$0.00,SERVICIOS PERSONALES NO PROFESIONALES,
ACT_2020,Contratos_Vigentes_ACT.pdf,14,1,2018-000171 A,"AUTOPISTAS METROPOLITANAS DE PUERTO RICO, LLC",23/03/2018,23/03/2018,18/12/2022,$0.00,SERVICIOS PERSONALES NO PROFESIONALES,
ACT_2020,Contratos_Vigentes_ACT.pdf,14,1,2018-000178 G,"CONSTRUCTORA SANTIAGO II, CORP",22/07/2020,22/07/2020,18/01/2021,$0.00,CONSTRUCCION Y REPARACION DE VIAS PUBLICAS,
ACT_2020,Contratos_Vigentes_ACT.pdf,14,1,2018-000185 A,CARIBBEAN SIGN SUPPLIES,29/06/2018,29/06/2018,17/01/2021,$0.00,"COMPRA, VENTA Y ALQUILER DE EQUIPO, VEHICULOS Y OTROS",
ACT_2020,Contratos_Vigentes_ACT.pdf,14,1,2018-000186 E,CMA ARCHITECTS AND ENGINEERS LLC,30/06/2020,30/06/2020,31/03/2021,$0.00,SERVICIOS PROFESIONALES,
ACT_2020,Contratos_Vigentes_ACT.pdf,15,1,2018-000187 E,"Pedro J. Dávila Colón Professional Land Surveyors,",23/06/2020,23/06/2020,30/06/2021,$0.00,SERVICIOS DE CONSULTORIA,
ACT_2020,Contratos_Vigentes_ACT.pdf,15,1,2018-000192 G,CMA ARCHITECTS AND ENGINEERS LLC,23/06/2020,23/06/2020,31/03/2021,$0.00,SERVICIOS PROFESIONALES,
ACT_2020,Contratos_Vigentes_ACT.pdf,15,1,2018-000194 F,"INTEGRA DESIGN GROUP ARCHITECTS & ENGINEERS, PSC",23/06/2020,23/06/2020,31/12/2020,$0.00,SERVICIOS PROFESIONALES,
ACT_2020,Contratos_Vigentes_ACT.pdf,15,1,2018-000197 F,"Barrett, Hale & Alamo, LLC",30/06/2020,30/06/2020,31/12/2020,$0.00,SERVICIOS DE CONSULTORIA,
ACT_2020,Contratos_Vigentes_ACT.pdf,15,1,2018-000200 C,"Suelos, P.S.C..",30/06/2020,30/06/2020,31/12/2020,$0.00,SERVICIOS PROFESIONALES,
ACT_2020,Contratos_Vigentes_ACT.pdf,15,1,2018-000231,Accion Social,08/03/2018,08/03/2018,08/03/2023,"$68,886.00",ACUERDOS FINANCIEROS Y NO FINANCIEROS,
ACT_2020,Contratos_Vigentes_ACT.pdf,15,1,2018-000232,MUNICIPALITY OF AÑASCO,08/03/2018,08/03/2018,08/03/2023,"$206,658.00",INTERAGENCIALES,
ACT_2020,Contratos_Vigentes_ACT.pdf,15,1,2018-000233,Municipality of Caguas,08/03/2018,08/03/2018,08/03/2023,"$206,658.00",INTERAGENCIALES,
ACT_2020,Contratos_Vigentes_ACT.pdf,15,1,2018-000234,MUNICIPIO DE PEÑUELAS,08/03/2018,08/03/2018,08/03/2023,"$68,886.00",INTERAGENCIALES,
ACT_2020,Contratos_Vigentes_ACT.pdf,15,1,2018-000235,MUNICIPALITY OF VEGA BAJA,08/03/2018,08/03/2018,08/03/2023,"$137,772.00",INTERAGENCIALES,
ACT_2020,Contratos_Vigentes_ACT.pdf,15,1,2018-000236,MUNICIPIO DE VILLALBA,08/03/2018,08/03/2018,08/03/2023,"$68,886.00",INTERAGENCIALES,
ACT_2020,Contratos_Vigentes_ACT.pdf,15,1,2018-000237,MUNICIPIO DE VIEQUES,08/03/2018,08/03/2018,08/03/2023,"$68,886.00",INTERAGENCIALES,
ACT_2020,Contratos_Vigentes_ACT.pdf,15,1,2018-000238,Municipality of Caguas,08/03/2018,08/03/2018,08/03/2023,"$68,886.00",INTERAGENCIALES,
ACT_2020,Contratos_Vigentes_ACT.pdf,15,1,2018-000239,MUNICIPALITY OF RÍO GRANDE,08/03/2018,08/03/2018,08/03/2023,"$137,772.00",INTERAGENCIALES,
ACT_2020,Contratos_Vigentes_ACT.pdf,15,1,2018-000240,MUNICIPIO DE RIO GRANDE,08/03/2018,08/03/2018,08/03/2023,"$68,886.00",INTERAGENCIALES,
ACT_2020,Contratos_Vigentes_ACT.pdf,15,1,2018-000241,MUNICIPALITY OF SAN GERMÁN,08/03/2018,08/03/2018,08/03/2023,"$68,886.00",INTERAGENCIALES,
ACT_2020,Contratos_Vigentes_ACT.pdf,16,1,2018-000242,MUNICIPALITY OF LAJAS,08/03/2018,08/03/2018,08/03/2023,"$137,772.00",INTERAGENCIALES,
ACT_2020,Contratos_Vigentes_ACT.pdf,16,1,2018-000243,MUNICIPALITY OF LAJAS,08/03/2018,08/03/2018,08/03/2023,"$137,772.00",INTERAGENCIALES,
ACT_2020,Contratos_Vigentes_ACT.pdf,16,1,2018-000244,MUNICIPALITY OF CATAÑO,08/03/2018,08/03/2018,08/03/2023,"$68,886.00",INTERAGENCIALES,
ACT_2020,Contratos_Vigentes_ACT.pdf,16,1,2018-000245,MUNICIPIO DE MOCA,08/03/2018,08/03/2018,08/03/2023,"$68,886.00",INTERAGENCIALES,
ACT_2020,Contratos_Vigentes_ACT.pdf,16,1,2018-000246,"COSSMA, INC",08/03/2018,08/03/2018,08/03/2023,"$68,886.00",ACUERDOS FINANCIEROS Y NO FINANCIEROS,
ACT_2020,Contratos_Vigentes_ACT.pdf,16,1,2018-000247,Municipality of Aguas Buenas,08/03/2018,08/03/2018,08/03/2023,"$68,886.00",INTERAGENCIALES,
ACT_2020,Contratos_Vigentes_ACT.pdf,16,1,2018-000248,MUNICIPALITY OF LUQUILLO,08/03/2018,08/03/2018,08/03/2023,"$68,886.00",INTERAGENCIALES,
ACT_2020,Contratos_Vigentes_ACT.pdf,16,1,2018-000249,MUNICIPALlTY OF GUÁNICA,08/03/2018,08/03/2018,08/03/2023,"$206,658.00",INTERAGENCIALES,
ACT_2020,Contratos_Vigentes_ACT.pdf,16,1,2018-000250,MUNICIPIO DE HUMACAO,08/03/2018,08/03/2018,08/03/2023,"$68,886.00",INTERAGENCIALES,
ACT_2020,Contratos_Vigentes_ACT.pdf,16,1,2018-000251,MUNICIPALITY OF COAMO,08/03/2018,08/03/2018,08/03/2023,"$68,886.00",INTERAGENCIALES,
ACT_2020,Contratos_Vigentes_ACT.pdf,16,1,2018-000252,MUNICIPIO DE LUQUILLO,08/03/2018,08/03/2018,08/03/2023,"$68,886.00",INTERAGENCIALES,
ACT_2020,Contratos_Vigentes_ACT.pdf,16,1,2018-000253,"MOVIMIENTO ALCANCE VIDA INDEPENDIENTE, INC.",08/03/2018,08/03/2018,08/03/2023,"$68,886.00",ACUERDOS FINANCIEROS Y NO FINANCIEROS,
ACT_2020,Contratos_Vigentes_ACT.pdf,16,1,2018-000254,MUNICIPIO DE TOA ALTA,08/03/2018,08/03/2018,08/03/2023,"$68,886.00",INTERAGENCIALES,
ACT_2020,Contratos_Vigentes_ACT.pdf,16,1,2018-000255,Municipality of Cidra,08/03/2018,08/03/2018,08/03/2023,"$137,772.00",INTERAGENCIALES,
ACT_2020,Contratos_Vigentes_ACT.pdf,16,1,2018-000256,MUNICIPALITY OF BARCELONETA,08/03/2018,08/03/2018,08/03/2023,"$68,886.00",INTERAGENCIALES,
ACT_2020,Contratos_Vigentes_ACT.pdf,16,1,2018-000257,"MOVIMIENTO ALCANCE VIDA INDEPENDIENTE, INC.",08/03/2018,08/03/2018,08/03/2023,"$68,886.00",ACUERDOS FINANCIEROS Y NO FINANCIEROS,
ACT_2020,Contratos_Vigentes_ACT.pdf,17,1,2018-000258,MUNICIPIO DE GURABO,08/03/2018,08/03/2018,08/03/2023,"$206,658.00",INTERAGENCIALES,
ACT_2020,Contratos_Vigentes_ACT.pdf,17,1,2018-000259,MUNICIPALITY OF BARRANQUITAS,08/03/2018,08/03/2018,08/03/2023,"$68,886.00",INTERAGENCIALES,
ACT_2020,Contratos_Vigentes_ACT.pdf,17,1,2018-000260,MUNICIPALITY OF DORADO,08/03/2018,08/03/2018,08/03/2023,"$68,886.00",INTERAGENCIALES,
ACT_2020,Contratos_Vigentes_ACT.pdf,17,1,2018-000261,MUNICIPIO DE TOA BAJA,08/03/2018,08/03/2018,08/03/2023,"$68,886.00",INTERAGENCIALES,
ACT_2020,Contratos_Vigentes_ACT.pdf,17,1,2018-000262,MUNICIPALlTY OF CAMUY,08/03/2018,08/03/2018,08/03/2023,"$206,658.00",INTERAGENCIALES,
ACT_2020,Contratos_Vigentes_ACT.pdf,17,1,2018-000263,MUNICIPALITY OF CAMUY,08/03/2018,08/03/2018,08/03/2023,"$137,772.00",INTERAGENCIALES,
ACT_2020,Contratos_Vigentes_ACT.pdf,17,1,2018-000264,Municipality of Patillas,08/03/2018,08/03/2018,08/03/2023,"$137,772.00",INTERAGENCIALES,
ACT_2020,Contratos_Vigentes_ACT.pdf,17,1,2018-000265,MUNICIPALITY OF HORMIGUEROS,08/03/2018,08/03/2018,08/03/2023,"$137,772.00",INTERAGENCIALES,
ACT_2020,Contratos_Vigentes_ACT.pdf,17,1,2018-000266,MUNICIPALlTY OF HORMIGUEROS,08/03/2018,08/03/2018,08/03/2023,"$68,886.00",INTERAGENCIALES,
ACT_2020,Contratos_Vigentes_ACT.pdf,17,1,2018-000267,MUNICIPALITY OF GURABO,08/03/2018,08/03/2018,08/03/2023,"$137,772.00",INTERAGENCIALES,
ACT_2020,Contratos_Vigentes_ACT.pdf,17,1,2018-000269,MUNICIPALITY OF AÑASCO,08/03/2018,08/03/2018,08/03/2023,"$137,772.00",INTERAGENCIALES,
ACT_2020,Contratos_Vigentes_ACT.pdf,17,1,2018-000270,MUNICIPIO DE YABUCOA,08/03/2018,08/03/2018,08/03/2023,"$137,772.00",INTERAGENCIALES,
ACT_2020,Contratos_Vigentes_ACT.pdf,17,1,2018-000271,MUNICIPIO DE RINCON,08/03/2018,08/03/2018,08/03/2023,"$68,886.00",INTERAGENCIALES,
ACT_2020,Contratos_Vigentes_ACT.pdf,17,1,2018-000272 B,DATAWORKS CONSULTING GROUP,20/02/2019,20/02/2019,15/02/2024,$0.00,SERVICIOS RELACIONADOS A LOS SISTEMAS DE INFORMACIÓN,
ACT_2020,Contratos_Vigentes_ACT.pdf,17,1,2018-000272,DATAWORKS CONSULTING GROUP,15/03/2018,15/03/2018,15/02/2024,"$2,908,456.00",SERVICIOS RELACIONADOS A LOS SISTEMAS DE INFORMACIÓN,
ACT_2020,Contratos_Vigentes_ACT.pdf,17,1,2018-000272 C,DATAWORKS CONSULTING GROUP,16/08/2019,16/08/2019,15/02/2024,"$500,000.00",SERVICIOS RELACIONADOS A LOS SISTEMAS DE INFORMACIÓN,
ACT_2020,Contratos_Vigentes_ACT.pdf,18,1,2018-000272 A,DATAWORKS CONSULTING GROUP,29/06/2018,29/06/2018,15/02/2024,$0.00,SERVICIOS RELACIONADOS A LOS SISTEMAS DE INFORMACIÓN,
ACT_2020,Contratos_Vigentes_ACT.pdf,18,1,2018-000276 B,"Behar-Ybarra and Associates,LLP",19/06/2020,19/06/2020,31/03/2021,$0.00,SERVICIOS DE CONSULTORIA,
ACT_2020,Contratos_Vigentes_ACT.pdf,18,1,2018-000286 B,"DG3A Design Group, PSC",31/12/2019,31/12/2019,31/12/2020,$0.00,SERVICIOS DE CONSULTORIA,
ACT_2020,Contratos_Vigentes_ACT.pdf,18,1,2018-000306,SAVE GREEN CORP.,30/05/2018,30/05/2018,30/03/2021,"$1,782,000.00",SERVICIOS MISCELÁNEOS NO PERSONALES,
ACT_2020,Contratos_Vigentes_ACT.pdf,18,1,2018-000312 B,"VAG TRANSPORTATION ENGINEERING CONSULTANTS, PSC",16/06/2020,16/06/2020,31/12/2020,$0.00,SERVICIOS PROFESIONALES,
ACT_2020,Contratos_Vigentes_ACT.pdf,18,1,2019-000016 E,CMA ARCHITECTS AND ENGINEERS LLC,30/06/2020,30/06/2020,31/03/2021,$0.00,SERVICIOS PROFESIONALES,
ACT_2020,Contratos_Vigentes_ACT.pdf,18,1,2019-000017 C,"JOSÉ A. BATLLE & ASOCIADOS, C.S.P.",29/06/2020,29/06/2020,31/03/2021,$0.00,SERVICIOS PROFESIONALES,
ACT_2020,Contratos_Vigentes_ACT.pdf,18,1,2019-000018 C,"INTEGRA DESIGN GROUP ARCHITECTS & ENGINEERS, PSC",30/06/2020,30/06/2020,31/03/2021,$0.00,SERVICIOS PROFESIONALES,
ACT_2020,Contratos_Vigentes_ACT.pdf,18,1,2019-000019 C,"DG3A Design Group, PSC",29/06/2020,29/06/2020,31/03/2021,$0.00,SERVICIOS PROFESIONALES,
ACT_2020,Contratos_Vigentes_ACT.pdf,18,1,2019-000020 D,"Iglesias, Vázquez and Associates Engineers, PSC",30/06/2020,30/06/2020,31/03/2021,$0.00,SERVICIOS PROFESIONALES,
ACT_2020,Contratos_Vigentes_ACT.pdf,18,1,2019-000022 C,"KLEIN ENGINEERING, PSC",23/06/2020,23/06/2020,31/03/2021,$0.00,SERVICIOS PROFESIONALES,
ACT_2020,Contratos_Vigentes_ACT.pdf,18,1,2019-000023 C,"UNIPRO ARCHITECTS- ENGINEERS, LLP",19/06/2020,19/06/2020,31/12/2020,$0.00,SERVICIOS PROFESIONALES,
ACT_2020,Contratos_Vigentes_ACT.pdf,18,1,2019-000024 C,"Barrett, Hale & Alamo, LLC",30/06/2020,30/06/2020,31/03/2021,$0.00,SERVICIOS PROFESIONALES,
ACT_2020,Contratos_Vigentes_ACT.pdf,18,1,2019-000026 B,"O & M CONSULTING ENGINEERING ,P.S.C.",23/06/2020,23/06/2020,31/03/2021,$0.00,SERVICIOS PROFESIONALES,
ACT_2020,Contratos_Vigentes_ACT.pdf,18,1,2019-000026 C,"O & M CONSULTING ENGINEERING ,P.S.C.",30/06/2020,30/06/2020,31/03/2021,$0.00,SERVICIOS PROFESIONALES,
ACT_2020,Contratos_Vigentes_ACT.pdf,18,1,2019-000028 C,"LOGISTIC ENGINEERING CONSULTANTS, CSP",25/06/2020,25/06/2020,31/03/2021,$0.00,SERVICIOS PROFESIONALES,
ACT_2020,Contratos_Vigentes_ACT.pdf,19,1,2019-000029 C,CHM INGENIEROS & ARQUITECTOS,19/06/2020,19/06/2020,31/12/2020,$0.00,SERVICIOS PROFESIONALES,
ACT_2020,Contratos_Vigentes_ACT.pdf,19,1,2019-000030 C,Juan O. Virella Sánchez,30/06/2020,30/06/2020,31/03/2021,$0.00,SERVICIOS PROFESIONALES,
ACT_2020,Contratos_Vigentes_ACT.pdf,19,1,2019-000031 C,"EBP DESIGN GROUP, CONSULTING ENGINEERS, P.S.C.",30/06/2020,30/06/2020,31/03/2021,$0.00,SERVICIOS PROFESIONALES,
ACT_2020,Contratos_Vigentes_ACT.pdf,19,1,2019-000033 B,TI PROJECT MANAGEMENT & ENGINEERING,30/06/2020,30/06/2020,21/03/2021,$0.00,SERVICIOS PROFESIONALES,
ACT_2020,Contratos_Vigentes_ACT.pdf,19,1,2019-000034 C,AECOM Caribe L.L.P.,23/06/2020,23/06/2020,31/12/2020,$0.00,SERVICIOS PROFESIONALES,
ACT_2020,Contratos_Vigentes_ACT.pdf,19,1,2019-000039 C,"VAG TRANSPORTATION ENGINEERING CONSULTANTS, PSC",30/06/2020,30/06/2020,31/03/2021,$0.00,SERVICIOS PROFESIONALES,
ACT_2020,Contratos_Vigentes_ACT.pdf,19,1,2019-000042 E,"O & M CONSULTING ENGINEERING ,P.S.C.",23/06/2020,23/06/2020,31/03/2021,$0.00,SERVICIOS PROFESIONALES,
ACT_2020,Contratos_Vigentes_ACT.pdf,19,1,2019-000046 F,PUERTO RICO ASPHALT LLC,26/08/2020,26/08/2020,22/02/2021,$0.00,CONSTRUCCION Y REPARACION DE VIAS PUBLICAS,
ACT_2020,Contratos_Vigentes_ACT.pdf,19,1,2019-000052,SUPERASPHALT PAVEMENT CORP,27/08/2018,07/09/2018,23/01/2021,"$3,865,136.00",CONSTRUCCION Y REPARACION DE VIAS PUBLICAS,
ACT_2020,Contratos_Vigentes_ACT.pdf,19,1,2019-000052 B,Super Asphalt Pavement Corp.,25/06/2020,25/06/2020,20/03/2021,$0.00,CONSTRUCCION Y REPARACION DE VIAS PUBLICAS,
ACT_2020,Contratos_Vigentes_ACT.pdf,19,1,2019-000055 J,"DEL VALLE GROUP, S.P.",27/07/2020,27/07/2020,23/01/2021,$0.00,CONSTRUCCION Y REPARACION DE VIAS PUBLICAS,
ACT_2020,Contratos_Vigentes_ACT.pdf,19,1,2019-000058 B,"FERROVIAL AGROMAN, LLC",18/12/2018,18/12/2018,04/03/2021,"$18,250.00",CONSTRUCCION Y REPARACION DE VIAS PUBLICAS,
ACT_2020,Contratos_Vigentes_ACT.pdf,19,1,2019-000058 C,"FERROVIAL AGROMAN, LLC",16/04/2019,16/04/2019,04/03/2021,"$5,393.41",CONSTRUCCION Y REPARACION DE VIAS PUBLICAS,
ACT_2020,Contratos_Vigentes_ACT.pdf,19,1,2019-000058,"FERROVIAL AGROMAN, LLC",05/09/2018,17/09/2018,04/03/2021,"$6,000,000.00",CONSTRUCCION Y REPARACION DE VIAS PUBLICAS,
ACT_2020,Contratos_Vigentes_ACT.pdf,19,1,2019-000058 D,"FERROVIAL CONSTRUCCION PR, LLC",21/07/2020,21/07/2020,04/03/2021,$0.00,CONSTRUCCION Y REPARACION DE VIAS PUBLICAS,
ACT_2020,Contratos_Vigentes_ACT.pdf,19,1,2019-000058 E,"FERROVIAL CONSTRUCCION PR, LLC",29/01/2020,29/01/2020,04/03/2021,$524.18,CONSTRUCCION Y REPARACION DE VIAS PUBLICAS,
ACT_2020,Contratos_Vigentes_ACT.pdf,20,1,2019-000060 D,"SUPER ASPHALT PAVEMENT, CORP.",23/06/2020,23/06/2020,21/02/2021,$0.00,CONSTRUCCION Y REPARACION DE VIAS PUBLICAS,
ACT_2020,Contratos_Vigentes_ACT.pdf,20,1,2019-000067 C,"Soria, LLC",05/06/2020,05/06/2020,31/12/2020,"$50,000.00",SERVICIOS PROFESIONALES,
ACT_2020,Contratos_Vigentes_ACT.pdf,20,1,2019-000068 B,CMA ARCHITECTS AND ENGINEERS LLC,30/06/2020,30/06/2020,31/03/2021,$0.00,SERVICIOS PROFESIONALES,
ACT_2020,Contratos_Vigentes_ACT.pdf,20,1,2019-000076 C,"HCL Consulting, LLC",16/06/2020,16/06/2020,31/12/2020,$0.00,SERVICIOS PROFESIONALES,
ACT_2020,Contratos_Vigentes_ACT.pdf,20,1,2019-000078 C,CMA ARCHITECTS AND ENGINEERS LLC,29/06/2020,29/06/2020,31/03/2021,$0.00,SERVICIOS PROFESIONALES,
ACT_2020,Contratos_Vigentes_ACT.pdf,20,1,2019-000080 E,"Desarrolladora JA, Inc..",22/07/2020,22/07/2020,18/01/2021,$0.00,CONSTRUCCION Y REPARACION DE VIAS PUBLICAS,
ACT_2020,Contratos_Vigentes_ACT.pdf,20,1,2019-000091 F,"Bermúdez, Longo, Díaz-Massó, LLC",11/08/2020,11/08/2020,19/03/2021,$0.00,CONSTRUCCION Y REPARACION DE VIAS PUBLICAS,
ACT_2020,Contratos_Vigentes_ACT.pdf,20,1,2019-000094,"MANAGEMENT & TECHNICAL CONSULTING GROUP, INC.",03/10/2018,03/10/2018,02/10/2021,"$2,410,320.00",SERVICIOS TÉCNICOS,
ACT_2020,Contratos_Vigentes_ACT.pdf,20,1,2019-000095,"MANAGEMENT & TECHNICAL CONSULTING GROUP, INC.",03/10/2018,03/10/2018,02/10/2021,"$391,891.00",SERVICIOS TÉCNICOS,
ACT_2020,Contratos_Vigentes_ACT.pdf,20,1,2019-000096 B,"METRIC ENGINEERING OF PUERTO RICO, PSC",30/06/2020,30/06/2020,31/03/2021,$0.00,SERVICIOS PROFESIONALES,
ACT_2020,Contratos_Vigentes_ACT.pdf,20,1,2019-000100 F,"SUPER ASPHALT PAVEMENT, CORP.",11/08/2020,11/08/2020,07/02/2021,$0.00,CONSTRUCCION Y REPARACION DE VIAS PUBLICAS,
ACT_2020,Contratos_Vigentes_ACT.pdf,20,1,2019-000101 D,"VECTURA ADVISORS, LLC",30/06/2020,30/06/2020,31/12/2020,$0.00,SERVICIOS DE CONSULTORIA,
ACT_2020,Contratos_Vigentes_ACT.pdf,20,1,2019-000102 E,"WSP USA, INC.",30/06/2020,30/06/2020,31/12/2021,$0.00,SERVICIOS DE CONSULTORIA,
ACT_2020,Contratos_Vigentes_ACT.pdf,20,1,2019-000103 E,KPMG LLP,30/06/2020,30/06/2020,31/12/2020,$0.00,SERVICIOS DE CONSULTORIA,
ACT_2020,Contratos_Vigentes_ACT.pdf,20,1,2019-000105,AUT. METROPOLITANA DE AUTOBUSES,03/08/2018,03/08/2018,30/06/2025,$0.00,INTERAGENCIALES,
ACT_2020,Contratos_Vigentes_ACT.pdf,20,1,2019-000107,"SPECTRA QEST AMERICA, CORP.",11/10/2018,11/10/2018,30/06/2022,"$509,561.00",SERVICIOS RELACIONADOS A LOS SISTEMAS DE INFORMACIÓN,
ACT_2020,Contratos_Vigentes_ACT.pdf,21,1,2019-000108 B,"CHM INGENIEROS, CSP.",30/06/2020,30/06/2020,31/03/2021,$0.00,SERVICIOS PROFESIONALES,
ACT_2020,Contratos_Vigentes_ACT.pdf,21,1,2019-000109 B,"KLEIN ENGINEERING, PSC",30/06/2020,30/06/2020,31/03/2021,$0.00,SERVICIOS PROFESIONALES,
ACT_2020,Contratos_Vigentes_ACT.pdf,21,1,2019-000112 B,"INTEGRA DESIGN GROUP ARCHITECTS & ENGINEERS, PSC",30/06/2020,30/06/2020,21/03/2021,$0.00,SERVICIOS PROFESIONALES,
ACT_2020,Contratos_Vigentes_ACT.pdf,21,1,2019-000113 B,"INTEGRA DESIGN GROUP ARCHITECTS & ENGINEERS, PSC",15/01/2020,15/01/2020,31/12/2020,$0.00,SERVICIOS PROFESIONALES,
ACT_2020,Contratos_Vigentes_ACT.pdf,21,1,2019-000116 B,"VAZQUEZ ASSOCIATES, INGENIEROS, PSC",30/06/2020,30/06/2020,31/03/2021,$0.00,SERVICIOS PROFESIONALES,
ACT_2020,Contratos_Vigentes_ACT.pdf,21,1,2019-000117 B,"Barret Hale & Alamo, LLC",21/05/2020,21/05/2020,31/12/2020,$0.00,SERVICIOS PROFESIONALES,
ACT_2020,Contratos_Vigentes_ACT.pdf,21,1,2019-000118 B,"FEF Consultores, CSP.",24/06/2020,24/06/2020,31/03/2021,$0.00,SERVICIOS PROFESIONALES,
ACT_2020,Contratos_Vigentes_ACT.pdf,21,1,2019-000119 B,GERMÁN TORRES BERRÍOS D/B/A GERMÁN TORRES BERRÍOS,30/06/2020,30/06/2020,30/06/2021,$0.00,SERVICIOS PROFESIONALES,
ACT_2020,Contratos_Vigentes_ACT.pdf,21,1,2019-000126 C,"JOSÉ A. BATLLE & ASOCIADOS, C.S.P.",23/06/2020,23/06/2020,30/06/2021,$0.00,SERVICIOS PROFESIONALES,
ACT_2020,Contratos_Vigentes_ACT.pdf,21,1,2019-000127 C,"EBP DESIGN GROUP CONSULTING ENGINEERS, PSC",30/06/2020,30/06/2020,31/03/2021,$0.00,SERVICIOS PROFESIONALES,
ACT_2020,Contratos_Vigentes_ACT.pdf,21,1,2019-000128 C,"O & M CONSULTING ENGINEERING ,P.S.C.",30/06/2020,30/06/2020,31/12/2020,$0.00,SERVICIOS PROFESIONALES,
ACT_2020,Contratos_Vigentes_ACT.pdf,21,1,2019-000129 C,"UNIPRO ARCHITECTS- ENGINEERS, LLP",30/06/2020,30/06/2020,31/03/2021,$0.00,SERVICIOS PROFESIONALES,
ACT_2020,Contratos_Vigentes_ACT.pdf,21,1,2019-000130 C,Juan O. Virella Sánchez,30/06/2020,30/06/2020,31/12/2020,$0.00,SERVICIOS PROFESIONALES,
ACT_2020,Contratos_Vigentes_ACT.pdf,21,1,2019-000130 D,Juan O. Virella Sánchez,28/07/2020,28/07/2020,31/12/2020,$0.00,SERVICIOS PROFESIONALES,
ACT_2020,Contratos_Vigentes_ACT.pdf,21,1,2019-000131 D,"GILL ENGINEERING GROUP, INC.",22/07/2020,22/07/2020,18/01/2021,$0.00,CONSTRUCCION Y REPARACION DE VIAS PUBLICAS,
ACT_2020,Contratos_Vigentes_ACT.pdf,21,1,2019-000131 E,"GILL ENGINEERING GROUP, INC.",28/07/2020,28/07/2020,12/03/2021,$0.00,CONSTRUCCION Y REPARACION DE VIAS PUBLICAS,
ACT_2020,Contratos_Vigentes_ACT.pdf,22,1,2019-000134 B,"TI PROJECT MANAGEMENT AND ENGINEERS, PSC",30/06/2020,30/06/2020,21/03/2021,$0.00,SERVICIOS PROFESIONALES,
ACT_2020,Contratos_Vigentes_ACT.pdf,22,1,2019-000136 B,ROBERTO REXACH CINTRON & ASSOCIATES,30/06/2020,30/06/2020,31/03/2021,$0.00,SERVICIOS PROFESIONALES,
ACT_2020,Contratos_Vigentes_ACT.pdf,22,1,2019-000137 B,"HORACIO DIAZ & ASSOCIATES CORP., CSP",25/06/2020,25/06/2020,30/06/2021,$0.00,SERVICIOS PROFESIONALES,
ACT_2020,Contratos_Vigentes_ACT.pdf,22,1,2019-000139 B,"Iglesias, Vázquez and Associates Engineers, PSC",30/06/2020,30/06/2020,30/06/2021,$0.00,SERVICIOS PROFESIONALES,
ACT_2020,Contratos_Vigentes_ACT.pdf,22,1,2019-000140 B,"Enrique Ruiz & Associates, PSC",30/06/2020,30/06/2020,31/03/2021,$0.00,SERVICIOS PROFESIONALES,
ACT_2020,Contratos_Vigentes_ACT.pdf,22,1,2019-000141 B,"Kimley-Horn Puerto Rico, LLC",29/06/2020,29/06/2020,30/06/2021,$0.00,SERVICIOS PROFESIONALES,
ACT_2020,Contratos_Vigentes_ACT.pdf,22,1,2019-000142 B,"DG3A Design Group, PSC",29/06/2020,29/06/2020,31/03/2021,$0.00,SERVICIOS PROFESIONALES,
ACT_2020,Contratos_Vigentes_ACT.pdf,22,1,2019-000144 B,"BEHAR-YBARRA & ASSOCIATES, LLP",30/06/2020,30/06/2020,31/03/2021,$0.00,SERVICIOS PROFESIONALES,
ACT_2020,Contratos_Vigentes_ACT.pdf,22,1,2019-000145 B,"BEHAR-YBARRA & ASSOCIATES, LLP",30/06/2020,30/06/2020,31/03/2021,$0.00,SERVICIOS PROFESIONALES,
ACT_2020,Contratos_Vigentes_ACT.pdf,22,1,2019-000147 B,"Stanley Consultants Engineers, PSC",30/06/2020,30/06/2020,30/06/2021,$0.00,SERVICIOS PROFESIONALES,
ACT_2020,Contratos_Vigentes_ACT.pdf,22,1,2019-000148 C,"METRIC ENGINEERING OF PUERTO RICO, PSC",30/06/2020,30/06/2020,30/06/2021,$0.00,SERVICIOS PROFESIONALES,
ACT_2020,Contratos_Vigentes_ACT.pdf,22,1,2019-000150 B,"LOGISTIC ENGINEERING CONSULTANTS, CSP",25/06/2020,25/06/2020,21/03/2021,$0.00,SERVICIOS PROFESIONALES,
ACT_2020,Contratos_Vigentes_ACT.pdf,22,1,2019-000151 B,"H2 Asociados, PSC",25/06/2020,25/06/2020,30/06/2021,$0.00,SERVICIOS PROFESIONALES,
ACT_2020,Contratos_Vigentes_ACT.pdf,22,1,2019-000156 C,"CARIBBEAN SIGN SUPPLIES MANUFACTURERS, INC.",21/02/2020,27/01/2021,26/07/2021,$0.00,CONSTRUCCION Y REPARACION DE VIAS PUBLICAS,
ACT_2020,Contratos_Vigentes_ACT.pdf,22,1,2019-000156 D,"CARIBBEAN SIGN SUPPLIES MANUFACTURERS, INC.",23/06/2020,23/06/2020,20/09/2021,$0.00,CONSTRUCCION Y REPARACION DE VIAS PUBLICAS,
ACT_2020,Contratos_Vigentes_ACT.pdf,22,1,2019-000158 D,"CONSTRUCTORA SANTIAGO II, CORP",10/08/2020,10/08/2020,22/01/2021,$0.00,CONSTRUCCION Y REPARACION DE VIAS PUBLICAS,
ACT_2020,Contratos_Vigentes_ACT.pdf,23,1,2019-000160 E,"DEL VALLE GROUP, S.P.",28/07/2020,28/07/2020,24/02/2021,$0.00,CONSTRUCCION Y REPARACION DE VIAS PUBLICAS,
ACT_2020,Contratos_Vigentes_ACT.pdf,23,1,2019-000168 D,Ing. Juan O. Virella Sánchez,29/06/2020,29/06/2020,31/12/2020,$0.00,SERVICIOS PROFESIONALES,
ACT_2020,Contratos_Vigentes_ACT.pdf,23,1,2019-000173 B,"EJ CONSTRUCTION, SE",25/06/2020,25/06/2020,16/06/2021,$0.00,CONSTRUCCION Y REPARACION DE VIAS PUBLICAS,
ACT_2020,Contratos_Vigentes_ACT.pdf,23,1,2019-000182,"Transporte Rodríguez Asfalto, Inc.",25/01/2019,08/02/2019,28/02/2021,"$6,299,876.00",CONSTRUCCION Y REPARACION DE VIAS PUBLICAS,
ACT_2020,Contratos_Vigentes_ACT.pdf,23,1,2019-000182 A,"Transporte Rodríguez Asfalto, Inc.",05/06/2019,05/06/2019,28/03/2021,"$22,250.00",CONSTRUCCION Y REPARACION DE VIAS PUBLICAS,
ACT_2020,Contratos_Vigentes_ACT.pdf,23,1,2019-000182 C,"Transporte Rodríguez Asfalto, Inc.",25/06/2019,25/06/2019,28/03/2021,"$22,580.00",CONSTRUCCION Y REPARACION DE VIAS PUBLICAS,
ACT_2020,Contratos_Vigentes_ACT.pdf,23,1,2019-000182 G,"Transporte Rodríguez Asfalto, Inc.",19/12/2019,19/12/2019,28/03/2021,"$85,000.00",CONSTRUCCION Y REPARACION DE VIAS PUBLICAS,
ACT_2020,Contratos_Vigentes_ACT.pdf,23,1,2019-000182 H,"Transporte Rodríguez Asfalto, Inc.",25/02/2020,25/02/2020,28/03/2021,$261.25,CONSTRUCCION Y REPARACION DE VIAS PUBLICAS,
ACT_2020,Contratos_Vigentes_ACT.pdf,23,1,2019-000182 D,"Transporte Rodríguez Asfalto, Inc.",10/09/2019,10/09/2019,28/03/2021,"$945,000.00",CONSTRUCCION Y REPARACION DE VIAS PUBLICAS,
ACT_2020,Contratos_Vigentes_ACT.pdf,23,1,2019-000182 F,"Transporte Rodríguez Asfalto, Inc.",20/11/2019,20/11/2019,28/03/2021,"$4,100.00",CONSTRUCCION Y REPARACION DE VIAS PUBLICAS,
ACT_2020,Contratos_Vigentes_ACT.pdf,23,1,2019-000190 A,Desarrolladora J.A.. Inc.,27/08/2019,27/08/2019,07/02/2021,"$189,712.00",CONSTRUCCION Y REPARACION DE VIAS PUBLICAS,
ACT_2020,Contratos_Vigentes_ACT.pdf,23,1,2019-000190 B,Desarrolladora J.A.. Inc.,17/12/2019,17/12/2019,24/03/2021,"$249,700.00",CONSTRUCCION Y REPARACION DE VIAS PUBLICAS,
ACT_2020,Contratos_Vigentes_ACT.pdf,23,1,2019-000190,Desarrolladora J.A.. Inc.,05/02/2019,19/02/2019,07/02/2021,"$14,979,577.75",CONSTRUCCION Y REPARACION DE VIAS PUBLICAS,
ACT_2020,Contratos_Vigentes_ACT.pdf,23,1,2019-000191 E,TRANSPORTE RODRÍGUEZ ASFALTO,11/08/2020,11/08/2020,07/02/2021,$0.00,CONSTRUCCION Y REPARACION DE VIAS PUBLICAS,
ACT_2020,Contratos_Vigentes_ACT.pdf,23,1,2019-000192 A,"Barrett, Hale & Alamo, LLC",09/06/2020,09/06/2020,31/03/2021,$0.00,SERVICIOS PROFESIONALES,
ACT_2020,Contratos_Vigentes_ACT.pdf,23,1,2019-000195,"METRIC ENGINEERING, INC.",20/02/2019,20/02/2019,19/02/2024,"$1,900,000.00",SERVICIOS PROFESIONALES,
ACT_2020,Contratos_Vigentes_ACT.pdf,24,1,2019-000197 D,"Desing Build , LLC",29/07/2020,29/07/2020,25/01/2021,$0.00,CONSTRUCCION Y REPARACION DE VIAS PUBLICAS,
ACT_2020,Contratos_Vigentes_ACT.pdf,24,1,2019-000198 A,DEPARTAMENTO DE CORRECCIÓN Y REHABILITACIÓN,06/12/2019,06/12/2019,21/01/2021,"$10,221.96",INTERAGENCIALES,
ACT_2020,Contratos_Vigentes_ACT.pdf,24,1,2019-000200 C,"CONSTRUCTORA SANTIAGO II, CORP",22/07/2020,22/07/2020,18/01/2021,$0.00,CONSTRUCCION Y REPARACION DE VIAS PUBLICAS,
ACT_2020,Contratos_Vigentes_ACT.pdf,24,1,2019-000201,"COMPLIANCE AND RESEARCH, INC.",21/02/2019,21/02/2019,21/03/2024,"$34,698.00","COMPRA, VENTA, ALQUILER Y/O DESARROLLO DE INMUEBLES",
ACT_2020,Contratos_Vigentes_ACT.pdf,24,1,2019-000212 F,"ANTONIO & M CONSTRUCTION, INC.",27/07/2020,27/07/2020,23/01/2021,$0.00,CONSTRUCCION Y REPARACION DE VIAS PUBLICAS,
ACT_2020,Contratos_Vigentes_ACT.pdf,24,1,2019-000216 B,"BEHAR-YBARRA & ASSOCIATES, LLP",30/06/2020,30/06/2020,31/03/2021,$0.00,SERVICIOS PROFESIONALES,
ACT_2020,Contratos_Vigentes_ACT.pdf,24,1,2019-000217,"Barret Hale & Alamo, LLC",27/03/2019,27/03/2019,26/03/2023,"$762,301.84",SERVICIOS PROFESIONALES,
ACT_2020,Contratos_Vigentes_ACT.pdf,24,1,2019-000217 A,"Barret Hale & Alamo, LLC",24/05/2019,24/05/2019,26/03/2023,$0.00,SERVICIOS PROFESIONALES,
ACT_2020,Contratos_Vigentes_ACT.pdf,24,1,2019-000218 C,AUTORIDAD FINANCIAMIENTO DE INFRAESTRUCTURA,22/07/2020,22/07/2020,31/12/2020,$0.00,INTERAGENCIALES,
ACT_2020,Contratos_Vigentes_ACT.pdf,24,1,2019-000219 A,"Integra Design Group, PSC",07/05/2019,07/05/2019,31/12/2020,$0.00,SERVICIOS PROFESIONALES,
ACT_2020,Contratos_Vigentes_ACT.pdf,24,1,2019-000220,"Integra Design Group, PSC",03/04/2019,03/04/2019,02/04/2022,"$317,367.07",SERVICIOS PROFESIONALES,
ACT_2020,Contratos_Vigentes_ACT.pdf,24,1,2019-000220 A,"Integra Design Group, PSC",26/12/2019,26/12/2019,04/02/2022,$0.00,SERVICIOS PROFESIONALES,
ACT_2020,Contratos_Vigentes_ACT.pdf,24,1,2019-000221,Juan O. Virella Sánchez,03/04/2019,03/04/2019,02/04/2023,"$428,995.15",SERVICIOS PROFESIONALES,
ACT_2020,Contratos_Vigentes_ACT.pdf,24,1,2019-000223 C,CMA ARCHITECTS AND ENGINEERS LLC,25/06/2020,25/06/2020,31/12/2020,$0.00,SERVICIOS PROFESIONALES,
ACT_2020,Contratos_Vigentes_ACT.pdf,24,1,2019-000224,CELI MARIE WILLIAMS CAMPI D/B/A BEN & JERRY CAFE,11/04/2019,11/04/2019,11/04/2024,"$128,040.00","COMPRA, VENTA, ALQUILER Y/O DESARROLLO DE INMUEBLES",
ACT_2020,Contratos_Vigentes_ACT.pdf,24,1,2019-000225 D,CMA ARCHITECTS AND ENGINEERS LLC,03/08/2020,03/08/2020,30/06/2021,$0.00,SERVICIOS PROFESIONALES,
ACT_2020,Contratos_Vigentes_ACT.pdf,25,1,2019-000225 C,CMA ARCHITECTS AND ENGINEERS LLC,30/06/2020,30/06/2020,30/06/2021,$0.00,SERVICIOS PROFESIONALES,
ACT_2020,Contratos_Vigentes_ACT.pdf,25,1,2019-000226 A,"Horacio Díaz & Associate, Corp.",20/04/2020,20/04/2020,31/12/2020,$0.00,SERVICIOS PROFESIONALES,
ACT_2020,Contratos_Vigentes_ACT.pdf,25,1,2019-000227 A,"M2A GROUP, PSC",18/05/2020,18/05/2020,31/12/2020,$0.00,SERVICIOS PROFESIONALES,
ACT_2020,Contratos_Vigentes_ACT.pdf,25,1,2019-000227 B,"M2A GROUP, PSC",21/05/2020,21/05/2020,31/12/2020,$0.00,SERVICIOS PROFESIONALES,
ACT_2020,Contratos_Vigentes_ACT.pdf,25,1,2019-000230,"FERROVIAL AGROMAN, LLC",01/05/2019,13/05/2019,01/01/2021,"$13,112,005.00",CONSTRUCCION Y REPARACION DE VIAS PUBLICAS,
ACT_2020,Contratos_Vigentes_ACT.pdf,25,1,2019-000233 C,"Integra Design Group, PSC",30/06/2020,30/06/2020,31/12/2020,"$4,370.00",SERVICIOS PROFESIONALES,
ACT_2020,Contratos_Vigentes_ACT.pdf,25,1,2019-000234,"FERROVIAL AGROMAN, LLC",08/05/2019,20/05/2019,07/02/2021,"$7,060,798.00",CONSTRUCCION Y REPARACION DE VIAS PUBLICAS,
ACT_2020,Contratos_Vigentes_ACT.pdf,25,1,2019-000235,VENEGAS CONSTRUCTION CORPORATION,08/05/2019,20/05/2019,08/05/2021,"$11,198,911.00",CONSTRUCCION Y REPARACION DE VIAS PUBLICAS,
ACT_2020,Contratos_Vigentes_ACT.pdf,25,1,2019-000235 A,VENEGAS CONSTRUCTION CORPORATION,27/09/2019,27/09/2019,08/05/2021,"$25,410.00",CONSTRUCCION Y REPARACION DE VIAS PUBLICAS,
ACT_2020,Contratos_Vigentes_ACT.pdf,25,1,2019-000235 B,VENEGAS CONSTRUCTION CORPORATION,01/11/2019,01/11/2019,08/05/2021,"$164,790.00",CONSTRUCCION Y REPARACION DE VIAS PUBLICAS,
ACT_2020,Contratos_Vigentes_ACT.pdf,25,1,2019-000238,"PROFESSIONAL ASPHALT, LLC",20/05/2019,31/05/2019,19/01/2021,"$3,439,000.00",CONSTRUCCION Y REPARACION DE VIAS PUBLICAS,
ACT_2020,Contratos_Vigentes_ACT.pdf,25,1,2019-000238 A,"PROFESSIONAL ASPHALT, LLC",23/06/2020,23/06/2020,16/03/2021,$0.00,CONSTRUCCION Y REPARACION DE VIAS PUBLICAS,
ACT_2020,Contratos_Vigentes_ACT.pdf,25,1,2019-000239,"CAC CRESPO BUILDERS, LLC",20/05/2019,31/05/2019,18/02/2021,"$3,730,000.00",CONSTRUCCION Y REPARACION DE VIAS PUBLICAS,
ACT_2020,Contratos_Vigentes_ACT.pdf,25,1,2019-000239 A,"CAC CRESPO BUILDERS, LLC",27/07/2020,27/07/2020,18/02/2021,$0.00,CONSTRUCCION Y REPARACION DE VIAS PUBLICAS,
ACT_2020,Contratos_Vigentes_ACT.pdf,25,1,2019-000244,PEDRO J. MORALES HERNANDEZ,24/05/2019,24/05/2019,24/05/2022,"$9,750.00","COMPRA, VENTA, ALQUILER Y/O DESARROLLO DE INMUEBLES",
ACT_2020,Contratos_Vigentes_ACT.pdf,25,1,2019-000245,"NEVARES & VILLAVICENCIO CONSTRUCTION GROUP, INC.",29/04/2019,01/05/2019,01/05/2021,"$162,000.00","COMPRA, VENTA, ALQUILER Y/O DESARROLLO DE INMUEBLES",
ACT_2020,Contratos_Vigentes_ACT.pdf,26,1,2019-000247,"CSA ARCHITECTS & ENGINEERS, LLP",05/06/2019,05/06/2019,31/03/2021,"$1,802,451.40",SERVICIOS PROFESIONALES,
ACT_2020,Contratos_Vigentes_ACT.pdf,26,1,2019-000271,"YES MEDIA, CORP.",19/06/2019,19/06/2019,19/06/2024,"$22,050.00","COMPRA, VENTA, ALQUILER Y/O DESARROLLO DE INMUEBLES",
ACT_2020,Contratos_Vigentes_ACT.pdf,26,1,2019-000272 B,AIDA BELEN RIVERA RUIZ,23/06/2020,23/06/2020,31/12/2020,$0.00,SERVICIOS PROFESIONALES,
ACT_2020,Contratos_Vigentes_ACT.pdf,26,1,2019-000273,AUTORIDAD DE TRANSPORTE MARITIMO Y LAS ISLAS MUNIC,28/06/2019,28/06/2019,27/06/2021,"$3,587,177.00",INTERAGENCIALES,
ACT_2020,Contratos_Vigentes_ACT.pdf,26,1,2019-000274,AUTORIDAD DE TRANSPORTE MARITIMO Y LAS ISLAS MUNIC,28/06/2019,28/06/2019,27/06/2021,"$3,996,110.00",INTERAGENCIALES,
ACT_2020,Contratos_Vigentes_ACT.pdf,26,1,2019-000275,"Works Consulting, LLC",28/06/2019,28/06/2019,27/06/2021,"$1,497,592.00",SERVICIOS RELACIONADOS A LOS SISTEMAS DE INFORMACIÓN,
ACT_2020,Contratos_Vigentes_ACT.pdf,26,1,2019-000276,MUNICIPIO DE SAN LORENZO,28/06/2019,28/06/2019,27/06/2021,"$331,729.00",INTERAGENCIALES,
ACT_2020,Contratos_Vigentes_ACT.pdf,26,1,2019-000277,AUTORIDAD DE TRANSPORTE MARITIMO Y LAS ISLAS MUNIC,28/06/2019,28/06/2019,28/06/2021,"$6,426,631.00",INTERAGENCIALES,
ACT_2020,Contratos_Vigentes_ACT.pdf,26,1,2019-000278,MUNICIPIO DE SAN SEBASTIAN,28/06/2019,28/06/2019,27/06/2021,"$21,200.00",INTERAGENCIALES,
ACT_2020,Contratos_Vigentes_ACT.pdf,26,1,2019-000279,DOÑA MAGALY GALARZA CRUZ,17/05/2019,17/05/2019,17/05/2024,"$14,040.00","COMPRA, VENTA, ALQUILER Y/O DESARROLLO DE INMUEBLES",
ACT_2020,Contratos_Vigentes_ACT.pdf,26,1,2020-000002 C,"EMPRESAS JBR, INC.",23/06/2020,23/06/2020,16/01/2021,$0.00,CONSTRUCCION Y REPARACION DE VIAS PUBLICAS,
ACT_2020,Contratos_Vigentes_ACT.pdf,26,1,2020-000002 B,"EMPRESAS JBR, INC.",25/06/2020,25/06/2020,16/01/2021,$0.00,CONSTRUCCION Y REPARACION DE VIAS PUBLICAS,
ACT_2020,Contratos_Vigentes_ACT.pdf,26,1,2020-000004 A,"JOSÉ A. BATLLE & ASOCIADOS, C.S.P.",30/06/2020,30/06/2020,31/03/2021,$0.00,SERVICIOS PROFESIONALES,
ACT_2020,Contratos_Vigentes_ACT.pdf,26,1,2020-000006,Del Valle Group SP,11/07/2019,22/07/2019,11/04/2021,"$11,091,000.00",CONSTRUCCION Y REPARACION DE VIAS PUBLICAS,
ACT_2020,Contratos_Vigentes_ACT.pdf,26,1,2020-000006 A,Del Valle Group SP,14/11/2019,14/11/2019,11/04/2021,"$29,245.00",CONSTRUCCION Y REPARACION DE VIAS PUBLICAS,
ACT_2020,Contratos_Vigentes_ACT.pdf,26,1,2020-000009,MUNICIPIO DE ARROYO,15/07/2019,15/07/2019,15/07/2039,$0.00,INTERAGENCIALES,
ACT_2020,Contratos_Vigentes_ACT.pdf,27,1,2020-000011,FRANCISCO A. RIVERA RIVERA,04/06/2020,04/06/2020,31/12/2020,$0.00,SERVICIOS TÉCNICOS,
ACT_2020,Contratos_Vigentes_ACT.pdf,27,1,2020-000019,MUNICIPIO DE RINCON,26/07/2019,26/07/2019,30/06/2029,$0.00,INTERAGENCIALES,
ACT_2020,Contratos_Vigentes_ACT.pdf,27,1,2020-000021 A,"ESQ. LEGAL SERVICES, PSC",11/06/2020,11/06/2020,31/12/2020,$0.00,SERVICIOS PROFESIONALES,
ACT_2020,Contratos_Vigentes_ACT.pdf,27,1,2020-000022 A,"CARIBBEAN STRATEGIC ADVISORS, LLC",16/06/2020,16/06/2020,31/12/2020,$0.00,SERVICIOS DE CONSULTORIA,
ACT_2020,Contratos_Vigentes_ACT.pdf,27,1,2020-000023 A,"Transporte Rodríguez Asfalto, Inc.",23/06/2020,23/06/2020,10/04/2021,$0.00,CONSTRUCCION Y REPARACION DE VIAS PUBLICAS,
ACT_2020,Contratos_Vigentes_ACT.pdf,27,1,2020-000023,"Transporte Rodríguez Asfalto, Inc.",12/09/2019,23/09/2019,13/02/2021,"$3,758,104.00",CONSTRUCCION Y REPARACION DE VIAS PUBLICAS,
ACT_2020,Contratos_Vigentes_ACT.pdf,27,1,2020-000024,"Transporte Rodríguez Asfalto, Inc.",12/09/2019,23/09/2019,15/03/2021,"$4,385,792.00",CONSTRUCCION Y REPARACION DE VIAS PUBLICAS,
ACT_2020,Contratos_Vigentes_ACT.pdf,27,1,2020-000032,"DESARROLLADORA J.A., INC.",01/08/2019,12/08/2019,31/07/2021,"$19,469,055.00",CONSTRUCCION Y REPARACION DE VIAS PUBLICAS,
ACT_2020,Contratos_Vigentes_ACT.pdf,27,1,2020-000032 A,"DESARROLLADORA J.A., INC.",05/12/2019,05/12/2019,31/07/2021,"$1,836,500.00",CONSTRUCCION Y REPARACION DE VIAS PUBLICAS,
ACT_2020,Contratos_Vigentes_ACT.pdf,27,1,2020-000032 C,"DESARROLLADORA J.A., INC.",27/05/2020,27/05/2020,31/07/2021,"$104,000.00",CONSTRUCCION Y REPARACION DE VIAS PUBLICAS,
ACT_2020,Contratos_Vigentes_ACT.pdf,27,1,2020-000032 D,"DESARROLLADORA J.A., INC.",10/06/2020,10/06/2020,31/07/2021,$0.00,CONSTRUCCION Y REPARACION DE VIAS PUBLICAS,
ACT_2020,Contratos_Vigentes_ACT.pdf,27,1,2020-000032 E,"DESARROLLADORA J.A., INC.",23/06/2020,23/06/2020,25/09/2021,$0.00,CONSTRUCCION Y REPARACION DE VIAS PUBLICAS,
ACT_2020,Contratos_Vigentes_ACT.pdf,27,1,2020-000040 E,"CONSTRUCTORA HARTMANN, S.E.",10/02/2020,10/02/2020,09/05/2021,"$51,840.00",CONSTRUCCION Y REPARACION DE VIAS PUBLICAS,
ACT_2020,Contratos_Vigentes_ACT.pdf,27,1,2020-000040 C,"CONSTRUCTORA HARTMANN, S.E.",10/02/2020,10/11/2020,09/05/2021,"$51,840.00",CONSTRUCCION Y REPARACION DE VIAS PUBLICAS,
ACT_2020,Contratos_Vigentes_ACT.pdf,27,1,2020-000040 D,"CONSTRUCTORA HARTMANN, S.E.",09/03/2020,12/01/2021,11/07/2021,"$9,000.00",CONSTRUCCION Y REPARACION DE VIAS PUBLICAS,
ACT_2020,Contratos_Vigentes_ACT.pdf,27,1,2020-000040 F,"CONSTRUCTORA HARTMANN, S.E.",27/07/2020,27/07/2020,04/07/2021,$0.00,CONSTRUCCION Y REPARACION DE VIAS PUBLICAS,
ACT_2020,Contratos_Vigentes_ACT.pdf,28,1,2020-000040,"CONSTRUCTORA HARTMANN, S.E.",06/08/2019,19/08/2019,09/05/2021,"$10,118,410.00",CONSTRUCCION Y REPARACION DE VIAS PUBLICAS,
ACT_2020,Contratos_Vigentes_ACT.pdf,28,1,2020-000046,"INSTITUTO COMERCIAL DE PUERTO RICO, INC. D/B/A ICP",07/08/2019,07/08/2019,07/08/2024,"$46,708.20","COMPRA, VENTA, ALQUILER Y/O DESARROLLO DE INMUEBLES",
ACT_2020,Contratos_Vigentes_ACT.pdf,28,1,2020-000049,"BEHRING BRAZILIAN JIU JITSU PUERTO RICO, INC.",06/08/2019,06/08/2019,06/08/2024,"$33,745.56","COMPRA, VENTA, ALQUILER Y/O DESARROLLO DE INMUEBLES",
ACT_2020,Contratos_Vigentes_ACT.pdf,28,1,2020-000056 A,Sharon Meléndez Ortíz,29/06/2020,29/06/2020,31/12/2020,$0.00,SERVICIOS PROFESIONALES,
ACT_2020,Contratos_Vigentes_ACT.pdf,28,1,2020-000059 A,EL RECINTO UNIVERSITARIO DE MAYAGÜEZ DE LA UNIVERS,24/06/2020,24/06/2020,31/12/2020,$0.00,INTERAGENCIALES,
ACT_2020,Contratos_Vigentes_ACT.pdf,28,1,2020-000060,MUNICIPALITY OF AIBONITO,20/08/2019,20/08/2019,19/08/2021,"$380,000.00",INTERAGENCIALES,
ACT_2020,Contratos_Vigentes_ACT.pdf,28,1,2020-000067,AUTORIDAD METROPOLITANA DE AUTOBUSES,27/08/2019,27/08/2019,27/08/2021,"$1,230,242.00",INTERAGENCIALES,
ACT_2020,Contratos_Vigentes_ACT.pdf,28,1,2020-000069,Maritza Rosa Laguer DBA MRL Vending Machine,29/08/2019,29/08/2019,29/08/2021,"$50,000.00","COMPRA, VENTA Y ALQUILER DE EQUIPO, VEHICULOS Y OTROS",
ACT_2020,Contratos_Vigentes_ACT.pdf,28,1,2020-000070,"ALLIED WASTE OF PUERTO RICO, INC.",29/08/2019,29/08/2019,30/06/2021,"$75,000.00","COMPRA, VENTA Y ALQUILER DE EQUIPO, VEHICULOS Y OTROS",
ACT_2020,Contratos_Vigentes_ACT.pdf,28,1,2020-000070 A,"ALLIED WASTE OF PUERTO RICO, INC.",17/07/2020,17/07/2020,30/06/2021,"$37,500.00","COMPRA, VENTA Y ALQUILER DE EQUIPO, VEHICULOS Y OTROS",
ACT_2020,Contratos_Vigentes_ACT.pdf,28,1,2020-000071 A,"Crespo & Rodríguez, Inc.",19/06/2020,19/06/2020,31/12/2020,$0.00,SERVICIOS PERSONALES NO PROFESIONALES,
ACT_2020,Contratos_Vigentes_ACT.pdf,28,1,2020-000073 A,DAVID MORENO VÁZQUEZ,26/06/2020,26/06/2020,31/12/2020,$0.00,SERVICIOS PROFESIONALES,
ACT_2020,Contratos_Vigentes_ACT.pdf,28,1,2020-000074,Torres-Rosa Consulting Engineers,30/08/2019,30/08/2019,20/02/2021,"$573,560.00",SERVICIOS PROFESIONALES,
ACT_2020,Contratos_Vigentes_ACT.pdf,28,1,2020-000075,Maritza Rosa Laguer DBA MRL Vending Machine,30/08/2019,30/08/2019,30/08/2022,$0.00,"COMPRA, VENTA, ALQUILER Y/O DESARROLLO DE INMUEBLES",
ACT_2020,Contratos_Vigentes_ACT.pdf,28,1,2020-000076,"SN FOODS, LLC",30/08/2019,30/08/2019,30/08/2024,"$8,760.60","COMPRA, VENTA, ALQUILER Y/O DESARROLLO DE INMUEBLES",
ACT_2020,Contratos_Vigentes_ACT.pdf,28,1,2020-000080 A,"JR SITE CONSTRUCTION, CORP.",03/08/2020,03/08/2020,30/01/2021,$0.00,CONSTRUCCION Y REPARACION DE VIAS PUBLICAS,
ACT_2020,Contratos_Vigentes_ACT.pdf,29,1,2020-000082 E,"Transporte Rodríguez Asfalto, Inc.",14/08/2020,14/08/2020,10/02/2021,$0.00,CONSTRUCCION Y REPARACION DE VIAS PUBLICAS,
ACT_2020,Contratos_Vigentes_ACT.pdf,29,1,2020-000085 E,"JR SITE CONSTRUCTION, CORP.",21/05/2020,14/07/2020,10/01/2021,$0.00,CONSTRUCCION Y REPARACION DE VIAS PUBLICAS,
ACT_2020,Contratos_Vigentes_ACT.pdf,29,1,2020-000089,"SUPER ASPHALT PAVEMENT, CORP.",25/09/2019,07/10/2019,27/06/2021,"$6,423,334.50",CONSTRUCCION Y REPARACION DE VIAS PUBLICAS,
ACT_2020,Contratos_Vigentes_ACT.pdf,29,1,2020-000090,MUNICIPIO DE SALINAS,23/09/2019,23/09/2019,23/09/2021,"$60,000.00",INTERAGENCIALES,
ACT_2020,Contratos_Vigentes_ACT.pdf,29,1,2020-000091,MUNICIPALITY OF JUANA DIAZ,23/09/2019,23/09/2019,23/09/2021,"$64,000.00",INTERAGENCIALES,
ACT_2020,Contratos_Vigentes_ACT.pdf,29,1,2020-000092,MUNICIPALITY OF COROZAL,23/09/2019,23/09/2019,23/09/2021,"$48,000.00",INTERAGENCIALES,
ACT_2020,Contratos_Vigentes_ACT.pdf,29,1,2020-000097 B,"RSD Engineering & Consulting Group, PSC",18/08/2020,18/08/2020,31/12/2020,"$50,000.00",SERVICIOS PROFESIONALES,
ACT_2020,Contratos_Vigentes_ACT.pdf,29,1,2020-000098 A,"DEL VALLE GROUP, S.P.",22/04/2020,04/02/2021,03/08/2021,"$5,235.00",CONSTRUCCION Y REPARACION DE VIAS PUBLICAS,
ACT_2020,Contratos_Vigentes_ACT.pdf,29,1,2020-000098 B,"DEL VALLE GROUP, S.P.",14/05/2020,04/02/2021,03/08/2021,"$88,800.00",CONSTRUCCION Y REPARACION DE VIAS PUBLICAS,
ACT_2020,Contratos_Vigentes_ACT.pdf,29,1,2020-000098 C,"DEL VALLE GROUP, S.P.",28/07/2020,28/07/2020,28/09/2021,$0.00,CONSTRUCCION Y REPARACION DE VIAS PUBLICAS,
ACT_2020,Contratos_Vigentes_ACT.pdf,29,1,2020-000098,"DEL VALLE GROUP, S.P.",30/09/2019,14/10/2019,03/08/2021,"$11,890,000.00",CONSTRUCCION Y REPARACION DE VIAS PUBLICAS,
ACT_2020,Contratos_Vigentes_ACT.pdf,29,1,2020-000100,MUNICIPALITY OF MOCA,03/10/2019,03/10/2019,03/10/2021,"$48,000.00",INTERAGENCIALES,
ACT_2020,Contratos_Vigentes_ACT.pdf,29,1,2020-000102 C,"MD Engineers, PSC",03/08/2020,03/08/2020,31/12/2020,$0.00,SERVICIOS PROFESIONALES,
ACT_2020,Contratos_Vigentes_ACT.pdf,29,1,2020-000102 A,"MD Engineers, PSC",13/02/2020,13/02/2020,31/12/2020,$0.00,SERVICIOS PROFESIONALES,
ACT_2020,Contratos_Vigentes_ACT.pdf,29,1,2020-000102 B,"MD Engineers, PSC",27/04/2020,27/04/2020,31/12/2020,$0.00,SERVICIOS PROFESIONALES,
ACT_2020,Contratos_Vigentes_ACT.pdf,29,1,2020-000104 A,"EAS & ASSOCIATES, PSC",27/04/2020,27/04/2020,31/12/2020,$0.00,SERVICIOS PROFESIONALES,
ACT_2020,Contratos_Vigentes_ACT.pdf,30,1,2020-000106 A,"BETARA GROUP SERVICES, PSC",13/02/2020,13/02/2020,31/12/2020,$0.00,SERVICIOS PROFESIONALES,
ACT_2020,Contratos_Vigentes_ACT.pdf,30,1,2020-000107,MUNICIPALITY OF NAGUABO,04/10/2019,04/10/2019,04/10/2021,"$48,000.00",INTERAGENCIALES,
ACT_2020,Contratos_Vigentes_ACT.pdf,30,1,2020-000109,"CONTINENTAL CONSTRUCTION & CONSULTING, LLC",27/09/2019,27/09/2019,25/09/2021,"$544,524.68",CONSTRUCCION Y REPARACION DE VIAS PUBLICAS,
ACT_2020,Contratos_Vigentes_ACT.pdf,30,1,2020-000111 A,"ACUMENIAN, LLC",16/06/2020,16/06/2020,31/12/2020,$0.00,SERVICIOS DE CONSULTORIA,
ACT_2020,Contratos_Vigentes_ACT.pdf,30,1,2020-000112,"Norvan General Contractor, INC.",27/09/2019,27/09/2019,25/09/2021,"$25,000.00",CONSTRUCCION Y REPARACION DE VIAS PUBLICAS,
ACT_2020,Contratos_Vigentes_ACT.pdf,30,1,2020-000114,"BEST WORK CONSTRUCTION, S.E.",01/10/2019,01/10/2019,29/09/2021,"$30,000.00",CONSTRUCCION Y REPARACION DE VIAS PUBLICAS,
ACT_2020,Contratos_Vigentes_ACT.pdf,30,1,2020-000116,"APTIM ENVIROMENTAL & INFRASTRUCTURE, LLC",16/10/2019,16/10/2019,16/10/2021,"$1,581,258.00",SERVICIOS PROFESIONALES,
ACT_2020,Contratos_Vigentes_ACT.pdf,30,1,2020-000119 A,"ORTIZ NOLASCO & ASOCIADOS, CSP",13/02/2020,13/02/2020,31/12/2020,$0.00,SERVICIOS PROFESIONALES,
ACT_2020,Contratos_Vigentes_ACT.pdf,30,1,2020-000120,"L. P. C. & D., INC",16/10/2019,28/10/2019,18/07/2021,"$5,899,914.00",CONSTRUCCION Y REPARACION DE VIAS PUBLICAS,
ACT_2020,Contratos_Vigentes_ACT.pdf,30,1,2020-000121 C,"COMAS & COMAS CONTRACTORS, CORP.",23/06/2020,23/06/2020,09/01/2021,$0.00,CONSTRUCCION Y REPARACION DE VIAS PUBLICAS,
ACT_2020,Contratos_Vigentes_ACT.pdf,30,1,2020-000122 A,"M2A GROUP, PSC",31/03/2020,31/03/2020,31/12/2020,$0.00,SERVICIOS PROFESIONALES,
ACT_2020,Contratos_Vigentes_ACT.pdf,30,1,2020-000122 B,"M2A GROUP, PSC",27/04/2020,27/04/2020,31/12/2020,$0.00,SERVICIOS PROFESIONALES,
ACT_2020,Contratos_Vigentes_ACT.pdf,30,1,2020-000123 A,"FDDS MANAGEMENT & ENGINEERING, PSC",13/02/2020,13/02/2020,31/12/2020,$0.00,SERVICIOS PROFESIONALES,
ACT_2020,Contratos_Vigentes_ACT.pdf,30,1,2020-000123 B,"FDDS MANAGEMENT & ENGINEERING, PSC",27/04/2020,27/04/2020,31/12/2020,$0.00,SERVICIOS PROFESIONALES,
ACT_2020,Contratos_Vigentes_ACT.pdf,30,1,2020-000125 B,"VPC Development Management Group, PSC",24/08/2020,24/08/2020,31/03/2021,$0.00,SERVICIOS PROFESIONALES,
ACT_2020,Contratos_Vigentes_ACT.pdf,30,1,2020-000126 A,"MenDeg Engineering, PSC",27/04/2020,27/04/2020,31/12/2020,$0.00,SERVICIOS PROFESIONALES,
ACT_2020,Contratos_Vigentes_ACT.pdf,31,1,2020-000127 B,"LAM CONSULTING, INC.",04/06/2020,04/06/2020,31/12/2020,$0.00,SERVICIOS PROFESIONALES,
ACT_2020,Contratos_Vigentes_ACT.pdf,31,1,2020-000129,MUNICIPALITY OF LUQUILLO,24/10/2019,24/10/2019,24/10/2021,"$57,000.00",INTERAGENCIALES,
ACT_2020,Contratos_Vigentes_ACT.pdf,31,1,2020-000130 C,"JJM CONSTRUCTION, CORP.",30/06/2020,30/06/2020,31/12/2020,$0.00,CONSTRUCCION Y REPARACION DE VIAS PUBLICAS,
ACT_2020,Contratos_Vigentes_ACT.pdf,31,1,2020-000132,"DEL VALLE GROUP, S.P.",29/10/2019,12/11/2019,31/10/2021,"$13,656,000.00",CONSTRUCCION Y REPARACION DE VIAS PUBLICAS,
ACT_2020,Contratos_Vigentes_ACT.pdf,31,1,2020-000134,LUIS A. COLÓN ROSARIO h/n/c THE LOCO DOG,24/10/2019,24/10/2019,24/10/2024,"$27,600.00","COMPRA, VENTA, ALQUILER Y/O DESARROLLO DE INMUEBLES",
ACT_2020,Contratos_Vigentes_ACT.pdf,31,1,2020-000135 A,"DESARROLLADORA J.A., INC.",25/06/2020,25/06/2020,31/12/2020,$0.00,CONSTRUCCION Y REPARACION DE VIAS PUBLICAS,
ACT_2020,Contratos_Vigentes_ACT.pdf,31,1,2020-000136,"LPC Contractors, Inc.",31/10/2019,12/11/2019,02/08/2021,"$8,168,979.00",CONSTRUCCION Y REPARACION DE VIAS PUBLICAS,
ACT_2020,Contratos_Vigentes_ACT.pdf,31,1,2020-000137,"LPC & D, INC",31/10/2019,12/11/2019,02/08/2021,"$5,899,914.00",CONSTRUCCION Y REPARACION DE VIAS PUBLICAS,
ACT_2020,Contratos_Vigentes_ACT.pdf,31,1,2020-000138 A,LUIS E. BORGES REYES,30/06/2020,30/06/2020,31/12/2020,$0.00,SERVICIOS TÉCNICOS,
ACT_2020,Contratos_Vigentes_ACT.pdf,31,1,2020-000139,MUNICIPALITY OF SAN SEBASTIAN,08/11/2019,08/11/2019,08/11/2021,"$11,340.00",INTERAGENCIALES,
ACT_2020,Contratos_Vigentes_ACT.pdf,31,1,2020-000140,MUNICIPALITY OF SAN SEBASTIAN,08/11/2019,08/11/2019,08/11/2021,"$184,387.00",INTERAGENCIALES,
ACT_2020,Contratos_Vigentes_ACT.pdf,31,1,2020-000141,MUNICIPALITY OF SAN SEBASTIAN,08/11/2019,08/11/2019,08/11/2021,"$305,280.00",INTERAGENCIALES,
ACT_2020,Contratos_Vigentes_ACT.pdf,31,1,2020-000142 A,"FDDS MANAGEMENT & ENGINEERING, PSC",16/06/2020,16/06/2020,31/12/2020,$0.00,SERVICIOS PROFESIONALES,
ACT_2020,Contratos_Vigentes_ACT.pdf,31,1,2020-000143 A,"ANDREWS KEY VI, LLC",04/06/2020,04/06/2020,31/12/2020,$0.00,SERVICIOS TÉCNICOS,
ACT_2020,Contratos_Vigentes_ACT.pdf,31,1,2020-000144 A,ESTEBAN NUÑEZ CAMACHO,19/06/2020,19/06/2020,31/12/2020,$0.00,SERVICIOS TÉCNICOS,
ACT_2020,Contratos_Vigentes_ACT.pdf,31,1,2020-000145 A,"RRG APPRAISAL GROUP, INC.",04/06/2020,04/06/2020,31/12/2020,$0.00,SERVICIOS TÉCNICOS,
ACT_2020,Contratos_Vigentes_ACT.pdf,32,1,2020-000147 A,"SUPER ASPHALT PAVEMENT, CORP.",23/06/2020,23/06/2020,30/01/2022,$0.00,CONSTRUCCION Y REPARACION DE VIAS PUBLICAS,
ACT_2020,Contratos_Vigentes_ACT.pdf,32,1,2020-000151,"SUPER ASPHALT PAVEMENT, CORP.",13/11/2019,23/11/2019,15/01/2021,"$4,802,601.47",CONSTRUCCION Y REPARACION DE VIAS PUBLICAS,
ACT_2020,Contratos_Vigentes_ACT.pdf,32,1,2020-000153,"PILOTO CONSTRUCTION, LLC",14/11/2019,02/12/2019,25/03/2021,"$3,627,000.00",CONSTRUCCION Y REPARACION DE VIAS PUBLICAS,
ACT_2020,Contratos_Vigentes_ACT.pdf,32,1,2020-000153 A,"PILOTO CONSTRUCTION, LLC",17/07/2020,17/07/2020,20/05/2021,$0.00,CONSTRUCCION Y REPARACION DE VIAS PUBLICAS,
ACT_2020,Contratos_Vigentes_ACT.pdf,32,1,2020-000156 A,REBECA F. ROJAS COLON,30/06/2020,30/06/2020,31/12/2020,$0.00,SERVICIOS PROFESIONALES,
ACT_2020,Contratos_Vigentes_ACT.pdf,32,1,2020-000157 A,"Melendez, Bravo Y Asociados, Inc.",26/06/2020,26/06/2020,31/12/2020,$0.00,SERVICIOS DE CONSULTORIA,
ACT_2020,Contratos_Vigentes_ACT.pdf,32,1,2020-000158,Municipality of Morovis,25/11/2019,25/11/2019,25/11/2021,"$60,800.00",INTERAGENCIALES,
ACT_2020,Contratos_Vigentes_ACT.pdf,32,1,2020-000159,"COOPERVISION MANUFACTURING PUERTO RICO, LLC",04/11/2019,04/11/2019,31/08/2045,"$1,132,613.03","COMPRA, VENTA, ALQUILER Y/O DESARROLLO DE INMUEBLES",
ACT_2020,Contratos_Vigentes_ACT.pdf,32,1,2020-000161,"CLUB DE ORO DE CAGUAS PR, INC.",16/12/2019,16/12/2019,16/12/2024,"$137,772.00",ACUERDOS FINANCIEROS Y NO FINANCIEROS,
ACT_2020,Contratos_Vigentes_ACT.pdf,32,1,2020-000162,"CLUB DE ORO DE CAGUAS PR, INC.",16/12/2019,16/12/2019,16/12/2021,"$17,500.00",ACUERDOS FINANCIEROS Y NO FINANCIEROS,
ACT_2020,Contratos_Vigentes_ACT.pdf,32,1,2020-000164 A,"Curbelo & Rullan Consulting Engineers, PSC",27/04/2020,27/04/2020,31/12/2020,$0.00,SERVICIOS PROFESIONALES,
ACT_2020,Contratos_Vigentes_ACT.pdf,32,1,2020-000165,"JOSÉ A. BATLLE & ASOCIADOS, C.S.P.",27/12/2019,27/12/2019,26/12/2022,"$478,554.38",SERVICIOS PROFESIONALES,
ACT_2020,Contratos_Vigentes_ACT.pdf,32,1,2020-000166,MUNICIPALITY OF GUAYAMA,27/12/2019,27/12/2019,27/12/2021,"$58,000.00",INTERAGENCIALES,
ACT_2020,Contratos_Vigentes_ACT.pdf,32,1,2020-000167,MUNICIPIO DE CANÓVANAS,27/12/2019,27/12/2019,27/12/2021,"$120,000.00",INTERAGENCIALES,
ACT_2020,Contratos_Vigentes_ACT.pdf,32,1,2020-000168 A,MANUEL A. BERMÚDEZ PAGÁN,04/06/2020,04/06/2020,31/12/2020,$0.00,SERVICIOS TÉCNICOS,
ACT_2020,Contratos_Vigentes_ACT.pdf,32,1,2020-000171 A,"Behar-Ybarra and Associates,LLP",29/06/2020,29/06/2020,31/12/2020,$0.00,CONSTRUCCION Y REPARACION DE VIAS PUBLICAS,
ACT_2020,Contratos_Vigentes_ACT.pdf,33,1,2020-000174,"CONTINENTAL CONSTRUCTION & CONSULTING, LLC",07/01/2020,07/01/2020,05/01/2022,"$450,000.00",CONSTRUCCION Y REPARACION DE VIAS PUBLICAS,
ACT_2020,Contratos_Vigentes_ACT.pdf,33,1,2020-000174 A,"CONTINENTAL CONSTRUCTION & CONSULTING, LLC",14/01/2020,14/01/2020,05/01/2022,"$815,237.03",CONSTRUCCION Y REPARACION DE VIAS PUBLICAS,
ACT_2020,Contratos_Vigentes_ACT.pdf,33,1,2020-000176,"L. P. C. & D, INC.",09/01/2020,20/01/2020,13/05/2021,"$5,995,017.00",CONSTRUCCION Y REPARACION DE VIAS PUBLICAS,
ACT_2020,Contratos_Vigentes_ACT.pdf,33,1,2020-000176 A,"L. P. C. & D, INC.",19/06/2020,19/06/2020,08/07/2021,$0.00,CONSTRUCCION Y REPARACION DE VIAS PUBLICAS,
ACT_2020,Contratos_Vigentes_ACT.pdf,33,1,2020-000178,FIDEICOMISO PARA EL DESARROLLO DE RÍO PIEDRAS,27/12/2019,27/12/2019,27/12/2029,"$1,200.00","COMPRA, VENTA, ALQUILER Y/O DESARROLLO DE INMUEBLES",
ACT_2020,Contratos_Vigentes_ACT.pdf,33,1,2020-000181,"Design Build, LLC",07/01/2020,07/01/2020,05/01/2022,"$1,651,350.00",CONSTRUCCION Y REPARACION DE VIAS PUBLICAS,
ACT_2020,Contratos_Vigentes_ACT.pdf,33,1,2020-000182,"GUEVAREZ & GUEVAREZ, CORP.",10/01/2020,10/01/2020,08/01/2022,"$150,000.00",CONSTRUCCION Y REPARACION DE VIAS PUBLICAS,
ACT_2020,Contratos_Vigentes_ACT.pdf,33,1,2020-000183,"Obratec Contratista General, Inc.",09/01/2020,09/01/2020,07/01/2022,"$500,000.00",CONSTRUCCION Y REPARACION DE VIAS PUBLICAS,
ACT_2020,Contratos_Vigentes_ACT.pdf,33,1,2020-000185 A,"Constructora I. Melendez, LLC",17/01/2020,17/01/2020,05/01/2022,$0.00,CONSTRUCCION Y REPARACION DE VIAS PUBLICAS,
ACT_2020,Contratos_Vigentes_ACT.pdf,33,1,2020-000185,"Constructora I. Melendez, LLC",07/01/2020,07/01/2020,05/01/2022,"$3,000,000.00",CONSTRUCCION Y REPARACION DE VIAS PUBLICAS,
ACT_2020,Contratos_Vigentes_ACT.pdf,33,1,2020-000186,JM CARIBBEAN BUILDERS CORP.,07/01/2020,07/01/2020,05/01/2022,"$766,000.00",CONSTRUCCION Y REPARACION DE VIAS PUBLICAS,
ACT_2020,Contratos_Vigentes_ACT.pdf,33,1,2020-000187,"EJ CONSTRUCTION, SE",11/01/2020,11/01/2020,09/01/2022,"$2,000,000.00",CONSTRUCCION Y REPARACION DE VIAS PUBLICAS,
ACT_2020,Contratos_Vigentes_ACT.pdf,33,1,2020-000188,"ROBLES ASPHALT, CORP.",13/01/2020,13/01/2020,13/01/2022,"$400,000.00",CONSTRUCCION Y REPARACION DE VIAS PUBLICAS,
ACT_2020,Contratos_Vigentes_ACT.pdf,33,1,2020-000188 A,"ROBLES ASPHALT, CORP.",21/01/2020,21/01/2020,13/01/2022,"$347,000.00",CONSTRUCCION Y REPARACION DE VIAS PUBLICAS,
ACT_2020,Contratos_Vigentes_ACT.pdf,33,1,2020-000189,"LUJANI GENERAL CONTRACTOR, INC.",09/01/2020,09/01/2020,07/01/2022,"$600,000.00",CONSTRUCCION Y REPARACION DE VIAS PUBLICAS,
ACT_2020,Contratos_Vigentes_ACT.pdf,33,1,2020-000189 A,"LUJANI GENERAL CONTRACTOR, INC.",23/06/2020,23/06/2020,28/02/2021,$0.00,CONSTRUCCION Y REPARACION DE VIAS PUBLICAS,
ACT_2020,Contratos_Vigentes_ACT.pdf,34,1,2020-000190,"LUJANI GENERAL CONTRACTOR, INC.",10/01/2020,10/01/2020,08/01/2022,"$100,000.00",CONSTRUCCION Y REPARACION DE VIAS PUBLICAS,
ACT_2020,Contratos_Vigentes_ACT.pdf,34,1,2020-000191,"Constructora I. Melendez, LLC",15/01/2020,15/01/2020,13/01/2022,"$2,500,000.00",CONSTRUCCION Y REPARACION DE VIAS PUBLICAS,
ACT_2020,Contratos_Vigentes_ACT.pdf,34,1,2020-000193,"TAMRIO, INC.",07/01/2020,07/01/2020,05/01/2022,"$234,430.00",CONSTRUCCION Y REPARACION DE VIAS PUBLICAS,
ACT_2020,Contratos_Vigentes_ACT.pdf,34,1,2020-000193 A,"TAMRIO, INC.",07/02/2020,07/02/2020,05/01/2022,"$1,756,962.40",CONSTRUCCION Y REPARACION DE VIAS PUBLICAS,
ACT_2020,Contratos_Vigentes_ACT.pdf,34,1,2020-000193 B,"TAMRIO, INC.",20/02/2020,20/02/2020,05/01/2022,"$474,927.04",CONSTRUCCION Y REPARACION DE VIAS PUBLICAS,
ACT_2020,Contratos_Vigentes_ACT.pdf,34,1,2020-000193 C,"TAMRIO, INC.",23/06/2020,23/06/2020,26/01/2021,$0.00,CONSTRUCCION Y REPARACION DE VIAS PUBLICAS,
ACT_2020,Contratos_Vigentes_ACT.pdf,34,1,2020-000198,"PILOTO CONSTRUCTION, LLC",27/01/2020,06/02/2020,26/11/2021,"$5,169,000.00",CONSTRUCCION Y REPARACION DE VIAS PUBLICAS,
ACT_2020,Contratos_Vigentes_ACT.pdf,34,1,2020-000198 A,"PILOTO CONSTRUCTION, LLC",27/07/2020,27/07/2020,18/03/2022,$0.00,CONSTRUCCION Y REPARACION DE VIAS PUBLICAS,
ACT_2020,Contratos_Vigentes_ACT.pdf,34,1,2020-000200,"Barret Hale & Alamo, LLC",29/01/2020,29/01/2020,28/01/2023,"$2,476,185.86",SERVICIOS PROFESIONALES,
ACT_2020,Contratos_Vigentes_ACT.pdf,34,1,2020-000201,"LPC Contractors, Inc.",31/01/2020,14/02/2020,07/02/2021,"$5,404,198.00",CONSTRUCCION Y REPARACION DE VIAS PUBLICAS,
ACT_2020,Contratos_Vigentes_ACT.pdf,34,1,2020-000201 A,"LPC Contractors, Inc.",19/07/2020,19/07/2020,04/04/2021,$0.00,CONSTRUCCION Y REPARACION DE VIAS PUBLICAS,
ACT_2020,Contratos_Vigentes_ACT.pdf,34,1,2020-000202,"Transporte Rodríguez Asfalto, Inc.",31/01/2020,14/02/2020,03/05/2022,"$8,152,516.50",CONSTRUCCION Y REPARACION DE VIAS PUBLICAS,
ACT_2020,Contratos_Vigentes_ACT.pdf,34,1,2020-000203,"Transporte Rodríguez Asfalto, Inc.",31/01/2020,14/02/2020,07/06/2021,"$6,088,181.00",CONSTRUCCION Y REPARACION DE VIAS PUBLICAS,
ACT_2020,Contratos_Vigentes_ACT.pdf,34,1,2020-000206 A,"Eclipse Management, LLC",30/06/2020,30/06/2020,31/12/2020,$0.00,SERVICIOS PROFESIONALES,
ACT_2020,Contratos_Vigentes_ACT.pdf,34,1,2020-000207,FIDEICOMISO PARA EL DESARROLLO DE RÍO PIEDRAS,27/12/2019,27/12/2019,27/12/2029,$123.00,"COMPRA, VENTA, ALQUILER Y/O DESARROLLO DE INMUEBLES",
ACT_2020,Contratos_Vigentes_ACT.pdf,34,1,2020-000208,"FERROVIAL AGROMAN, LLC",12/02/2020,24/02/2020,18/05/2021,"$2,541,000.00",CONSTRUCCION Y REPARACION DE VIAS PUBLICAS,
ACT_2020,Contratos_Vigentes_ACT.pdf,35,1,2020-000208 A,"FERROVIAL CONSTRUCCION PR, LLC",21/07/2020,21/07/2020,18/05/2021,$0.00,CONSTRUCCION Y REPARACION DE VIAS PUBLICAS,
ACT_2020,Contratos_Vigentes_ACT.pdf,35,1,2020-000208 B,"FERROVIAL CONSTRUCCION PR, LLC",17/07/2020,17/07/2020,13/07/2021,$0.00,CONSTRUCCION Y REPARACION DE VIAS PUBLICAS,
ACT_2020,Contratos_Vigentes_ACT.pdf,35,1,2020-000209,"CJO Construction, Inc.",11/02/2020,24/02/2020,18/05/2021,"$4,757,996.13",CONSTRUCCION Y REPARACION DE VIAS PUBLICAS,
ACT_2020,Contratos_Vigentes_ACT.pdf,35,1,2020-000209 A,"CJO Construction, Inc.",23/06/2020,23/06/2020,13/07/2021,$0.00,CONSTRUCCION Y REPARACION DE VIAS PUBLICAS,
ACT_2020,Contratos_Vigentes_ACT.pdf,35,1,2020-000210,Public Safety Department,18/02/2020,18/02/2020,18/02/2021,$0.00,INTERAGENCIALES,
ACT_2020,Contratos_Vigentes_ACT.pdf,35,1,2020-000211,MUNICIPALITY OF COAMO,21/02/2020,21/02/2020,21/02/2022,"$141,344.00",INTERAGENCIALES,
ACT_2020,Contratos_Vigentes_ACT.pdf,35,1,2020-000212 A,"Procurement Management & Operations Solutions, LLC",16/06/2020,16/06/2020,31/12/2020,$0.00,SERVICIOS PROFESIONALES,
ACT_2020,Contratos_Vigentes_ACT.pdf,35,1,2020-000213 A,"DG3A Design Group, PSC",30/06/2020,30/06/2020,31/12/2020,$0.00,SERVICIOS PROFESIONALES,
ACT_2020,Contratos_Vigentes_ACT.pdf,35,1,2020-000214 A,"Integra Design Group, PSC",30/06/2020,30/06/2020,31/12/2020,$0.00,SERVICIOS PROFESIONALES,
ACT_2020,Contratos_Vigentes_ACT.pdf,35,1,2020-000217,PEDRO A. MORALES HERNÁNDEZ,26/02/2020,26/03/2020,26/02/2023,"$7,920.00","COMPRA, VENTA, ALQUILER Y/O DESARROLLO DE INMUEBLES",
ACT_2020,Contratos_Vigentes_ACT.pdf,35,1,2020-000219,"DESARROLLADORA J.A., INC.",04/03/2020,16/03/2020,05/12/2021,"$7,430,375.00",CONSTRUCCION Y REPARACION DE VIAS PUBLICAS,
ACT_2020,Contratos_Vigentes_ACT.pdf,35,1,2020-000219 A,"DESARROLLADORA J.A., INC.",27/07/2020,27/07/2020,22/01/2022,$0.00,CONSTRUCCION Y REPARACION DE VIAS PUBLICAS,
ACT_2020,Contratos_Vigentes_ACT.pdf,35,1,2020-000220,CMA ARCHITECTS AND ENGINEERS LLC,06/03/2020,06/03/2020,06/03/2021,"$474,516.00",SERVICIOS PROFESIONALES,
ACT_2020,Contratos_Vigentes_ACT.pdf,35,1,2020-000221,Puerto Rico Infrastructure Financing Authority AFI,10/03/2020,10/03/2020,31/12/2020,$0.00,INTERAGENCIALES,
ACT_2020,Contratos_Vigentes_ACT.pdf,35,1,2020-000221,Puerto Rico Integrated Transportation Authority,10/03/2020,10/03/2020,31/12/2020,$0.00,INTERAGENCIALES,
ACT_2020,Contratos_Vigentes_ACT.pdf,35,1,2020-000222,"PILOTO CONSTRUCTION, LLC",04/03/2020,16/03/2020,05/11/2021,"$7,427,000.00",CONSTRUCCION Y REPARACION DE VIAS PUBLICAS,
ACT_2020,Contratos_Vigentes_ACT.pdf,36,1,2020-000224,"PERFECT INTEGRATED SOLUTIONS, INC.",31/03/2020,31/03/2020,31/03/2022,"$227,900.00",SERVICIOS MISCELÁNEOS NO PERSONALES,
ACT_2020,Contratos_Vigentes_ACT.pdf,36,1,2020-000224 A,"PERFECT INTEGRATED SOLUTIONS, INC.",30/06/2020,30/06/2020,31/03/2022,"$271,000.00",SERVICIOS MISCELÁNEOS NO PERSONALES,
ACT_2020,Contratos_Vigentes_ACT.pdf,36,1,2020-000225,Maritime Transport Authority for Puerto Rico and t,03/04/2020,03/04/2020,03/04/2022,"$2,554,187.00",INTERAGENCIALES,
ACT_2020,Contratos_Vigentes_ACT.pdf,36,1,2020-000226 A,"ACUMENIAN, LLC",18/08/2020,18/08/2020,30/09/2021,$0.00,SERVICIOS PROFESIONALES,
ACT_2020,Contratos_Vigentes_ACT.pdf,36,1,2020-000227,"PATHWAY SERVICES, INC.",27/04/2020,27/04/2020,30/09/2024,"$1,431,911.25",SERVICIOS PROFESIONALES,
ACT_2020,Contratos_Vigentes_ACT.pdf,36,1,2020-000228,Juan O. Virella Sánchez,27/04/2020,27/04/2020,27/04/2021,"$511,311.40",SERVICIOS PROFESIONALES,
ACT_2020,Contratos_Vigentes_ACT.pdf,36,1,2020-000229,"Barrett, Hale & Alamo, LLC",27/04/2020,27/04/2020,27/04/2021,"$491,385.82",SERVICIOS PROFESIONALES,
ACT_2020,Contratos_Vigentes_ACT.pdf,36,1,2020-000230,"BEHAR-YBARRA & ASSOCIATES, LLP",27/04/2020,27/04/2020,27/04/2021,"$813,901.00",SERVICIOS PROFESIONALES,
ACT_2020,Contratos_Vigentes_ACT.pdf,36,1,2020-000232,"Bermúdez, Longo, Díaz-Massó, LLC",04/05/2020,21/05/2020,10/05/2022,"$11,832,959.40",CONSTRUCCION Y REPARACION DE VIAS PUBLICAS,
ACT_2020,Contratos_Vigentes_ACT.pdf,36,1,2020-000233,TOTAL PETROLEUM PUERTO RICO CORP.,12/05/2020,12/05/2020,12/05/2023,"$177,500.00","COMPRA DE MATERIALES, SUMINISTROS Y EFECTOS",
ACT_2020,Contratos_Vigentes_ACT.pdf,36,1,2020-000233 A,TOTAL PETROLEUM PUERTO RICO CORP.,30/06/2020,30/06/2020,12/05/2023,"$317,500.00","COMPRA DE MATERIALES, SUMINISTROS Y EFECTOS",
ACT_2020,Contratos_Vigentes_ACT.pdf,36,1,2020-000234 A,"OCTAGON CONSULTANT GROUP, CORP.",23/06/2020,23/06/2020,31/12/2020,$0.00,SERVICIOS TÉCNICOS,
ACT_2020,Contratos_Vigentes_ACT.pdf,36,1,2020-000235,"ORTIZ NOLASCO & ASOCIADOS, CSP",15/05/2020,15/05/2020,31/12/2020,"$472,690.00",SERVICIOS PROFESIONALES,
ACT_2020,Contratos_Vigentes_ACT.pdf,36,1,2020-000236,AECOM Caribe L.L.P.,27/05/2020,27/05/2020,27/05/2024,"$4,836,000.00",SERVICIOS PROFESIONALES,
ACT_2020,Contratos_Vigentes_ACT.pdf,36,1,2020-000237,"BEHAR-YBARRA & ASSOCIATES, LLC",20/05/2020,20/05/2020,31/12/2020,"$719,900.00",SERVICIOS PROFESIONALES,
ACT_2020,Contratos_Vigentes_ACT.pdf,36,1,2020-000238,Maritime Transport Authority for Puerto Rico and t,01/06/2020,01/06/2020,01/06/2022,"$211,762.50",INTERAGENCIALES,
ACT_2020,Contratos_Vigentes_ACT.pdf,37,1,2020-000239,Maritime Transport Authority for Puerto Rico and t,01/06/2020,01/06/2020,01/06/2022,"$320,506.00",INTERAGENCIALES,
ACT_2020,Contratos_Vigentes_ACT.pdf,37,1,2020-000240,"Design Build, LLC",19/05/2020,29/05/2020,23/04/2021,"$2,714,653.68",CONSTRUCCION Y REPARACION DE VIAS PUBLICAS,
ACT_2020,Contratos_Vigentes_ACT.pdf,37,1,2020-000241,CPH-PSC,01/06/2020,01/06/2020,31/12/2020,"$278,679.80",SERVICIOS PROFESIONALES,
ACT_2020,Contratos_Vigentes_ACT.pdf,37,1,2020-000242,"EAS & ASSOCIATES, PSC",04/06/2020,04/06/2020,31/12/2020,"$317,485.00",SERVICIOS PROFESIONALES,
ACT_2020,Contratos_Vigentes_ACT.pdf,37,1,2020-000244 A,"Barrett, Hale & Alamo, LLC",30/06/2020,30/06/2020,31/12/2020,$0.00,SERVICIOS PROFESIONALES,
ACT_2020,Contratos_Vigentes_ACT.pdf,37,1,2020-000245,"UNIPRO ARCHITECTS- ENGINEERS, LLP",04/06/2020,04/06/2020,04/06/2021,"$332,506.73",CONSTRUCCION Y REPARACION DE VIAS PUBLICAS,
ACT_2020,Contratos_Vigentes_ACT.pdf,37,1,2020-000246,CMA ARCHITECTS AND ENGINEERS LLC,04/06/2020,04/06/2020,31/12/2020,"$250,000.00",SERVICIOS PROFESIONALES,
ACT_2020,Contratos_Vigentes_ACT.pdf,37,1,2020-000249,411 Claims P.R. LLC,01/06/2020,01/06/2020,30/06/2022,$0.00,SERVICIOS DE CONSULTORIA,
ACT_2020,Contratos_Vigentes_ACT.pdf,37,1,2020-000250,"A&N ROADS DEVELOPMENT, LLC",09/06/2020,19/06/2020,24/05/2021,"$3,734,435.05",CONSTRUCCION Y REPARACION DE VIAS PUBLICAS,
ACT_2020,Contratos_Vigentes_ACT.pdf,37,1,2020-000251,SUPERASPHALT PAVEMENT CORP,09/06/2020,19/06/2020,13/06/2021,"$3,906,975.68",CONSTRUCCION Y REPARACION DE VIAS PUBLICAS,
ACT_2020,Contratos_Vigentes_ACT.pdf,37,1,2020-000252,"CJO Construction, Inc.",09/06/2020,22/06/2020,17/05/2021,"$1,543,000.00",CONSTRUCCION Y REPARACION DE VIAS PUBLICAS,
ACT_2020,Contratos_Vigentes_ACT.pdf,37,1,2020-000254,"CSA ARCHITECTS AND ENGINEERS, LLP",23/06/2020,23/06/2020,31/12/2020,"$1,800,000.00",SERVICIOS PROFESIONALES,
ACT_2020,Contratos_Vigentes_ACT.pdf,37,1,2020-000255,MUNICIPALITY OF GUAYANILLA,22/06/2020,22/06/2020,22/06/2022,"$102,000.00",INTERAGENCIALES,
ACT_2020,Contratos_Vigentes_ACT.pdf,37,1,2020-000256,MUNICIPALITY OF CANOVANAS,22/06/2020,22/06/2020,22/06/2022,"$175,000.00",INTERAGENCIALES,
ACT_2020,Contratos_Vigentes_ACT.pdf,37,1,2020-000257,MUNICIPALITY OF LAJAS,22/06/2020,22/06/2020,22/06/2022,"$139,118.00",INTERAGENCIALES,
ACT_2020,Contratos_Vigentes_ACT.pdf,37,1,2020-000258,MUNICIPALITY OF FLORIDA,22/06/2020,22/06/2020,22/06/2022,"$130,073.00",INTERAGENCIALES,
ACT_2020,Contratos_Vigentes_ACT.pdf,38,1,2020-000259,MUNICIPALITY OF LAJAS,22/06/2020,22/06/2020,22/06/2022,"$256,264.00",INTERAGENCIALES,
ACT_2020,Contratos_Vigentes_ACT.pdf,38,1,2020-000260,"FDDS MANAGEMENT & ENGINEERING, PSC",23/06/2020,23/06/2020,31/12/2020,"$518,440.00",SERVICIOS PROFESIONALES,
ACT_2020,Contratos_Vigentes_ACT.pdf,38,1,2020-000261,"O & M CONSULTING ENGINEERING ,P.S.C.",09/06/2020,09/06/2020,31/03/2021,"$249,754.94",SERVICIOS PROFESIONALES,
ACT_2020,Contratos_Vigentes_ACT.pdf,38,1,2020-000263,"MD Engineers, PSC",23/06/2020,23/06/2020,31/12/2020,"$367,395.00",SERVICIOS PROFESIONALES,
ACT_2020,Contratos_Vigentes_ACT.pdf,38,1,2020-000264,AECOM Caribe L.L.P.,23/06/2020,23/06/2020,23/06/2021,"$891,157.32",SERVICIOS PROFESIONALES,
ACT_2020,Contratos_Vigentes_ACT.pdf,38,1,2020-000265,MUNICIPIO DE AGUADA,23/06/2020,23/06/2020,23/06/2022,"$180,112.50",INTERAGENCIALES,
ACT_2020,Contratos_Vigentes_ACT.pdf,38,1,2020-000266,Juan O. Virella Sánchez,25/06/2020,25/06/2020,25/06/2023,"$665,170.00",SERVICIOS PROFESIONALES,
ACT_2020,Contratos_Vigentes_ACT.pdf,38,1,2020-000267,MUNICIPALITY OF NARANJITO,25/06/2020,25/06/2020,25/06/2022,"$276,000.00",INTERAGENCIALES,
ACT_2020,Contratos_Vigentes_ACT.pdf,38,1,2020-000268,"EBP DESIGN GROUP CONSULTING ENGINEERS, PSC",29/06/2020,29/06/2020,29/06/2021,"$496,311.30",SERVICIOS PROFESIONALES,
ACT_2020,Contratos_Vigentes_ACT.pdf,38,1,2020-000269,"GEOCIM, INC, PSC",27/06/2020,27/06/2020,31/03/2021,"$96,485.00",SERVICIOS TÉCNICOS,
ACT_2020,Contratos_Vigentes_ACT.pdf,38,1,2020-000270,"H2 Asociados, PSC",30/06/2020,30/06/2020,30/06/2021,"$503,035.00",SERVICIOS PROFESIONALES,
ACT_2020,Contratos_Vigentes_ACT.pdf,38,1,2020-000271,"MGV-GES LAB, INC",17/06/2020,17/06/2020,31/03/2021,"$153,453.00",SERVICIOS TÉCNICOS,
ACT_2020,Contratos_Vigentes_ACT.pdf,38,1,2021-000001,"EMPRESAS JBR, INC.",01/07/2020,13/07/2020,07/07/2021,"$587,777.00",CONSTRUCCION Y REPARACION DE VIAS PUBLICAS,
ACT_2020,Contratos_Vigentes_ACT.pdf,38,1,2021-000002,Super Asphalt Pavement Corp.,23/06/2020,03/07/2020,07/06/2021,"$3,188,499.44",CONSTRUCCION Y REPARACION DE VIAS PUBLICAS,
ACT_2020,Contratos_Vigentes_ACT.pdf,38,1,2021-000003,MUNICIPALITY OF GURABO,02/07/2020,02/07/2020,02/07/2022,"$173,200.00",INTERAGENCIALES,
ACT_2020,Contratos_Vigentes_ACT.pdf,38,1,2021-000004,"LUJANI GENERAL CONTRACTOR, INC.",08/07/2020,20/07/2020,11/11/2021,"$2,774,531.50",CONSTRUCCION Y REPARACION DE VIAS PUBLICAS,
ACT_2020,Contratos_Vigentes_ACT.pdf,39,1,2021-000005,"Microjuris.com, Inc.",09/07/2020,09/07/2020,31/12/2020,"$9,268.00",SERVICIOS RELACIONADOS A LOS SISTEMAS DE INFORMACIÓN,
ACT_2020,Contratos_Vigentes_ACT.pdf,39,1,2021-000006,MUNICIPALITY OF FAJARDO,09/07/2020,09/07/2020,09/07/2022,"$194,668.00",INTERAGENCIALES,
ACT_2020,Contratos_Vigentes_ACT.pdf,39,1,2021-000007,MUNICIPALITY OF LAS PIEDRAS,09/07/2020,09/07/2020,09/07/2022,"$5,000.00",INTERAGENCIALES,
ACT_2020,Contratos_Vigentes_ACT.pdf,39,1,2021-000008,"DEVELOPMENT AND CONSTRUCTION LAW GROUP, LLC",17/07/2020,17/07/2020,31/12/2020,"$9,500.00",SERVICIOS PROFESIONALES,
ACT_2020,Contratos_Vigentes_ACT.pdf,39,1,2021-000010,EMANUEL RIER SOTO,17/07/2020,17/07/2020,31/12/2020,"$9,500.00",SERVICIOS PROFESIONALES,
ACT_2020,Contratos_Vigentes_ACT.pdf,39,1,2021-000012,"MAXISERVICE AL, INC.",17/07/2020,17/07/2020,31/12/2020,"$25,000.00",SERVICIOS MISCELÁNEOS NO PERSONALES,
ACT_2020,Contratos_Vigentes_ACT.pdf,39,1,2021-000013,"VELEZ MAIZ CORPORATION, DBA MAYAGUEZ FLEET SERVICE",17/07/2020,17/07/2020,31/12/2020,"$15,000.00",SERVICIOS MISCELÁNEOS NO PERSONALES,
ACT_2020,Contratos_Vigentes_ACT.pdf,39,1,2021-000014,"NU STREAM COMMUNICATION, INC.",17/07/2020,17/07/2020,31/12/2020,"$8,073.00",SERVICIOS RELACIONADOS A LOS SISTEMAS DE INFORMACIÓN,
ACT_2020,Contratos_Vigentes_ACT.pdf,39,1,2021-000015,"Eclipse Management, LLC",21/07/2020,21/07/2020,31/12/2020,"$156,000.00",SERVICIOS PROFESIONALES,
ACT_2020,Contratos_Vigentes_ACT.pdf,39,1,2021-000016,"PARAMOUNT MANAGEMENT GROUP, LLC",21/07/2020,21/07/2020,30/06/2022,$0.00,"COMPRA, VENTA, ALQUILER Y/O DESARROLLO DE INMUEBLES",
ACT_2020,Contratos_Vigentes_ACT.pdf,39,1,2021-000017,Municipality of Comerío,22/07/2020,22/07/2020,22/07/2022,"$178,396.00",INTERAGENCIALES,
ACT_2020,Contratos_Vigentes_ACT.pdf,39,1,2021-000018,"CAC CRESPO BUILDERS, LLC",22/07/2020,03/08/2020,23/02/2022,"$2,217,000.00",CONSTRUCCION Y REPARACION DE VIAS PUBLICAS,
ACT_2020,Contratos_Vigentes_ACT.pdf,39,1,2021-000019,"CAC CRESPO BUILDERS, LLC",22/07/2020,03/08/2020,26/10/2021,"$829,000.00",CONSTRUCCION Y REPARACION DE VIAS PUBLICAS,
ACT_2020,Contratos_Vigentes_ACT.pdf,39,1,2021-000020,Del Valle Group SP,01/07/2020,01/07/2020,01/07/2021,$0.00,"COMPRA, VENTA, ALQUILER Y/O DESARROLLO DE INMUEBLES",
ACT_2020,Contratos_Vigentes_ACT.pdf,39,1,2021-000023,"PROFESSIONAL ASPHALT, LLC",14/07/2020,24/07/2020,18/07/2021,"$3,961,795.22",CONSTRUCCION Y REPARACION DE VIAS PUBLICAS,
ACT_2020,Contratos_Vigentes_ACT.pdf,39,1,2021-000024,"DE ANGEL & COMPAÑIA CPA, LLC",03/08/2020,03/08/2020,31/12/2020,"$375,000.00",SERVICIOS PROFESIONALES,
ACT_2020,Contratos_Vigentes_ACT.pdf,40,1,2021-000025,FRANCISCO A. RIVERA RIVERA,03/08/2020,03/08/2020,31/12/2020,"$35,000.00",SERVICIOS TÉCNICOS,
ACT_2020,Contratos_Vigentes_ACT.pdf,40,1,2021-000026,"Infokeepers of Puerto Rico, Inc.",03/08/2020,03/08/2020,31/12/2020,"$1,624.80",SERVICIOS RELACIONADOS A LOS SISTEMAS DE INFORMACIÓN,
ACT_2020,Contratos_Vigentes_ACT.pdf,40,1,2021-000027,MUNICIPALITY OF LUQUILLO,03/08/2020,03/08/2020,03/08/2022,"$47,723.00",INTERAGENCIALES,
ACT_2020,Contratos_Vigentes_ACT.pdf,40,1,2021-000028,MUNICIPALITY OF CEIBA,06/08/2020,06/08/2020,06/08/2022,"$266,663.00",INTERAGENCIALES,
ACT_2020,Contratos_Vigentes_ACT.pdf,40,1,2021-000029,DEPARTAMENTO DE TRANSPORTACION Y OBRAS PUBLICAS,07/08/2020,07/08/2020,31/12/2020,$0.00,INTERAGENCIALES,
ACT_2020,Contratos_Vigentes_ACT.pdf,40,1,2021-000030,DATAWORKS CONSULTING GROUP,10/08/2020,10/08/2020,31/12/2020,"$74,955.00",SERVICIOS RELACIONADOS A LOS SISTEMAS DE INFORMACIÓN,
ACT_2020,Contratos_Vigentes_ACT.pdf,40,1,2021-000032,Centro Piezas y Servicios Sanchez & Machine Shop,11/08/2020,11/08/2020,31/12/2020,"$15,000.00",SERVICIOS MISCELÁNEOS NO PERSONALES,
ACT_2020,Contratos_Vigentes_ACT.pdf,40,1,2021-000033,"ESQ Legal Services, LLC",11/08/2020,11/08/2020,31/12/2020,"$50,000.00",SERVICIOS PROFESIONALES,
ACT_2020,Contratos_Vigentes_ACT.pdf,40,1,2021-000034,"UNIPRO ARCHITECTS- ENGINEERS, LLP",12/08/2020,12/08/2020,31/12/2020,"$250,000.00",SERVICIOS PROFESIONALES,
ACT_2020,Contratos_Vigentes_ACT.pdf,40,1,2021-000035,"A&M GROUP, INC.",13/08/2020,24/08/2020,16/12/2021,"$1,949,000.00",CONSTRUCCION Y REPARACION DE VIAS PUBLICAS,
ACT_2020,Contratos_Vigentes_ACT.pdf,40,1,2021-000036,"Obratec Contratista General, Inc.",14/08/2020,25/08/2020,20/07/2021,"$706,019.00",CONSTRUCCION Y REPARACION DE VIAS PUBLICAS,
ACT_2020,Contratos_Vigentes_ACT.pdf,40,1,2021-000037,"R & F ASPHALT UNLIMITED, INC.",13/08/2020,24/08/2020,17/10/2021,"$4,320,568.00",CONSTRUCCION Y REPARACION DE VIAS PUBLICAS,
ACT_2020,Contratos_Vigentes_ACT.pdf,40,1,2021-000038,MUNICIPALITY OF PEÑUELAS,17/08/2020,17/08/2020,17/08/2022,"$402,188.00",INTERAGENCIALES,
ACT_2020,Contratos_Vigentes_ACT.pdf,40,1,2021-000039,CORP. DEL CENTRO CARDIOVASCULAR DE PR Y EL CARIBE,19/08/2020,19/08/2020,19/08/2035,$0.00,INTERAGENCIALES,
ACT_2020,Contratos_Vigentes_ACT.pdf,40,1,2021-000040,CMA ARCHITECTS AND ENGINEERS LLC,18/08/2020,18/08/2020,31/12/2020,"$380,500.00",CONSTRUCCION Y REPARACION DE VIAS PUBLICAS,
ACT_2020,Contratos_Vigentes_ACT.pdf,40,1,2021-000041,"GUEVAREZ & GUEVAREZ, CORP.",18/08/2020,18/08/2020,31/12/2020,"$15,000.00",SERVICIOS MISCELÁNEOS NO PERSONALES,
ACT_2020,Contratos_Vigentes_ACT.pdf,41,1,2021-000043,MUNICIPALITY OF COROZAL,18/08/2020,18/08/2020,18/08/2022,"$94,443.00",INTERAGENCIALES,
ACT_2020,Contratos_Vigentes_ACT.pdf,41,1,2021-000044,MUNICIPALITY OF RINCÓN,18/08/2020,18/08/2020,18/08/2022,"$12,477.00",INTERAGENCIALES,
ACT_2020,Contratos_Vigentes_ACT.pdf,41,1,2021-000045,MUNICIPALITY OF SALINAS,18/08/2020,18/08/2020,18/08/2022,"$3,200.00",INTERAGENCIALES,
ACT_2020,Contratos_Vigentes_ACT.pdf,41,1,2021-000046,"FERROVIAL CONSTRUCCION PR, LLC",20/08/2020,01/09/2020,25/09/2021,"$2,880,000.00",CONSTRUCCION Y REPARACION DE VIAS PUBLICAS,
ACT_2020,Contratos_Vigentes_ACT.pdf,41,1,2021-000047,MUNICIPIO DE LAS MARIAS,20/08/2020,20/08/2020,20/08/2022,"$3,972.50",INTERAGENCIALES,
ACT_2020,Contratos_Vigentes_ACT.pdf,41,1,2021-000048,"APPLIED RESEARCH, INC.",24/08/2020,24/08/2020,31/12/2020,"$15,000.00",SERVICIOS PROFESIONALES,
ACT_2020,Contratos_Vigentes_ACT.pdf,41,1,2021-000049,Netwave Equipment Corp.,24/08/2020,24/08/2020,31/12/2020,"$30,000.00",SERVICIOS RELACIONADOS A LOS SISTEMAS DE INFORMACIÓN,
ACT_2020,Contratos_Vigentes_ACT.pdf,41,1,2021-000050,"ESQ Legal Services, LLC",25/08/2020,25/08/2020,31/12/2020,"$150,000.00",SERVICIOS PROFESIONALES,
ACT_2020,Contratos_Vigentes_ACT.pdf,41,1,2021-000053,"JJM CONSTRUCTION, CORP.",20/08/2020,26/08/2020,22/07/2021,"$364,950.00",CONSTRUCCION Y REPARACION DE VIAS PUBLICAS,
ACT_2020,Contratos_Vigentes_ACT.pdf,41,1,2021-000055,"Design Build, LLC",25/08/2020,08/09/2020,02/09/2021,"$4,056,634.60",CONSTRUCCION Y REPARACION DE VIAS PUBLICAS,
ACT_2020,Contratos_Vigentes_ACT.pdf,41,1,2021-000056,"Design Build, LLC",26/08/2020,07/09/2020,01/10/2021,"$5,781,559.53",CONSTRUCCION Y REPARACION DE VIAS PUBLICAS,
ACT_2020,Contratos_Vigentes_ACT.pdf,41,1,2021-000057,Municipality of Jayuya,26/08/2020,26/08/2020,26/08/2022,"$305,232.00",INTERAGENCIALES,
ACT_2020,Contratos_Vigentes_ACT.pdf,41,1,2021-000058,MUNICIPALITY OF LAJAS,26/08/2020,26/08/2020,26/08/2022,"$51,433.00",INTERAGENCIALES,
ACT_2020,Contratos_Vigentes_ACT.pdf,41,1,2021-000059,MUNICIPIO DE PATILLAS,26/08/2020,26/08/2020,26/08/2022,"$101,505.00",INTERAGENCIALES,
ACT_2020,Contratos_Vigentes_ACT.pdf,41,1,2021-000060,MUNICIPALITY OF SAN SEBASTIAN,26/08/2020,26/08/2020,26/08/2022,"$50,750.00",INTERAGENCIALES,
ACT_2020,Contratos_Vigentes_ACT.pdf,41,1,2021-000061,"ASOCIACIÓN DE RESIDENTES ABCC, INC.",25/08/2020,25/08/2020,25/08/2030,$10.00,"COMPRA, VENTA, ALQUILER Y/O DESARROLLO DE INMUEBLES",
