source_entity,target,total_obligation,contract_count,fy_min,fy_max,edge_type
"100 CALLE BRUMBAUGH OWNER PR, LLC",Department of Defense,26359.96,2,2022,2024,award
1032 ENTERPRISES LLC,Department of Defense,9990.0,1,2023,2023,award
17 MACHINERY LLC,Department of Defense,11901.74,1,2019,2019,award
"17TH ST PHOTO SUPPLY, INC.",Department of Defense,65637.15,1,2018,2018,award
"22ND CENTURY NETWORKS, INC.",Department of Defense,6360588.39,2,2019,2025,award
259 HOLDINGS LTD LLC,Department of Health and Human Services,15891.27,1,2022,2022,award
2ISTED MIND CREATIVE SERVICES CORP,Department of Defense,5470.6,1,2014,2014,award
3 RIOS LTD. CORP.,Department of Veterans Affairs,1693292.58,2,2004,2010,award
"3001, INC.",Department of Defense,114000.0,1,2007,2007,award
"3500 SQUARE, LLC",Department of Defense,500.0,1,2025,2025,award
360 ENERGY SOLUTIONS LLC,Department of Homeland Security,6485.0,1,2024,2024,award
3D METAL CONCEPTS GROUP,Department of Defense,0.0,1,2012,2012,award
3M COMPANY,Department of Veterans Affairs,20876.25,1,2018,2018,award
"3M PUERTO RICO, INC",Department of Defense,40002.0,2,2008,2010,award
"3M PUERTO RICO, INC",Department of Health and Human Services,5747.2,1,2010,2010,award
"3M PUERTO RICO, INC",Department of Veterans Affairs,61772.24,13,2008,2010,award
3MC MOBILE & MECHANICAL REPAIR LLC,Department of Homeland Security,69622.93,1,2019,2019,award
3RD MILLENNIUM GENETICS CORPORATION,Department of Agriculture,234882.12,14,2013,2019,award
3T FEDERAL SOLUTIONS LLC,Department of Homeland Security,9450109.63,3,2019,2022,award
3T FEDERAL SOLUTIONS LLC,Department of Veterans Affairs,14699.55,2,2017,2018,award
4 MARINE SERVICES LLC,Department of Defense,4282.15,2,2025,2025,award
444 PROJECT MANAGEMENT LLC,Department of Defense,0.0,1,2024,2024,award
4CONTRACTOR JV,Department of Defense,294160932.05,1,2022,2022,award
5 SENSES SOLUTIONS L.L.C,Department of Defense,0.0,1,2024,2024,award
654 PLAZA ASSOCIATES LP,General Services Administration,3518764.47,123,2008,2011,award
7 BROTHERS SUPPLY CORP.,Department of Homeland Security,73714.09,3,2011,2018,award
7 BROTHERS SUPPLY CORP.,Department of Justice,8653.38,1,2014,2014,award
7 SPORTS PRODUCTIONS INC.,Department of Defense,5000.0,1,2008,2008,award
713 PRECAST LLC,Department of Agriculture,10897.88,1,2024,2024,award
800 PONCE DE LEON CORP,General Services Administration,8316609.82,98,2008,2021,award
800 PONCE DE LEON CORP,Social Security Administration,5180.15,1,2020,2020,award
8000 TARTAK STREET OWNER LLC,Department of Commerce,14913.13,1,2023,2023,award
8000 TARTAK STREET OWNER LLC,Department of Defense,42045.34,3,2022,2023,award
"A & A WASTE MANAGEMENT, INC.",Department of Agriculture,61483.0,5,2008,2021,award
"A & A WASTE MANAGEMENT, INC.",Department of Homeland Security,11043.15,3,2012,2014,award
"A & A WASTE MANAGEMENT, INC.",Department of the Interior,19864.84,3,2014,2015,award
A & D GENERAL CONTRACTOR INC.,Department of the Interior,20960.0,1,2010,2010,award
"A & E ENTERPRISES OF LOUISIANA, L.L.C.",Department of Homeland Security,0.0,1,2018,2018,award
A & G SERVICES GROUP INC,Department of Defense,218301.9,5,2008,2011,award
"A & M EXCEPTIONAL SERVICES, CORP.",Department of Agriculture,2800.0,1,2010,2010,award
"A & M EXCEPTIONAL SERVICES, CORP.",Department of Homeland Security,45909.0,2,2010,2010,award
A & M EXTERMINATING SERVICES INC,Department of Agriculture,449676.54,27,2018,2023,award
A & M EXTERMINATING SERVICES INC,Department of Defense,19364.0,1,2016,2016,award
A & M EXTERMINATING SERVICES INC,Department of Homeland Security,39078.56,6,2018,2025,award
A & M EXTERMINATING SERVICES INC,Department of Veterans Affairs,3981738.13,6,2017,2023,award
"A & T SYSTEMS, INC.",Department of Defense,543567.47,1,2025,2025,award
A AND W ELECTRICAL AND REFRIGERATION A/C INC,Department of Defense,560192.04,25,2023,2025,award
A AND W ELECTRICAL AND REFRIGERATION A/C INC,Department of Homeland Security,6939410.45,9,2016,2023,award
A AND W ELECTRICAL AND REFRIGERATION A/C INC,General Services Administration,1224828.16,38,2019,2025,award
A R EXCHANGER AND BOILER SPECIALIST INC,Department of Homeland Security,2350.0,1,2008,2008,award
A R O MOTORS CORPORATION,General Services Administration,119281.8,26,2016,2022,award
A THRU Z LOGISTIC SOLUTIONS INC.,Department of Transportation,28500.0,1,2015,2015,award
A&J ENVIRONMENTAL SERVICE,Department of Agriculture,89724.99,11,2006,2016,award
A+PLUS EMPLOYMENT INC,Department of Agriculture,71396.21,3,2012,2014,award
A-DEC INC,Department of Veterans Affairs,43324.0,1,2024,2024,award
"A-ONE-A PRODUCE & DAIRY PUERTO RICO, LLC.",Department of Justice,23603.5,5,2008,2008,award
A-Z SOLUTIONS INC,Department of Veterans Affairs,15555.0,1,2018,2018,award
"A. F. REMA, INC",Department of Defense,374346.93,16,2015,2020,award
"A. F. REMA, INC",Department of Homeland Security,42117.0,2,2016,2016,award
"A. F. REMA, INC",Department of Justice,6288.15,1,2016,2016,award
"A. F. REMA, INC",Department of State,45701.46,2,2016,2021,award
"A. GARCIA & CO., LLC",Department of the Interior,17533.8,1,2019,2019,award
A. LUCENA APPRAISAL CORP.,Department of Agriculture,136475.0,12,2010,2015,award
"A.C.R. SYSTEMS, LLC",Department of Agriculture,79140.0,2,2019,2020,award
"A.C.R. SYSTEMS, LLC",Department of Commerce,20000.0,1,2022,2022,award
"A.D.P. ALARMAS DE PONCE, INC",Department of Veterans Affairs,14085.0,5,2008,2012,award
"A.E. RODRIGUEZ,INC",Department of Justice,24800.0,1,2023,2023,award
A.T.M. SALES OR SERVICE INCORPORATED,Department of Veterans Affairs,1724036.0,1,2023,2023,award
A1 AGROSERVICIOS INC,Department of Agriculture,48733.86,2,2020,2020,award
A1 AGROSERVICIOS INC,Department of State,83500.0,1,2025,2025,award
A1 AGROSERVICIOS INC,Department of Veterans Affairs,10294.0,1,2021,2021,award
A19 LLC,Department of State,50028.29,3,2023,2024,award
A19 LLC,Department of Veterans Affairs,81222.5,2,2019,2022,award
A2Z SUPPLY CORP,Department of Justice,33519.3,3,2018,2024,award
A2Z SUPPLY CORP,Department of Veterans Affairs,15008.6,1,2018,2018,award
AA PARTY TIME & BEST CATERING,Department of Defense,4095.0,1,2010,2010,award
"AA TOWER, LLC",Department of Justice,280856.6,18,2008,2024,award
AAA ASPHALTS AND TRANSPORT INC,Department of the Interior,14500.0,1,2008,2008,award
AAA CAR RENTAL INC,Department of Homeland Security,112132.29,1,2018,2018,award
AAA FORKLIFTS INC,Department of Homeland Security,19000.0,1,2018,2018,award
"AAA LASER SERVICE & SUPPLIES, INC.",Department of Justice,4829.75,1,2018,2018,award
AAAA TRANSPORTE CJ INC,Department of Labor,2825.0,1,2016,2016,award
AAAA TRANSPORTE CJ INC,General Services Administration,6200.0,1,2011,2011,award
"AAC, INC.",Department of Homeland Security,58920.0,4,2005,2008,award
AANONSEN REFRIGERATION SERVICES,Department of Homeland Security,8250.0,1,2006,2006,award
AARDVARK,Department of Justice,12750.0,1,2025,2025,award
AARDVARK,Department of the Interior,6899.26,1,2018,2018,award
ABBOTT LABORATORIES,Department of Veterans Affairs,116734.88,3,2014,2016,award
ABBOTT LABORATORIES (PUERTO RICO) INCORPORATED,Department of Defense,1764700.13,23,2008,2012,award
ABBOTT LABORATORIES (PUERTO RICO) INCORPORATED,Department of Health and Human Services,6420.0,1,2008,2008,award
ABBOTT LABORATORIES (PUERTO RICO) INCORPORATED,Department of Veterans Affairs,242833.59,36,2008,2016,award
ABBOTT LABORATORIES INC.,Department of Veterans Affairs,778037.68,7,2017,2022,award
ABBOTT MEDICAL PUERTO RICO LLC,Department of Veterans Affairs,296033.0,11,2021,2024,award
"ABBTECH PROFESSIONAL RESOURCES, INC.",Department of the Treasury,219000.0,1,2021,2021,award
"ABC CONCEPTS, INC",Department of Transportation,12941.0,1,2018,2018,award
ABC SPORTS CORP,Department of Homeland Security,39219.31,1,2019,2019,award
ABEL SANCHEZ DISTRIBUTORS,Department of Veterans Affairs,7880.0,1,2011,2011,award
ABIOMED INC,Department of Veterans Affairs,225392.04,3,2018,2023,award
"ABM FEDERAL SALES, INC.",Department of Defense,8345.1,1,2024,2024,award
ABM INDUSTRIES INC,Department of Homeland Security,1167.48,1,2019,2019,award
ABRAHAM LOPEZ LOPEZ,Department of Justice,3635.0,1,2012,2012,award
"ABS ELEVATOR, INC",Department of Defense,24840.0,1,2007,2007,award
"ABS MEDICAL EQUIPMENT, LLC",Department of Veterans Affairs,558559.0,2,2017,2022,award
"AC BUSINESS SOLUTIONS, INC.",Department of Homeland Security,1417601.76,6,2010,2024,award
AC TECHNICAL SERVICES CORP,Department of Justice,55926.99,3,2016,2023,award
ACADEMIA DIRECTORES MEDICOS DE PR,Department of Health and Human Services,1229617.0,5,2004,2010,award
ACADEMY MEDICAL INC.,Department of Veterans Affairs,13689.6,1,2018,2018,award
ACCENT DESIGNS LLC,Department of Defense,109390.13,1,2020,2020,award
"ACCENT ON LANGUAGES, INC.",Department of Homeland Security,202890.56,1,2022,2022,award
"ACCENT TRAVEL INTERNATIONAL, LLC",Department of Agriculture,2652.0,1,2019,2019,award
ACCESS SUPPLY LLC,Department of Veterans Affairs,140100.65,1,2018,2018,award
"ACCURA ENGINEERING AND CONSULTING SERVICES, INC.",Department of Defense,0.0,1,2017,2017,award
"ACCURA ENGINEERING AND CONSULTING SERVICES, INC.",Department of Justice,3284974.0,4,2017,2020,award
"ACCURA-SOCO I JV, LLC",Department of Health and Human Services,281351.0,1,2020,2020,award
ACCURATE SOLUTIONS DESIGNS INC,Department of Defense,13890.0,1,2013,2013,award
ACE CARIBBEAN SECURITY LLC,Department of Agriculture,169562.53,2,2019,2021,award
ACE FORMING SYSTEMS INC,Department of the Interior,8230.6,1,2008,2008,award
ACE INDUSTRIAL MAINTENANCE & MFG,Department of Homeland Security,0.0,1,2007,2007,award
ACE MOVIMIENTO INC,Department of Veterans Affairs,13545.0,2,2008,2011,award
"ACE REPORTING-US, LLC",Social Security Administration,982045.0,10,2016,2023,award
"ACG SYSTEMS, INC.",Department of Defense,168866.44,1,2020,2020,award
"ACG SYSTEMS, INC.",Department of Homeland Security,131588.87,2,2018,2024,award
"ACG SYSTEMS, INC.",Department of the Interior,16132.3,1,2023,2023,award
ACHA TRADING,Department of Veterans Affairs,17981.21,9,2008,2008,award
ACOSTA ENGINEERING P.S.C.,Department of Agriculture,2407997.21,2,2010,2012,award
ACOSTA ENGINEERING P.S.C.,Department of the Treasury,60000.0,1,2010,2010,award
ACOSTA ENGINEERING P.S.C.,General Services Administration,224374.86,3,2010,2014,award
"ACTION ENVIRONMENTAL CONTRACTORS, INC.",Department of Agriculture,36900.68,3,2020,2024,award
"ACTION ENVIRONMENTAL CONTRACTORS, INC.",Department of Defense,81645.26,1,2025,2025,award
"ACTION ENVIRONMENTAL CONTRACTORS, INC.",Department of Veterans Affairs,489957.9,4,2018,2025,award
"ACTION ENVIRONMENTAL CONTRACTORS, INC.",General Services Administration,4650.0,1,2018,2018,award
ACTION SERVICE CORP.,Department of Agriculture,42456.0,1,2011,2011,award
ACTION SERVICE CORP.,Department of Homeland Security,231428.18,23,2005,2022,award
"ACTIONABLE INTELLIGENCE TECHNOLOGIES, INC.",Department of Homeland Security,42507.5,2,2013,2018,award
ACTIVE SALESMEN COMPANY INC,Department of Justice,15469.6,2,2008,2008,award
ACUAMAN,Department of Veterans Affairs,1466.0,7,2008,2008,award
"ACUITY - JANUS GLOBAL, LLC",Department of Defense,156053.84,1,2012,2012,award
"ACUITY INTERNATIONAL, LLC",Department of Defense,4073678.86,2,2022,2022,award
ADAMS CONTRACTING CO,Department of Transportation,609960.85,1,2016,2016,award
"ADAMS EVIDENCE GRADE TECHNOLOGY, INC.",Department of Homeland Security,25415.33,1,2018,2018,award
ADAPTIVE RESTORATION COMMUNITY LLC,Department of Agriculture,685000.0,1,2019,2019,award
"ADCON ENVIRONMENTAL, LLC",Department of the Interior,10725.0,1,2018,2018,award
"ADDON SERVICES, LLC",Department of Transportation,2675496.94,2,2022,2023,award
ADECCO PERSONNEL SERVICES INC,Department of Defense,58374.95,4,2008,2008,award
"ADG ENTERPRISES, INC.",Department of Defense,0.0,1,2015,2015,award
ADH TRANSPORT LLC,Department of Agriculture,28179.0,1,2022,2022,award
ADIEL RAMOS,Department of Veterans Affairs,5000.0,2,2008,2008,award
ADMINISTRACIN DE SERVICIOS MDICOS DE PUERTO RICO,Department of Veterans Affairs,2068.3,3,2010,2010,award
ADMINISTRACION DE SERVICIOS DE SALUD MENTAL Y CONTRA LA ADICCION,Department of Justice,375.0,5,2008,2012,award
ADMINISTRACION DE SERVICIOS DE SALUD MENTAL Y CONTRA LA ADICCION,Department of Veterans Affairs,1516595.35,19,2011,2025,award
ADORAMA INC.,Department of Agriculture,4358.06,2,2018,2018,award
ADT LLC,Department of Justice,0.0,1,2020,2020,award
ADT SECURITY SERVICES,Department of Homeland Security,7017.9,1,2008,2008,award
ADT SECURITY SERVICES,Department of Veterans Affairs,5931.91,1,2011,2011,award
ADT SECURITY SYSTEMS VIRGIN ISLANDS INC,Department of Homeland Security,0.0,1,2019,2019,award
ADT SECURITY SYSTEMS VIRGIN ISLANDS INC,Department of Justice,13748.8,6,2016,2019,award
"ADVANCE BIOMEDICAL SUPPORT, INC",Department of Veterans Affairs,66502.77,28,2008,2011,award
"ADVANCE OFFICE ELECTRONICS CENTER, INC",Department of Agriculture,6081.96,3,2009,2011,award
"ADVANCE OFFICE ELECTRONICS CENTER, INC",Department of Education,302.81,3,2008,2011,award
"ADVANCE OFFICE ELECTRONICS CENTER, INC",Department of Homeland Security,65902.57,7,2007,2011,award
"ADVANCE OFFICE ELECTRONICS CENTER, INC",Department of Labor,3955.92,1,2008,2008,award
ADVANCE RRP LLC,Department of Transportation,126659.0,1,2024,2024,award
ADVANCE RRP LLC,Department of the Interior,2474756.0,5,2021,2025,award
"ADVANCED COMPUTER CONCEPTS, INC.",Department of Defense,56778.05,1,2020,2020,award
"ADVANCED COMPUTER CONCEPTS, INC.",Department of the Interior,39703.56,1,2024,2024,award
ADVANCED CONTRACTOR INC,Department of Defense,1192932.98,7,2007,2022,award
"ADVANCED COPY GROUP, INC",Department of Veterans Affairs,45226.88,6,2014,2025,award
ADVANCED DIESEL SOLUTIONS INC,Department of Homeland Security,63678.85,6,2015,2015,award
ADVANCED DIESEL SOLUTIONS L.L.C,Department of Homeland Security,4067348.4,42,2018,2026,award
ADVANCED DIGITAL SOLUTIONS INTERNATIONAL,Department of Homeland Security,4269.12,1,2018,2018,award
ADVANCED GOVERNMENT ACQUISITIONS CORP,Department of Homeland Security,16887.0,1,2018,2018,award
ADVANCED HEALTH INSTITUTE INC.,Department of Veterans Affairs,5000.0,1,2024,2024,award
"ADVANCED HEALTHSTYLES FITNESS EQUIPMENT, INC.",Department of Homeland Security,126051.79,2,2021,2025,award
ADVANCED INFORMATICS LLC,Department of Veterans Affairs,54593.75,2,2018,2019,award
ADVANCED INVESTIGATION GROUP INC,Department of Defense,1842531.98,3,2010,2014,award
ADVANCED INVESTIGATION GROUP INC,Department of Homeland Security,4282013.93,2,2014,2014,award
"ADVANCED IT CONCEPTS, LLC",Department of Defense,3855247.01,3,2012,2021,award
ADVANCED MATERIAL HANDLING LLC,Department of Homeland Security,201905.0,1,2018,2018,award
ADVANCED MEASUREMENT TECHNOLOGY INC,Department of Homeland Security,105690.0,1,2013,2013,award
ADVANCED MOBILITY SOLUTIONS CORP,Department of Homeland Security,4836.8,1,2018,2018,award
"ADVANCED NETWORK & COMPUTER SERVICES, INC",Department of Defense,23745.0,1,2008,2008,award
ADVANCED OFFICE ENVIRONMENTS INC,Department of the Interior,0.0,1,2021,2021,award
ADVANCED PAVING CORP.,Department of Defense,7760.0,1,2013,2013,award
"ADVANCED PROMOTIONAL ADVERTISING OF PUERTO RICO, INC.",Department of Agriculture,2186.4,1,2024,2024,award
ADVANCED STEEL SERVICES INC,Department of Agriculture,0.0,1,2017,2017,award
ADVANCED STEEL SERVICES INC,Department of Defense,697982.44,5,2010,2020,award
ADVANCED STEEL SERVICES INC,Department of Homeland Security,240365.0,6,2010,2019,award
ADVANCED STEEL SERVICES INC,Department of the Interior,281700.0,3,2019,2022,award
ADVANCED STERILIZATION PRODUCTS SERVICES INC.,Department of Veterans Affairs,339475.69,2,2018,2024,award
ADVANCED UNDERWATER TRAINING INC.,Department of Homeland Security,46900.0,1,2018,2018,award
ADVANCED VIDEO GROUP INC,Department of Defense,9980.0,1,2014,2014,award
ADVANCEMENT IN SIGN LANGUAGE EDUCATION & SERVICES CSP,Department of Homeland Security,2636.8,1,2024,2024,award
ADVANCING RESILIENCE IN COMMUNITIES,Department of Homeland Security,191200.82,2,2023,2023,award
ADVANT-EDGE SOLUTIONS OF MIDDLE ATLANTIC INC,Department of Defense,78311.76,1,2025,2025,award
"ADVANTAGE SELF STORAGE, INC.",Department of Defense,8252.0,3,2008,2011,award
"ADVANTAGE SOLUTIONS, LLC",Department of the Interior,20157.0,1,2019,2019,award
"ADVANTAGED SOLUTIONS, LLC",Department of Defense,59211.2,2,2018,2021,award
ADVANTIX ENGINEERING CORP,Department of Agriculture,14354703.22,25,2018,2024,award
ADVANTIX ENGINEERING CORP,Department of Defense,31240998.92,101,2016,2025,award
ADVANTIX ENGINEERING CORP,Department of Homeland Security,35681944.96,40,2012,2025,award
ADVANTIX ENGINEERING CORP,Department of Transportation,3762254.21,3,2018,2023,award
ADVANTIX ENGINEERING CORP,Department of the Interior,6856253.32,34,2017,2025,award
ADVANTIX ENGINEERING CORP,General Services Administration,3770741.81,3,2019,2025,award
ADVANTOR SYSTEMS II LLC,Department of Defense,3522202.13,16,2009,2024,award
ADVANTOR SYSTEMS II LLC,Department of Homeland Security,27680.19,1,2020,2020,award
ADVENT SVCS LLC,Department of Agriculture,174553.15,1,2018,2018,award
"ADVISORY ENVIRONMENTAL TECHNOLOGIES, INC.",Department of Agriculture,0.0,1,2019,2019,award
"ADVISORY ENVIRONMENTAL TECHNOLOGIES, INC.",Department of Defense,765362.14,13,2010,2017,award
"ADVISORY ENVIRONMENTAL TECHNOLOGIES, INC.",Department of Homeland Security,160426.59,9,2015,2017,award
"ADVISORY ENVIRONMENTAL TECHNOLOGIES, INC.",Department of Transportation,80094.0,2,2016,2016,award
"ADVISORY ENVIRONMENTAL TECHNOLOGIES, INC.",Department of Veterans Affairs,4000.0,1,2011,2011,award
"ADVISORY ENVIRONMENTAL TECHNOLOGIES, INC.",General Services Administration,493554.22,9,2010,2018,award
AE MEDICAL TECHNOLOGIES INC,Department of Veterans Affairs,2798245.04,2,2017,2022,award
"AE NOVA CONTRACTORS, INC.",Department of Defense,48807.0,1,2014,2014,award
AE SUPPORT L.L.C,Department of Homeland Security,102441.76,3,2022,2023,award
AECOM - B&V CIVIL WORKS JV,Department of Defense,11051359.4,2,2024,2024,award
"AECOM GLOBAL II, LLC",Department of Defense,0.0,1,2008,2008,award
AECOM RECOVERY,Department of Homeland Security,84976208.63,3,2013,2018,award
"AECOM TECHNICAL SERVICES, INC.",Department of Defense,13753234.81,7,2012,2025,award
"AECOM TECHNICAL SERVICES, INC.",Department of Homeland Security,4827177.55,5,2018,2023,award
"AECOM TECHNICAL SERVICES, INC.",Department of Transportation,154735.63,3,2018,2021,award
"AECOM TECHNICAL SERVICES, INC.",Department of the Interior,380186.0,1,2020,2020,award
"AED, INC.",Department of Defense,141314.1,1,2014,2014,award
AEG GROUP INC,Department of Defense,50625.15,1,2020,2020,award
AEG GROUP INC,Department of Homeland Security,56284.12,1,2024,2024,award
"AEG MANAGEMENT PR, LLC",Department of Homeland Security,106061.35,5,2018,2019,award
"AEG MANAGEMENT PR, LLC",Department of the Treasury,52962.0,2,2024,2024,award
AERIAL MACHINE & TOOL CORPORATION,Department of Homeland Security,40237.56,2,2018,2019,award
"AERIAL SERVICES, INC.",Department of Agriculture,118800.0,1,2010,2010,award
"AERO MECH, INC.",Department of Justice,5926434.73,6,2008,2013,award
"AERONET WIRELESS BROADBAND, LLC",Department of Defense,32643.51,7,2011,2016,award
"AERONET WIRELESS BROADBAND, LLC",Department of Justice,3651.41,1,2018,2018,award
"AERONET WIRELESS BROADBAND, LLC",Department of Veterans Affairs,287647.53,2,2010,2013,award
AEROSTAR AIRPORT HOLDINGS LLC,Department of Homeland Security,155225.0,8,2012,2023,award
AEROSTAR ENVIRONMENTAL AND CONSTRUCTION LLC,Department of Defense,343764.2,2,2024,2024,award
AEROSTAR SES LLC,Department of Defense,1826021.1,13,2013,2022,award
AES ASSET ACQUISITION CORPORATION,Department of Defense,37169.53,1,2025,2025,award
AES GROUP INC,Department of Veterans Affairs,773073.96,1,2019,2019,award
AFD CONTRACT FURNITURE INC.,Department of Defense,144348.3,3,2009,2012,award
AFD CONTRACT FURNITURE INC.,Department of Labor,0.0,1,2015,2015,award
"AFFIGENT, LLC",Department of Defense,596336.71,4,2007,2023,award
"AFFIGENT, LLC",Department of Homeland Security,54685.41,2,2021,2021,award
"AFFORDABLE INTERIOR SYSTEMS, INC.",Department of Agriculture,4262.67,1,2016,2016,award
"AFFORDABLE INTERIOR SYSTEMS, INC.",General Services Administration,15048.89,1,2021,2021,award
AFINIUS HEALTH LLC,Department of Defense,0.0,1,2025,2025,award
"AGA LINDE HEALTHCARE PR, INC",Department of Veterans Affairs,64658.83,84,2008,2008,award
AGGREKO LLC,Department of Justice,445923.0,3,2018,2021,award
"AGGREKO, LLC",Department of Commerce,4963.16,1,2021,2021,award
"AGGREKO, LLC",Department of Homeland Security,17495.87,1,2017,2017,award
AGILENT TECHNOLOGIES INC,Department of Agriculture,13983.5,1,2020,2020,award
AGILENT TECHNOLOGIES INC,Department of Health and Human Services,712180.32,6,2020,2024,award
AGILENT TECHNOLOGIES INC,Department of Homeland Security,25011.62,5,2015,2018,award
AGILERANK LLC,Department of Veterans Affairs,833387.23,1,2022,2022,award
AGMA SECURITY SERVICE INC,Department of Homeland Security,71567762.5,10,2018,2024,award
AGNORA INC,Department of Transportation,116240.6,2,2017,2023,award
AGRICULTURAL EXTENSION SERVICE,Department of Agriculture,40237.29,1,2015,2015,award
AGRIM JULIO C SOTO SERRANO CSP,Department of Agriculture,1176930.75,8,2016,2023,award
AGRO POWER CORP,Department of Agriculture,23376.0,1,2020,2020,award
AGRO POWER CORP,Department of Defense,4611.0,1,2014,2014,award
AGRO SERVICIOS INC,Department of Agriculture,17655.47,1,2020,2020,award
AGRO SERVICIOS INC,Department of Defense,38576.33,4,2010,2014,award
AGRO SERVICIOS INC,Department of Veterans Affairs,78488.65,2,2013,2018,award
AGUA LA MONTANA INC,Department of Defense,5000.0,1,2008,2008,award
AGUA LA MONTANA INC,Department of Homeland Security,8619.25,1,2009,2009,award
AGUA LA MONTANA INC,Department of Veterans Affairs,5893.35,13,2008,2008,award
AGUADILLA STORAGE SOLUTIONS INC,Department of Commerce,35840.0,7,2014,2023,award
"AGUAYO, WILMA S",Department of Defense,4500.0,1,2013,2013,award
AGUIEUS LLC,Department of Homeland Security,3436000.0,1,2017,2017,award
AGVIQ LLC,Department of Defense,34671980.9,7,2012,2020,award
"AHMAD-PEREIRA, YOUSSEF",Department of Veterans Affairs,45612.2,2,2011,2011,award
"AHTNA PROFESSIONAL SERVICES, INC.",Department of Homeland Security,2234607.25,1,2023,2023,award
AIG ELECTRICAL SUPPLY INC,Department of Defense,40807.9,1,2011,2011,award
AIM WORLD SERVICES INC,Department of Homeland Security,36352.32,1,2019,2019,award
"AIR AMERICA, INC",Department of the Interior,8459.5,1,2015,2015,award
AIR CHARTER SERVICE INC.,Department of Homeland Security,0.0,1,2017,2017,award
AIR CHILLER MECHANICAL CONSTRUCTOR C.P,Department of Defense,311686.0,2,2024,2025,award
AIR CHILLER MECHANICAL CONSTRUCTOR C.P,Department of Justice,29788.0,2,2018,2018,award
AIR SCIENCE USA LLC,Department of Justice,22831.24,1,2018,2018,award
AIR SYSTEM DESIGNS LLC,Department of Agriculture,26596.03,1,2019,2019,award
AIREKO ENERGY SOLUTION LLC,Department of the Interior,968192.21,2,2018,2019,award
AIREKO SERVICES AND INSTALLATION LLC,Department of Agriculture,45202.47,2,2023,2024,award
AIREKO SERVICES AND INSTALLATION LLC,Department of Defense,6980.0,1,2011,2011,award
AIREKO SERVICES AND INSTALLATION LLC,Department of Justice,91428.0,2,2021,2022,award
AIREKO SERVICES AND INSTALLATION LLC,Department of Veterans Affairs,394364.31,8,2015,2020,award
AIREQUIPO INC,Department of Defense,60369.0,8,2008,2016,award
AIREQUIPO INC,Department of Justice,5298.0,1,2010,2010,award
AIRES & SERVICIOS CONTRATISTAS MECANICOS INC,Department of Agriculture,555403.6,7,2019,2025,award
AIRES & SERVICIOS CONTRATISTAS MECANICOS INC,Department of Defense,111771.23,6,2016,2020,award
AIRES & SERVICIOS CONTRATISTAS MECANICOS INC,Department of Health and Human Services,1314526.47,2,2022,2023,award
AIRES & SERVICIOS CONTRATISTAS MECANICOS INC,Department of Homeland Security,86984.0,1,2018,2018,award
AIRES & SERVICIOS CONTRATISTAS MECANICOS INC,Department of Justice,25602.86,8,2019,2025,award
AIRIEK AMBULANCE BEST CARE,Department of Justice,125.0,1,2008,2008,award
AIRPORT AVIATION SERVICES INC,Department of Defense,26287417.8,1354,2009,2019,award
AIRPORT SHOPPES & HOTELS CORP,Department of Defense,99939.26,5,2008,2010,award
AIRPORT SHOPPES & HOTELS CORP,Department of Homeland Security,373333.92,1,2018,2018,award
AIRPORT SHOPPES & HOTELS CORP,Department of Veterans Affairs,5557.8,1,2011,2011,award
AJD SERVICE GROUP CORP,Department of Veterans Affairs,22800.0,1,2010,2010,award
AK1N SERVICES LLC,Department of Agriculture,34999.0,1,2022,2022,award
AK1N SERVICES LLC,Department of Defense,47600.0,1,2023,2023,award
AK1N SERVICES LLC,Department of Homeland Security,107996.0,1,2023,2023,award
"AKIMA CONSTRUCTION SERVICES, LLC",Department of Defense,0.0,1,2017,2017,award
"AKIMA GLOBAL SERVICES, LLC",Department of Homeland Security,15343480.36,4,2023,2025,award
AKIRA TECHNOLOGIES INC.,Department of Homeland Security,90507.65,2,2017,2019,award
"AKM MFG., INC",Department of Defense,15340.0,4,2016,2017,award
"AKM MFG., INC",Department of the Interior,8450.0,1,2016,2016,award
ALADDIN TEMP-RITE LLC,Department of Veterans Affairs,205200.0,1,2018,2018,award
"ALAMO INTEGRATED SYSTEMS, INC.",Department of Defense,64584.48,1,2023,2023,award
ALAMO STRATEGIC MANUFACTURING INC,Department of Defense,13.75,1,2021,2021,award
ALAN J. CUADRADO CARABALLO,Department of Defense,480711.66,2,2008,2008,award
ALAN J. CUADRADO CARABALLO,General Services Administration,3300.0,1,2008,2008,award
ALARMA & CONTROL SYSTEM CO,Department of Veterans Affairs,310830.5,13,2005,2016,award
"ALARMCO SECURITY SYSTEMS, INC.",Department of Homeland Security,0.0,1,2019,2019,award
"ALASKA AIRLINES, INC.",Department of Defense,9225.76,1,2019,2019,award
"ALASKA COASTAL AGGREGATES, LLC",Department of Transportation,134249.5,1,2023,2023,award
ALASKA MARINE LINES INC,Department of Defense,0.0,2,2011,2011,award
ALBERTO FUERTES,Department of Defense,52854.75,41,2008,2012,award
"ALBINO, NOEMI MONTALVO",Department of Defense,3210.0,1,2010,2010,award
"ALCAZAR TRADES, INC",Department of Veterans Affairs,880988.35,3,2017,2018,award
"ALCON LABORATORIES, INC.",Department of Veterans Affairs,126213.92,1,2017,2017,award
"ALCON VISION, LLC",Department of Veterans Affairs,73680.0,1,2022,2022,award
ALDEVRA LLC,Department of Defense,22894.43,6,2025,2025,award
ALDEVRA LLC,Department of Veterans Affairs,49429.96,2,2018,2023,award
ALDEVRA LLC,Department of the Treasury,52400.0,1,2024,2024,award
"ALEMAN RODRIGUEZ, LETICIA",Department of Defense,84663.88,5,2008,2020,award
"ALEMAN RODRIGUEZ, LETICIA",Department of Homeland Security,11065.0,1,2009,2009,award
"ALEMAN RODRIGUEZ, LETICIA",General Services Administration,37704.0,5,2014,2021,award
"ALEUT GLOBAL SOLUTIONS, LLC",Department of Defense,0.0,1,2005,2005,award
ALEUT REMEDIATION LLC,Department of Defense,754050.0,1,2021,2021,award
"ALEUT TECHNOLOGIES, LLC",Department of Defense,27435.95,1,2010,2010,award
ALEXIS TARIMAS,Department of the Interior,6800.0,1,2018,2018,award
ALL ALARM SYSTEMS,Department of Veterans Affairs,2839.0,3,2008,2011,award
"ALL AMERICAN ENVIRONMENTAL SERVICES, INC.",Department of Defense,18000.0,1,2019,2019,award
ALL AMERICAN WASTE SERVICES INC,Department of Defense,3399.8,1,2018,2018,award
"ALL INCLUSIVE GENERAL CONTRACTOR, INC.",Department of Justice,22792.5,1,2015,2015,award
"ALL INTERIOR, INC.",Department of Defense,15589.21,3,2008,2012,award
"ALL INTERIOR, INC.",Department of Veterans Affairs,80964.89,28,2008,2010,award
ALL MOBILITY PUERTO RICO INC,Department of Veterans Affairs,65967.0,8,2018,2024,award
"ALL PHASE SERVICES, INC.",Department of Defense,1084411.36,1,2022,2022,award
"ALL PHASE SOLUTIONS, LLC",Department of Defense,138256.22,2,2020,2020,award
ALL PROFESSIONAL CONSULTING & SERVICES GROUP PSC,Department of State,13644.0,1,2022,2022,award
ALL TRAILER OFFICE INC.,Department of Health and Human Services,30998.62,3,2017,2020,award
ALL-AMERICAN FARMS INC,Department of Agriculture,91569.0,15,2025,2026,award
ALLAN SAN DIEGO,Department of Justice,8579.26,1,2018,2018,award
ALLEGIANT AIR LLC,Department of Defense,911803.28,9,2019,2025,award
ALLERGAN USA INC,Department of Veterans Affairs,32703.0,2,2021,2024,award
"ALLERGAN, INC.",Department of Veterans Affairs,18277.0,4,2017,2024,award
"ALLIANCE HEALTHCARE SERVICES, INC.",Department of Veterans Affairs,681878.0,1,2020,2020,award
ALLIANCE MEDICAL GAS,Department of Veterans Affairs,75350.0,2,2014,2020,award
ALLIANCE WORLDWIDE DISTRIBUTING LLC,Department of Homeland Security,8540000.0,1,2017,2017,award
"ALLIANT ENTERPRISES, LLC",Department of Veterans Affairs,3472970.57,5,2017,2021,award
"ALLIED 100, LLC",Department of the Interior,11450.69,1,2018,2018,award
ALLIED MECHANICAL AND ELECTRICAL CONTRACTORS INC,Department of Homeland Security,36781.99,2,2010,2011,award
ALLIED SYSTEMS COMPANY,Department of Homeland Security,13212.0,1,2025,2025,award
ALLIED TUBE & CONDUIT CORPORATION,Department of Justice,12593.5,1,2018,2018,award
"ALLIED WASTE OF PONCE, INC (ORIGINALLY BFI OF PONCE INC)",Department of Homeland Security,3437.2,2,2008,2009,award
ALLIED WASTE OF PUERTO RICO INC.,Department of Agriculture,10005.0,2,2006,2008,award
ALLIED WASTE OF PUERTO RICO INC.,Department of Defense,39600.0,1,2009,2009,award
ALLIED WASTE OF PUERTO RICO INC.,Department of Homeland Security,59496.92,2,2019,2020,award
ALLIED WASTE OF PUERTO RICO INC.,Department of Veterans Affairs,681721.85,1,2017,2017,award
ALLIED WASTE OF PUERTO RICO INC.,Department of the Interior,4950.0,1,2014,2014,award
ALLOPLASTIC RECONSTRUCTION INC,Department of Veterans Affairs,327850.0,22,2018,2024,award
ALLSTATE MEDICAL SUPPLIES LLC,Department of Veterans Affairs,16287.6,1,2018,2018,award
ALLSTEEL LLC,Department of Health and Human Services,12061.34,1,2017,2017,award
"ALLTECH COMPUTER SOLUTIONS, INC.",Department of Defense,8226.0,1,2008,2008,award
ALM LLC,Department of Homeland Security,45246.6,1,2019,2019,award
ALMACEN EL AHORRO LLC.,Department of Justice,172824.1,5,2022,2023,award
"ALMAZON, INC.",Department of Homeland Security,20390.67,1,2019,2019,award
"ALMODOVAR, JOSE",Department of the Interior,1600.0,1,2016,2016,award
"ALMODOVAR, LEDA",Social Security Administration,74905.0,5,2011,2014,award
"ALMONTE & ASOCIADOS, INC",Department of Transportation,6075.0,1,2006,2006,award
ALMONTE TRADING GROUP L.L.C.,Department of Defense,381768.63,8,2025,2025,award
ALMONTE TRADING GROUP L.L.C.,Department of Justice,45620.95,3,2025,2025,award
"ALMOST HOME, LLC",Department of Defense,188892.0,1,2019,2019,award
ALONSO & CARUS IRON WORKS INC,Department of Homeland Security,22375.0,2,2011,2016,award
ALONSO & CARUS IRON WORKS INC,Department of the Interior,32000.0,1,2024,2024,award
"ALONSO-RODRIGUEZ, AURA M.",Department of Agriculture,96976.07,2,2016,2018,award
ALP CARIBBEAN INC,Department of Defense,8410.0,1,2007,2007,award
"ALPHA BIOMEDICAL & DIAGNOSTIC, CORP",Department of Veterans Affairs,136713.4,19,2010,2020,award
"ALPHA DEMOLITIONS , INC",Department of Agriculture,3138567.18,8,2018,2021,award
"ALPHA DEMOLITIONS , INC",Department of Defense,2876159.32,1,2018,2018,award
"ALPHA DEMOLITIONS , INC",Department of Homeland Security,85345.0,3,2017,2019,award
"ALPINE COMPANIES, INC.",Department of Housing and Urban Development,33948.53,2,2020,2020,award
ALQUILERES FREDDY INC,Department of Homeland Security,6000.0,1,2007,2007,award
"ALS SAFETY AND TRAINING, LLC",Department of Defense,7714.7,1,2020,2020,award
"ALS, INC.",Department of Justice,21121.04,2,2018,2019,award
"ALSEPT, KAREN",Department of Defense,47028.77,1,2021,2021,award
ALTAMIRA LTD,Department of Veterans Affairs,285387.38,20,2017,2025,award
"ALTEC INDUSTRIES, INC.",Department of Defense,297422.8,1,2020,2020,award
"ALTEC INDUSTRIES, INC.",Department of Homeland Security,121851.0,1,2019,2019,award
"ALTOL CHEMICAL ENVIRONMENTAL LABORATORY, INC",Department of Defense,57313.35,6,2012,2014,award
"ALTOL CHEMICAL ENVIRONMENTAL LABORATORY, INC",Department of Homeland Security,13700.0,3,2013,2014,award
"ALTOL CHEMICAL ENVIRONMENTAL LABORATORY, INC",Department of Veterans Affairs,6100.0,1,2009,2009,award
ALUMA CONSTRUCTION CORPORATION,Department of Homeland Security,4793.51,1,2011,2011,award
ALUMA CONSTRUCTION CORPORATION,Department of Transportation,6783308.88,1,2008,2008,award
"ALUTIIQ BUSINESS SERVICES, LLC",Department of Homeland Security,739589.22,2,2008,2010,award
"ALUTIIQ LOGISTICS & MAINTENANCE SERVICES, LLC",Department of Transportation,244636.16,1,2020,2020,award
"ALVAREZ & MARSAL PUBLIC SECTOR SERVICES, LLC",Department of Defense,109332.0,1,2011,2011,award
ALVAREZ BERRIOS NORA L,Department of Agriculture,393000.0,1,2020,2020,award
ALVAREZ LLC,Department of Veterans Affairs,392124.56,4,2015,2022,award
ALVAREZ TECHNICAL SERVICES INC,Department of Justice,11887.5,3,2013,2014,award
"ALVARIA, INC",Department of Homeland Security,999340.0,1,2018,2018,award
ALWAYS READY 24/7 INC,Department of Agriculture,86685.0,1,2018,2018,award
ALWAYS READY 24/7 INC,Department of Defense,236000.0,1,2015,2015,award
"AM CONSULTANTS, INC",Department of Veterans Affairs,48964.5,1,2022,2022,award
AMA CONSULTING LLC,Department of Homeland Security,75811.0,1,2018,2018,award
"AMA DE LLAVES DEL TURABO, INC.",Department of Veterans Affairs,11835.87,1,2016,2016,award
AMADOR REFRIGERATION SERVICE INC,Department of Veterans Affairs,15081.83,2,2009,2013,award
AMALIO VILLANUEVA,Department of Defense,10701.7,1,2013,2013,award
"AMBIENTE MODERNO, INC",Department of Veterans Affairs,23160.0,1,2010,2010,award
"AMBYTH SHIPPING MICRONESIA, INC.",Department of Defense,163693.24,2,2023,2024,award
AMCAR GROUP LLC,Department of Veterans Affairs,208232.42,1,2018,2018,award
AMCOR JV ONE LLC,Department of Veterans Affairs,58058895.0,1,2024,2024,award
"AMENTUM TECHNOLOGY, INC.",Department of Homeland Security,101212.97,1,2020,2020,award
"AMENTUM TECHNOLOGY, INC.",General Services Administration,12208646.11,1,2009,2009,award
AMERICA'S LOCKS & KEYS CORP,Department of Homeland Security,3025.0,1,2007,2007,award
"AMERICAN ACADEMY, INC",Department of Homeland Security,78786.88,7,2007,2011,award
AMERICAN AGENCIES CO INC,Department of Defense,14369.8,2,2013,2013,award
AMERICAN AGENCIES CO INC,Department of Justice,17205.0,2,2011,2012,award
AMERICAN AGENCIES CO INC,Department of Veterans Affairs,49801.7,18,2008,2008,award
"AMERICAN AIRLINES, INC",Department of Defense,23831.35,1,2021,2021,award
AMERICAN BAR ASSOCIATION,Department of Homeland Security,25593.6,5,2018,2021,award
AMERICAN CANCER SOCIETY FLORIDA DIVISION INC,Department of Health and Human Services,0.0,2,2006,2006,award
"AMERICAN CEMETERY SUPPLIES, INC.",Department of Veterans Affairs,44322.66,3,2018,2019,award
AMERICAN CIVIL CONSTRUCTORS LLC,Department of Transportation,6618433.09,1,2015,2015,award
AMERICAN COLLEGE OF CARDIOLOGY FOUNDATION,Department of Veterans Affairs,25625.0,2,2018,2024,award
AMERICAN COLLEGE OF SURGEONS,Department of Veterans Affairs,20200.0,2,2018,2021,award
"AMERICAN FAST FREIGHT, INC.",Department of Agriculture,12349.0,2,2023,2024,award
AMERICAN FENCE INCORPORATED,Department of Veterans Affairs,1619.35,1,2008,2008,award
AMERICAN LAWN MAINTENANCE INC,Department of Agriculture,9575.0,1,2016,2016,award
AMERICAN LAWN MAINTENANCE INC,Department of Defense,77256.0,1,2012,2012,award
"AMERICAN MATERIAL HANDLING, INC.",Department of Defense,375230.58,3,2020,2024,award
"AMERICAN MATERIAL HANDLING, INC.",Department of Justice,71492.0,2,2019,2021,award
"AMERICAN MATERIAL HANDLING, INC.",Department of the Interior,128346.0,1,2023,2023,award
"AMERICAN MEDICAL RESPONSE, INC.",Department of Homeland Security,40207559.87,9,2017,2018,award
"AMERICAN MEDICAL SYSTEMS, INC.",Department of Veterans Affairs,38938.87,1,2015,2015,award
"AMERICAN MESSAGING SERVICES, LLC",Department of Veterans Affairs,618870.6,1,2017,2017,award
"AMERICAN NATIONAL RED CROSS, THE",Department of Veterans Affairs,4458266.0,4,2016,2024,award
AMERICAN OVERSEAS MARINE CO. LLC,Department of Transportation,3199086.03,2,2017,2017,award
"AMERICAN PAPER, CORP",Department of Veterans Affairs,552.32,5,2008,2008,award
"AMERICAN PURCHASING SERVICES, LLC",Department of Veterans Affairs,24014.74,3,2015,2018,award
"AMERICAN RED CROSS, THE",Department of Homeland Security,7020.0,1,2010,2010,award
"AMERICAN RED CROSS, THE",Department of Veterans Affairs,4819386.68,7,2008,2010,award
AMERICAN RELOCATION CONNECTIONS LLC,Department of the Interior,35205.02,1,2025,2025,award
AMERICAN RELOCATION CONNECTIONS LLC,Social Security Administration,57647.82,2,2019,2022,award
AMERICAN SANITARY PRODUCTS INC,Department of Justice,35519.64,3,2018,2021,award
AMERICAN SCHOOL INCORPORATED,Department of Homeland Security,23359.61,3,2007,2009,award
"AMERICAN STANDARD, INC",Department of Health and Human Services,4500.0,1,2007,2007,award
AMERICAN TEST & BALANCE INC.,Department of Health and Human Services,1400.0,1,2008,2008,award
AMERICAN TEST & BALANCE INC.,General Services Administration,16350.0,1,2010,2010,award
"AMERICAN TUGS, INC",Department of Homeland Security,13500.0,1,2008,2008,award
"AMERICAN UNIVERSITY OF PUERTO RICO, INC",General Services Administration,52715.76,32,2008,2011,award
"AMERICAN WIRE GROUP, LLC",Department of Defense,6083483.55,15,2018,2019,award
"AMERICAN WORDATA, INC",Department of the Interior,6981.49,1,2018,2018,award
"AMERICARE SERVICES, INC.",Department of Justice,598496.76,44,2012,2021,award
AMERIJET INTERNATIONAL INC,Department of Defense,7602260.37,11,2020,2023,award
AMERIJET INTERNATIONAL INC,Department of Homeland Security,0.0,1,2018,2018,award
AMERIQUAL GROUP LLC,Department of Homeland Security,33238937.68,1,2017,2017,award
AMEX WORLD TRADE CORPORATION,Department of Agriculture,7228.83,1,2019,2019,award
"AMIGO IMPLEMENT COMPANY, INC.",Department of Justice,52430.68,2,2018,2018,award
AMISH FURNITURE BY DAVID LLC,Department of Veterans Affairs,10126.56,1,2018,2018,award
AMQ MEDICAL EQUIPMENT,Department of Veterans Affairs,18648.67,3,2011,2012,award
AMRO UNITED CORP,Department of Agriculture,30000.0,1,2021,2021,award
"AMTER, INC.",Department of Veterans Affairs,41300.0,1,2014,2014,award
"AMUNDARAY, CARMEN",Social Security Administration,33844.0,5,2011,2015,award
AN OFFICE DESIGN LLC,Department of Agriculture,54823.52,2,2011,2017,award
AN OFFICE DESIGN LLC,Department of Defense,21685.0,1,2010,2010,award
ANA WILDA GONZALEZ-MENDEZ,Social Security Administration,4860.0,4,2016,2019,award
"ANACAPA MICRO PRODUCTS, INC.",Department of Homeland Security,306169.04,2,2018,2023,award
ANALYTICAL ENVIRONMENTAL SERVICES INTERNATIONAL INC,Department of Homeland Security,4865.0,1,2018,2018,award
ANALYTICAL ENVIRONMENTAL SERVICES INTERNATIONAL INC,Department of Veterans Affairs,18.0,1,2008,2008,award
"ANALYTICAL SPECTRAL DEVICES, INC.",Department of Agriculture,41874.2,1,2017,2017,award
"ANAMAR ENVIRONMENTAL CONSULTING, INC.",Department of Defense,1761526.3,3,2018,2021,award
"ANAYA, JAVIER",Social Security Administration,200010.0,5,2013,2016,award
"ANDRADE NUNEZ, MARIA JOSE",Department of Agriculture,68000.0,1,2010,2010,award
ANDREWS KEY VI LLC,Department of Defense,9000.0,1,2019,2019,award
ANDREWS KEY VI LLC,General Services Administration,6500.0,1,2018,2018,award
"ANDUJAR, FRANCISCO J",Department of Agriculture,6900.0,1,2013,2013,award
ANGEL D RIVERA,Department of Defense,99050.0,3,2008,2011,award
ANGEL M. SANTIAGO BERNIER,Department of Veterans Affairs,0.0,1,2012,2012,award
ANGEL MEDICAL SUPPLY INC,Department of Veterans Affairs,304156.6,11,2016,2019,award
"ANGELI, NICOLE FRANCES",Department of the Interior,17187.5,3,2014,2017,award
"ANGLE SHELF OF PUERTO RICO, INC.",Department of Defense,310136.59,13,2008,2024,award
"ANGLE SHELF OF PUERTO RICO, INC.",Department of Homeland Security,467556.65,5,2006,2018,award
"ANGLE SHELF OF PUERTO RICO, INC.",Department of Justice,12004.0,3,2008,2013,award
"ANGLE SHELF OF PUERTO RICO, INC.",Environmental Protection Agency,2995.9,1,2012,2012,award
ANIBAL DIAZ CONSTRUCTION INC,Department of Defense,22503259.35,296,2007,2025,award
ANIBAL DIAZ CONSTRUCTION INC,Department of Transportation,2427589.45,1,2008,2008,award
ANIBAL DIAZ CONSTRUCTION INC,Department of the Interior,10794.2,1,2010,2010,award
ANN MARIE TROFEO PLACAS ROTULOS Y PROMOCIONES LLC,Department of Defense,20355.0,6,2008,2016,award
ANNETTE CRUZ,Department of Defense,79170.0,2,2009,2010,award
ANNETTE DE PAZ ORTIZ,Social Security Administration,1821174.02,31,2011,2025,award
"ANTENOR, EDNER",Department of Homeland Security,52650.0,4,2014,2018,award
ANTI FIRE OF P.R. INC,Department of Justice,3138.0,2,2010,2011,award
ANTILLAS EXTERMINATING SERVICE INC,Department of Defense,4977.83,1,2010,2010,award
"ANTILLES POWER DEPOT, INC.",Department of Defense,20430.0,1,2018,2018,award
"ANTILLES POWER DEPOT, INC.",Department of Homeland Security,197141.58,14,2015,2020,award
"ANTILLES POWER DEPOT, INC.",Department of Justice,88121.49,3,2017,2025,award
"ANTILLES POWER DEPOT, INC.",Department of Veterans Affairs,69918.42,9,2011,2021,award
"ANTILLES POWER DEPOT, INC.",General Services Administration,24022.52,1,2017,2017,award
ANTILLES SCHOOL INC,Department of Justice,58225.0,2,2017,2019,award
"AOC CONNECT, LLC",Department of Defense,521277.24,2,2026,2026,award
"AOPD, INC.",Department of Defense,0.0,1,2011,2011,award
APC EQUIPMENT & MANUFACTURING INC,Department of Homeland Security,50508.0,1,2019,2019,award
API LLC,Department of Defense,53445816.66,34,2007,2018,award
"API, LLC",Department of Defense,52042533.15,18,2012,2016,award
"APOGEE INSTRUMENTS, INC",Department of Agriculture,10112.5,1,2019,2019,award
APONTE COLLISION CENTER,Department of Defense,307700.0,1,2008,2008,award
APP-TECHS CORPORATION,Department of Justice,69841.55,1,2019,2019,award
APPEREON BUSINESS SOLUTIONS INC,Department of Transportation,158925.0,2,2018,2018,award
"APPLEDORE MARINE ENGINEERING, LLC",Department of Homeland Security,981339.0,3,2017,2024,award
"APPLETREE ANSWERING SERVICES OF PUERTO RICO, INC.",Department of Defense,3255.0,1,2011,2011,award
"APPLIED ENGINEERING GROUP & COMPANY, CORP.",Department of Agriculture,2504.88,1,2017,2017,award
APPLIED IMAGERY LLC,Department of Homeland Security,380460.0,1,2019,2019,award
APPLIED POWER SERVICES LLC,Department of Transportation,17245.5,1,2018,2018,award
"APPLIED RESEARCH ASSOCIATES, INC.",Department of the Interior,21476.27,1,2020,2020,award
APPRAISERS & ADVISORS,Department of Housing and Urban Development,3600.0,1,2014,2014,award
"APRISA TECHNOLOGY, LLC",Department of Homeland Security,18650.0,1,2011,2011,award
"APTIM FEDERAL SERVICES, LLC",Department of Defense,55952961.65,3,2018,2018,award
AQUA CLEAN SHIPS CARIBE INC.,Department of Homeland Security,79484.29,11,2007,2013,award
AQUA DRILLING INC,Department of Veterans Affairs,14682.0,1,2014,2014,award
"AQUA GULF SUPPLY CHAIN SOLUTIONS, LLC",Department of Agriculture,508575.0,118,2025,2026,award
"AQUA GULF TRANSPORT, INC.",Department of Agriculture,2975758.05,679,2022,2025,award
AQUA PAK SYSTEMS INC,Department of Defense,89357.65,3,2013,2015,award
"AQUILA, INC.",Department of Justice,1149.59,12,2018,2024,award
AR6-CRAM ROOFING JV LLC,Department of Defense,426353.0,1,2020,2020,award
"ARAMARK SERVICES OF PUERTO RICO, INC.",Department of Justice,15664.52,6,2013,2019,award
"ARAMARK SERVICES, INC",General Services Administration,0.0,1,2007,2007,award
"ARAMARK UNIFORM & CAREER APPAREL, LLC",Department of Defense,128145.27,1,2008,2008,award
"ARANA-MORALES, ASHLYANN",Department of the Interior,8252.0,1,2016,2016,award
ARANDA RODRIGUEZ GINORIO Y ASOCIADOS,Department of Defense,841555.54,2,2007,2008,award
ARANDA RODRIGUEZ GINORIO Y ASOCIADOS,Department of Homeland Security,10243247.91,11,2007,2011,award
ARANDA RODRIGUEZ GINORIO Y ASOCIADOS,Department of Labor,6489724.87,1,2010,2010,award
ARANDA RODRIGUEZ GINORIO Y ASOCIADOS,Department of Transportation,138692.02,1,2013,2013,award
ARANDA RODRIGUEZ GINORIO Y ASOCIADOS,General Services Administration,2811244.2,2,2006,2008,award
"ARB, INC.",Department of Defense,1889904.59,4,2017,2022,award
"ARB, INC.",Department of Homeland Security,228804.61,4,2005,2022,award
"ARB, INC.",Department of Justice,567163.65,19,2020,2025,award
ARBOR E & T LLC,Department of Labor,118549600.2,2,2019,2023,award
"ARC SURVEYING & MAPPING, INC",Department of Defense,6198.5,1,2008,2008,award
ARC-COM FABRICS INC,Department of Labor,10753.66,1,2019,2019,award
"ARCADIS U.S., INC.",Department of Defense,13846795.15,3,2019,2024,award
"ARCADIS U.S., INC.",Department of Homeland Security,158605.0,1,2019,2019,award
ARCHITECHTURE SOLUTIONS LLC,Department of Justice,7788.0,1,2019,2019,award
ARCHITECTURAL DETAIL GROUP INC,Department of Homeland Security,51307.02,1,2025,2025,award
"ARCO CARIBE ARCHITECTS, PSC",Department of Defense,1025.0,1,2016,2016,award
"ARCO CARIBE ARCHITECTS, PSC",Department of Health and Human Services,9228205.02,5,2014,2021,award
"ARCO CARIBE ARCHITECTS, PSC",Department of Homeland Security,285210.0,17,2014,2019,award
"ARCO CARIBE ARCHITECTS, PSC",Department of Justice,402144.33,1,2021,2021,award
ARCON LLC,Department of Homeland Security,119258.2,1,2019,2019,award
ARCON LLC,Department of the Interior,352349.11,4,2019,2021,award
"ARCTIC INFORMATION TECHNOLOGY, INC.",Department of the Interior,21440.08,1,2021,2021,award
"ARCTICOM, LLC",Department of Defense,7454594.84,4,2020,2024,award
"ARCWOOD ENVIRONMENTAL, LLC",Department of Defense,31305.8,1,2017,2017,award
"ARDENT COMPANY, LLC",Department of Transportation,1318609.32,1,2023,2023,award
ARE TELECOM INCORPORATED,Department of Transportation,685934.96,1,2023,2023,award
"ARECIBO 129, INC",General Services Administration,1117650.42,32,2008,2013,award
ARECIBO CINEMA CORPORATION,General Services Administration,383821.86,64,2008,2011,award
ARECIBO PLUMBERS LGS SERVICE & CONTRACTOR CORP.,Department of Homeland Security,11422.0,1,2019,2019,award
"ARES, IVELISSE",Department of Defense,23494.72,1,2010,2010,award
AREYTO LANGUAGE SERVICES INC,Department of Justice,8540.0,1,2022,2022,award
"ARGOS PRODUCTIVITY SOLUTIONS, INC",Department of Defense,2379767.12,4,2009,2009,award
"ARIAD PHARMACEUTICALS, INC.",Department of Veterans Affairs,6558.71,1,2017,2017,award
ARIEL TORRES DELEON,Department of Agriculture,34437.0,2,2011,2013,award
"ARIEL, LORENZO",Department of Homeland Security,7220.0,5,2013,2014,award
"ARISTUD BAEZ, JESUS MANUEL",Department of Agriculture,1700.0,1,2010,2010,award
"ARISTUD, JUAN LUIS",Department of Agriculture,1700.0,1,2010,2010,award
ARMAG CORP,Department of Homeland Security,80742.0,1,2016,2016,award
ARMANDO RODRIGUEZ,Department of Agriculture,18200.0,2,2008,2009,award
ARMY & AIR FORCE EXCHANGE SERVICE,Department of Defense,60000.0,1,2020,2020,award
ARMY STORE INC.,Department of Justice,18493.5,2,2011,2012,award
"ARQUEOLOGIA (MAURAS), INC.",Department of Agriculture,5000.0,2,2012,2013,award
ARQUITECTOS DIAZ C.S.P.,General Services Administration,296472.69,5,2003,2006,award
"ARROWHEAD CONTRACTING, LLC",Environmental Protection Agency,1322561.53,1,2023,2023,award
"ARROWHEAD REALTY, LLC",Department of Homeland Security,3913982.36,2,2017,2018,award
ARSO RADIO CORPORATION,Department of Homeland Security,41760.0,1,2008,2008,award
ART-DRAFT AUTHORITY INC.,Department of Defense,44694.78,3,2010,2011,award
ARTHREX INC,Department of Veterans Affairs,123789.28,13,2016,2022,award
ARVADA CORPORATION,Department of Agriculture,27815.0,1,2018,2018,award
ARVADA CORPORATION,Department of Defense,101171.75,1,2019,2019,award
ARVADA CORPORATION,National Aeronautics and Space Administration,21635.0,1,2018,2018,award
"ARXIUM, INC.",Department of Veterans Affairs,1270973.76,4,2019,2025,award
ASERADERO BAYANEY,Department of the Interior,19917.2,1,2010,2010,award
ASHLEY J MENDEZ HEAVILIN,Department of the Interior,16461.43,1,2021,2021,award
"ASHLEY SLING, LLC",Department of Defense,71450.0,1,2018,2018,award
"ASOCIACION DE ARBRITOS DE BALONCESTO DE PUERTO RICO, INC",Department of Defense,14864.0,3,2009,2011,award
"ASOCIACION DE RADIODIFUSORES DE PUERTO RICO, INC.",Department of Defense,80000.0,1,2023,2023,award
ASOCIACION SUZUKI DE PUERTO RICO INC,Department of Veterans Affairs,3000.0,1,2025,2025,award
ASPEN CONSTRUCTION COMPANY,Department of Transportation,2159778.94,2,2019,2024,award
ASPETTO INC,Department of Justice,72452.0,2,2020,2021,award
ASSET GROUP INC,Department of Homeland Security,5867510.0,3,2017,2018,award
ASTRO APPRAISAL MANAGEMENT COMPANY LLC,Department of Agriculture,4450.0,1,2023,2023,award
"ASTRO INDUSTRIAL SUPPLY, INC.",Department of Defense,23575.5,1,2013,2013,award
ASUPI INDUSTRIAL GROUP,Department of Defense,29500.0,1,2007,2007,award
"ASVF INTEGRATED CONTRACTOR, CORP.",Department of Veterans Affairs,890831.24,1,2018,2018,award
AT&T CORP.,Department of Defense,0.0,1,2019,2019,award
"AT&T ENTERPRISES, LLC",Department of Homeland Security,2897078.38,1,2017,2017,award
"AT&T ENTERPRISES, LLC",Department of Justice,9222.32,3,2019,2024,award
AT&T MOBILITY NATIONAL ACCOUNTS LLC,Department of Defense,639137.95,19,2020,2024,award
AT&T MOBILITY NATIONAL ACCOUNTS LLC,Department of Veterans Affairs,84161106.53,1,2018,2018,award
AT&T MOBILITY PUERTO RICO INC.,Department of Agriculture,7578.13,1,2016,2016,award
AT&T MOBILITY PUERTO RICO INC.,Department of Defense,282316.0,10,2008,2010,award
AT&T MOBILITY PUERTO RICO INC.,Department of Justice,93779.27,11,2015,2020,award
AT&T MOBILITY PUERTO RICO INC.,Department of Veterans Affairs,4980287.88,7,2006,2012,award
AT&T MOBILITY PUERTO RICO INC.,Department of the Treasury,33286.63,8,2005,2011,award
"AT&T TECHNICAL SERVICES COMPANY, INC",Department of the Treasury,246741.85,1,2017,2017,award
ATABEX TRANSLATION SPECIALISTS INC,Department of Justice,8827.06,2,2020,2021,award
ATABEX TRANSLATION SPECIALISTS INC,Department of Veterans Affairs,5191.05,2,2008,2008,award
ATABEX TRANSLATION SPECIALISTS INC,Environmental Protection Agency,4340.0,1,2008,2008,award
ATABEX TRANSLATION SPECIALISTS INC,Equal Employment Opportunity Commission,4840.0,2,2011,2013,award
ATABEX TRANSLATION SPECIALISTS INC,Securities and Exchange Commission,2608.61,1,2013,2013,award
"ATCS, INC.",Department of Homeland Security,993560.42,3,2018,2019,award
ATD AMERICAN CO,Department of Defense,7233.5,1,2014,2014,award
"ATENTO DE PUERTO RICO, INC.",Department of Health and Human Services,10270.0,1,2006,2006,award
ATERRA-SCHNABEL JOINT VENTURE,Department of Agriculture,0.0,1,2018,2018,award
ATF INDUSTRIES INC.,Department of Homeland Security,24460.0,2,2014,2014,award
"ATHENA ENGINEERING & ENVIRONMENTAL, LLC",Department of Defense,2322699.26,2,2022,2022,award
"ATHENA TECHNOLOGY GROUP, INC.",Department of Defense,4520223.81,1,2024,2024,award
"ATKINS NORTH AMERICA, INC.",Department of Defense,12664.16,1,2008,2008,award
"ATKINS NORTH AMERICA, INC.",Department of Transportation,0.0,1,2010,2010,award
"ATKINS NORTH AMERICA, INC.",Department of the Interior,0.0,1,2011,2011,award
ATKINS-KCI JOINT VENTURE,Department of Transportation,10585116.37,2,2015,2019,award
ATKINSREALIS USA INC,Department of Transportation,17257468.34,6,2022,2024,award
ATLANTIC BIOLOGICALS CORP.,Department of Veterans Affairs,8460.0,1,2018,2018,award
"ATLANTIC DIVING SUPPLY, INC.",Department of Defense,9544205.06,12,2020,2025,award
"ATLANTIC DIVING SUPPLY, INC.",Department of Homeland Security,23929.58,2,2018,2018,award
"ATLANTIC DIVING SUPPLY, INC.",Department of Justice,108355.84,6,2018,2022,award
ATLANTIC FIRST INDUSTRIES CORPORATION,Department of Veterans Affairs,509509.0,2,2024,2025,award
ATLANTIC INDUSTRIAL SUPPLY INC,Department of Agriculture,27467.4,2,2020,2021,award
ATLANTIC INDUSTRIAL SUPPLY INC,Department of Defense,8976.0,1,2011,2011,award
ATLANTIC INDUSTRIAL SUPPLY INC,Department of Justice,2940.0,1,2008,2008,award
ATLANTIC INDUSTRIAL SUPPLY INC,Department of Veterans Affairs,71266.72,3,2013,2015,award
ATLANTIC INDUSTRIAL SUPPLY INC,General Services Administration,15019.85,3,2015,2018,award
ATLANTIC MASTER PARKING SERVICE INC,Department of Veterans Affairs,7784.98,3,2010,2015,award
ATLANTIC VALVE & SUPPLY INC,Department of Homeland Security,21616.2,1,2024,2024,award
"ATLANTIS DIVING CONTRACTOR, INC.",Department of Homeland Security,2000.0,1,2011,2011,award
"ATLANTIS HEALTHCARE GROUP (PUERTO RICO), INC.",Department of Veterans Affairs,12339147.67,33,2010,2026,award
"ATLAS AIR, INC.",Department of Defense,451712.0,2,2023,2023,award
"ATLAS TECHNICAL CONSULTANTS (CA), INC.",Department of Transportation,203249.82,1,2019,2019,award
"ATRIUM OFFICE CENTER INC, THE",Department of Defense,26925.0,1,2013,2013,award
ATT MOBILITY LLC,Department of Defense,946365.34,22,2007,2025,award
ATT MOBILITY LLC,Department of Homeland Security,1968780.11,110,2018,2024,award
ATT MOBILITY LLC,Department of Justice,2144206.91,76,2016,2026,award
ATT MOBILITY LLC,Department of Labor,13720.86,2,2013,2015,award
ATT MOBILITY LLC,Department of the Interior,99420.41,1,2015,2015,award
ATT MOBILITY LLC,Department of the Treasury,26745.84,3,2014,2017,award
ATTENTO L.L.C.,Department of the Interior,19217.24,1,2020,2020,award
ATZ SOLUTION LLC,Department of Defense,31440.0,1,2025,2025,award
AUBERGE HAVEN CORPORATION,Department of Homeland Security,195846.84,1,2018,2018,award
"AUCTANE, INC.",Department of Justice,14654.76,8,2017,2024,award
AUDIO VISUAL CONSULTANT AND TECHNICAL SERVICES INC,Department of Defense,5495.0,1,2013,2013,award
"AUDIO-VISUAL CONCEPTS, INC.",Department of Agriculture,9595.0,1,2016,2016,award
"AUDIO-VISUAL CONCEPTS, INC.",Department of Defense,1144967.18,41,2008,2015,award
"AUDIO-VISUAL CONCEPTS, INC.",Department of Homeland Security,17976.0,2,2010,2019,award
"AUDIO-VISUAL CONCEPTS, INC.",Department of the Treasury,7083.0,1,2012,2012,award
"AUDIO-VISUAL CONCEPTS, INC.",General Services Administration,4500.0,1,2011,2011,award
AUREA M TORRES RIVERA,Department of Defense,23852.5,2,2023,2025,award
AURORA INDUSTRIES LLC,Department of Defense,611620657.83,390,2014,2025,award
"AURORA STORAGE PRODUCTS, INC.",Department of the Interior,29156.83,1,2019,2019,award
"AURORA STORAGE PRODUCTS, INC.",General Services Administration,61269.59,1,2017,2017,award
"AUSTAL USA, LLC",Department of Defense,1470154.88,4,2020,2022,award
AUSTIN BROCKENBROUGH & ASSOCIATES LLC,Department of Defense,119421.43,1,2016,2016,award
AUTOBODY LLC,General Services Administration,17293.68,3,2018,2020,award
AUTOBUSES DE PUERTO RICO (SJ) INC.,Department of Defense,367100.0,1,2005,2005,award
AUTOBUSES DE PUERTO RICO (SJ) INC.,Department of Veterans Affairs,1501371.42,3,2008,2012,award
AUTOCARE CORPORATION,Department of Justice,4857.31,1,2014,2014,award
"AUTOMATIC EQUIPMENT, INC",Department of Agriculture,4163.0,1,2014,2014,award
"AUTOMATIC EQUIPMENT, INC",Department of Defense,9350.0,1,2023,2023,award
"AUTOMATIC EQUIPMENT, INC",Department of Veterans Affairs,4787.0,5,2008,2012,award
"AUTOMECA TECHNICAL COLLEGE, INC",Department of Justice,11141.99,1,2015,2015,award
AUTOPAK ENGINEERING CORP.,Department of Agriculture,855680.14,18,2007,2023,award
AUTOQUIP CORP,Department of Homeland Security,12995.0,1,2012,2012,award
AUTOQUIP CORP,Department of Justice,81080.0,4,2012,2023,award
AUTORIDAD DE ACUEDUCTOS Y ALCANTARILLADOS DE PR,Department of Defense,262904.74,5,2002,2018,award
AUTORIDAD DE ACUEDUCTOS Y ALCANTARILLADOS DE PR,Department of Homeland Security,1211.96,2,2010,2011,award
AUTORIDAD DE ACUEDUCTOS Y ALCANTARILLADOS DE PR,Department of Justice,22788212.09,36,2008,2023,award
AUTORIDAD DE ACUEDUCTOS Y ALCANTARILLADOS DE PR,Department of Veterans Affairs,2966732.72,5,2014,2020,award
AUTORIDAD DE ACUEDUCTOS Y ALCANTARILLADOS DE PR,General Services Administration,59942.25,4,2009,2019,award
AUTORIDAD DE CARRETERAS Y TRANSPORTACION,Department of Defense,369845.36,19,2007,2018,award
AUTORIDAD DE CARRETERAS Y TRANSPORTACION,Department of Justice,426607.04,15,2011,2020,award
AUTORIDAD DE CARRETERAS Y TRANSPORTACION,Department of Veterans Affairs,36039.56,19,2008,2010,award
AUTORIDAD DE TIERRAS DE PUERTO RICO,Department of Homeland Security,0.0,1,2018,2018,award
AUTORIDAD METROPOLITANA DE AUTOBUSES,Department of Veterans Affairs,173760.0,1,2025,2025,award
AUTOS VEGA INC,Department of Agriculture,7199.1,1,2017,2017,award
AUTOS VEGA INC,Department of Homeland Security,947226.38,6,2005,2025,award
AUTOS VEGA INC,Department of Justice,8173.67,2,2012,2018,award
AVANCE CONSTRUCTION CORP,Department of Defense,3531743.4,2,2005,2005,award
AVANCE CONSTRUCTION CORP,Department of the Interior,1417301.02,2,2006,2006,award
"AVANT COMMUNICATIONS CONSULTANTS, INC",Department of Commerce,10167.0,1,2008,2008,award
AVANT TECHNOLOGIES OF P R INC,Department of Defense,41420.15,3,2010,2014,award
AVANTGARDE LLC,Department of Agriculture,0.0,1,2013,2013,award
"AVAYA FEDERAL SOLUTIONS, INC.",Department of Homeland Security,731503.36,9,2015,2023,award
AVE MARIA HOME,Department of Veterans Affairs,6599180.75,44,2019,2025,award
"AVIATE ENTERPRISES, INC.",Department of Veterans Affairs,85358.57,3,2018,2020,award
AVID CORE LLC,Department of Homeland Security,30372.25,1,2024,2024,award
"AVIS RENT A CAR SYSTEM, LLC",General Services Administration,149341.09,6,2018,2019,award
AVLIS INTERNATIONAL INC,Department of Defense,54000.0,1,2025,2025,award
AVS GROUP INC.,Department of Homeland Security,6478.75,1,2007,2007,award
AXEL IRIZARRY,Department of the Interior,312.0,1,2008,2008,award
"AXESA SERVICIOS DE INFORMACION , S. EN C.",Department of Defense,65244.0,3,2010,2013,award
"AXISCARE HEALTH LOGISTICS, LLC",Department of Veterans Affairs,51898.89,6,2008,2012,award
"AXONICS, INC.",Department of Veterans Affairs,15656.0,1,2022,2022,award
AXTMAYER ENTERPRISES INC,Department of Defense,79131.0,4,2016,2025,award
AXTMAYER ENTERPRISES INC,Department of Veterans Affairs,3335.4,1,2021,2021,award
AYALA METAL ENTERPRISES,Department of the Interior,9204.07,2,2008,2009,award
"AYALA, ALBERTO SANES",Department of the Interior,2400.0,1,2008,2008,award
"AYALA, EUGENIO",Department of the Interior,86224.0,2,2011,2012,award
AZAFRAN CATERING,Department of Defense,29497.5,9,2012,2016,award
B & B COMMUNICATIONS INC,Department of Defense,19722.85,2,2008,2016,award
B & B COMMUNICATIONS INC,Department of Homeland Security,29447.7,1,2005,2005,award
B & B COMMUNICATIONS INC,Department of Veterans Affairs,32952.5,1,2008,2008,award
B & B TARGET CENTER INC,Department of Justice,1549.85,1,2022,2022,award
B & H INTERNATIONAL LLC,Department of Defense,67539.66,2,2019,2020,award
B & M COMPU-STAMP CORP,Department of Veterans Affairs,361.7,2,2008,2008,award
B & S BUSINESS ASSOCIATES LIMITED,Department of Defense,0.0,1,2015,2015,award
B AND M KITCHEN CLEANING INC,Department of Veterans Affairs,286125.0,6,2008,2020,award
B FERNANDEZ AND HNOS INC,Department of Defense,2045247.14,18,2008,2012,award
B FERNANDEZ AND HNOS INC,Department of Justice,35417.7,1,2018,2018,award
B V MAINTENANCE,Department of Veterans Affairs,12880.0,2,2010,2011,award
"B. ECKARDT REALTY GROUP, INC.",Department of Agriculture,6475.0,1,2011,2011,award
B.E.C. CO. INC.,Department of Agriculture,2282163.0,1,2020,2020,award
B.E.C. CO. INC.,Department of Defense,260124.43,489,2015,2019,award
"B.H. CENTRO INTERNACIONAL, LLC",Department of Homeland Security,15840.0,1,2019,2019,award
"B.V.R. AMBULANCE BEST CARE, LLC",Department of Agriculture,12495.0,1,2023,2023,award
"B.V.R. AMBULANCE BEST CARE, LLC",Department of Defense,8910.0,1,2019,2019,award
"B.V.R. AMBULANCE BEST CARE, LLC",Department of Homeland Security,82500.0,1,2019,2019,award
"B.V.R. AMBULANCE BEST CARE, LLC",Department of Justice,3320.0,15,2007,2010,award
B2E INC,Department of Defense,797662.0,2,2012,2013,award
BAE SYSTEMS JACKSONVILLE SHIP REPAIR LLC,Department of Defense,574401.64,4,2022,2023,award
BAE SYSTEMS TECHNOLOGY SOLUTIONS & SERVICES INC.,Department of Defense,69117.2,1,2011,2011,award
"BAER TECHNOLOGIES, INC",Department of Justice,500.0,1,2019,2019,award
"BAER TECHNOLOGIES, INC",Department of Veterans Affairs,29255.87,2,2010,2018,award
BAEZ ALEXIS,General Services Administration,21812.35,2,2016,2017,award
BAHFED CORP,Department of Justice,3215.31,1,2023,2023,award
BAKER RICHARD,Department of Agriculture,21846.12,1,2018,2018,award
BALLESTER HERMANOS INC,Department of Defense,1226239.47,24,2008,2023,award
BALLESTER HERMANOS INC,Department of Homeland Security,8927.78,4,2010,2010,award
BALLESTER HERMANOS INC,Department of Justice,990631.64,38,2011,2025,award
BALLESTER HERMANOS INC,Department of Veterans Affairs,3579.33,3,2008,2008,award
"BAMAJACK, LLC",Department of Agriculture,14247.32,1,2026,2026,award
"BAMFORTH ENGINEERS + SURVEYORS, INC",Department of Defense,1305491.0,1,2006,2006,award
BANCO DE OJOS DEL LEONISMO PUERTORRIQUENO INCORPORADO,Department of Veterans Affairs,22750.0,7,2008,2011,award
BANCO POPULAR DE PUERTO RICO,Department of Agriculture,44017.5,1,2011,2011,award
BANCO POPULAR DE PUERTO RICO,General Services Administration,1481762.0,134,2003,2011,award
"BANDIT INDUSTRIES, INC.",Department of Defense,166038.98,1,2020,2020,award
"BARD INTERNATIONAL, INC.",Department of Veterans Affairs,12600.0,1,2018,2018,award
BARLOVENTO LLC,Department of Defense,0.0,1,2005,2005,award
BARMARITA COURIER SERVICE,Department of Homeland Security,29452.0,2,2008,2010,award
BARNARD POWER SYSTEMS INC.,Department of Veterans Affairs,87900.0,2,2010,2010,award
BARNETT MECHANICAL AND ELECTRIC CO.,Department of Defense,11218944.21,19,2018,2019,award
BARRANQUITAS AUTO CORP,Department of Homeland Security,385487.36,5,2006,2009,award
"BARRETO, VICTOR ELECTRICAL CONTRACTORS",Department of the Interior,19920.0,1,2010,2010,award
BARTS TREE SERVICE LLC,Department of Defense,7897.6,1,2021,2021,award
BAS-MOR CONSTRUCTION CORP,Department of Health and Human Services,1274.34,1,2008,2008,award
"BASE, INC",Department of Defense,8887.87,1,2014,2014,award
"BASE, INC",Department of Veterans Affairs,12141.0,2,2012,2012,award
BATISTA - DORADO JV,Department of Homeland Security,1471908.4,2,2020,2020,award
BATISTA AUTO BODY CAR CARE INC,Department of Homeland Security,14118.12,2,2008,2008,award
"BATTERY GIANT PR, LLC",Department of the Treasury,3495.0,1,2015,2015,award
BAUZA SALAS JUAN,Department of Veterans Affairs,266200.0,2,2019,2020,award
BAXTER HEALTHCARE CORPORATION,Department of Veterans Affairs,13107.5,1,2018,2018,award
BAXTER SALES & DISTRIBUTION CORP,Department of Veterans Affairs,136401.6,51,2008,2008,award
BAY WEST LLC,Department of Defense,245830.98,2,2019,2020,award
"BAYAMON CARDIOVASCULAR SURGERY SERVICES, C.S.P.",Department of Veterans Affairs,367746.95,1,2019,2019,award
BAYAMON HOTEL COMPANY LLC,Department of Defense,114418.0,21,2016,2024,award
BAYER HEALTHCARE LLC,Department of Veterans Affairs,292242.05,3,2019,2025,award
"BAYER PUERTO RICO, INC.",Department of Veterans Affairs,122231.85,6,2004,2010,award
"BAYSIDE CONTRACTORS, INC.",General Services Administration,8161980.49,1,2013,2013,award
"BBCM GROUP HOLDINGS, INC.",Department of Homeland Security,35897.5,1,2017,2017,award
"BBCM GROUP HOLDINGS, INC.",Department of Veterans Affairs,328552.72,1,2016,2016,award
BBG INC,Department of Defense,119350.0,1,2025,2025,award
BC METALS,Department of Defense,3550.0,1,2012,2012,award
BC SOUNDS LLC,Department of Agriculture,22645.0,2,2016,2017,award
"BCA INDUSTRIES, INC.",Department of Health and Human Services,495750.0,1,2016,2016,award
BCM INDUSTRIAL SERVICES,Department of Defense,22288.0,1,2014,2014,award
BCM INDUSTRIAL SERVICES,Department of Homeland Security,56334.6,1,2014,2014,award
BCT PARTNERS LLC,Department of Justice,186840.09,10,2017,2021,award
BEA CONSTRUCTION CORP.,Department of the Interior,24152.0,2,2008,2011,award
BEACON POINT ASSOCIATES LLC,Department of Veterans Affairs,201243.97,2,2018,2021,award
BEACON TELECOM INC,Department of Homeland Security,37631.78,1,2017,2017,award
"BEAR STEELE GLOBAL, LTD. CO.",Department of the Interior,401697.49,3,2025,2025,award
BEATO & ASSOCIATES,Department of Veterans Affairs,5937.5,1,2015,2015,award
BECKER DIGITAL LLC,Department of Veterans Affairs,7000.0,1,2023,2023,award
BECKMAN COULTER P.R. INC.,Department of Defense,87240.0,2,2007,2008,award
BECKMAN COULTER P.R. INC.,Department of Veterans Affairs,453559.29,13,2008,2015,award
"BECKMAN COULTER, INC",Department of Veterans Affairs,1462854.26,5,2017,2019,award
BECKTON ENVIRONMENTAL LABORATORIES INC,Department of Agriculture,14823.0,1,2021,2021,award
BECKTON ENVIRONMENTAL LABORATORIES INC,Department of Defense,29275.0,3,2013,2018,award
"BECTON, DICKINSON AND CO",Department of Health and Human Services,132239.0,1,2016,2016,award
"BECTON, DICKINSON AND COMPANY",Department of Health and Human Services,0.0,1,2018,2018,award
"BECTON, DICKINSON AND COMPANY",Department of Veterans Affairs,162567.2,7,2017,2023,award
"BEISWENGER, HOCH & ASSOCIATES, INC",Department of Transportation,12000.0,1,2007,2007,award
"BELKRO GENERAL CONTRACTORS, INC.",Department of Veterans Affairs,8424008.43,22,2008,2015,award
"BELLA INTERNATIONAL, LLC",Department of Agriculture,13400.0,1,2011,2011,award
"BELLA INTERNATIONAL, LLC",Department of Homeland Security,6558.46,1,2008,2008,award
"BELLA INTERNATIONAL, LLC",Department of Justice,58602.63,2,2018,2020,award
"BELLA INTERNATIONAL, LLC",General Services Administration,45360.0,1,2018,2018,award
"BELLSOUTH TELECOMMUNICATIONS, LLC",Department of Veterans Affairs,28387.85,1,2016,2016,award
BENCHMARK EDUCATION COMPANY LLC,Department of Defense,9229.0,2,2020,2020,award
BENIGNO RODRIGUES,Department of the Interior,154798.98,1,2005,2005,award
BENITEZ ALL ALUMINUM CORP.,Department of Commerce,8995.02,1,2014,2014,award
BENJAMIN FOODS L.L.C.,Department of Justice,638831.69,11,2018,2019,award
"BERBERICH, MEGAN E",Department of Agriculture,99403.0,2,2018,2019,award
BERGERABAM JOINT VENTURE,Department of Homeland Security,532089.62,1,2018,2018,award
BERLITZ CORPORATION,Department of Justice,3890.6,1,2025,2025,award
BERLITZ PUERTO RICO INC,Department of Homeland Security,5370.64,1,2018,2018,award
BERLITZ PUERTO RICO INC,Department of the Treasury,6695.0,1,2006,2006,award
BERMUDEZ ERICK N,Department of the Interior,124940.0,2,2011,2012,award
BERMUDEZ MITSUKA,Department of the Interior,348108.43,6,2012,2023,award
"BERMUDEZ, JOSE L",Department of Agriculture,0.0,1,2011,2011,award
BERRIOS MONTES LUIS,Department of Agriculture,788626.77,5,2019,2023,award
BERRY WILLIAM C,Federal Communications Commission,532877.7,7,2018,2024,award
BERYLLIUM CORPORATION,Department of Health and Human Services,10620.0,2,2015,2015,award
"BES DESIGN/BUILD, LLC",Department of Veterans Affairs,857233.04,2,2016,2017,award
"BES ENTERPRISES, INC",Department of Homeland Security,97953.0,1,2018,2018,award
BEST DEAL GENERAL CONTRACTOR INC,Department of Homeland Security,29983.0,1,2019,2019,award
BEST FIRE TECH CORP,Department of Defense,5040.0,1,2011,2011,award
BEST FIRE TECH CORP,Department of Homeland Security,4799.78,1,2014,2014,award
BEST FIRE TECH CORP,Department of Veterans Affairs,11593.0,1,2010,2010,award
BEST GOLF CAR LLC,Department of Defense,53575.46,7,2008,2016,award
BEST GOLF CAR LLC,Department of Veterans Affairs,79953.09,10,2008,2010,award
BEST GOLF CAR LLC,Department of the Interior,53528.0,1,2025,2025,award
"BEST PRICED PRODUCTS, INC.",Department of Veterans Affairs,15061.25,1,2018,2018,award
BEST SEASONINGS GROUP INC,Department of Justice,13937.5,4,2014,2016,award
BEST SOLUTIONS ENGINEERING AND MAINTENANCE SERVICES PSC,Department of Defense,797742.53,23,2010,2013,award
BEST WIRE CORPORATION,Department of Veterans Affairs,22082.0,3,2008,2008,award
"BESTWAY TRANSPORT, INC.",Department of Homeland Security,1559912.53,5,2017,2022,award
BETA ELECTRIC CORPORATION,Department of Defense,100000.0,1,2011,2011,award
BETA ELECTRIC CORPORATION,Department of Veterans Affairs,11000.0,1,2023,2023,award
BETA ELECTRIC CORPORATION,General Services Administration,1874763.5,5,2018,2018,award
BETANCE ENTERPRISES INC,Department of Defense,1174299.7,1,2014,2014,award
"BETTER DIRECT, LLC",Department of Defense,13800.5,1,2024,2024,award
"BETTER DIRECT, LLC",Department of Justice,3594.49,1,2018,2018,award
BETTEROADS ASPHALT CORP,Department of Transportation,6451824.91,1,2009,2009,award
BEYER BLINDER BELLE ARCHITECTS & PLANNERS LLP,Department of the Interior,0.0,1,2009,2009,award
BEYLEY CONSTRUCTION GROUP CORP,Department of Veterans Affairs,2882651.01,1,2004,2004,award
BGE MAINTENANCE SERVICE CORPORATION,Department of Homeland Security,23427.53,1,2008,2008,award
BGRS RELOCATION INC,Department of Energy,87831.34,2,2018,2022,award
"BHATE ENVIRONMENTAL ASSOCIATES, INC.",Department of Defense,2784450.33,2,2016,2024,award
"BHATE ZAPATA, LLC",Department of Defense,215299.11,1,2021,2021,award
BIALEK CORPORATION OF MARYLAND,Department of Homeland Security,534704.05,2,2025,2025,award
"BIBLIO SERVICES, INC",Department of Defense,5303.0,1,2008,2008,award
BICYCLE PATROL OUTFITTERS,Department of Defense,13171.28,1,2014,2014,award
BIF NEW YORK INC,Department of Agriculture,58260.03,1,2023,2023,award
"BIG DADDY FOODS, INC",Department of Justice,855157.7,19,2019,2025,award
BIG ISLAND BUSH LLC,Department of Agriculture,4600.0,1,2020,2020,award
BIG TOP INC,Department of Defense,11876.62,1,2025,2025,award
BIG TOP INC,Department of Homeland Security,3972114.52,4,2018,2023,award
BIG TOP INC,Department of the Interior,5900.0,1,2016,2016,award
BIG TOP MANUFACTURING LLC,Department of Transportation,20250.0,1,2019,2019,award
"BIM CONTRACTORS, LLC",Department of Agriculture,0.0,1,2017,2017,award
"BIM CONTRACTORS, LLC",Department of Defense,4001330.77,2,2018,2018,award
"BIM CONTRACTORS, LLC",Department of Homeland Security,86473.0,2,2012,2019,award
"BIM CONTRACTORS, LLC",Department of Transportation,782440.66,1,2012,2012,award
"BIM CONTRACTORS, LLC",Department of the Interior,56940.0,1,2014,2014,award
"BIO-NUCLEAR OF PUERTO RICO, INC",Department of Agriculture,19283.16,1,2014,2014,award
"BIO-NUCLEAR OF PUERTO RICO, INC",Department of Health and Human Services,669136.71,11,2011,2022,award
"BIO-NUCLEAR OF PUERTO RICO, INC",Department of Veterans Affairs,143008.55,41,2008,2018,award
"BIO-OPTRONICS, INC.",Department of Veterans Affairs,19320.0,1,2014,2014,award
BIO-TECH MED CORP,Department of Justice,10725.0,2,2011,2011,award
BIO-TECH MED CORP,Department of Veterans Affairs,107601.0,20,2011,2018,award
BIOANALYTICAL INSTRUMENTS INC,Department of Agriculture,733117.77,12,2018,2025,award
BIOANALYTICAL INSTRUMENTS INC,Department of Health and Human Services,2257488.06,65,2008,2025,award
BIOANALYTICAL INSTRUMENTS INC,Department of Homeland Security,264562.36,5,2007,2024,award
BIOANALYTICAL INSTRUMENTS INC,Department of State,27618.85,2,2015,2018,award
BIOANALYTICAL INSTRUMENTS INC,Department of Veterans Affairs,4329.62,1,2008,2008,award
BIOARTIS HEALTHCARE CORPORATION,Department of Health and Human Services,21735.41,1,2009,2009,award
BIOARTIS HEALTHCARE CORPORATION,Department of Veterans Affairs,18590.0,4,2010,2010,award
"BIODESIX, INC",Department of Veterans Affairs,26758.29,1,2023,2023,award
BIOFEEDBACK RESOURCES INTERNATIONAL CORPORATION,Department of Veterans Affairs,19995.0,1,2025,2025,award
BIOHABITATS INC,Department of the Interior,0.0,1,2011,2011,award
"BIOLOGICS, INC.",Department of Veterans Affairs,0.0,1,2017,2017,award
"BIOMEDIC SYSTEMS, INC.",Department of Veterans Affairs,109000.0,1,2018,2018,award
BIOMEDICAL TECHNICAL SERVICES,Department of Veterans Affairs,68729.9,10,2008,2013,award
BIOMET 3I LLC,Department of Veterans Affairs,197813.6,1,2018,2018,award
BIOMET ORTHOPEDICS PUERTO RICO INC,Department of Veterans Affairs,377192.0,44,2011,2014,award
"BIOMET, INC.",Department of Veterans Affairs,20366.0,2,2019,2019,award
"BIONOMICS, INC.",Department of Veterans Affairs,22150.0,1,2018,2018,award
BIOSAFE PRODUCTS CORP,Department of Homeland Security,16130.0,1,2012,2012,award
"BIOSENSE WEBSTER, INC.",Department of Veterans Affairs,9150.0,1,2023,2023,award
BIRDON AMERICA INC,Department of Defense,19862.5,1,2022,2022,award
BISMARCK CASANOVA SANTIAGO,Department of Justice,3000.0,1,2023,2023,award
BKC INDUSTRIES INC,Department of the Interior,2734312.48,2,2019,2020,award
BL HARBERT INTERNATIONAL LLC,Department of Defense,0.0,1,2017,2017,award
BLACK & VEATCH SPECIAL PROJECTS CORP.,Department of Defense,0.0,1,2024,2024,award
BLACK & VEATCH SPECIAL PROJECTS CORP.,Department of Homeland Security,27144.7,1,2018,2018,award
BLACK BOX P.R. CORP,Department of Defense,98883.4,6,2008,2012,award
BLACK BOX P.R. CORP,Department of Justice,3900.0,1,2008,2008,award
BLACK BOX P.R. CORP,Department of Veterans Affairs,2020.0,2,2008,2008,award
BLACK BULL GROUP INC.,Department of Commerce,20739.91,1,2022,2022,award
BLACK BULL GROUP INC.,Department of Defense,2840462.24,31,2021,2025,award
BLACK BULL GROUP INC.,Department of Homeland Security,75592.65,1,2024,2024,award
BLACK BULL LOGISTICS SL.,Department of Defense,103400.0,1,2022,2022,award
BLACK HAWK SHIPPING ENTERPRISES INC,Department of Homeland Security,2015.0,2,2011,2012,award
BLACK HORSE GROUP LLC,Department of Defense,0.0,1,2017,2017,award
BLASCO CONSTRUCTION CORP,Department of Transportation,101080.0,1,2019,2019,award
"BLAUER MANUFACTURING CO., INC.",Department of Justice,10889.0,3,2018,2020,award
BLAZE ENERGY GROUP CORP.,Department of Veterans Affairs,5000.0,1,2022,2022,award
BLIND INDUSTRIES & SERVICES OF MARYLAND,Department of Agriculture,4696.62,1,2018,2018,award
BLINK SUPPLIES INC,Department of Homeland Security,1092510.0,1,2020,2020,award
BLM CORPORATION,Department of Defense,10500.0,1,2010,2010,award
BLM CORPORATION,Department of Homeland Security,5500.0,1,2013,2013,award
"BLOW & COTE, INC",Department of Transportation,483981.24,1,2019,2019,award
"BLUE EARTH CONSULTANTS, LLC",Department of Commerce,44624.51,1,2014,2014,award
BLUE TECH INC.,Department of Defense,49081.8,1,2024,2024,award
BLUE TECH INC.,Department of Homeland Security,16170.0,1,2018,2018,award
BLUE TECH INC.,Department of the Interior,36077.89,1,2024,2024,award
BLUEGRASS CONTRACTING CORP,Department of Transportation,1929122.55,1,2014,2014,award
BLUEICE ENGINEERING LLC,Department of the Interior,0.0,1,2019,2019,award
"BLUELINE RENTAL, LLC",Department of Homeland Security,0.0,1,2018,2018,award
"BLUESKY MAST, LLC",Department of Defense,39186.82,1,2023,2023,award
BLUEWATER DEFENSE INC.,Department of Defense,47041761.06,14,2011,2012,award
"BLUEWATER DEFENSE, INC",Department of Defense,357272723.34,137,2008,2024,award
"BLUEWATER DEFENSE, INC",Department of Justice,63193.39,2,2016,2016,award
"BMK VENTURES, INC.",Department of Defense,23530.0,1,2021,2021,award
BODY BUILDERS DISCOUNT OUTLET INC,Department of Justice,11050.0,1,2019,2019,award
BODY SHOP MANUFACTURING INC,Department of Agriculture,16349.81,1,2025,2025,award
BODY SHOP MANUFACTURING INC,General Services Administration,123488.55,26,2019,2022,award
"BONAFIDE & CERTIFIED REPORTING SERVICE, INC.",Department of Defense,13048.0,2,2009,2010,award
"BONAFIDE & CERTIFIED REPORTING SERVICE, INC.",Department of Health and Human Services,1415.0,1,2008,2008,award
"BONAFIDE & CERTIFIED REPORTING SERVICE, INC.",Department of Justice,134678.95,45,2008,2025,award
"BONAFIDE & CERTIFIED REPORTING SERVICE, INC.",Department of the Treasury,11286.9,2,2010,2012,award
"BONAFIDE & CERTIFIED REPORTING SERVICE, INC.",Equal Employment Opportunity Commission,4300.0,1,2010,2010,award
"BONANO, JESUS M",Department of the Interior,1200.0,1,2008,2008,award
"BONARD INTERNATIONAL, CORP.",Department of Agriculture,3513.25,1,2014,2014,award
"BONARD INTERNATIONAL, CORP.",Social Security Administration,3135.0,1,2014,2014,award
BONGIOVANNI MARIA C,Department of Veterans Affairs,91250.0,5,2021,2025,award
"BONNET-SANZ,FRANCISCO",Department of Justice,6450.0,2,2015,2020,award
"BONNET-SANZ,FRANCISCO",General Services Administration,4300.0,1,2012,2012,award
BONNEVILLE CONTRACTING AND TECHNOLOGY GROUP LLC,Department of Defense,294585.23,4,2015,2023,award
BONNEVILLE CONTRACTING AND TECHNOLOGY GROUP LLC,Department of Transportation,146268.81,1,2020,2020,award
BONNEVILLE CONTRACTING AND TECHNOLOGY GROUP LLC,Department of Veterans Affairs,34080.43,1,2024,2024,award
BONNEVILLE CONTRACTING AND TECHNOLOGY GROUP LLC,Department of the Interior,247000.58,1,2020,2020,award
BONNEVILLE CONTRACTING AND TECHNOLOGY GROUP LLC,Department of the Treasury,5038.0,1,2008,2008,award
BONNEVILLE SCHOOL INC,Department of Homeland Security,13847.5,3,2007,2009,award
BONNIN ELECTRONICS INC,Department of Defense,12600.0,1,2023,2023,award
BONNIN ELECTRONICS INC,Department of Homeland Security,55564.0,3,2015,2021,award
BONNIN ELECTRONICS INC,Department of Justice,19529.94,1,2013,2013,award
BONNIN ELECTRONICS INC,Department of Veterans Affairs,7560.36,5,2008,2008,award
BONUS ENVIRONMENTAL LLC,Department of Defense,77025.0,1,2023,2023,award
"BOONE, AUBREY",Department of Homeland Security,0.0,1,2015,2015,award
BOOZ ALLEN HAMILTON INC,Department of Defense,0.0,1,2008,2008,award
BORIKEN PARTS AND EQUIPMENTS CORP,Department of Agriculture,44200.0,1,2024,2024,award
BORINKEN INDUSTRIAL LAUNDRY,Department of Veterans Affairs,14082.3,4,2008,2008,award
"BORINQUEN TOWN PLAZA, CORP",General Services Administration,722487.87,24,2008,2010,award
"BOSCANA, ANTONIO",Department of Agriculture,1430.0,1,2011,2011,award
BOSQUE MODELO DE PUERTO RICO,Department of Agriculture,33000.0,1,2016,2016,award
BOSQUE NITZA,Department of the Interior,12350.75,2,2009,2010,award
BOSTON SCIENTIFIC CORP,Department of Veterans Affairs,291969.92,14,2018,2023,award
"BOSTON SCIENTIFIC DEL CARIBE, INC",Department of Veterans Affairs,101574.0,1,2024,2024,award
BOTACH INC.,Department of Defense,55500.0,1,2024,2024,award
"BOULOGNE, NELSON E",Department of the Interior,144527.86,2,2021,2023,award
BOUND TREE MEDICAL LLC,Department of Homeland Security,11244.03,1,2020,2020,award
BOUNDLESS MANAGEMENT OUTSOURCING GROUP LLC,Department of Defense,673271.39,8,2021,2025,award
"BOWMAN, FOSTER & ASSOCIATES, INC.",Department of Defense,54242.0,1,2003,2003,award
"BOX ELECTRONIC SOUND & LIGHTS, INC.",Department of Defense,17627.25,1,2016,2016,award
BOYD CO. LLC,Department of Homeland Security,8007.09,1,2020,2020,award
BR GLOBAL LEARNING & CONSULTING CORP,Department of Justice,6000.0,1,2010,2010,award
BRAMAR PROMOTIONS LLC,Department of Defense,23890.0,1,2018,2018,award
BRAMAR PROMOTIONS LLC,Department of Homeland Security,62696.42,1,2018,2018,award
BRAND ENERGY & INFRASTRUCTURE SERVICES OF PUERTO RICO CORP.,Department of Defense,5310.0,1,2010,2010,award
BRAND ENERGY & INFRASTRUCTURE SERVICES OF PUERTO RICO CORP.,Department of Homeland Security,18396.52,5,2005,2018,award
BRASFIELD & GORRIE LLC,Department of Defense,0.0,1,2014,2014,award
BRAVE AUDIO VISUAL INC,Department of Agriculture,8575.0,2,2008,2014,award
BRAVE AUDIO VISUAL INC,Department of Defense,8240.0,1,2008,2008,award
BRAVE AUDIO VISUAL INC,Department of Education,18675.0,5,2008,2015,award
BRAVE AUDIO VISUAL INC,Department of Justice,8940.0,2,2008,2019,award
BRAVE AUDIO VISUAL INC,Environmental Protection Agency,25640.0,5,2008,2014,award
BRAVO ZULU LLC,Department of Veterans Affairs,868028.45,1,2023,2023,award
"BRAVO, INC.",Department of Veterans Affairs,1455181.0,20,2018,2025,award
"BRAZOS ROOFING INTERNATIONAL OF SOUTH DAKOTA, INC.",Department of Defense,14484998.18,3,2023,2025,award
BRENDALIZ RAMOS VARGAS,Department of Veterans Affairs,1600.0,1,2008,2008,award
"BRETFORD MANUFACTURING, INC.",Department of Defense,791.76,2,2011,2014,award
"BREVARD ACHIEVEMENT CENTER, INC.",Department of Defense,17009989.32,3,2011,2021,award
"BREVARD PROSTHETICS & ORTHOTICS, INC.",Department of Veterans Affairs,16861.43,1,2025,2025,award
BRIGHT MAINTENANCE SOLUTIONS CORP,Department of Agriculture,95215.0,7,2013,2015,award
BRISAS DEL CARIBE RESTAURANT,Department of Defense,8910.0,1,2011,2011,award
"BRISTOL-MYERS SQUIBB PUERTO RICO, INC",Department of Veterans Affairs,75174.64,10,2008,2008,award
BROAD PEAK DEFENSE LLC,Department of Justice,10544.5,1,2018,2018,award
BROADCAST MICROWAVE SERVICES LLC,Department of Homeland Security,62992.9,2,2018,2018,award
BROADCAST MICROWAVE SERVICES LLC,Department of Transportation,215747.63,2,2019,2020,award
BROADCASTING & PROGRAMMING SYSTEMS INC,Department of Justice,2950.0,1,2011,2011,award
"BROCKINGTON AND ASSOCIATES, INC.",Department of Defense,172220.26,1,2021,2021,award
BROGAN INTERNATIONAL,Department of Veterans Affairs,7460.0,3,2008,2008,award
"BRONZE STAR APPAREL GROUP, INC",Department of Defense,24853843.36,46,2013,2018,award
BRONZE STAR LLC,Department of Homeland Security,0.0,2,2018,2018,award
"BROOKS RANGE CONTRACT SERVICES, INC.",General Services Administration,30140.75,4,2016,2017,award
BROTHERS COLLISION & PAINT CENTER CORP.,Department of Homeland Security,9002.58,1,2020,2020,award
"BROWN POINT FACILITY MANAGEMENT SOLUTIONS, LLC",Department of Homeland Security,927864.05,9,2018,2022,award
"BROWN POINT FACILITY MANAGEMENT SOLUTIONS, LLC",Department of the Interior,10050.0,1,2018,2018,award
"BRUBAKER & ASSOCIATES, INC",Department of Defense,201442.53,2,2017,2018,award
BRUJULAS INC,Department of Justice,15647.15,1,2024,2024,award
BRUKER AXS INC.,Department of Homeland Security,12230.2,1,2014,2014,award
BRUKER HANDHELD LLC,Department of Homeland Security,55311.0,1,2020,2020,award
BRUNO INDEPENDENT LIVING AIDS INC,Department of Veterans Affairs,14981.08,2,2018,2018,award
"BRYANT'S LAND AND DEVELOPMENT INDUSTRIES, INC.",Department of Transportation,13968905.33,5,2014,2022,award
"BRYMAK & ASSOCIATES, INC.",Department of Defense,8333120.19,76,2011,2025,award
"BRZEZNICKA, MONIKA LIDIA",Department of the Interior,2400.0,1,2012,2012,award
"BSE PERFORMANCE, LLC",Department of Defense,119875.0,1,2014,2014,award
BTC INC,Department of Agriculture,219840.0,3,2021,2025,award
BTC INC,Department of Defense,16200.0,1,2007,2007,award
BTC INC,Department of Justice,7800.0,1,2018,2018,award
BTC INC,Department of Veterans Affairs,29950.0,2,2010,2016,award
"BUCKEYE BRIDGE, LLC",Department of Transportation,1839165.0,1,2015,2015,award
BUENAS OLAS BOUTIQUE HOTEL,Department of Defense,7540.0,1,2010,2010,award
BUFFALO SUPPLY INC.,Department of Veterans Affairs,176394.64,4,2018,2019,award
BUG CITY PEST CONTROL INC,Department of Defense,3657.0,1,2013,2013,award
BUILD & BUILD CORP,Department of Defense,999991.79,1,2021,2021,award
BUILD & BUILD CORP,Department of Labor,193927.89,3,2019,2020,award
BUILD A BOX HOMES LLC,Department of the Interior,65000.0,1,2022,2022,award
BUILDING FAST CLEANING SERVICE CORP,Department of Agriculture,446253.02,3,2016,2024,award
BUILDING FAST CLEANING SERVICE CORP,Department of Defense,435484.26,3,2016,2021,award
BUILDING FAST CLEANING SERVICE CORP,Department of Homeland Security,649500.94,9,2015,2023,award
BUILDING FAST CLEANING SERVICE CORP,Department of Veterans Affairs,1842540.74,2,2019,2024,award
BUILDING FAST CLEANING SERVICE CORP,General Services Administration,2466190.33,2,2019,2023,award
BUILDING MECHANICAL SERVICES CORP,General Services Administration,2830955.28,41,2006,2018,award
"BUILDING SYSTEMS, INC.",Department of Transportation,772280.75,1,2018,2018,award
BUILDINGS & GROUNDS SERVICE CORPORATION,Department of Agriculture,142732.92,1,2010,2010,award
BUILDINGS & GROUNDS SERVICE CORPORATION,Department of Defense,103990.0,3,2008,2010,award
"BUITRAGO, LUIS C",Department of Justice,254405.8,2,2016,2016,award
"BUNZL DISTRIBUTION CALIFORNIA, LLC",Department of Defense,0.0,1,2016,2016,award
BURHANI ENTERPRISES INC,Department of Defense,19347.61,2,2021,2025,award
"BURNS & MCDONNELL ENGINEERING COMPANY, INC.",Department of Defense,152403.6,5,2023,2025,award
BUSINESS CONTRACTING & INVESTMENT INC,Department of Agriculture,3797.55,1,2007,2007,award
BUSINESS INTERIORS INC,Department of Defense,27732.5,1,2008,2008,award
BUSINESS INTERIORS INC,Department of Homeland Security,23758.93,2,2005,2007,award
BUSINESS INTERIORS INC,Department of the Interior,50840.6,1,2009,2009,award
"BUSINESS MANAGEMENT RESEARCH ASSOCIATES, INC.",Department of Agriculture,0.0,1,2019,2019,award
BUSINESS SUPPORT CO INC,Department of Defense,14975.0,2,2012,2012,award
"BUY SMART, LLC",Department of Agriculture,13561.1,1,2020,2020,award
"BUY SMART, LLC",Department of Justice,30479.37,2,2018,2019,award
"BUYER SOLUTIONS, LLC",Department of Defense,4347.45,7,2019,2020,award
BY LIGHT PROFESSIONAL IT SERVICES LLC,Department of Defense,2284929.59,1,2021,2021,award
C & C AIR CONDITIONING AND ELECTRICAL SERVICES INC.,Department of Defense,9900.0,1,2014,2014,award
"C & C INTERNATIONAL COMPUTERS & CONSULTANTS, INC.",Department of Homeland Security,153400.89,3,2018,2021,award
C & L MANAGEMENT CORP.,Department of Justice,800.0,1,2018,2018,award
C & P ENVIRONMENTAL AND CONSTRUCTION SERVICES,Department of Agriculture,5601.0,1,2010,2010,award
"C & R SECURITY SYSTEMS, INC",Department of Justice,19280.0,2,2010,2010,award
"C & R SECURITY SYSTEMS, INC",Department of Veterans Affairs,7250.0,1,2016,2016,award
C A AUDIOVISUAL CONTRACTORS LLC,Department of Justice,4350.0,2,2023,2024,award
"C A M INTERNATIONAL USA, INC",Department of Defense,108675.0,1,2018,2018,award
C B M CAPITAL BUILDING MAINTENANCE INCORPORATED,Department of Defense,311798.32,5,2004,2007,award
C B M CAPITAL BUILDING MAINTENANCE INCORPORATED,General Services Administration,1016084.22,3,2008,2011,award
C CLEAN CORP,Department of Agriculture,180.0,1,2021,2021,award
C CLEAN CORP,Department of the Interior,100200.0,2,2022,2023,award
C E & L FIRE EXTINGUISHERS,Department of Agriculture,5335.01,1,2015,2015,award
C E & L FIRE EXTINGUISHERS,Department of Homeland Security,3970.0,2,2010,2011,award
C E & L FIRE EXTINGUISHERS,Department of Veterans Affairs,15725.0,2,2010,2011,award
"C F SECURITY SOLUTIONS, INC",Department of Commerce,13253.0,1,2016,2016,award
C O C INTERNATIONAL INC,Department of Defense,0.0,1,2005,2005,award
C P & S MECHANICAL CORP,Department of Defense,35390.0,2,2008,2008,award
C-A NATIVE CONSTRUCTORS INC,Department of Transportation,1825527.8,1,2022,2022,award
"C.A. ADVANCED, INC.",Department of Defense,261980.46,1,2018,2018,award
C.B.M. CAPITAL BUILDING MAINTENANCE INC.,Department of Commerce,5460.0,1,2007,2007,award
C.B.M. CAPITAL BUILDING MAINTENANCE INC.,Department of Defense,340732.1,5,2007,2009,award
C.B.M. CAPITAL BUILDING MAINTENANCE INC.,Department of Health and Human Services,218729.92,2,2011,2011,award
C.B.M. CAPITAL BUILDING MAINTENANCE INC.,Department of Homeland Security,1248.0,1,2018,2018,award
C.B.M. CAPITAL BUILDING MAINTENANCE INC.,Department of Justice,11760.0,1,2010,2010,award
C.B.M. CAPITAL BUILDING MAINTENANCE INC.,Department of Transportation,557918.56,2,2007,2012,award
"C.E. CARIBBEAN EQUIPMENT, INC",Department of Agriculture,14305.34,1,2016,2016,award
"C.E. CARIBBEAN EQUIPMENT, INC",Department of Defense,19000.0,1,2018,2018,award
"C.E. CARIBBEAN EQUIPMENT, INC",Department of Homeland Security,24495.5,2,2012,2016,award
C.J. QUINONES ENGINEERING & STRUCTURAL CONSULTANT PROFESSIONAL CORPORATION,Department of Homeland Security,1500.0,1,2014,2014,award
"C.N.S. COMMUNICATIONS, LLC",Department of Transportation,260357.93,1,2019,2019,award
"C2G, LTD CO.",Department of Defense,188792.38,1,2015,2015,award
CABRAS MARINE CORPORATION,Department of Defense,1176389.06,2,2022,2023,award
CABSUPPLY,Department of Veterans Affairs,58478.7,25,2008,2011,award
CACHIE'S SNACKS AND MORE,Department of Homeland Security,29979.65,1,2006,2006,award
"CACI DYNAMIC SYSTEMS, LLC",Department of Agriculture,0.0,1,2013,2013,award
"CACI IDT, LLC",Department of Defense,207138.0,2,2021,2021,award
CADDELL NOVA A JV,Department of Homeland Security,83712003.16,1,2022,2022,award
"CADILLAC CLEAN ROOM SERVICES, INC.",Department of Defense,106915.57,29,2013,2017,award
"CADILLAC UNIFORMS AND LINEN SUPPLY, LLC",Department of Defense,27916.27,4,2012,2018,award
"CADILLAC UNIFORMS AND LINEN SUPPLY, LLC",Department of Health and Human Services,6745.82,2,2012,2013,award
CADUCEUS INC.,Department of Health and Human Services,7500478.76,4,2016,2017,award
CADWELL LABORATORIES INC,Department of Veterans Affairs,17464.12,1,2018,2018,award
CAE USA INC.,Department of Homeland Security,1615833.36,1,2017,2017,award
"CAEZ RIVERA, SARA",Department of Health and Human Services,8229.6,2,2006,2007,award
CAGUAS EXPRESSWAY MOTORS LLC,Department of Homeland Security,1223013.43,7,2005,2009,award
"CALAS, MANUEL",Department of Defense,8000.0,1,2013,2013,award
"CALCON, INC.",Department of Homeland Security,1575.0,1,2008,2008,award
CALDAIA CONTROLS LLC,Department of Veterans Affairs,31350.0,1,2022,2022,award
"CALHOUN BATTERY, INC.",Department of Defense,7255.51,1,2015,2015,award
CALIBRE SYSTEMS INC,Department of Agriculture,30503.79,1,2019,2019,award
"CALIFON SYSTEMS, LLC",Department of Defense,21532.28,1,2019,2019,award
"CALIFORNIA INDUSTRIAL FACILITIES RESOURCES, INC.",Department of Homeland Security,2937728.5,1,2019,2019,award
CALLYO 2009 CORP,Department of Justice,105639.76,8,2017,2023,award
"CALYPTUS CONSULTING GROUP, INC.",Department of Transportation,276414.21,1,2019,2019,award
"CAM SAN JUAN TENANT, LLC",Department of Defense,474180.0,53,2008,2013,award
"CAM SAN JUAN TENANT, LLC",Department of Homeland Security,27138.4,3,2007,2012,award
"CAM SAN JUAN TENANT, LLC",Department of Justice,16589.15,1,2008,2008,award
"CAM SAN JUAN TENANT, LLC",Department of Veterans Affairs,26832.64,2,2010,2010,award
"CAM SAN JUAN TENANT, LLC",Environmental Protection Agency,3825.0,1,2008,2008,award
CAMBRIDGE INTERNATIONAL SYSTEMS INC.,Department of Defense,13438912.58,2,2006,2014,award
"CAMERA-MUNDI, LLC",Department of Homeland Security,4680.87,1,2012,2012,award
"CAMERA-MUNDI, LLC",Department of Justice,4494.0,1,2010,2010,award
"CAMERA-MUNDI, LLC",Department of Veterans Affairs,231197.55,12,2016,2023,award
"CAMERA-MUNDI, LLC",General Services Administration,27163.45,1,2018,2018,award
CAMFIL FARR INC.,Department of Homeland Security,6312.6,1,2013,2013,award
CAMFIL FARR INC.,Department of State,15473.55,2,2013,2015,award
CAMI INC,Department of Defense,75080.0,2,2014,2014,award
CAMPBELL OIL CO,Department of Defense,32865.0,1,2019,2019,award
CAMPBELL SCIENTIFIC INC,Department of Agriculture,54884.33,4,2018,2024,award
CAMPBELL-EWALD COMPANY,Department of Defense,181922.0,1,2008,2008,award
CAMPOMAR RESTAURANT & HOTEL CORPORATION,Department of Defense,0.0,10,2025,2025,award
"CAMPOS NIEVES, AMERICO",Department of Agriculture,97285.0,9,2008,2014,award
CAMUY HEALTH SERVICES,Department of Health and Human Services,4000.0,1,2008,2008,award
"CAN'T BE BEAT FENCE AND CONSTRUCTION, LLC",Department of Defense,5584261.29,2,2012,2012,award
"CANO, MARIVEL",Department of Agriculture,9968.0,1,2009,2009,award
"CANON FINANCIAL SERVICES, INC.",Department of Agriculture,7995.25,1,2018,2018,award
"CANON MEDICAL SYSTEMS USA, INC",Department of Veterans Affairs,7688959.5,9,2018,2025,award
"CANON U.S.A., INC.",Department of Defense,15360.4,1,2015,2015,award
"CANON U.S.A., INC.",Department of Homeland Security,43966.18,5,2011,2020,award
"CANON U.S.A., INC.",Department of Justice,1435.44,5,2017,2024,award
CANTESIA VICKERS,Department of Defense,23.34,3,2025,2025,award
"CAPARRA CENTER ASSOCIATES, LLC",Department of the Treasury,0.0,1,2022,2022,award
CAPARRA HILLS INC,Department of Homeland Security,13455.0,1,2005,2005,award
CAPARRA HILLS LLC,Department of Veterans Affairs,11220.0,1,2010,2010,award
CAPARRA HILLS LLC,Department of the Treasury,765778.05,6,2022,2024,award
"CAPARRA MOTOR SERVICE, INC.",Department of Homeland Security,2232.65,1,2009,2009,award
"CAPARRA MOTOR SERVICE, INC.",Department of Justice,37055.32,2,2008,2008,award
CAPEWELL AERIAL SYSTEMS LLC,Department of Homeland Security,14068.96,2,2018,2018,award
CAPITAL BRAND GROUP LLC,Department of the Interior,9750.0,1,2022,2022,award
"CAPITAL PROJECT MANAGEMENT, INC.",Department of Transportation,3960.0,1,2023,2023,award
CAPITAL SERVICES LLC,Department of Agriculture,9352.07,1,2019,2019,award
CAPITAL SERVICES LLC,Department of Health and Human Services,1610622.8,3,2019,2020,award
CAPITAL SERVICES LLC,Department of the Interior,498207.73,1,2018,2018,award
"CAPITAL SERVICES, LLC",Department of Agriculture,29340.0,2,2023,2023,award
"CAPITOL TRANSPORTATION, INC.",Department of Justice,1845.0,1,2012,2012,award
"CAPO, AMANDA",Department of Agriculture,625.0,2,2015,2015,award
"CAPRICE ELECTRONICS, INC",Department of Defense,55587.81,3,2019,2020,award
"CAPRICE ELECTRONICS, INC",Department of Homeland Security,28165.0,1,2019,2019,award
"CAPRICE ELECTRONICS, INC",Department of Justice,15611.12,1,2022,2022,award
CAPSA SOLUTIONS LLC,Department of Justice,10784.91,1,2018,2018,award
CAPSTONE MECHANICAL & GENERAL CONTRACTOR LLC,Department of Agriculture,462480.0,2,2023,2026,award
CAPSTONE MECHANICAL & GENERAL CONTRACTOR LLC,Department of the Interior,33627.2,2,2021,2022,award
CAPSTONE MECHANICAL & GENERAL CONTRACTOR LLC,Department of the Treasury,1958908.19,1,2024,2024,award
CAPTAIN LOBSTER MESON PUERTORRIQUENO INC,Department of Defense,13500.0,2,2014,2014,award
CAR ARMOR INC,Department of Justice,21440.0,1,2016,2016,award
"CARABALLO LOPEZ, PHILLIP",Department of Agriculture,25000.0,1,2010,2010,award
CARAHSOFT TECHNOLOGY CORP,Department of Homeland Security,10579.0,1,2021,2021,award
CARAHSOFT TECHNOLOGY CORP,Department of Justice,151942.29,12,2018,2024,award
CARCONGROUP ENGINEERING PSC,Department of Homeland Security,6997060.28,7,2019,2024,award
"CARDINAL COMPLIANCE CONSULTANTS, LLC",Department of Defense,7817.7,1,2020,2020,award
"CARDINAL HEALTH P.R. 120, INC",Department of Justice,5966.66,2,2008,2010,award
"CARDINAL HEALTH P.R. 120, INC",Department of Veterans Affairs,57638763.98,948,2008,2024,award
"CARDINAL HEALTH P.R. 220, LLC",Department of Veterans Affairs,74363.8,2,2023,2023,award
"CARDONA RAMIREZ, IVAN",Department of Veterans Affairs,3250.0,1,2011,2011,award
CAREFUSION 2200 INC,Department of Justice,5881.97,1,2018,2018,award
"CAREFUSION SOLUTIONS, LLC",Department of Justice,134742.0,8,2018,2020,award
"CAREFUSION SOLUTIONS, LLC",Department of Veterans Affairs,40705.0,1,2020,2020,award
CAREGIVERS DE PR,Department of Veterans Affairs,4832220.4,1,2005,2005,award
CARESTREAM HEALTH PUERTO RICO LLC,Department of Veterans Affairs,21374.55,9,2010,2015,award
"CARIBBEAN BROADCAST SUPPLIERS, INC",Department of Defense,29610.0,1,2010,2010,award
"CARIBBEAN BROADCAST SUPPLIERS, INC",Department of Veterans Affairs,308810.85,2,2012,2012,award
CARIBBEAN CANINE LLC,Department of Agriculture,110100.0,2,2023,2024,award
CARIBBEAN COMMUNICATIONS SOLUTIONS INC,Department of Homeland Security,7950.0,1,2006,2006,award
CARIBBEAN COMMUNICATIONS SOLUTIONS INC,Department of Veterans Affairs,63289.0,3,2008,2014,award
CARIBBEAN CONSOLIDATED SCHOOLS INC,Department of Homeland Security,142547.0,3,2007,2009,award
CARIBBEAN CONSOLIDATED SCHOOLS INC,Department of Justice,104404.98,6,2019,2025,award
CARIBBEAN CONSTRUCTION SOLUTIONS INC,Department of Homeland Security,14989.7,7,2010,2015,award
CARIBBEAN CONTRACTING SERVICES INC,Department of Agriculture,389388.67,4,2024,2025,award
CARIBBEAN CONTRACTING SERVICES INC,Department of Defense,436250.0,3,2020,2020,award
CARIBBEAN CONTRACTING SERVICES INC,General Services Administration,8091.25,1,2015,2015,award
CARIBBEAN CONTROLS GROUP INC,Department of Homeland Security,41500.0,2,2007,2013,award
CARIBBEAN DENTAL PRODUCTS CORP,Department of Justice,4295.0,1,2015,2015,award
CARIBBEAN DENTAL PRODUCTS CORP,Department of Veterans Affairs,322060.63,59,2008,2021,award
"CARIBBEAN ENGINEERING AND TECHNOLOGIES, INC.",Department of Agriculture,0.0,1,2022,2022,award
CARIBBEAN FAST STEEL BUILDING CORP,Department of Homeland Security,18895.0,1,2008,2008,award
CARIBBEAN FISHERY MANAGEMENT COUNCIL,Department of Commerce,20000.0,1,2008,2008,award
CARIBBEAN FLUID POWER INC.,Department of Veterans Affairs,2424.0,1,2008,2008,award
CARIBBEAN HEALTHCARE SUPPLIES CORP.,Department of Veterans Affairs,12700.0,4,2013,2016,award
"CARIBBEAN HOTEL DEVELOPERS, LLC",Department of Defense,93858.4,8,2015,2024,award
CARIBBEAN KAWASAKI CORP,Department of Agriculture,84720.0,4,2014,2020,award
CARIBBEAN KAWASAKI CORP,Department of Defense,62750.0,1,2008,2008,award
CARIBBEAN KAWASAKI CORP,Department of Homeland Security,30240.0,2,2010,2012,award
CARIBBEAN KAWASAKI CORP,Department of the Interior,118672.0,5,2010,2023,award
"CARIBBEAN LINEN TEX CARE, CORPORATION",Department of Veterans Affairs,15425.55,1,2016,2016,award
"CARIBBEAN LUMBER & HARDWARE, INC",Department of Homeland Security,23187330.07,1,2018,2018,award
CARIBBEAN MARINE SUPPLIES INC,Department of Agriculture,43079.0,3,2014,2020,award
CARIBBEAN MARINE SUPPLIES INC,Department of Defense,41021.54,2,2016,2018,award
CARIBBEAN MARINE SUPPLIES INC,Department of the Interior,66550.0,3,2011,2020,award
CARIBBEAN MED TEST CTR REF LAB,Department of Defense,95750.0,4,2008,2011,award
CARIBBEAN MEDICAL SP LLC,Department of Veterans Affairs,16122.2,1,2025,2025,award
CARIBBEAN MEDICAL SPECIALTIES CORP,Department of Veterans Affairs,1402663.54,60,2019,2026,award
"CARIBBEAN METAL FABRICATORS, INC.",Department of Agriculture,20340.0,1,2015,2015,award
"CARIBBEAN METAL FABRICATORS, INC.",Department of Veterans Affairs,5985.0,1,2014,2014,award
"CARIBBEAN METAL FABRICATORS, INC.",Department of the Interior,39320.0,2,2010,2010,award
CARIBBEAN MICRO SERVICES INC,Department of Defense,593698.1,3,2006,2008,award
CARIBBEAN MICRO SERVICES INC,Department of Veterans Affairs,17799.19,2,2010,2010,award
CARIBBEAN MICRO SERVICES INC,General Services Administration,277756.0,1,2007,2007,award
CARIBBEAN MOTORSPORTS CORP,Department of Veterans Affairs,10421.72,1,2024,2024,award
CARIBBEAN OFFICE CHAIRS MANUFACTURERS INC.,Department of Veterans Affairs,83700.0,3,2008,2011,award
CARIBBEAN OUTERWEAR CORP,Department of Defense,2495595.0,20,2007,2010,award
CARIBBEAN OUTERWEAR CORP,Department of Homeland Security,149975.0,1,2008,2008,award
CARIBBEAN PAINTING CONTRACTORS INC,Department of Defense,225400.0,2,2008,2008,award
CARIBBEAN PAINTING CONTRACTORS INC,Department of Homeland Security,8675.0,1,2010,2010,award
CARIBBEAN PAINTING CONTRACTORS INC,Department of Justice,6746.5,1,2008,2008,award
CARIBBEAN PAINTING CONTRACTORS INC,General Services Administration,329840.84,4,2006,2013,award
CARIBBEAN PHONE CENTER INC,Department of Homeland Security,8709.7,1,2011,2011,award
CARIBBEAN PHONE CENTER INC,Department of Veterans Affairs,1761512.41,22,2008,2018,award
CARIBBEAN PRODUCE EXCHANGE LLC,Department of Agriculture,278518850.0,5,2020,2025,award
CARIBBEAN PRODUCE EXCHANGE LLC,Department of Defense,106407.0,18,2008,2008,award
CARIBBEAN PRODUCE EXCHANGE LLC,Department of Homeland Security,1236391.72,2,2018,2018,award
CARIBBEAN PRODUCE EXCHANGE LLC,Department of Justice,43003.0,12,2008,2008,award
CARIBBEAN SCHOOL INC,Department of Defense,6755702.35,28,2004,2025,award
CARIBBEAN SCHOOL INC,Department of Homeland Security,600273.5,18,2006,2019,award
CARIBBEAN SCHOOL INC,Department of Justice,172245.0,10,2008,2013,award
"CARIBBEAN SIGN SUPPLIES MANUFACTURERS, INC.",Department of Transportation,16957715.7,1,2021,2021,award
"CARIBBEAN SIGN SUPPLY, INC.",Department of Agriculture,56500.0,1,2010,2010,award
"CARIBBEAN SITE TECHNOLOGIES, INC.",Department of Agriculture,7322.0,1,2011,2011,award
"CARIBBEAN SMART ENERGY, INC",Department of Agriculture,21937.0,1,2011,2011,award
"CARIBBEAN SMART ENERGY, INC",Department of the Interior,21890.0,1,2010,2010,award
"CARIBBEAN SNACKS, INC",Department of Defense,47423.2,6,2008,2008,award
CARIBBEAN TECHNICAL POWER SERVICE (C.T.P.S.) INC.,Department of Defense,351369.9,2,2009,2009,award
"CARIBBEAN TRANSLATION SERVICES, INC",Department of Homeland Security,45766.01,2,2006,2006,award
"CARIBBEAN TRANSLATION SERVICES, INC",Department of the Interior,6486.0,1,2011,2011,award
"CARIBBEAN TRUCK BODIES & EQUIPMENT, INC",Department of Defense,5050.0,1,2016,2016,award
"CARIBBEAN TRUCK BODIES & EQUIPMENT, INC",Department of Homeland Security,8548.0,1,2012,2012,award
"CARIBBEAN UNIVERSITY, INC",Department of Defense,129630.0,3,2008,2008,award
CARIBBEAN VETERINARY SUPPLIES CORP.,Department of Agriculture,17975.0,1,2014,2014,award
CARIBBEAN WOOD PVM,Department of Homeland Security,4485.0,1,2015,2015,award
"CARIBE AUDIOVISUALS, INC",Department of Education,2155.0,1,2008,2008,award
"CARIBE AUDIOVISUALS, INC",Department of Homeland Security,24000.44,1,2009,2009,award
CARIBE ENVIRONMENTAL SERVICES INC,Department of Homeland Security,18433.0,1,2014,2014,award
CARIBE FOOD DISTRIBUTORS INC,Department of Defense,67132.77,10,2015,2017,award
CARIBE FOOD DISTRIBUTORS INC,Department of Justice,19773.1,3,2019,2025,award
CARIBE FOOD SERVICES INC,Department of Defense,87330.0,10,2008,2013,award
CARIBE FREIGHT FORWARDING OF PUERTO RICO INC,Department of Homeland Security,12975.0,4,2011,2014,award
CARIBE GASKET & SUPPLY CO LTD.,Department of Veterans Affairs,1431.36,2,2008,2008,award
"CARIBE GENERAL CONSTRUCTORS, INC",Department of Defense,35865660.76,2,2012,2019,award
"CARIBE GENERAL CONSTRUCTORS, INC",General Services Administration,3585063.66,1,2016,2016,award
CARIBE HYDROBLASTING CORP,Department of Agriculture,147995.0,2,2007,2023,award
CARIBE HYDROBLASTING CORP,Department of Defense,351160.97,2,2008,2013,award
CARIBE HYDROBLASTING CORP,Department of Homeland Security,0.0,1,2008,2008,award
CARIBE HYDROBLASTING CORP,Department of Veterans Affairs,73082.33,1,2006,2006,award
CARIBE HYDROBLASTING CORP,Department of the Interior,58794.33,2,2021,2022,award
CARIBE HYDROBLASTING CORP,General Services Administration,615873.93,2,2008,2009,award
CARIBE INDUSTRIAL SYSTEM INC,Department of Defense,22186.85,1,2015,2015,award
CARIBE MEDICAL SUPPLY INC,Department of Agriculture,30000.0,1,2024,2024,award
CARIBE MEDICAL SUPPLY INC,Department of Defense,12323361.18,9,2007,2024,award
CARIBE MEDICAL SUPPLY INC,Department of Veterans Affairs,1903980.78,7,2018,2023,award
"CARIBE OPTI LAB , INC.",Department of Veterans Affairs,6978676.9,2,2006,2008,award
CARIBE RX SERVICE INC,Department of Veterans Affairs,109916.6,16,2008,2014,award
CARIBE SHELVING INC.,Department of Defense,7593.12,1,2012,2012,award
CARIBE TECNO CRL,Department of Transportation,14007069.86,1,2021,2021,award
CARIBE TECNO CRL,Department of Veterans Affairs,35935733.88,1,2021,2021,award
"CARIBE WATER TECHNOLOGY, INC.",Department of Veterans Affairs,241092.81,3,2023,2025,award
"CARLO & PRATS LAW, PSC",Department of Justice,22230.59,6,2010,2014,award
CARLOS A RODRIGUEZ ALONSO,Department of Agriculture,3760.0,1,2008,2008,award
CARLOS ARAYA ROSA,Department of Defense,47790.0,1,2019,2019,award
CARLOS ARAYA ROSA,Department of Justice,31220.5,8,2018,2021,award
CARLOS ARAYA ROSA,Department of the Interior,31271.0,1,2011,2011,award
"CARLOS GAZTAMBIDE & ASSOCIATES, INC",General Services Administration,183000.0,5,2006,2010,award
CARLOS I. SANTANA NEGRON,Department of Defense,98926.84,4,2008,2012,award
CARLOS I. SANTANA NEGRON,Department of State,5713.0,1,2008,2008,award
CARLOS I. SANTANA NEGRON,Department of Veterans Affairs,27874.7,1,2016,2016,award
CARLOS J CONTRACTOR AND SERVICES,Department of Agriculture,10720.0,3,2010,2011,award
CARLOS LUIS PEREZ TORRES,Department of Defense,29360.0,2,2011,2011,award
CARLOS M ACEVEDO SOTELO,Department of Justice,946.0,1,2012,2012,award
"CARLOS MESA TRUCK SUPPLIES PONCE, INC",Department of Defense,4585.73,1,2011,2011,award
CARLOS OMAR MIRANDA FIGUEROA,Department of Agriculture,8100.0,1,2010,2010,award
CARLOS SUAREZ & ASSOCIATES INC,Department of Justice,2792.0,1,2015,2015,award
CARMEN GARCIA-SALGADO,Department of the Treasury,85003.29,1,2005,2005,award
CARMEN MORALES ESTATE LLP,Department of Veterans Affairs,46800.0,1,2007,2007,award
CARMEN VALLADARES,Social Security Administration,190566.0,5,2012,2015,award
"CARO, WILDALIZ",Social Security Administration,211430.0,13,2015,2020,award
CAROLINA CATERING CORP,Department of Defense,13990.0,1,2024,2024,award
CAROLINA CATERING CORP,Department of Homeland Security,9477604.15,1,2018,2018,award
CAROLINA GROWLER INC,Department of Agriculture,58918.03,1,2020,2020,award
"CARPENTER/ROBBINS COMMERCIAL REAL ESTATE, INC.",Department of Veterans Affairs,190149.0,4,2018,2019,award
CARPETS UNLIMITED DISTRIBUTORS CORP,Department of Homeland Security,8084.92,1,2019,2019,award
CARPETS UNLIMITED DISTRIBUTORS CORP,Department of the Interior,18214.7,1,2011,2011,award
CARRERAS TRUCKING CO INC,Department of Veterans Affairs,29032.0,7,2014,2019,award
CARRERASTRUCKINGCO,Department of Veterans Affairs,27130.0,7,2009,2013,award
CARRIBEAN HEALTHCARE EQUIPTMENT & SUPPLIES INC,Department of Veterans Affairs,26350.0,6,2008,2012,award
"CARRIER CREDIT SERVICES, INC.",Department of Justice,24000.0,3,2016,2018,award
CARRIER PUERTO RICO INC,Department of Defense,184186.0,8,2010,2018,award
CARRIER PUERTO RICO INC,Department of Homeland Security,49252.97,2,2015,2016,award
"CARRILLO CORREA, NICOLAS, INC",Department of the Interior,11000.0,1,2014,2014,award
CARRO & CARRO ENTERPRISES INC,Department of Defense,34965825.68,1,2007,2007,award
"CARTER CONCRETE STRUCTURES, INC.",Department of Veterans Affairs,28324742.47,1,2012,2012,award
CARTER-HEALTH,Department of Veterans Affairs,5500.0,1,2019,2019,award
CARTRIDGE SAVERS INC,Department of Homeland Security,90549.81,1,2018,2018,award
"CARTRIDGE TECHNOLOGIES, LLC",Department of Defense,1060284.74,9,2017,2025,award
"CARTRIDGE TECHNOLOGIES, LLC",Department of Homeland Security,51288.98,1,2013,2013,award
CARTRIDGE UNLIMITED,Department of Justice,24816.09,1,2011,2011,award
CARTUS CORPORATION,Department of Defense,2565.0,1,2017,2017,award
CARVIN SCHOOL,Department of Homeland Security,20134.31,3,2007,2009,award
CASA DEL PEREGRINO AGUADILLA INC.,Department of Veterans Affairs,738570.0,11,2011,2019,award
CASA JUPITER INC,Department of Defense,19893.86,1,2010,2010,award
CASA JUPITER INC,General Services Administration,39190.0,1,2018,2018,award
"CASABLANKA CONTRACTORS, INC.",Department of Agriculture,69038.36,2,2011,2012,award
"CASABLANKA CONTRACTORS, INC.",Department of Defense,769520.18,7,2009,2020,award
"CASABLANKA CONTRACTORS, INC.",Department of Health and Human Services,893789.14,7,2010,2011,award
"CASABLANKA CONTRACTORS, INC.",Department of Homeland Security,3709960.92,10,2008,2014,award
"CASABLANKA CONTRACTORS, INC.",Department of Veterans Affairs,318932.42,2,2007,2012,award
CASANOVA REFRI-ELECTRIC INC.,Department of Defense,46382.9,5,2010,2011,award
"CASANOVA, BISMARCK",Department of Justice,8250.0,1,2012,2012,award
CASCADE CIVIL CORP,Department of Transportation,6257497.77,1,2025,2025,award
"CASCADE WATER SERVICES, INC.",Department of Defense,90825.98,2,2008,2014,award
CASCO SECURITY SYSTEMS INC,Department of Commerce,30951.49,1,2024,2024,award
"CASCO, INC.",Department of Defense,179822.2,7,2008,2013,award
"CASCO, INC.",Department of Veterans Affairs,13726.4,15,2008,2008,award
"CASCO, INC.",Department of the Interior,8410.0,1,2009,2009,award
CASHMAN DREDGING & MARINE CONTRACTING CO LLC,Department of Defense,9773772.39,1,2019,2019,award
"CASI HEALTHCARE TECHNOLOGIES, INC.",Department of Justice,7325.0,1,2012,2012,award
CASTRO JESSICA,Department of Agriculture,137780.0,6,2011,2018,award
"CASTRO RIVERA, ISMAEL",Department of Agriculture,7380.0,2,2018,2018,award
CATALA ORTIZ LLC,Department of the Interior,197060.97,1,2020,2020,award
CATALINA JV,Department of Defense,9918.0,1,2024,2024,award
CATCOR SERVICES INC,Department of Homeland Security,45000.0,1,2008,2008,award
CATERPILLAR INC,Department of the Interior,217091.0,1,2017,2017,award
"CB & SONS MEDICAL SERVICES & EQUIPMENT, INC",Department of Justice,1050.0,1,2023,2023,award
"CB DESIGN GROUP, INC.",Department of Veterans Affairs,3370759.97,1,2021,2021,award
CBRE INC,Department of Defense,8325.0,1,2023,2023,award
CBRE INC,General Services Administration,245266.29,3,2007,2015,award
CBS OUTDOOR PUERTO RICO INC,Department of Defense,36800.0,1,2008,2008,award
CBS OUTDOOR PUERTO RICO INC,Department of Homeland Security,24994.5,1,2008,2008,award
CC MECHANICAL CONTRACTORS CORPORATION,Department of Defense,131908.0,1,2007,2007,award
CC MECHANICAL CONTRACTORS CORPORATION,General Services Administration,148898.95,1,2006,2006,award
CC1 LIMITED PARTNERSHIP,Department of Defense,573342.17,5,2011,2012,award
CC1 LIMITED PARTNERSHIP,Department of Homeland Security,777901.6,1,2018,2018,award
CCATT PR LLC,Department of Homeland Security,188504.92,2,2019,2026,award
CCATT PR LLC,Department of Justice,32865.3,3,2024,2026,award
CCATT PR LLC,Department of the Treasury,85425.84,1,2020,2020,award
CCHPR HOSPITALITY LLC,Department of Defense,1587837.52,24,2010,2021,award
CCHPR HOSPITALITY LLC,Department of Homeland Security,690613.73,5,2018,2018,award
CCHPR HOSPITALITY LLC,Department of Veterans Affairs,12450.0,1,2011,2011,award
"CCI UTILITY AND CONSTRUCTION SERVICES, LLC",Department of the Interior,2801830.92,1,2021,2021,award
"CCPR SERVICES, INC.",Department of Homeland Security,0.0,1,2006,2006,award
"CCS CONSTRUCTORS, INC.",Department of Transportation,473000.0,1,2014,2014,award
CDI LABORATORIES INC,Department of Health and Human Services,1187574.95,34,2013,2025,award
CDI LABORATORIES INC,Department of Veterans Affairs,32751.03,1,2022,2022,award
CDM FEDERAL PROGRAMS CORPORATION,Department of Defense,4286200.82,3,2023,2025,award
CDM FEDERAL PROGRAMS CORPORATION,Department of Homeland Security,15836454.88,2,2018,2021,award
CDM FEDERAL PROGRAMS CORPORATION,Department of Transportation,3000.0,2,2007,2012,award
CDM FEDERAL PROGRAMS CORPORATION,Environmental Protection Agency,15527727.0,8,2020,2025,award
CDW GOVERNMENT LLC,Department of Defense,261048.14,3,2018,2020,award
CEA INDUSTRIAL SUPPLY INC,Department of Defense,93969.64,10,2008,2012,award
CEA INDUSTRIAL SUPPLY INC,Department of Homeland Security,0.0,2,2018,2018,award
"CEBOLLERO, MIGUEL",Department of Agriculture,53479.5,2,2010,2011,award
"CEBOLLERO, MIGUEL",Department of Veterans Affairs,112289.0,7,2010,2019,award
CECILIA NIEVES,Department of Agriculture,5895.0,1,2015,2015,award
CECORT PROPERTIES AND SERVICES CORP,General Services Administration,412547.65,34,2008,2011,award
CEDAR DIAGNOSTICS LLC,Department of Justice,405321.08,8,2018,2021,award
"CEIBA ELECTRICAL PRODUCTS, LLC",Department of Defense,233117.25,1,2020,2020,award
CEK DISTRIBUTORS GROUP SERVICE LLC,Department of Veterans Affairs,23800.0,9,2008,2011,award
CELESTIAL INNOVATIVE SOLUTIONS LLC,Department of Justice,600777.44,20,2022,2025,award
CELLCO PARTNERSHIP,Department of Homeland Security,41762.74,10,2019,2024,award
CELTEIN BIOSCIENCES LLC,Department of Health and Human Services,22400.0,1,2015,2015,award
"CEMEX, INC.",Department of Justice,10425.0,1,2017,2017,award
CEMS ENGINEERING INC,Department of Defense,118682.57,1,2014,2014,award
"CENGAGE LEARNING, INC.",Department of Defense,4067.25,2,2023,2023,award
"CENSIS TECHNOLOGIES, INC.",Department of Veterans Affairs,75996.0,1,2025,2025,award
"CENTENNIAL MANAGEMENT SERVICES, INC.",Department of Defense,712603.15,1,2015,2015,award
CENTER TECH COMM INC,Department of Defense,1775.0,1,2010,2010,award
CENTERPLEX INC,General Services Administration,239649.37,32,2008,2011,award
CENTRAL FLORIDA YAMAHA INC,Department of Agriculture,41012.0,1,2023,2023,award
"CENTRAL INDUSTRIAL SERVICES, LLC",Department of Veterans Affairs,4800.0,1,2010,2010,award
CENTRAL LAKE ARMOR EXPRESS INC,Department of Justice,48328.0,4,2010,2022,award
CENTRAL PARK MEDICAL PRACTICE P.C.,Department of Homeland Security,42720.0,1,2018,2018,award
CENTRAL PARKING SYSTEM OR PUETO RICO INC,Department of Agriculture,133163.44,3,2006,2008,award
CENTRAL POWER SOLUTION CORP.,Department of Justice,16610.0,5,2010,2013,award
CENTRAL SOUTHERN CONSTRUCTION CORP.,Department of Transportation,12135319.3,4,2021,2025,award
CENTRO COMPRENSIVO DE CANCER DE LA UNIVERSIDAD DE PUERTO RICO,Department of Health and Human Services,94165.22,2,2008,2014,award
CENTRO CRISTIANO DE RESTAURACION DE CABO ROJO INC,Department of Homeland Security,11652.9,3,2009,2011,award
CENTRO DE CUIDO Y EDUCACION TEMPRANA EL PARAISO,Department of Defense,7300.0,1,2010,2010,award
"CENTRO DE SALUD FAMILIAR DR. JULIO PALMIERI FERRI, INC",Department of Defense,13889.0,1,2008,2008,award
CENTRO DE SERVICIOS PRIMARIOS DE SALUD DE PATILLAS INC,Department of Health and Human Services,106250.0,4,2006,2009,award
CENTRO DENTAL DE ESTETICA AVANZADA,Department of Defense,0.0,1,2008,2008,award
CENTRO ELECTRIC JCA CORP,Department of the Interior,0.0,1,2008,2008,award
CENTRO ELEVATOR SERVICE INC,General Services Administration,260015.0,8,2007,2016,award
CENTRO GOMAS Y SERVICIOS INC,General Services Administration,2942.49,1,2021,2021,award
CENTRO NOVIOS DEL OESTE S E,General Services Administration,417111.55,94,2008,2011,award
CENTRO PARA EMPRENDEDORES,Department of Agriculture,0.0,1,2016,2016,award
CENTRO PARA LA CONSERVACION DEL PAISAJE INC,Department of Agriculture,17144.0,3,2010,2014,award
"CENTROCAMIONES, INC.",Department of Homeland Security,5698.69,1,2021,2021,award
CEO ENGINEERING & CONSULTING INC.,Department of Defense,52122.17,1,2010,2010,award
CEPHEID,Department of Veterans Affairs,339854.34,3,2017,2022,award
CERAMICA AZULEJOS TERRAZZOS INC,Department of Defense,12950.96,1,2008,2008,award
CERAMICA AZULEJOS TERRAZZOS INC,Department of Justice,13984.5,1,2012,2012,award
CERES CARIBE INC,Department of Agriculture,14619.99,1,2008,2008,award
CERES CARIBE INC,Department of Defense,53217621.23,9,2006,2018,award
"CERES ENVIRONMENTAL SERVICES, INC",Department of Defense,47010221.42,8,2010,2021,award
CERICH AIR CONDITIONING,General Services Administration,20100.0,2,2008,2008,award
CERTIFIED BUILDING CONTRACTOR LLC,Department of Defense,267953.0,10,2010,2013,award
CERTIFIED BUILDING CONTRACTOR LLC,Department of Transportation,255088.0,3,2010,2014,award
CERTIFIED CLEANING LLC,Department of Homeland Security,21039.66,1,2021,2021,award
CERTIFIED TRANSCRIBERS INC,Department of Commerce,17154.0,1,2017,2017,award
CERTIFIED TRANSCRIBERS INC,Department of Justice,473838.32,71,2012,2025,award
CERTIFIED TRANSCRIBERS INC,Department of the Treasury,3260.9,1,2015,2015,award
CERTIFIED TRANSLATORS & INTERPRETERS,Department of Health and Human Services,25000.0,1,2011,2011,award
CERTIFIED TRANSLATORS & INTERPRETERS,Department of Housing and Urban Development,220.0,1,2012,2012,award
CERTIFIED TRANSLATORS & INTERPRETERS,Department of Justice,212800.0,8,2010,2016,award
CERTIFIED TRANSLATORS & INTERPRETERS,Department of the Treasury,120.0,2,2011,2012,award
CESA ACCESSA CORP,Department of Justice,4290.0,9,2008,2008,award
CESAR CASTILLO LLC,Department of Health and Human Services,2328679.32,2,2019,2021,award
CESAR CASTILLO LLC,Department of Homeland Security,218508.25,1,2020,2020,award
CESAR CASTILLO LLC,Department of Veterans Affairs,16391989.08,26,2009,2025,award
"CESAR SANTIAGO ENTERTAINMENT, CORP",Department of Defense,6325.0,1,2011,2011,award
CF NORMANDIE LLC,Department of Defense,76984.2,2,2008,2008,award
CGN ENGINEERING CORP,Department of Commerce,82850.0,4,2008,2008,award
CGN ENGINEERING CORP,Department of Defense,6208294.98,8,2008,2011,award
CGN ENGINEERING CORP,Department of Transportation,1441696.4,1,2011,2011,award
CGN ENGINEERING CORP,Department of Veterans Affairs,2582265.07,9,2006,2015,award
CH2M HILL - CDM PA-TAC RECOVERY SERVICES,Department of Homeland Security,246197174.62,13,2018,2024,award
CH2M HILL - HDR JV,Department of Defense,107653.0,1,2025,2025,award
"CH2M HILL CONSTRUCTORS, INC.",Department of Homeland Security,18706658.5,1,2012,2012,award
"CH2M HILL, INC",Department of Defense,144118959.8,31,2003,2024,award
"CH2M HILL, INC",Department of Transportation,8724.3,1,2018,2018,award
"CH2M HILL, INC.",Department of Defense,46312609.32,17,2008,2015,award
CHA CHA INC.,Department of Veterans Affairs,171865.0,5,2010,2011,award
"CHAAR ACOSTA, JOSE A",Department of Defense,20838.0,3,2010,2011,award
"CHALLENGE TESTING, INC.",Department of Defense,2332938.77,3,2016,2019,award
"CHAMPION MEDICAL TECHNOLOGIES, INC",Department of Veterans Affairs,82389.0,1,2019,2019,award
CHAMPIONX LLC,Department of Justice,44191.6,2,2019,2019,award
"CHANGE COMPANIES, THE",Department of Justice,0.0,1,2006,2006,award
"CHANNING BETE COMPANY, INC.",Department of Defense,12652.35,1,2012,2012,award
CHARLES RAMEY,Department of Defense,14802.01,1,2023,2023,award
"CHARLES SANTANA, JUAN F",Department of Housing and Urban Development,20410.5,2,2005,2007,award
"CHARLIE TOWING SERVICES, INC",Department of Homeland Security,5920.0,2,2018,2018,award
"CHARM-TEX, INC.",Department of Justice,22142.1,2,2019,2020,award
CHARTER COACH INC,Department of Agriculture,3450.0,1,2016,2016,award
CHARTER COACH INC,Department of Homeland Security,2975381.18,2,2015,2018,award
"CHASE SUPPLY, INC.",Department of Defense,25790.39,1,2021,2021,award
CHECKERS PARTY RENTAL,Department of Defense,2500.0,1,2010,2010,award
"CHEF MINUTE MEALS, INC.",Department of Homeland Security,2406942.72,1,2017,2017,award
CHEMICAL & CHROMATOGRAPHY SUPPLIES INC,Department of Health and Human Services,3466.67,1,2012,2012,award
"CHENG & TSUI CO.,INC.",Department of Defense,1257.7,1,2010,2010,award
"CHEROKEE ENTERPRISES, INC.",Department of Transportation,3519890.71,1,2016,2016,award
"CHEROKEE FEDERAL SOLUTIONS, L.L.C.",Department of Agriculture,155071.07,2,2017,2019,award
"CHEROKEE FEDERAL SOLUTIONS, L.L.C.",Department of Homeland Security,342400.0,1,2015,2015,award
"CHEROKEE FEDERAL SOLUTIONS, L.L.C.",Department of the Interior,29138.96,1,2020,2020,award
CHESTERFIELD ASSOCIATES INC,Department of Transportation,2048531.0,1,2013,2013,award
CHICAGO AMERICAN MANUFACTURING LLC,Department of Labor,134321.44,1,2020,2020,award
CHICAGO TECH INC,Department of Defense,27715.0,1,2020,2020,award
CHICO WASTE DISPOSAL INC,Department of Defense,3800.0,1,2023,2023,award
CHILDS ENGINEERING CORPORATION,Department of Homeland Security,0.0,1,2021,2021,award
CHIMBORAZO JV,Department of Agriculture,2749352.22,2,2024,2024,award
"CHIRAL SOFTWARE, INC",Department of Agriculture,2500.0,1,2011,2011,award
CHRISTIAN D. CASTILLO DIAZ,Department of Defense,18333.0,2,2012,2012,award
CIA. PETROLERA CARIBE INC,Department of Defense,101201.79,2,2006,2010,award
CIA. PETROLERA CARIBE INC,Department of Veterans Affairs,8478.5,3,2008,2008,award
CIALES UNIFORMS INC,Department of Defense,1922365.0,2,2008,2008,award
CIB CORP,Department of Veterans Affairs,49335.51,21,2008,2018,award
CIDRA MANUFACTURING INC.,Department of Defense,783460.0,2,2024,2025,award
CIM TECH INC,Department of Defense,11830.0,1,2014,2014,award
CIMETRIC GENERAL CONTRACTOR LLC,Department of Agriculture,36820.35,4,2016,2020,award
CIMETRIC GENERAL CONTRACTOR LLC,Department of Defense,21980.0,2,2008,2016,award
CIMETRIC GENERAL CONTRACTOR LLC,Department of the Interior,113400.0,1,2010,2010,award
CIMETRIC GENERAL CONTRACTOR LLC,General Services Administration,1528598.32,4,2018,2025,award
"CINCOVEGA, INC.",Department of Homeland Security,121662.0,1,2018,2018,award
"CINTRON ANTOMMARCHI, ARIEL",Social Security Administration,572018.95,16,2012,2020,award
CINTRON CORDERO BLAS ANTONIO,Department of Defense,102260.0,5,2006,2018,award
"CIRACET, CORP.",Department of Veterans Affairs,1065012.04,3,2019,2024,award
CIS INTERNATIONAL LLC,Department of Defense,0.0,1,2024,2024,award
CITI CONCEPTS INC,Department of Homeland Security,0.0,1,2018,2018,award
"CITIBANK, N.A.",Department of Homeland Security,16906.76,3,2019,2020,award
CITIZEN CONTRACTING GROUP LLC,Department of Veterans Affairs,43516.0,1,2025,2025,award
CITY ELECTRIC SUPPLY COMPANY,Department of Defense,4925.0,1,2018,2018,award
CITY GARBAGE DISPOSAL INC,Department of Homeland Security,18325.0,6,2008,2013,award
CITY GARBAGE DISPOSAL INC,Department of the Interior,8160.0,1,2008,2008,award
CITY OF SANTA MARIA,Department of Veterans Affairs,4722.02,1,2020,2020,award
CITY PARK EQUIPMENT INC,Department of Agriculture,16147.0,1,2019,2019,award
CITY PARK EQUIPMENT INC,Department of Homeland Security,102511.0,6,2014,2016,award
CITY PARK EQUIPMENT INC,Department of the Interior,47295.0,1,2018,2018,award
CITY STATIONERY INC,Department of Homeland Security,70240.89,3,2011,2011,award
"CITY VIEW PLAZA, LLC",Department of Homeland Security,79385.15,1,2018,2018,award
"CITY VIEW PLAZA, LLC",Department of the Treasury,5937.68,2,2015,2019,award
"CITY VIEW PLAZA, LLC",General Services Administration,4193694.48,65,2008,2022,award
"CIUDADANOS DEL KARSO, INC",Department of Agriculture,58510.07,3,2008,2018,award
"CJ CARIBE, INC.",Department of Agriculture,19130.0,6,2008,2010,award
"CJ CARIBE, INC.",Department of Veterans Affairs,11850.0,1,2018,2018,award
CJ MECHANICAL LLC,Department of Defense,1183688.5,2,2023,2025,award
CJO CONSTRUCTION CORP,Department of Agriculture,17400.0,1,2015,2015,award
CLAFLIN SERVICE COMPANY,Department of Defense,4927.0,1,2014,2014,award
"CLARY CORPORATION DE PUERTO RICO, INC",Department of Defense,22074.05,2,2009,2011,award
"CLARY CORPORATION DE PUERTO RICO, INC",Department of Homeland Security,52300.0,3,2009,2019,award
"CLARY CORPORATION DE PUERTO RICO, INC",Department of the Interior,44233.0,4,2007,2014,award
"CLARY CORPORATION DE PUERTO RICO, INC",General Services Administration,44966.0,1,2011,2011,award
CLAVELL AND ASSOCIATES,Department of Health and Human Services,7500.0,1,2010,2010,award
CLEAN AIR CONTRACTORS CORP,Department of Veterans Affairs,12800.0,2,2015,2015,award
CLEAN FUEL CARIBBEAN,Department of Defense,8801.0,1,2014,2014,award
CLEAN FUEL CARIBBEAN,Department of Veterans Affairs,0.0,1,2012,2012,award
"CLEAN HARBORS CARIBE, INC.",Department of Agriculture,5889.39,1,2024,2024,award
"CLEAN HARBORS CARIBE, INC.",Department of Defense,267669.24,6,2005,2015,award
"CLEAN HARBORS CARIBE, INC.",Department of Health and Human Services,4712.67,1,2015,2015,award
"CLEAN HARBORS CARIBE, INC.",Department of Homeland Security,110187.97,10,2007,2023,award
"CLEAN HARBORS CARIBE, INC.",Department of Justice,8160.89,2,2008,2020,award
"CLEAN HARBORS CARIBE, INC.",Department of Transportation,370021.21,3,2010,2020,award
"CLEAN HARBORS CARIBE, INC.",Department of Veterans Affairs,1639967.91,10,2008,2014,award
"CLEAN HARBORS CARIBE, INC.",Department of the Interior,50617.57,2,2017,2023,award
CLEAN HARBORS ENVIRONMENTAL SERVICES INC,Department of Agriculture,19798.95,1,2020,2020,award
CLEAN HARBORS ENVIRONMENTAL SERVICES INC,Department of Health and Human Services,14428.96,2,2012,2013,award
CLEAN HARBORS ENVIRONMENTAL SERVICES INC,Department of Homeland Security,6077781.84,28,2017,2025,award
CLEAN HARBORS ENVIRONMENTAL SERVICES INC,Department of Veterans Affairs,4080475.43,5,2017,2023,award
CLEAN ZONE PR CORP,Department of Homeland Security,115730.0,1,2019,2019,award
CLEANCOR ENERGY SOLUTIONS LLC,Department of Homeland Security,1114060.81,1,2018,2018,award
CLEAR VISTA LLC,Department of Veterans Affairs,46939.5,1,2018,2018,award
CLENDO LAB,Department of Defense,6460.0,1,2010,2010,award
CLENDO LAB,Department of Health and Human Services,20880.0,2,2008,2010,award
CLENDO LAB,Department of Justice,99129.8,21,2008,2010,award
CLENDO LAB,Department of Veterans Affairs,28301.95,1,2005,2005,award
"CLINICAL MEDICAL SERVICES, INC",Department of Veterans Affairs,5737447.15,31,2008,2012,award
"CLIPPER OIL, INC.",Department of Defense,1559483.89,12,2020,2025,award
CLPG SJIP 1 LLC,Department of Homeland Security,74640.18,4,2022,2023,award
"CLUB DE TIRO DE MOCA, INC.",Department of Justice,1800.0,1,2025,2025,award
"CLUB DE TIRO EL NARANJAL, INC",Department of Homeland Security,122644.96,11,2005,2024,award
CLUTCH CONSULTING,Department of Homeland Security,1430929.4,2,2018,2018,award
CLYDE ARMORY INC,Department of Justice,61231.4,3,2019,2023,award
CMA ARCHITECTS & ENGINEERS LLC,Department of Defense,1073375.44,1,2010,2010,award
CMGC BUILDING CORP,Department of Transportation,500167.0,1,2017,2017,award
CMR INTERIOR CONTRACTORS INC,Department of Defense,214546.91,3,2016,2020,award
CMS CORPORATION,Department of Defense,10214240.14,2,2019,2021,award
"CMT GROUP, CORP.",Department of Defense,6450.0,1,2016,2016,award
COAST GUARD EXCHANGE SYSTEM,Department of Homeland Security,152495.96,3,2017,2018,award
"COASTAL FIRE PROTECTION, L.L.C",Department of Homeland Security,11866.6,1,2018,2018,award
COBRA AVIATION SERVICES LLC,Department of Homeland Security,367500.0,1,2018,2018,award
COBRA LOGISTICS HOLDINGS LLC,Department of Defense,67513.41,1,2018,2018,award
"COCINA SELECTA, INC",Department of Justice,29410.0,5,2013,2017,award
"COCKETT MARINE OIL US, INC.",Department of Defense,447406.0,2,2021,2021,award
COCO HOTEL 1 LLC,Department of Defense,1573956.0,9,2023,2025,award
COCOLOBA LLC,Smithsonian Institution,39900.0,1,2025,2025,award
COCONUT PROPERTIES LLC,Department of Homeland Security,3462329.6,10,2018,2018,award
COD CONTRACT CORP.,Department of Defense,321027.55,12,2013,2018,award
COD CONTRACT CORP.,Department of Homeland Security,14782.0,1,2020,2020,award
CODECOM LLC,Department of Veterans Affairs,1111000.3,6,2018,2025,award
CODECOM LLC,Social Security Administration,17325.0,1,2015,2015,award
"COEDRO, SE",General Services Administration,20539.49,34,2008,2011,award
COFFMAN ELECTRICAL EQUIPMENT CO.,Department of Homeland Security,829329.0,2,2022,2023,award
COFINO ALFOMBRAS,Department of Defense,2769.2,1,2008,2008,award
"COGAR GROUP, LTD., THE",Department of Homeland Security,19025631.86,6,2015,2021,award
"COGENTIX MEDICAL, INC.",Department of Veterans Affairs,209275.29,1,2018,2018,award
COHO CONSTRUCTION MANAGEMENT LLC,Department of Defense,3021258.0,1,2023,2023,award
"COLBERG, JOSE",Department of the Interior,850.0,1,2012,2012,award
"COLEGIO PONCENO, INC",Department of Justice,104169.14,8,2008,2016,award
COLEGIO RADIANS INC,Department of Homeland Security,5050.0,1,2009,2009,award
"COLL RODRIGUEZ, ERIC",Department of Veterans Affairs,1100.0,1,2008,2008,award
COLLABORATING TECHS LLC,Department of Veterans Affairs,22540.76,1,2024,2024,award
"COLLAZO, WILFREDO",Department of Veterans Affairs,104137.32,1,2007,2007,award
COLMADO CAFETIN EL TITAN OCHO HERMANOS INC,Department of Defense,29289.0,3,2012,2012,award
"COLON , FERNANDO",Department of Agriculture,11534.01,1,2005,2005,award
"COLON BROTHERS, INC/COLOSO FOODS, INC.",Department of Defense,419644.21,18,2008,2012,award
"COLON, JESUS M",Department of Defense,5605.0,1,2010,2010,award
"COLON, JORGE S",Department of Defense,4500.0,1,2008,2008,award
"COLON, JORGE S",Department of Justice,9995.0,2,2011,2014,award
"COLON, JORGE S",Department of Veterans Affairs,1400.0,2,2008,2008,award
"COLON, JORGE S",Department of the Interior,10200.0,1,2010,2010,award
"COLON, VILMA",Social Security Administration,138032.0,3,2012,2014,award
"COLON, WANDA",Department of Agriculture,3850.0,1,2013,2013,award
COLON. ANA I,Department of Homeland Security,3270.0,1,2012,2012,award
COLOPLAST CORP,Department of Veterans Affairs,34436.0,1,2018,2018,award
"COLORADO DATASCAPES, L.L.C.",Department of Defense,399214.02,2,2007,2008,award
COLOSSAL CONTRACTING LLC,Department of Veterans Affairs,216143.25,1,2022,2022,award
"COLUMBUS NETWORKS PUERTO RICO, INC",Department of Justice,861149.67,13,2011,2018,award
"COLUMBUS NETWORKS PUERTO RICO, INC",Department of Veterans Affairs,1164386.57,2,2013,2016,award
"COMARK DISTRIBUTING, INC.",Department of Homeland Security,30752.5,1,2018,2018,award
"COMAS & COMAS CONTRACTORS, CORP.",Department of the Interior,161066.0,2,2015,2019,award
COMBAT BRANDS LLC,Department of Defense,79032.73,1,2020,2020,award
COMBAT BRANDS LLC,Department of Homeland Security,30232.98,1,2020,2020,award
"COMERCIAL PASCUAL, INC",Department of Agriculture,4502.92,1,2010,2010,award
"COMERCIAL SANTOS, INC",Department of Homeland Security,10725.0,1,2014,2014,award
"COMFORT SYSTEMS USA PUERTO RICO, INC",Department of Veterans Affairs,273627.85,4,2004,2010,award
"COMMAND MANAGEMENT SERVICES, INC.",Department of Defense,8041799.28,10,2015,2025,award
"COMMDEX, LLC",Department of the Interior,170673.24,1,2021,2021,award
"COMMERCIAL DIVERS, INC",Department of the Interior,1600000.0,1,2012,2012,award
COMMERCIAL INCINERATION CORP,Department of Homeland Security,68223.3,4,2006,2011,award
COMMERCIAL INCINERATION CORP,Department of Justice,20506.48,6,2007,2011,award
COMMONWEALTH OF PUERTO RICO -ADVOCATE VETERANS AFFAIRS OFFICE,Department of Veterans Affairs,193447.9,1,2011,2011,award
COMMONWEALTH OF PUERTO RICO/ OFICINA DEL COMISIONADO DE SEGUROS,Department of Labor,3000.0,1,2005,2005,award
COMMUNICATION & CORROSION CONTROL CORP.,Department of Homeland Security,23615.0,1,2010,2010,award
"COMMUNICATION INSTITUTE INTERNATIONAL, INC",Department of Agriculture,280010.8,4,2018,2023,award
COMMUNICATIONS & INDUSTRIAL ELECTRONICS CORPORATION,Department of Agriculture,17151.75,5,2016,2020,award
COMMUNICATIONS & INDUSTRIAL ELECTRONICS CORPORATION,Department of Defense,430052.5,5,2006,2021,award
COMMUNICATIONS & INDUSTRIAL ELECTRONICS CORPORATION,Department of Justice,165552.0,10,2018,2026,award
COMMUNICATIONS ENGINEERING INC,Department of Veterans Affairs,264.75,1,2008,2008,award
COMMUNICATIONS PROFESSIONALS INC.,Department of Defense,57502.77,1,2016,2016,award
COMMUNICATIONS PROFESSIONALS INC.,Department of Homeland Security,197759.35,1,2018,2018,award
COMMUNICATIONS SOLUTION CORP,Department of Justice,14227.72,1,2018,2018,award
COMPANIA DE COMERCIO Y EXPORTACION DE PUERTO RICO,Department of Homeland Security,32592.24,3,2011,2013,award
COMPANIA DE PARQUES NACIONALES DE PUERTO RICO,Department of Commerce,38500.0,2,2008,2009,award
"COMPANIA DE TEATRO DE TITERES CIBUCO, INC.",Department of Defense,1800.0,1,2010,2010,award
"COMPLETE PACKAGING AND SHIPPING SUPPLIES, INC.",Department of Defense,165525.0,1,2018,2018,award
"COMPLETE PACKAGING AND SHIPPING SUPPLIES, INC.",Department of Homeland Security,28091.5,1,2018,2018,award
"COMPLETE PACKAGING AND SHIPPING SUPPLIES, INC.",Department of Veterans Affairs,10816.78,1,2018,2018,award
"COMPLETE WELL & PUMP SERVICE, INC",Department of Agriculture,12115.0,1,2019,2019,award
"COMPOSITE ANALYSIS GROUP, INC.",Department of Defense,306173.71,1,2006,2006,award
"COMPOSITE ANALYSIS GROUP, INC.",Department of Homeland Security,141826138.62,3,2017,2022,award
COMPREHENSIVE HUMAN SERVICES CORP,Department of Justice,24773649.58,216,2012,2025,award
COMPU SIGNS LLC,Department of Defense,52933.0,6,2012,2021,award
COMPUCON INC,Department of Homeland Security,0.0,1,2009,2009,award
"COMPUTECH INTERNATIONAL, INC.",Department of Homeland Security,23459.5,1,2018,2018,award
"COMPUTER EVIDENCE SPECIALISTS, LLC",Department of Health and Human Services,0.0,1,2025,2025,award
COMPUTYPE INC.,Department of Defense,5351.4,1,2009,2009,award
COMPUTYPE INC.,Department of the Treasury,1777.55,2,2010,2010,award
"COMSAT, INC.",Department of Defense,1412.94,1,2021,2021,award
"COMSAT, INC.",Department of Homeland Security,3843.04,1,2020,2020,award
"COMSAT, INC.",Department of Justice,12198.0,1,2022,2022,award
COMSOFT GMBH,Department of Transportation,342481.27,1,2018,2018,award
COMTECH MOBILE DATACOM LLC,Department of Defense,53476.0,1,2007,2007,award
CONCEPT FACTORY LIMITED LIABILITY COMPANY,Department of Homeland Security,0.0,1,2024,2024,award
CONCHO CORP,Department of Homeland Security,860509.67,7,2018,2020,award
CONCHO CORP,Department of Justice,20540.0,1,2023,2023,award
"CONCORDE SERVICES, INC",Department of Defense,1275466.5,72,2025,2025,award
"CONCOURSE FPS, LLC",Department of Defense,383453.73,1,2011,2011,award
CONCREATED DESIGN FIRM LLC.,Department of Homeland Security,40739.26,1,2019,2019,award
"CONCUR TECHNOLOGIES, INC.",Department of Homeland Security,92361.48,6,2018,2019,award
"CONDADO PALM, LLC",Department of Defense,0.0,6,2018,2024,award
"CONDADO PALM, LLC",Department of Health and Human Services,4000.0,1,2015,2015,award
"CONDADO PALM, LLC",Smithsonian Institution,4482.47,1,2019,2019,award
CONDOMINIO MONTEFLOR LLC,Department of Homeland Security,540425.14,1,2018,2018,award
CONDOMINIO SANDY HILLS ADMINISTRATION OFFICE,Department of Agriculture,35500.0,10,2010,2020,award
CONFIANZA EXTERMINATING CORP,Department of Defense,18830.0,1,2015,2015,award
CONFIANZA EXTERMINATING CORP,Department of Homeland Security,53582.0,7,2018,2021,award
CONS PRO CORP,Department of Veterans Affairs,3145.0,2,2008,2008,award
"CONSERV FLAG COMPANY, LLC",Department of Defense,6158.23,1,2018,2018,award
CONSERVATORY OF MUSIC,Department of Homeland Security,1183.0,1,2014,2014,award
"CONSIGLI CONSTRUCTION CO., INC.",Department of Defense,17281329.41,1,2011,2011,award
CONSOLIDATED FACILITY SERVICES CORP,Department of Defense,13300.0,2,2011,2011,award
CONSOLIDATED FACILITY SERVICES CORP,Department of Homeland Security,17090.19,10,2013,2020,award
CONSOLIDATED MEDICAL OFFICE ARRENDAMIENTO,General Services Administration,541042.14,24,2008,2010,award
"CONSOLIDATED TRAILERS, INC.",Department of Homeland Security,90306.0,1,2019,2019,award
CONSOLIDATED WASTE SERVICES LLC,Department of Agriculture,22405.0,3,2010,2016,award
CONSOLIDATED WASTE SERVICES LLC,Department of Defense,1626267.46,2,2011,2017,award
CONSOLIDATED WASTE SERVICES LLC,Department of Homeland Security,121496.6,5,2017,2021,award
CONSOLIDATED WASTE SERVICES LLC,Department of Veterans Affairs,5522303.04,16,2007,2025,award
CONSOLIDATED WASTE SERVICES LLC,Department of the Interior,159495.0,2,2016,2021,award
CONSTRUCCIONES JFM LLC,Department of Defense,6023443.59,5,2007,2011,award
CONSTRUCCIONES JFM LLC,General Services Administration,912045.52,1,2005,2005,award
CONSTRUCCIONES JOSE CARRO SE,Department of Defense,64655106.34,4,2010,2020,award
CONSTRUCCIONES JOSE CARRO SE,Department of Transportation,5864133.66,1,2018,2018,award
CONSTRUCCIONES JOSE CARRO SE,Department of Veterans Affairs,68585227.27,1,2019,2019,award
"CONSTRUCTION SOLUTIONS GROUP, LLC",Department of Transportation,4052629.82,2,2018,2019,award
CONSTRUCTORA ARGO INC,Department of Transportation,9039.0,1,2016,2016,award
"CONSTRUCTORA AZARIA, INC.",Department of Justice,29870.0,1,2014,2014,award
"CONSTRUCTORA CAMPO RICO, INC.",Department of Agriculture,263200.0,1,2010,2010,award
"CONSTRUCTORA HARTMANN, S E",Department of Transportation,4710440.83,1,2018,2018,award
CONSTRUCTORA I MELENDEZ LLC,Department of Transportation,5418667.16,2,2018,2018,award
CONSTRUCTORA LA ESPERANZA INC,Department of the Interior,0.0,2,2011,2016,award
CONSTRUCTORA RODRIGUEZ SEVILLA INC.,Department of Defense,4662535.59,4,2008,2015,award
CONSTRUCTORA SANTIAGO II CORP,Department of Transportation,3715705.91,1,2018,2018,award
CONSULTORES PSICOLOGICOS DE PUERTO RICO,Department of Justice,2616265.0,37,2008,2026,award
"CONTI FEDERAL SERVICES, LLC",Department of Defense,30970815.76,1,2024,2024,award
CONTINENTAL FLOORING CO,Department of Homeland Security,26991.6,1,2019,2019,award
"CONTINENTAL TIDE DEFENSE SYSTEMS, INC.",Department of Defense,426854.95,2,2020,2021,award
CONTRACT DESIGN MANAGEMENT INC,Department of Defense,36775.0,2,2008,2008,award
CONTRACT DESIGN MANAGEMENT INC,Department of Homeland Security,11291.53,2,2011,2012,award
"CONTRACT FURNITURE OPTIONS, INC.",Department of Defense,4957346.97,4,2022,2024,award
"CONTROL UNION (UNITED STATES), INC.",Department of Agriculture,1000.0,1,2024,2024,award
CONTROP USA INC,Department of Transportation,250000.0,1,2025,2025,award
CONVERGINT TECHNOLOGIES LLC,Social Security Administration,23734.88,4,2018,2018,award
CONWAY CONSTRUCTION CO,Department of Transportation,8286210.96,1,2024,2024,award
COOL & COOL INC.,Department of Defense,24232.0,1,2008,2008,award
COOPERATIVA PRENSA UNIDA (COPU),Department of Justice,3344.64,1,2009,2009,award
COOPERATIVA PRENSA UNIDA (COPU),Environmental Protection Agency,2630.0,3,2010,2010,award
COPAN INDUSTRIES INC,Department of Defense,9999999.0,1,2020,2020,award
"COPECA, INC",Department of Defense,10410964.66,1018,2013,2019,award
"COPECA, INC",Department of Justice,111830.0,1,2009,2009,award
COPY-DU CORP,Department of Defense,7794.6,1,2008,2008,award
COQUI COMERCAL CLEANING,Department of Defense,1156754.35,2,2005,2010,award
COQUI COMERCAL CLEANING,Department of Homeland Security,6523.0,1,2006,2006,award
COQUI COMERCAL CLEANING,Department of Justice,10944.0,2,2012,2013,award
COQUI GIRL,Department of the Interior,108776.8,2,2011,2012,award
"COQUI LAWN SERVICE, INC",Department of Agriculture,74167.64,2,2008,2010,award
"COQUI LAWN SERVICE, INC",Department of Homeland Security,2252056.92,16,2005,2013,award
"COQUI LAWN SERVICE, INC",Department of Transportation,205920.88,1,2007,2007,award
"COQUI LAWN SERVICE, INC",Department of Veterans Affairs,1852295.3,2,2006,2011,award
"CORDIALSA BORICUA EMPAQUE, INC",Department of Defense,69574.97,6,2008,2008,award
CORE ENGINEERED SOLUTIONS INC,Department of Agriculture,167788.64,1,2017,2017,award
CORE ENGINEERED SOLUTIONS INC,Department of the Interior,121310.45,1,2022,2022,award
"CORELOGIC SOLUTIONS, LLC",Department of Homeland Security,118698.59,5,2014,2019,award
CORG MANAGEMENT GROUP LLC,Department of Defense,2288396.0,6,2021,2024,award
"CORNERSTONE ALLIANCE, LLC",Department of Defense,534058.81,1,2021,2021,award
"CORONADO DISTRIBUTION COMPANY, INC.",Department of Homeland Security,86468.9,1,2018,2018,award
COROZAL CONCRETE SERVICE INC,Department of the Interior,354216.5,7,2013,2016,award
CORPORACION COMUNITARIA RECICLAJE DEL NORTE INC PT,Department of Agriculture,7900.0,1,2020,2020,award
CORPORACION COMUNITARIA RECICLAJE DEL NORTE INC PT,Department of Homeland Security,1678161.17,6,2010,2025,award
CORPORACION COMUNITARIA RECICLAJE DEL NORTE INC PT,Department of Justice,27340.32,6,2019,2024,award
CORPORACION COMUNITARIA RECICLAJE DEL NORTE INC PT,Department of the Treasury,4770.0,1,2012,2012,award
CORPORACION COMUNITARIA RECICLAJE DEL NORTE INC PT,Social Security Administration,0.0,1,2011,2011,award
"CORPORACION COMUNITARIA RECICLAJE DEL NORTE, INC. P.T.",Department of the Treasury,22188.0,1,2024,2024,award
CORPORACION DE SERVICIOS DE AMA DE LLAVES INC,Department of Veterans Affairs,448063.84,1,2016,2016,award
CORPORACION PARA EL DESAROLLO DE LAS EXPORTACIONES DE PUERTO RICO,Department of Homeland Security,349711.25,4,2006,2010,award
CORPORACION PROFESIONAL PUERTO RICO INDUSTRIAL HEALTH SERVICE,Department of Defense,16979.0,4,2008,2010,award
CORPORACION RODUM,Department of Agriculture,3500.0,1,2011,2011,award
CORPORACION RODUM,Department of Defense,5185.0,1,2010,2010,award
CORPORACION RODUM,Department of Veterans Affairs,6600.0,1,2008,2008,award
CORPORACION SIDIF DEL CARIBE,Department of Justice,2362.0,1,2015,2015,award
"CORPORATE DOCUMENTS SOLUTIONS, INC",Department of Defense,178359.25,4,2010,2015,award
"CORPORATE LODGING CONSULTANTS, INC.",Department of Homeland Security,1152331.44,13,2018,2024,award
"CORPORATE LODGING CONSULTANTS, INC.",Department of Justice,0.0,1,2018,2018,award
"CORPORATE LODGING CONSULTANTS, INC.",Department of Veterans Affairs,2285981.33,3,2017,2018,award
"CORPORATE SOURCE, INC THE",Department of Agriculture,8214827.75,9,2013,2022,award
"CORPORATE SOURCE, INC THE",Department of Homeland Security,14113398.83,17,2011,2024,award
"CORPORATE SOURCE, INC THE",General Services Administration,36990707.65,37,2014,2024,award
CORPS BIOLOGICS LLC,Department of Veterans Affairs,280266.52,1,2018,2018,award
"CORREA TIRE DISTRIBUTOR, INC",Department of Homeland Security,50730.4,1,2019,2019,award
CORRECT INVENTORY SERVICE,Department of Defense,0.0,1,2015,2015,award
CORTELCO SYSTEMS PUERTO RICO INC,Department of Defense,9300.0,2,2007,2009,award
CORTELCO SYSTEMS PUERTO RICO INC,Department of Homeland Security,3192.0,1,2005,2005,award
CORTELCO SYSTEMS PUERTO RICO INC,Department of Labor,8090.64,1,2016,2016,award
CORTELCO SYSTEMS PUERTO RICO INC,Department of Veterans Affairs,481216.63,3,2013,2014,award
CORTES HERMANOS LLC,Department of Defense,86409.0,15,2008,2012,award
CORTES INDUSTRIAL ORGANIZATION INC,Department of Agriculture,10414.0,1,2014,2014,award
CORTES INDUSTRIAL ORGANIZATION INC,Department of Defense,6850.0,1,2012,2012,award
CORTES INDUSTRIAL ORGANIZATION INC,Department of Homeland Security,5874.0,2,2018,2018,award
CORTES INDUSTRIAL ORGANIZATION INC,Department of Justice,36204.0,2,2016,2020,award
CORTES INDUSTRIAL ORGANIZATION INC,Department of Veterans Affairs,5375.0,4,2008,2008,award
"CORTES, JENNIFER A",Social Security Administration,2317424.89,33,2011,2025,award
"CORTES-CURBELO, HELEN M",Department of Agriculture,38112.0,1,2008,2008,award
"COSSMA, INC",Department of Health and Human Services,5000.0,1,2008,2008,award
"COSSMA, INC",Department of State,24648.6,1,2013,2013,award
COSTA BAHIA HOTEL AND CONVENTION CENTER LLC,Department of Homeland Security,650372.98,1,2018,2018,award
"COSTA ISABELA PARTNERS, INC.",Department of Homeland Security,188352.0,1,2018,2018,award
"COTO, ANNETTE",Social Security Administration,928880.4,8,2022,2025,award
COUNCIL ON ACCREDITATION OF NURSE ANESTHESIA EDUCATIONAL PROGRAMS,Department of Defense,20400.0,1,2025,2025,award
"COUNTERTRADE PRODUCTS, INC.",Department of Justice,13367.57,2,2017,2018,award
"COUNTERTRADE PRODUCTS, INC.",Department of the Interior,4549.46,1,2019,2019,award
"COVADONGA PARKING ASSOCIATES, INC.",Department of Homeland Security,60750.0,2,2009,2010,award
COVIDIEN SALES LLC,Department of Veterans Affairs,176290.92,2,2018,2022,award
"COX SUBSCRIPTIONS, INC.",Department of Justice,1475.18,2,2020,2021,award
CPCORP. INC.,Department of Defense,346860.0,3,2008,2012,award
"CPM BUILDERS, LLC",Department of Defense,4707070.38,1,2013,2013,award
"CPM PR, LLC",Department of Defense,112956.5,9,2012,2014,award
"CPM PR, LLC",Department of Homeland Security,6500.0,1,2023,2023,award
CR ENVIRONMENTAL INC,Department of Defense,1990057.42,10,2009,2019,award
CRAM ROOFING CO INC,Department of Defense,1908451.0,2,2018,2019,award
"CRANES AND HEAVY EQUIPMENTS INSTITUTE OF PUERTO RICO, INC",Department of Defense,268937.85,22,2008,2024,award
"CRANES AND HEAVY EQUIPMENTS INSTITUTE OF PUERTO RICO, INC",Department of Homeland Security,1500.0,1,2012,2012,award
CRAWFORD & ASSOCIATES SERVICES LLC,Department of Agriculture,5520.0,1,2020,2020,award
"CRE FUEL SERVICES, CORP.",Department of Defense,3496.0,1,2011,2011,award
"CRE FUEL SERVICES, CORP.",General Services Administration,20736.0,1,2020,2020,award
"CREATIVE FULL STAFFING OF PUERTO RICO, CORP.",Equal Employment Opportunity Commission,25792.0,2,2012,2012,award
CRESPO & RODRIGUEZ INC,Department of Defense,971.0,1,2012,2012,award
CRESPO & RODRIGUEZ INC,Department of Homeland Security,6012.2,2,2008,2010,award
CRESPO & RODRIGUEZ INC,Department of Justice,10193.75,2,2012,2012,award
CRESPO & RODRIGUEZ INC,Department of Veterans Affairs,25169.6,10,2010,2011,award
CRESPO & RODRIGUEZ INC,Department of the Treasury,4822.7,5,2011,2015,award
"CRESPO ELECTRICAL CONTRACTORS & ASSOCIATES, INC.",Department of Defense,15462.39,1,2010,2010,award
"CRESPO ELECTRICAL CONTRACTORS & ASSOCIATES, INC.",Department of Veterans Affairs,994429.86,5,2009,2010,award
"CRESPO REFRIGERATION SERVICE & AIR CONDITIONING, LLC",Department of Agriculture,17521.63,1,2014,2014,award
"CRESPO, OSMIN",Department of the Interior,9526.0,1,2014,2014,award
"CRESSTON CO, L.L.C. THE",Department of Homeland Security,175418.35,2,2018,2020,award
"CREST FOODSERVICE EQUIPMENT CO., INC.",Department of Veterans Affairs,11985.0,1,2018,2018,award
CRIMSON SHIPPING CO INC,Department of Defense,2500.0,2,2011,2011,award
CRISTALIA ACQUISITION,Department of Defense,109524.45,3,2008,2008,award
CRISTALIA ACQUISITION,Department of Homeland Security,59904.0,1,2005,2005,award
CRISTIALIA AQUISITION CORP,Department of Defense,1213805.07,17,2008,2012,award
CRISTINA GERVACIO SANTANA,Department of Agriculture,323980.0,11,2010,2021,award
"CRITICAL HUB NETWORKS, INC",Department of Justice,87399.98,4,2018,2020,award
"CRM SOLUTIONS, INC",Department of Homeland Security,461400.0,1,2011,2011,award
"CROFT AND ASSOCIATES, INC.",Department of the Interior,1066046.3,6,2015,2022,award
"CROWLEY GOVERNMENT SERVICES, INC.",Department of Defense,8757923.75,24,2020,2023,award
CROWLEY HOLDINGS LLC,Department of Transportation,1061357.46,1,2024,2024,award
CROWLEY LINER SERVICES INC,Department of Defense,180227.44,2,2018,2018,award
CROWLEY LINER SERVICES INC,Department of the Interior,2357.2,1,2018,2018,award
"CROWLEY LOGISTICS, INC.",Department of Homeland Security,68966.96,4,2016,2019,award
CROWLEY MARITIME CORPORATION,Department of Agriculture,460432.0,144,2022,2024,award
"CROWLEY PUERTO RICO SERVICES, INC.",Department of Defense,19190688.63,123,2007,2025,award
"CROWLEY PUERTO RICO SERVICES, INC.",Department of Justice,5750.0,1,2018,2018,award
CROWN CASTLE INTERNATIONAL,Department of Homeland Security,410880.59,7,2008,2019,award
CROWN CASTLE INTERNATIONAL,Department of Justice,339688.07,18,2007,2019,award
CROWN CASTLE INTERNATIONAL,Department of the Treasury,232959.75,12,2007,2019,award
CROWN CASTLE USA INC,Department of Justice,0.0,1,2023,2023,award
CROWN CASTLE USA INC,Department of Transportation,103713.77,1,2023,2023,award
CROWN EQUIPMENT CORP,Department of Justice,20585.0,1,2019,2019,award
CROWN HYDRODYNAMICS LLC,Department of Homeland Security,89719.94,1,2022,2022,award
CRUSELDA ROBERTS,Department of Homeland Security,1698722.52,55,2018,2018,award
CRUSHED N 2 INC,Department of Homeland Security,262000.0,1,2018,2018,award
CRUZ AUTOMATIC DOORS,Department of Homeland Security,12100.0,1,2006,2006,award
CRUZ MOYA ELEVATOR CONSULTANT,Department of Justice,4425.0,4,2008,2010,award
CRUZ MOYA ELEVATOR CONSULTANT,Department of Veterans Affairs,41040.0,2,2010,2013,award
"CRUZ ROMN, GERNIMO D",Department of Agriculture,142000.0,6,2008,2020,award
"CRUZ, MELVIN",Department of Homeland Security,20770.0,2,2018,2018,award
"CRUZ, MELVIN",Department of the Interior,18299.2,1,2018,2018,award
"CRUZ, NANCY",Department of Agriculture,107150.0,12,2015,2019,award
"CRUZ, STEVEN",Department of the Interior,15600.0,3,2019,2021,award
"CRUZ-TORRES, LUZ E",General Services Administration,12000.0,20,2010,2011,award
"CRYSTAL CLEAN, LLC",Department of Agriculture,4260.2,1,2024,2024,award
CRYSTALVIEW TECHNOLOGY CORP,Department of Health and Human Services,5691592.19,1,2002,2002,award
CSA ARCHITECTS & ENGINEERS LLP,Department of Veterans Affairs,4541676.11,8,2006,2022,award
CSA OCEAN SCIENCES INC,Department of Commerce,108564.0,1,2020,2020,award
CSCG INC.,Department of the Interior,27020.1,1,2011,2011,award
CSCG INC.,General Services Administration,23641673.35,1,2022,2022,award
"CSI AVIATION, INC",Department of Homeland Security,7958041.25,17,2017,2022,award
"CSI AVIATION, INC",Department of Veterans Affairs,848039.0,1,2018,2018,award
"CSI/TSF JOINT VENTURE, LLC",Department of Defense,0.0,1,2021,2021,award
"CSP ENTERPRISES, LLC",Department of Commerce,9997.59,1,2024,2024,award
CSP MGT LLC,Department of Veterans Affairs,14395.2,1,2018,2018,award
CSS CONTRACTORS CORP,Department of Agriculture,8269542.68,1,2025,2025,award
CSS CONTRACTORS CORP,Department of Defense,143927.12,1,2021,2021,award
"CSUK, INC",Department of Justice,20775.0,1,2021,2021,award
CTL ANALYZERS LLC,Department of Health and Human Services,12000.0,1,2021,2021,award
CTP PLAZA LLC,General Services Administration,20869.05,1,2022,2022,award
"CUBARTECH, INC",Department of Defense,16753.1,3,2011,2014,award
"CUERDA, TOMAS INC",Department of Agriculture,65348.24,4,2010,2017,award
"CUERDA, TOMAS INC",Department of Homeland Security,8725.14,1,2019,2019,award
"CUEVAS BERRIOS, LUIS A",Department of Homeland Security,22210.0,2,2012,2013,award
CULINARY DEPOT INC.,Department of Defense,29932.11,1,2021,2021,award
CUMMINS CARIBBEAN LLC,Department of Agriculture,49885.87,2,2010,2011,award
CUMMINS CARIBBEAN LLC,Department of Defense,22339.36,3,2009,2023,award
CUMMINS CARIBBEAN LLC,Department of Homeland Security,7775.0,1,2011,2011,award
CUMMINS CARIBBEAN LLC,Department of State,790782.76,15,2010,2020,award
CUMMINS CARIBBEAN LLC,Department of the Interior,13000.0,1,2016,2016,award
CUMMINS CARIBBEAN LLC,General Services Administration,25500.0,1,2012,2012,award
CUMMINS DE PUERTO RICO INC,Department of Homeland Security,84756.11,6,2005,2008,award
CUMMINS DE PUERTO RICO INC,Department of Justice,2730.71,1,2008,2008,award
"CUMMINS-WAGNER COMPANY, INC.",Department of Defense,124633.0,1,2018,2018,award
CUNA SUPPLY LLC,Department of Veterans Affairs,205665.69,2,2018,2020,award
CUPEYVILLE SCHOOL INC,Department of Homeland Security,19245.0,1,2008,2008,award
CUQUI'S CATERING,Department of Agriculture,329504.0,8,2009,2015,award
CURTIN MARITIME CORP,Department of Defense,54082478.95,1,2023,2023,award
CUSA CONSULTING LLC,Department of Transportation,30804911.14,17,2019,2025,award
CUSTOM TRAINING GROUP INC,Department of Homeland Security,13750.0,1,2020,2020,award
CVD MAIN LLC,Department of Homeland Security,13154.27,1,2019,2019,award
CVD MAIN LLC,General Services Administration,80000.0,2,2019,2022,award
CWIS LLC,Department of Housing and Urban Development,0.0,1,2012,2012,award
CYBER SYNERGY & REEF SYSTEMS LLC,Department of Defense,455961.28,1,2020,2020,award
CYBER TECH INC,Department of Veterans Affairs,2676838.2,2,2007,2008,award
"CYBEX INTERNATIONAL, INC.",Department of Defense,49001.0,2,2011,2014,award
CYCLONE FENCE INSTALLATION,Department of the Interior,0.0,1,2008,2008,award
CYNERGY PROFESSIONAL SYSTEMS LLC,Department of Homeland Security,25265.86,1,2018,2018,award
CYNERGY PROFESSIONAL SYSTEMS LLC,Department of Justice,15400.46,2,2021,2024,award
CYNERGY PROFESSIONAL SYSTEMS LLC,Department of Veterans Affairs,92013.72,1,2017,2017,award
CYNERGY PROFESSIONAL SYSTEMS LLC,Department of the Interior,231377.24,1,2024,2024,award
"CYRACOM INTERNATIONAL, INC",Department of Homeland Security,153945.2,1,2018,2018,award
CYTOPATH BIOPSY LAB INC,Department of Veterans Affairs,120000.0,1,2022,2022,award
D & M AUTO PARTS CORP,Department of Homeland Security,16835.7,1,2018,2018,award
D MOORE AND SON MONUMENTS LLC,Department of Veterans Affairs,222509.0,4,2019,2021,award
D SQUARE CONSTRUCTION LLC,Department of Veterans Affairs,41532.0,1,2019,2019,award
"D&P APPRAISAL PARTNERS, PSC",Department of Justice,65000.0,1,2013,2013,award
D' VERTICAL BLIND FACTORY & DECOR,Department of Defense,10526.0,1,2010,2010,award
D'LEITE LLC,Department of Defense,619054.38,20,2022,2025,award
"D.H. HELICOPTER, INC.",Department of Defense,68721.05,1,2018,2018,award
"D16-DDD JOINT VENTURE, LLC",Department of Defense,10192692.79,1,2021,2021,award
"D2M SOLUTIONS, INC.",Department of Defense,67080.0,3,2016,2016,award
"D2M SOLUTIONS, INC.",National Aeronautics and Space Administration,5368.0,1,2013,2013,award
"DADE PAPER & BAG, LLC",Department of Defense,90026.0,6,2008,2016,award
"DADE PAPER & BAG, LLC",Department of Justice,59085.27,5,2008,2018,award
"DAEKEE GLOBAL CO.,LTD",Department of Defense,28254.0,1,2022,2022,award
DALLAS CHILDRENS ADVOCACY CENTER,Department of Justice,600.0,1,2020,2020,award
"DAMIANO CATALDI MAINTENANCE SERVICES, INC",Department of Agriculture,141.66,1,2021,2021,award
"DAMIANO CATALDI MAINTENANCE SERVICES, INC",Department of Commerce,231581.65,9,2008,2020,award
"DAMIANO CATALDI MAINTENANCE SERVICES, INC",Department of Defense,4053240.42,3,2006,2012,award
"DAMIANO CATALDI MAINTENANCE SERVICES, INC",Department of Homeland Security,285650.28,6,2009,2014,award
"DAMIANO CATALDI MAINTENANCE SERVICES, INC",Department of Justice,54831.0,6,2007,2018,award
"DAMIANO CATALDI MAINTENANCE SERVICES, INC",Department of Transportation,3334000.86,17,2007,2025,award
"DANIEL I. HERNANDEZ, M.D. FACOG",Department of Justice,8350.0,12,2008,2010,award
"DANIEL MAINTENANCE TECHNOLOGY, LLC",Department of Defense,66648.89,3,2013,2013,award
DANIEL RENDON,Department of Agriculture,14005.0,2,2007,2013,award
DAROK STEEL INC,Department of Defense,39900.0,1,2007,2007,award
DAROK STEEL INC,Department of Homeland Security,18500.0,1,2019,2019,award
DATA DYNAMICS INC,Department of Defense,22127.25,1,2015,2015,award
"DATA QUALITY SCIENCE, LLC",Department of Health and Human Services,0.0,1,2019,2019,award
"DATA SECURITY, INC",Department of Defense,10491.0,1,2018,2018,award
DATA SUPPLIES CORPORATION,Department of Homeland Security,105710.55,2,2018,2018,award
"DATA-COMM CORP., THE",Department of Defense,0.0,1,2023,2023,award
DATA@CCESS COMMUNICATION INC,Department of the Treasury,0.0,1,2018,2018,award
DATTNER ARCHITECTS DPC,General Services Administration,6892471.38,4,2017,2022,award
"DAV ENERGY SOLUTIONS, INC.",Department of Veterans Affairs,99510.0,1,2025,2025,award
"DAVID EVANS AND ASSOCIATES, INC.",Department of Transportation,181946.54,2,2019,2020,award
"DAVID FELDMAN WORLDWIDE, INC.",Department of Veterans Affairs,7302.55,1,2018,2018,award
DAVID RIVERA CONTRACTOR,Department of Agriculture,2900.0,2,2010,2012,award
"DAVIDSON BROWN, INC.",Department of the Interior,437081.5,2,2021,2024,award
"DAVIDSON BROWN, INC.",General Services Administration,250139.26,3,2018,2025,award
"DAVIES OFFICE REFURBISHING, INC.",Department of the Treasury,310868.62,1,2025,2025,award
"DAVILA, MARIA DEL CARMEN",Department of Defense,29450.0,4,2014,2016,award
DAVIS-PAIGE MANAGEMENT SYSTEMS LLC,Department of Agriculture,0.0,1,2013,2013,award
"DAWSON SOLUTIONS, LLC",Department of Defense,115346.2,1,2019,2019,award
DAXOR CORPORATION,Department of Veterans Affairs,40000.0,2,2018,2023,award
"DB & W SERVICES, CORP",Department of Veterans Affairs,19554538.83,3,2005,2010,award
DBPR LEGAL LLC,Department of Defense,11000.0,2,2024,2024,award
"DC CONSTRUCTION, LLC",Department of Defense,193150.1,2,2024,2025,award
DC SOLUTIONS LLC,Department of Veterans Affairs,23180.0,1,2023,2023,award
"DCF, INC.",Department of Justice,29368.76,4,2008,2010,award
"DCM ARCHITECTURE & ENGINEERING, LLC",Department of Transportation,3446818.48,6,2018,2018,award
DDD ARCHITECTURE PSC,General Services Administration,2028170.3,3,2014,2021,award
DDD GROUP LLC,Department of Homeland Security,57035.0,1,2015,2015,award
DDD-DVG JOINT VENTURE LLC,Department of Transportation,12060626.75,1,2022,2022,award
DE HOLDINGS LLC,Corporation for National and Community Service,162407.02,1,2009,2009,award
DE HOLDINGS LLC,Department of Defense,568776.45,13,2008,2018,award
DE HOLDINGS LLC,Department of Homeland Security,41833.5,2,2018,2018,award
"DE JESUS, JOSE M",Department of Agriculture,8280.0,1,2022,2022,award
DE LUNE CORP,Department of Agriculture,11571.0,1,2024,2024,award
DE SEVILLA EXTERMINATING,Department of Defense,18840.0,3,2010,2012,award
"DEAF ACCESS SOLUTIONS, INC",Department of Homeland Security,1119273.83,2,2018,2019,award
"DEAF SERVICES UNLIMITED, INC.",Department of Homeland Security,17130.7,1,2018,2018,award
"DEANGELO MARINE EXHAUST, INC.",Department of Homeland Security,21551.5,1,2020,2020,award
"DEARYBURY OIL & GAS, INC.",Department of Homeland Security,19426130.25,1,2017,2017,award
DECO DATA GROUP LLC,Department of the Treasury,2292653.71,20,2021,2024,award
DECYPHER TECHNOLOGIES LTD,Department of Defense,595699.2,1,2023,2023,award
"DEFENSE MARITIME SOLUTIONS, INC.",Department of Defense,102348.5,2,2020,2022,award
"DEFENSE MARITIME SOLUTIONS, INC.",Department of Homeland Security,96767.0,4,2018,2020,award
DEG ENTERPRISES INC.,Department of Transportation,147767.0,1,2022,2022,award
"DEGROVE SURVEYORS, INC.",Department of Defense,146590.06,2,2020,2020,award
DEITER INTERNATIONAL ELECTRONICS,Department of Veterans Affairs,1928.0,1,2008,2008,award
DEL GUATU INC,Department of Homeland Security,5045.68,1,2016,2016,award
DEL MAR FOOD PACKAGING,Department of Homeland Security,51845.04,1,2011,2011,award
"DEL RIO, WALESKA",Department of Defense,51412.68,1,2009,2009,award
DEL VALLE GROUP LLC,Department of Defense,47623880.55,4,2016,2018,award
DEL VALLE GROUP LLC,Department of Transportation,9685284.28,2,2018,2018,award
"DEL VALLE, YOLANDA",Social Security Administration,24835.0,2,2015,2016,award
DELFIN TRADING COMPANY,Department of Justice,20000.0,1,2018,2018,award
"DELGADO, RENE",Department of Agriculture,12750.0,1,2019,2019,award
DELICIAS DE MAR Y TIERRA & EXUBERANT CATERING,Department of Defense,2590.0,1,2008,2008,award
DELIVERY CARE SERVICES INC,Department of Veterans Affairs,3858.0,1,2012,2012,award
"DELIZ, REINALDO",Department of Defense,121000.0,3,2009,2011,award
DELL FEDERAL SYSTEMS L.P,Department of Agriculture,7278.49,1,2022,2022,award
DELL MARKETING L.P.,Department of Homeland Security,10919.06,1,2012,2012,award
DELL MARKETING L.P.,Department of Justice,4166.13,1,2018,2018,award
"DELMONICO RESTORATION & DEVELOPMENT, LLC",Department of Homeland Security,2479674.0,1,2016,2016,award
"DELON HAMPTON & ASSOCIATES, CHARTERED",Department of Transportation,422313.0,1,2020,2020,award
DELTA SOLUTIONS & STRATEGIES LLC,Department of Defense,17650137.33,1,2016,2016,award
DELTA T JR LLC,Department of Veterans Affairs,220679.72,4,2020,2022,award
"DENNER, JON",Department of Agriculture,23000.0,1,2020,2020,award
DEPARTAMENTO DE SALUD,Department of Health and Human Services,119718.0,7,2006,2011,award
DEPARTMENT OF EDUCATION OF PUERTO RICO,Department of Education,2389026.0,5,2004,2025,award
DEPARTMENT OF EDUCATION OF PUERTO RICO,Department of Labor,5.0,2,2005,2008,award
DEPARTMENT OF POLICE PUERTO RICO,Department of Health and Human Services,578363.62,9,2008,2017,award
DEPARTMENT OF POLICE PUERTO RICO,Social Security Administration,3301138.36,3,2013,2023,award
"DEPUY ORTHOPAEDICS, INC.",Department of Veterans Affairs,4024.0,1,2016,2016,award
DEPUY SYNTHES SALES INC,Department of Veterans Affairs,76635.86,5,2018,2024,award
"DEPUY SYNTHES SALES, INC.",Department of Veterans Affairs,258476.75,16,2016,2020,award
"DESARROLLADORA DEL NORTE, S. EN C.S.E.",Department of Defense,2986317.74,41,2009,2017,award
DESARROLLADORA J.A. INC,Department of Transportation,9027234.25,2,2018,2018,award
"DESIGN BUILD, LLC.",Department of Defense,45914729.15,6,2005,2022,award
"DESIGN BUILD, LLC.",Department of Labor,24500.0,1,2019,2019,award
"DESIGN BUILD, LLC.",Department of Transportation,7736865.0,2,2015,2018,award
"DESIGN BUILD, LLC.",Department of Veterans Affairs,86161903.82,10,2006,2020,award
"DESIGN BUILD, LLC.",General Services Administration,417246.34,1,2007,2007,award
DESIGN HUB LLC,Department of Defense,0.0,1,2018,2018,award
DESIGN HUB LLC,Department of Homeland Security,202908.79,1,2018,2018,award
DESIGN HUB LLC,Department of Justice,24107.11,1,2020,2020,award
"DESIGNED TEMPERATURES, INC",Department of Agriculture,0.0,2,2022,2022,award
"DESIGNED TEMPERATURES, INC",Department of Defense,87386.0,1,2023,2023,award
DESIGNER'S PAINT CORP,Department of Veterans Affairs,9510.31,4,2008,2008,award
DETYENS SHIPYARDS INC,Department of Defense,15379541.0,1,2021,2021,award
DEWBERRY CONSULTANTS LLC,Department of Defense,216889.0,1,2012,2012,award
DEWBERRY ENGINEERS INC.,Department of Defense,0.0,1,2024,2024,award
DEWBERRY ENGINEERS INC.,Department of Homeland Security,7000719.01,3,2017,2022,award
"DEYA ELEVATOR SERVICES, INC.",Department of Agriculture,19533.5,4,2012,2017,award
"DEYA ELEVATOR SERVICES, INC.",Department of Homeland Security,39909.39,5,2008,2025,award
"DEYA ELEVATOR SERVICES, INC.",Department of Justice,300129.58,15,2013,2023,award
"DEYA ELEVATOR SERVICES, INC.",Department of Veterans Affairs,1714877.31,13,2008,2024,award
"DEYA ELEVATOR SERVICES, INC.",Department of the Interior,49600.0,2,2018,2025,award
"DEYA ELEVATOR SERVICES, INC.",General Services Administration,1980978.76,1,2020,2020,award
DFF INC,Department of Agriculture,1584006.74,293,2022,2026,award
DFM CONTRACTORS LLC,Department of Defense,1296235.09,3,2021,2024,award
DFMWR-COMMUNITY CLUB,Department of Defense,26049.88,9,2012,2014,award
DFMWR-COMMUNITY CLUB,Department of Justice,19283.0,1,2013,2013,award
"DG3A DESIGN GROUP, PSC",Department of Agriculture,321276.2,1,2020,2020,award
DGA MEDICAL LLC,Department of Veterans Affairs,70698.0,1,2020,2020,award
DGI-ATI JV LLC,Department of Defense,549128.87,1,2025,2025,award
DH JACKSON LONG TERM DISASTER RECOVERY COMMITTEE INC,Department of Homeland Security,0.0,1,2024,2024,award
DH JACKSON LONG TERM DISASTER RECOVERY COMMITTEE INC,Department of Veterans Affairs,265554.36,1,2021,2021,award
"DH TECHNOLOGIES, INC.",Department of Homeland Security,51693.6,1,2019,2019,award
"DH TECHNOLOGIES, INC.",Department of Justice,3826.6,1,2018,2018,award
DHARA DANU LLC,Department of Veterans Affairs,30439.5,1,2018,2018,award
DIABETIC SOLUTIONS CORP.,Department of Veterans Affairs,209358.36,16,2011,2016,award
DIAGNOSTIC GROUP LLC,Department of Veterans Affairs,16824.12,1,2018,2018,award
DIAGNOSTIC IMAGING SUPPLIES & SERVICES INC,Department of Homeland Security,4358.0,1,2016,2016,award
DIAGNOSTIC IMAGING SUPPLIES & SERVICES INC,Department of Veterans Affairs,3755876.55,69,2010,2025,award
DIAGNOSTICA STAGO INC,Department of Veterans Affairs,194580.95,1,2017,2017,award
DIAGNOSTICOS OCULARES DE PUERTO RICO,Department of Veterans Affairs,72000.0,1,2013,2013,award
DIAL FREIGHT MANAGEMENT LLC,Department of Homeland Security,22145.0,1,2018,2018,award
DIATOM ENVIRONMENTAL SERVICES LLC,Department of the Interior,67104.0,4,2022,2024,award
DIAZ ALEXIS,Department of Agriculture,12240.0,1,2006,2006,award
"DIAZ CAMACHO, TANIA G",Department of Agriculture,74000.0,1,2019,2019,award
DIAZ ELECTRICAL INC,Department of Agriculture,14288.76,1,2022,2022,award
DIAZ MIGUEL ANGEL,Department of Homeland Security,8720.09,2,2020,2021,award
DIAZ MIGUEL ANGEL,Department of Transportation,17479.82,1,2022,2022,award
"DIAZ UMPIERRE, JOSE A",Department of Homeland Security,72161.39,1,2015,2015,award
"DIAZ, CHARMAINE",Department of Veterans Affairs,0.0,1,2010,2010,award
"DIAZ, WANDA",Social Security Administration,83254.5,5,2012,2016,award
DICHCOL S A S,Department of Defense,22362.07,2,2014,2015,award
"DICK CORPORATION OF PUERTO RICO, INC",Department of Defense,78508082.0,1,2003,2003,award
"DIEBOLD NIXDORF, INC",Department of Justice,6205.67,4,2014,2021,award
"DIEGO SOTO & ASOCIADOS, INC.",Department of Defense,17485.0,2,2015,2016,award
"DIEGO SOTO & ASOCIADOS, INC.",Department of Justice,3100.0,1,2008,2008,award
DIESEL ENGINE TECHNICIAN INC.,Department of Agriculture,8915.0,1,2011,2011,award
DIESEL ENGINE TECHNICIAN INC.,Department of Commerce,6972.0,1,2020,2020,award
DIESEL ENGINE TECHNICIAN INC.,Department of Homeland Security,9312.75,2,2009,2009,award
DIESEL ENGINE TECHNICIAN INC.,Department of the Interior,22045.0,1,2018,2018,award
"DIGITAL AERIAL SOLUTIONS, LLC",Department of Defense,147808.39,3,2019,2024,award
"DIGITAL DOLPHIN PRODUCTS, LLC",Department of Justice,24729.5,1,2019,2019,award
"DIGITAL IMAGING, INC.",Department of Homeland Security,42000.0,1,2007,2007,award
DIGITAL MEDIA CREATIONS,Department of Housing and Urban Development,19000.0,1,2018,2018,award
DIGITAL NETWORKS CORPORATION,Department of Justice,345.0,1,2015,2015,award
DIGITAL NETWORKS CORPORATION,General Services Administration,5075.0,1,2019,2019,award
"DIRECT DOORS AND HARDWARE, INC",Department of Veterans Affairs,36013.0,1,2018,2018,award
"DIRECTV PUERTO RICO, LTD",Department of Defense,20069.48,2,2008,2008,award
"DIRECTV PUERTO RICO, LTD",Department of Homeland Security,44508.26,6,2005,2009,award
"DIRECTV PUERTO RICO, LTD",Department of Justice,40738.39,11,2021,2026,award
"DIRECTV PUERTO RICO, LTD",Department of State,8396.64,1,2008,2008,award
DIRNSA,Department of Homeland Security,214301.0,4,2005,2006,award
DISASTER RECONSTRUCTION INC.,Department of Veterans Affairs,129842.07,3,2020,2020,award
"DISASTER SOLUTIONS ALLIANCE, LLC",Department of Homeland Security,131482727.45,4,2017,2018,award
DISCOUNT TWO WAY RADIO CORP,Department of Homeland Security,8085.0,1,2018,2018,award
"DISH TECHNOLOGIES, LLC",Department of Justice,4851.3,4,2020,2024,award
"DISTINCTIVE HOME CARE, INC.",Department of Defense,2495594.11,2,2016,2017,award
DISTRIBUIDORA BLANCO INC,Department of Homeland Security,15076.8,1,2018,2018,award
DISTRICT HOTEL PARTNERS LLC,Department of Defense,59871.5,4,2016,2019,award
"DIVERS SERVICE CENTER, INC",Department of Defense,55626.0,1,2010,2010,award
"DIVERSIFIED ELECTRONICS, INC.",Department of Defense,20908.0,1,2018,2018,award
DIVERSIFIED MARINE INTERNATIONAL INC,Department of Defense,619372.94,1,2000,2000,award
DIVERSIFIED PROTECTION CORP,Department of Homeland Security,0.0,1,2019,2019,award
"DIVERSIFIED TECHNOLOGY CONSULTANTS, INC.",Department of Defense,0.0,1,2008,2008,award
DIVERSIFIED TELECOMM GROUP INC,Department of Agriculture,5818.0,1,2013,2013,award
DIVINE IMAGING INC.,Department of Justice,3994.8,1,2018,2018,award
DIVISION 16 LLC,Department of Agriculture,5922821.22,2,2022,2022,award
DIVISION 16 LLC,Department of Defense,18216910.12,9,2014,2020,award
DIVISION 16 LLC,Department of Homeland Security,3409103.79,9,2015,2021,award
DIVISION 16 LLC,Department of Transportation,99477.0,2,2016,2018,award
DIVISION 16 LLC,Department of the Interior,247200.0,1,2013,2013,award
DIVISION 16 LLC,General Services Administration,7054399.67,2,2016,2018,award
DIXIE SEAL & STAMP CO. INC.,Department of Agriculture,13987.02,1,2020,2020,award
DJ INDUSTRIES SERVICE INC,Department of Defense,18029.0,1,2009,2009,award
DJ INDUSTRIES SERVICE INC,Department of Homeland Security,989552.39,41,2007,2014,award
"DJ&A, P.C.",Department of Agriculture,249890.87,1,2024,2024,award
"DJ&A, P.C.",Department of Transportation,253034.18,3,2018,2024,award
DL FACILITIES SUPPORT SERVICES JV,General Services Administration,2408129.33,89,2018,2023,award
"DL HOTEL COMPANY, LLC",Department of Defense,32195.7,1,2022,2022,award
"DLC AIRCRAFT PRESERVATION SERVICES, LLC",Department of Defense,19500.0,1,2025,2025,award
"DLT SOLUTIONS, LLC",Department of Defense,102213.64,3,2019,2023,award
DMS MANAGEMENT CORP,Department of Veterans Affairs,13500.0,1,2018,2018,award
"DN GOVERNMENT-SOLUTIONS GROUP, INC.",Department of Agriculture,13233.6,2,2009,2010,award
DOCUMENT CONTROL SYSTEM INC,Department of Defense,251900.0,2,2007,2010,award
DOCUMENT CONTROL SYSTEM INC,Department of Veterans Affairs,48606.92,18,2008,2011,award
DOCUMENT CONTROL SYSTEMS INC,Department of Defense,14830.01,1,2023,2023,award
DOCUMENT CONTROL SYSTEMS INC,Department of Health and Human Services,0.0,1,2019,2019,award
DOCUMENT CONTROL SYSTEMS PROCESSING INC,Department of Defense,35000.0,3,2014,2016,award
DOCUMENT CONTROL SYSTEMS PROCESSING INC,Department of Homeland Security,16703.0,1,2014,2014,award
DOCUMENT CONTROL SYSTEMS PROCESSING INC,Department of Veterans Affairs,32247.33,3,2014,2016,award
DOCUMENT IMAGING DIMENSIONS INC.,Department of Homeland Security,20063.38,1,2019,2019,award
DOE LLC,Department of Homeland Security,37800.0,1,2024,2024,award
DOGWOOD CREEK CONSTRUCTION LLC,Department of Homeland Security,0.0,1,2016,2016,award
DOMESTIC AWARDEES (UNDISCLOSED),Department of Agriculture,7037.06,2,2018,2018,award
DOMESTIC AWARDEES (UNDISCLOSED),Department of Justice,1657782.07,259,2018,2025,award
"DONJON MARINE CO., LLC",Department of Defense,39047229.44,3,2018,2019,award
"DOOR & HARDWARE SPECIALTIES, LLC",Department of Defense,27834.81,2,2008,2014,award
"DOOR ADO EQUIPMENT SPECIALTIES, CORP.",Department of Agriculture,10225.0,1,2020,2020,award
"DOOR ADO EQUIPMENT SPECIALTIES, CORP.",Department of Defense,729075.71,9,2010,2024,award
"DOOR ADO EQUIPMENT SPECIALTIES, CORP.",Department of Homeland Security,22042.0,1,2018,2018,award
"DOOR ADO EQUIPMENT SPECIALTIES, CORP.",Department of Veterans Affairs,69002.0,4,2018,2023,award
"DOOR ADO EQUIPMENT SPECIALTIES, CORP.",Department of the Interior,14333.48,1,2016,2016,award
"DOORMATIC, INCORPORADO",Department of Homeland Security,12950.0,2,2006,2006,award
DOORS & HARDWARE INC,Department of Justice,16744.0,1,2020,2020,award
"DOR-MOR, INC.",Department of Homeland Security,7440.0,1,2018,2018,award
DORADO ACADEMY INC,Department of Homeland Security,20420.39,2,2008,2009,award
"DORADO SERVICES, INC.",Department of Defense,2853843.14,1,2023,2023,award
"DORNIER MEDTECH AMERICA, INC.",Department of Veterans Affairs,50240.56,2,2015,2020,award
"DORSEY & DORSEY ENGINEERING, INC",Department of Agriculture,135697.63,1,2019,2019,award
DOT COMMUNICATIONS LLC,Department of Veterans Affairs,296121.11,2,2021,2022,award
DOUBLE C CONSTRUCTION CORP,Department of Homeland Security,22750.0,1,2010,2010,award
DOUBLE S STATIONERY INC,Corporation for National and Community Service,714.3,1,2009,2009,award
DOUBLE S STATIONERY INC,Department of Veterans Affairs,257.7,1,2008,2008,award
"DOUBLEDEY, INC",Department of Defense,11600.0,2,2012,2012,award
DOWNIE JONES SHIP STORES LIMITED,Department of Defense,586171.0,7,2022,2026,award
"DOYON PROJECT SERVICES, LLC",Department of Defense,0.0,1,2017,2017,award
DR COOLING SYSTEMS LLC,Department of Justice,11582.0,1,2024,2024,award
DR NORMA MARTINEZ,Department of Defense,484105.0,8,2010,2021,award
"DR PAYNE, SYLVIA N",Social Security Administration,2240.0,1,2011,2011,award
DR RAMON L SAAVEDRA,Department of Veterans Affairs,10800.0,1,2007,2007,award
DR. DESTAPE INC.,Department of the Interior,7810.0,1,2022,2022,award
DRA AMARILIS SERRANO,Social Security Administration,367550.0,17,2011,2020,award
"DREW INVESTMENT GROUP, LLC",Department of Justice,449397.0,8,2023,2023,award
DREW MARINE USA INC,Department of Defense,545718.89,38,2020,2025,award
DRIVE CONSTRUCTION INC,Department of Homeland Security,494350.26,1,2021,2021,award
DROGUERIA BETANCES LLC,Department of Veterans Affairs,245.1,1,2008,2008,award
DROUYN & CO. INC,Department of Agriculture,15165480.0,3,2020,2020,award
DSB-GRP TSB JOINT VENTURE LLP,Department of Transportation,13974754.13,1,2019,2019,award
DSKE CONSTRUCTION LLC,Department of Transportation,9341920.16,1,2023,2023,award
DSV AIR & SEA A/S,Department of Justice,5890.0,2,2018,2018,award
"DTC COMMUNICATIONS, INC.",Department of Homeland Security,3114753.65,1,2022,2022,award
DTECH SERVICES INC,Department of Homeland Security,155882.35,1,2020,2020,award
"DUCHESNE, INC.",Department of Defense,40583.0,1,2024,2024,award
DUENAS TRAILERS RENTAL INC,Department of Agriculture,148034.12,8,2008,2018,award
DUENAS TRAILERS RENTAL INC,Department of Defense,1160011.87,35,2008,2025,award
DUENAS TRAILERS RENTAL INC,Department of Homeland Security,411632.01,14,2011,2019,award
DUENAS TRAILERS RENTAL INC,Department of Justice,23202.0,6,2013,2018,award
DUENAS TRAILERS RENTAL INC,Department of Veterans Affairs,1689302.68,21,2008,2023,award
DUENAS TRAILERS RENTAL INC,Department of the Interior,287678.98,1,2021,2021,award
"DUI, INCORPORADO",Department of Defense,998429.43,21,2009,2024,award
"DUI, INCORPORADO",Department of Homeland Security,59170.67,6,2008,2020,award
"DUMEY COMMUNICATIONS DESIGN GROUP, INC.",Department of Agriculture,0.0,1,2012,2012,award
"DUMEY COMMUNICATIONS DESIGN GROUP, INC.",Department of Defense,124610.0,2,2010,2011,award
"DUN & BRADSTREET, INC",Department of Homeland Security,899960.24,1,2019,2019,award
"DUO MARKETING BOUTIQUE, CORP.",Department of Defense,42090.75,1,2011,2011,award
DURA MEDICAL EQUIPMENT INC,Department of Veterans Affairs,199225.0,2,2018,2018,award
DURMAN ESQUIVEL PUERTO RICO CORP.,Department of the Interior,16280.41,1,2013,2013,award
DYNAMIC COMPUTER CORPORATION,Department of Justice,14308.92,2,2018,2019,award
"DYNAMIC GROUP, LLC",Department of Defense,2500.0,2,2021,2021,award
DYNAMIC-PRO INC.,Department of Homeland Security,0.0,1,2018,2018,award
"DYNEX TECHNOLOGIES, INC",Department of Health and Human Services,52705.0,1,2021,2021,award
E A INDUSTRIES INC,Department of Defense,37431857.99,64,2008,2012,award
E A INDUSTRIES INC,Department of Homeland Security,5522867.7,6,2009,2012,award
E B P DESIGN GROUP CONSULTING ENGINEERS PSC,Department of Defense,1137703.91,9,2019,2022,award
E B P DESIGN GROUP CONSULTING ENGINEERS PSC,Department of Veterans Affairs,6820158.28,1,2015,2015,award
E CO PSC,Department of Agriculture,23520.0,1,2021,2021,award
"E J N TECHNICAL SERVICES, INC.",Department of Defense,9685.25,2,2010,2010,award
"E M ASFALTO, INC",Department of Agriculture,110590.0,1,2014,2014,award
E M SYSTEMS GROUP CORP,Department of Veterans Affairs,3906.0,1,2010,2010,award
E R CONTRACTOR CORP,Department of Defense,21500.0,1,2012,2012,award
E S GROUP INC,Department of Justice,3640.0,1,2011,2011,award
E&E EDUCATIONAL SERVICES INC,Department of Veterans Affairs,13000.0,2,2023,2025,award
E-CONTROL SYSTEMS INC.,Department of Health and Human Services,56741.0,1,2022,2022,award
E-CYCLING PUERTO RICO INC,Department of Homeland Security,80000.0,1,2011,2011,award
E-CYCLING PUERTO RICO INC,Department of Justice,2704.38,1,2017,2017,award
"E-LOGIC, INC.",Department of Defense,213449.9,1,2020,2020,award
E. AROCHO APPRAISAL GROUP PSC,Department of Agriculture,15125.0,3,2011,2012,award
"E. N. BISSO & SON TOWING, INC",Department of Defense,422516.3,3,2022,2022,award
"E. N. BISSO & SON TOWING, INC",Department of Homeland Security,54234.41,1,2022,2022,award
"E.J. SCHRADER COMPANY, INCORPORATED",Department of Homeland Security,8090.0,1,2018,2018,award
E2 - JV1 LLC,General Services Administration,390206.99,1,2018,2018,award
"E3 DIAGNOSTICS, INC.",Department of Veterans Affairs,39000.0,1,2020,2020,award
EA-WOOD-2 MP JV,Department of Defense,153768.73,1,2022,2022,award
EAGLE COMMISSARY SUPPLY LLC,Department of Justice,10487.36,1,2020,2020,award
"EAGLE GENERAL SERVICES, INC.",Department of Homeland Security,40118.5,1,2018,2018,award
"EAGLE INDUSTRIES UNLIMITED, LLC",Department of Defense,1855.0,1,2025,2025,award
EAI DISTRIBUTORS LLC,Department of Veterans Affairs,33390.0,1,2025,2025,award
"EAN HOLDINGS, LLC",Department of Agriculture,134522.52,1,2018,2018,award
"EAN HOLDINGS, LLC",Department of Defense,1597436.99,4,2023,2026,award
"EAN HOLDINGS, LLC",Department of Homeland Security,336591.35,2,2017,2019,award
"EAN HOLDINGS, LLC",Department of Justice,19879.33,1,2020,2020,award
"EAN HOLDINGS, LLC",General Services Administration,9609133.27,127,2018,2026,award
"EARLE KINLAW & ASSOCIATES, INC.",Department of the Interior,393518.65,1,2019,2019,award
EARTHBOUND STUDIOS,Department of Commerce,16054.0,1,2014,2014,award
EARTHWORKS MORTENSON JOINT VENTURE,Department of Defense,0.0,2,2015,2015,award
EAS SYSTEMS INC,Department of Defense,605574.5,10,2016,2023,award
EAS SYSTEMS INC,Department of Homeland Security,3077889.13,17,2015,2025,award
EAS SYSTEMS INC,Department of Justice,57879.31,6,2012,2022,award
EAS SYSTEMS INC,General Services Administration,142715.09,3,2021,2025,award
"EAST COAST INVENTORY SERVICE, INC.",Department of Defense,0.0,1,2015,2015,award
"EAST POINTE HOLDINGS, INC",Department of Defense,8823.25,1,2020,2020,award
EAST TOWING & SALVAGE INC.,Department of Defense,1568620.5,2,2018,2018,award
EAST TOWING & SALVAGE INC.,Department of Homeland Security,40918.6,2,2016,2024,award
EAST TOWING & SALVAGE INC.,Department of Justice,20025.0,2,2015,2019,award
EASTERN AIR EXPRESS LLC,Department of Defense,249800.0,2,2024,2025,award
EASTERN AIRLINES LLC,Department of Defense,3399059.59,16,2022,2025,award
EASTERN CONSTRUCTION & ELECTRIC INC,Department of Defense,10274721.02,1,2017,2017,award
EATON CORPORATION,Department of Transportation,369699.41,5,2019,2024,award
EAZYELECTRONICS,Department of Veterans Affairs,4920.0,3,2008,2008,award
"EBANISTERIA VICENTE, INC",Department of Justice,3150.0,1,2008,2008,award
EBI LLC,Department of Veterans Affairs,153522.0,2,2016,2022,award
EBSCO INDUSTRIES INC,Department of Veterans Affairs,518974.81,3,2018,2024,award
"EC AMERICA, INC",Department of Transportation,56448.0,1,2023,2023,award
"EC AMERICA, INC",Department of Veterans Affairs,0.0,1,2015,2015,award
EC WASTE LLC,Department of Defense,2648295.37,2,2004,2022,award
EC WASTE LLC,Department of Health and Human Services,5834.18,2,2007,2008,award
EC WASTE LLC,Department of Homeland Security,707923.37,6,2004,2024,award
EC WASTE LLC,Department of Veterans Affairs,88860.0,1,2015,2015,award
ECC INSIGHT PHILOTECHNICS LLC,Department of Defense,409849.24,1,2017,2017,award
"ECHEVARRIA, GILBERTO",Department of Agriculture,389775.0,54,2010,2020,award
"ECLIPSE COMPANIES, LLC",Department of Transportation,21379718.27,8,2019,2025,award
"ECOABITAT, CORP.",Department of Agriculture,223654.0,1,2010,2010,award
"ECOABITAT, CORP.",Department of Homeland Security,116200.0,1,2009,2009,award
ECOLAB FOOD SAFETY SPECIALTIES INC.,Department of Homeland Security,0.0,1,2019,2019,award
ECOLAB MANUFACTURING INC.,Department of Homeland Security,6232.28,1,2015,2015,award
ECOLAB MANUFACTURING INC.,Department of Justice,4936.75,1,2014,2014,award
ECOLIFT CORPORATION,Department of Defense,1913.6,1,2014,2014,award
ECOLOGIC PR RECYCLING,Department of Justice,2125.0,2,2011,2011,award
"ECOLOGICA CARMELO, INC.",Department of the Interior,15863.54,1,2018,2018,award
ECOLOGY MIR GROUP LLC,Department of Agriculture,41999.0,1,2020,2020,award
ECOLOGY MIR GROUP LLC,Department of Defense,76833.18,3,2021,2024,award
ECOLOGY MIR GROUP LLC,Department of the Interior,2237892.99,2,2019,2025,award
ECONET SOLUCIONES AMBIENTALES CORP,Department of Homeland Security,18838.0,1,2021,2021,award
ECOSAN ENVIRONMENTAL SERVICES INC.,Department of Veterans Affairs,13800.0,2,2010,2011,award
ECOTHINK GROUP LLC,Department of Veterans Affairs,42100.0,1,2024,2024,award
"ECR ENGINEERING, LLC",Department of Agriculture,29827.5,1,2023,2023,award
ECV FIRST SECURITY & TELECOM INC,Department of Agriculture,4964.0,1,2022,2022,award
ECV FIRST SECURITY & TELECOM INC,Department of Homeland Security,10170.0,1,2008,2008,award
ECZ GROUP PSC,Department of Housing and Urban Development,0.0,1,2013,2013,award
"ED CONTRACTORS, INC",Department of Agriculture,744210.45,7,2010,2017,award
"ED CONTRACTORS, INC",Department of Defense,1960381.45,12,2009,2016,award
"ED CONTRACTORS, INC",Department of Homeland Security,381005.53,13,2009,2016,award
"ED CONTRACTORS, INC",Department of the Interior,36621.0,2,2010,2010,award
"ED CONTRACTORS, INC",General Services Administration,6982028.04,12,2010,2017,award
EDELIO FINALES & ASSOCIATES,Department of Agriculture,81290.0,13,2010,2013,award
EDEN GENERAL CONSTRUCTION NY INC.,Department of Defense,15998.25,1,2022,2022,award
"EDGE TECHNOLOGY DISTRIBUTORS, INC.",Department of Defense,0.0,1,2020,2020,award
EDITORIAL PRIMERA HORA INC,Department of Defense,60336.5,3,2008,2010,award
EDUCADEMY LLC,Department of Defense,279400.0,1,2018,2018,award
EDWARDS LIFESCIENCES LLC,Department of Veterans Affairs,46200.0,1,2018,2018,award
EEL ELECTRICAL CONTRACTOR CORP.,Department of Agriculture,75737.0,3,2010,2011,award
EEL ELECTRICAL CONTRACTOR CORP.,Department of Defense,618722.47,4,2007,2012,award
EEL ELECTRICAL CONTRACTOR CORP.,Department of Homeland Security,99141.0,3,2011,2011,award
EEL ELECTRICAL CONTRACTOR CORP.,Department of the Interior,24643.0,2,2010,2012,award
EFEX CORP,Department of Defense,112000.0,1,2006,2006,award
"EFFECTIVE ENVIRONMENTAL RESTORATION (EER), INC.",Smithsonian Institution,102458.0,3,2015,2016,award
EFRAIN FIGUEROA,Department of Commerce,17750.0,2,2007,2007,award
EFRAIN PICON & ASSOCIATES,Department of Agriculture,56400.0,8,2010,2013,award
EHP SAN JUAN SUITES LLC,Department of Defense,10753.78,1,2021,2021,award
EHRET INC,Department of Veterans Affairs,5315.0,3,2010,2010,award
EJES INC.,Department of Defense,871808.0,1,2018,2018,award
EKNO SUPPLY LLC,Department of Veterans Affairs,43600.0,1,2018,2018,award
"EKP CONSTRUCTION, INC.",Department of Homeland Security,409920.04,17,2006,2018,award
"EL BOSQUE DE BOLONIA DE M. DE HOSTOS, INC",Department of Defense,16818.0,1,2020,2020,award
"EL BOSQUE DE BOLONIA DE M. DE HOSTOS, INC",Department of Justice,9685.5,1,2012,2012,award
EL CANEY LODGE - ARMY LODGING,Department of Defense,184259.5,27,2008,2012,award
EL CANEY LODGE - ARMY LODGING,Department of Justice,5070.0,1,2008,2008,award
EL CANEY LODGE - ARMY LODGING,Department of the Treasury,14750.0,3,2010,2011,award
EL CONQUISTADOR PARTNERSHIP LIMITED PARTNERSHIP,Department of Defense,39832.0,1,2008,2008,award
EL CONQUISTADOR PARTNERSHIP LPSE,Department of Agriculture,119995.51,3,2014,2020,award
EL CONQUISTADOR PARTNERSHIP LPSE,Department of Defense,1451015.35,26,2010,2021,award
"EL DORADO TECHNICAL SERVICES, S.E.",Department of Defense,41883.0,1,2011,2011,award
EL FOGON DEL REY,Department of Defense,6300.0,1,2013,2013,award
EL PIEX PUERTORRIQUENO INC,Department of Justice,24999.96,1,2012,2012,award
"ELDERLY TRANSPORTATION SERVICES, LLC",Department of Veterans Affairs,10426.0,1,2018,2018,award
"ELDRIDGE FENCING, INC.",Department of the Interior,74840.0,1,2019,2019,award
ELECTRIC SERVICE CORP.,Department of Agriculture,15675.0,1,2024,2024,award
ELECTRIC SERVICE CORP.,Department of Defense,102310.0,1,2010,2010,award
ELECTRIC SERVICE CORP.,Department of Homeland Security,6380.0,2,2009,2012,award
ELECTRIC SERVICE CORP.,Department of Transportation,23600.0,1,2021,2021,award
ELECTRIC SERVICE CORP.,Department of the Interior,37525.0,1,2011,2011,award
ELECTRICAL & ELECTRONIC SUPPLIERS INC,Department of Defense,210595.07,64,2008,2023,award
"ELECTRICAL AND MECHANICAL CONSTRUCTION CO., INC.",Department of Defense,177778.04,4,2008,2011,award
"ELECTRICAL AND MECHANICAL CONSTRUCTION CO., INC.",Department of Homeland Security,4663504.68,14,2006,2011,award
ELECTRICAL INSTALLATION & SERVICE CORP,Department of Defense,43094.4,5,2009,2015,award
ELECTRICAL INSTALLATION & SERVICE CORP,Department of Justice,23030.0,3,2008,2012,award
ELECTRICAL INSTALLATION & SERVICE CORP,Department of Veterans Affairs,1679953.0,21,2008,2018,award
"ELECTRICAL PROFESSIONAL SERVICES, INC",Department of Defense,128100.0,1,2006,2006,award
"ELECTRICAL PROFESSIONAL SERVICES, INC",Department of the Interior,35825.91,1,2008,2008,award
"ELECTRICAL PROFESSIONAL SERVICES, INC",General Services Administration,74269.38,2,2013,2013,award
ELECTRO GATE CARIBBEAN INC,Department of Defense,210373.0,8,2008,2014,award
ELECTRO GATE CARIBBEAN INC,Department of Homeland Security,3150.0,1,2011,2011,award
ELECTROMATIC DE PR INC,Department of Defense,4530.0,1,2013,2013,award
ELECTRONIC CONTRACTOR INC,Department of Defense,993885.81,7,2006,2010,award
ELEKTRA ELECTRIC SERVICE INC,Department of Agriculture,38215.0,5,2016,2020,award
ELEORA LLC,Department of Homeland Security,78500.88,1,2019,2019,award
"ELEVATE HOLDINGS, INC",Department of Justice,79996.0,1,2018,2018,award
"ELEVEN BRAVO GROUP, LLC",Department of Defense,0.0,1,2024,2024,award
"ELEVEN BRAVO GROUP, LLC",Department of the Interior,17997.71,1,2025,2025,award
ELIEL ORTHO MEDICAL CORP.,Department of Veterans Affairs,111889.0,26,2011,2018,award
ELIEZER MUNOZ IRIZARRY,Department of Defense,95193.28,16,2010,2020,award
ELIEZER RODRIGUEZ ARCHAEOLOGICAL SERVICES,Department of Agriculture,85520.64,8,2011,2015,award
"ELITE BUSINESS STRATEGIES, LLC",Department of Homeland Security,511256.17,1,2018,2018,award
ELITEBCO LLC,Agency for International Development,11733294.09,2,2016,2023,award
ELITEBCO LLC,Corporation for National and Community Service,4483456.34,1,2023,2023,award
ELITEBCO LLC,Department of Agriculture,50833.2,3,2019,2020,award
ELITEBCO LLC,Department of Defense,3206849.95,9,2013,2022,award
ELITEBCO LLC,Department of Homeland Security,24866.72,2,2015,2015,award
ELITEBCO LLC,Department of Housing and Urban Development,5000526.75,2,2016,2023,award
ELITEBCO LLC,General Services Administration,2777089.46,10,2017,2020,award
ELIZABETH ALEXANDRA SARGENT,Department of the Interior,865470.58,3,2022,2025,award
ELIZAROV CONSULTING GROUP LLC,Department of Defense,0.0,1,2024,2024,award
ELMEC INDUSTRIES INC,Department of Defense,73020.96,18,2008,2012,award
ELSEVIER INC.,Department of Agriculture,3685.0,1,2018,2018,award
"ELWOOD INTERNATIONAL, INC",Department of Justice,13450.56,5,2018,2018,award
EMA PRODUCTS AND SERVICES,Department of Agriculture,6200.0,1,2012,2012,award
EMAX FINANCIAL & REAL ESTATE ADVISORY SERVICES LLC,General Services Administration,42646.76,1,2024,2024,award
EMEL CORP,Department of Defense,6987.0,1,2008,2008,award
EMERALD PACIFIC GROUP CORP,Department of Defense,6474.0,2,2021,2022,award
EMERGENCY & CRITICAL CARE TRAININGS LLC,Department of Defense,6000.0,1,2024,2024,award
EMERGENCY & CRITICAL CARE TRAININGS LLC,Department of Justice,3600.84,1,2016,2016,award
"EMERGENT DEVICES, INC.",Department of Justice,1696.8,1,2020,2020,award
"EMERGENT, LLC",Department of Justice,6554.63,4,2023,2025,award
EMMANUEL MALDONADO GONZALEZ,Department of the Interior,32219.64,1,2022,2022,award
EMORY UNIVERSITY,Department of Transportation,315190.0,1,2021,2021,award
"EMP2, INC.",Department of Veterans Affairs,10652.3,1,2020,2020,award
"EMP2, INC.",General Services Administration,42612.48,1,2017,2017,award
"EMPACADORA Y PROCESADORA DEL SUR, INC",Department of Justice,15830.0,2,2014,2014,award
"EMPIRE COMPANY, INC.",Department of Homeland Security,35231.62,2,2018,2018,award
EMPIRE HOSPITALITY LLC,Department of Homeland Security,15000.0,1,2022,2022,award
"EMPRESAS AGRICOLAS SAN PABLO, INC.",Department of Veterans Affairs,108943.16,1,2023,2023,award
EMPRESAS ARR INC.,Department of Veterans Affairs,4835.5,1,2012,2012,award
"EMPRESAS CABAN, INC",General Services Administration,9025.0,1,2012,2012,award
EMPRESAS CLARA,Department of Homeland Security,3200.0,1,2006,2006,award
"EMPRESAS DE GAS CO., INC.",Department of Defense,45600.0,2,2013,2014,award
"EMPRESAS DE GAS CO., INC.",Department of Homeland Security,40413.02,4,2007,2010,award
"EMPRESAS FERAL, INC.",General Services Administration,435962.13,11,2010,2010,award
EMPRESAS FERHANNI INC,Department of Defense,22995.0,1,2008,2008,award
EMPRESAS GUTIERREZ DEL ARROYO INC,Department of Defense,809969.9,2,2006,2024,award
"EMPRESAS HECTOR ROURA, INC.",Department of Homeland Security,1250.0,1,2015,2015,award
"EMPRESAS MOLINA & ROBLES, INC.",Department of Defense,255399.86,13,2010,2016,award
"EMPRESAS MOLINA & ROBLES, INC.",Department of Homeland Security,137082.85,6,2009,2021,award
"EMPRESAS MOLINA & ROBLES, INC.",Department of Veterans Affairs,51525.3,2,2010,2011,award
EMPRESAS Y-NUINA INC,Department of Defense,55184.28,5,2008,2008,award
EMPRISE CORPORATION,Department of Defense,199564.71,1,2019,2019,award
"EN-NET SERVICES, L.L.C.",Department of Defense,1279.5,1,2014,2014,award
"EN-VISION AMERICA, INC.",Department of Veterans Affairs,14806.8,1,2018,2018,award
"ENABLE ME, L.L.C.",Department of Veterans Affairs,16325.61,1,2018,2018,award
ENCO GROUP LLC,Department of Agriculture,63000.0,1,2023,2023,award
"ENCORE ASSOCIATES, LLC",Department of Defense,97404.05,5,2025,2025,award
ENCORE GROUP USA LLC,Department of Energy,21810.6,1,2023,2023,award
ENCORE GROUP USA LLC,Department of Homeland Security,57755.2,3,2019,2019,award
ENDLESS SALES INC,Department of Homeland Security,629119.93,3,2018,2019,award
"ENERGIA 2000, INC.",Department of Defense,65760.0,1,2008,2008,award
ENERSYS ENGINEERING CORPORATION,Department of Homeland Security,12339.4,1,2015,2015,award
ENERSYS ENGINEERING CORPORATION,Department of the Interior,334525.5,4,2015,2016,award
ENFIELD ENTERPRISES LLC,Department of Defense,0.0,1,2005,2005,award
ENG. DWIGHT RODRIGUEZ,Department of Veterans Affairs,26700.0,4,2008,2010,award
"ENGILITY SERVICES, LLC",Department of Justice,816831.68,9,2017,2019,award
"ENGINEERED INSTALL CARIBBEAN, INC.",Social Security Administration,5865.0,1,2011,2011,award
ENGINEERED PARTS & SERVICES INC,Department of Commerce,40641.0,1,2020,2020,award
ENGINEERED PARTS & SERVICES INC,Department of Homeland Security,9000.0,1,2015,2015,award
"ENGINEERED PRODUCTS COMPANY, INC.",Department of Justice,50500.0,3,2016,2018,award
"ENGINEERED PRODUCTS COMPANY, INC.",General Services Administration,24000.0,1,2018,2018,award
"ENGINEERING & ENVIRONMENT, INC.",Department of Defense,291645.8,2,2008,2013,award
"ENGINEERING SERVICES INT'L, LLC",Department of Defense,1821270.0,1,2018,2018,award
"ENGINEERING SERVICES INT'L, LLC",Department of Justice,5120571.0,1,2021,2021,award
ENGITECH LLC,Department of Justice,43174.39,1,2020,2020,award
ENGIWORKS CORP,Department of Veterans Affairs,302100.0,2,2020,2020,award
ENRIQUE LLANTIN RIVERA,Department of Homeland Security,3784.68,1,2014,2014,award
"ENSEMBLE GOVERNMENT SERVICES, LLC",Department of Defense,500.0,1,2021,2021,award
"ENSEMBLE GOVERNMENT SERVICES, LLC",Department of Health and Human Services,0.0,1,2022,2022,award
"ENSEMBLE GOVERNMENT SERVICES, LLC",National Aeronautics and Space Administration,1180895.0,2,2021,2022,award
ENSOLUTIONS MANAGEMENT GROUP LLC,Department of Defense,483537.93,6,2022,2023,award
"ENTERPRISE FURNITURE CONSULTANTS, INC",General Services Administration,522093.66,1,2017,2017,award
"ENTERPRISE TECHNOLOGY SOLUTIONS, INC.",Department of Defense,124704.1,1,2024,2024,award
ENV SERVICES INC,Department of Veterans Affairs,97601.04,1,2016,2016,award
"ENVIREMEDIAL SERVICES, INC.",Department of Defense,31840335.84,99,2013,2025,award
ENVIRO SAFETY COMPLIANCE ALTERNATIVE INC,Department of Defense,118693.5,3,2019,2022,award
ENVIRO SAFETY COMPLIANCE ALTERNATIVE INC,Department of Homeland Security,1834.41,1,2014,2014,award
ENVIRO SAFETY COMPLIANCE ALTERNATIVE INC,Department of Veterans Affairs,1946873.41,19,2008,2025,award
ENVIRO-TAB INC,Department of Defense,10151609.19,22,2013,2024,award
ENVIRO-TAB INC,Department of Health and Human Services,68354.0,1,2021,2021,award
ENVIRO-TAB INC,Department of Homeland Security,419982.22,16,2016,2021,award
ENVIRO-TAB INC,Department of Labor,542436.34,1,2019,2019,award
ENVIRO-TAB INC,Department of Veterans Affairs,1850.0,1,2010,2010,award
ENVIRO-TAB INC,General Services Administration,2398921.39,5,2015,2018,award
ENVIRONICS ENGINEERING GROUP LLC,Department of Homeland Security,175682.19,3,2009,2013,award
ENVIRONMENTAL & SAFETY ENGINEERING SOLUTIONS LLC,Department of Defense,8800.0,2,2024,2024,award
ENVIRONMENTAL CHEMICAL CORPORATION,Department of Defense,3303816.01,3,2009,2018,award
ENVIRONMENTAL CONTROL INC,Department of Homeland Security,15166.0,1,2018,2018,award
"ENVIRONMENTAL HEALTH & SAFETY SERVICES, INC",Department of Veterans Affairs,1977215.0,32,2010,2025,award
ENVIRONMENTAL MANAGEMENT & PLANNING SOLUTIONS LLC,Department of the Interior,7607.3,1,2023,2023,award
ENVIRONMENTAL MANAGEMENT SERVICES INC,Department of Agriculture,4115.17,1,2022,2022,award
ENVIRONMENTAL MAPPING CONSULTANTS LLC,Department of the Interior,2400.0,1,2008,2008,award
ENVIRONMENTAL QUALITY LABORATORIES INC,Department of Agriculture,85115.68,3,2022,2024,award
ENVIRONMENTAL QUALITY LABORATORIES INC,Department of Defense,1114711.86,10,2005,2024,award
ENVIRONMENTAL QUALITY LABORATORIES INC,Department of the Interior,231810.5,8,2013,2024,award
"ENVIRONMENTAL RESEARCH GROUP, L.L.C.",Department of Agriculture,565024.77,3,2023,2024,award
"ENVIRONMENTAL RESEARCH GROUP, L.L.C.",Department of Homeland Security,184967.53,2,2022,2022,award
ENVIRONMENTAL RESTORATION LLC,Environmental Protection Agency,11220367.99,11,2016,2025,award
ENVIRONX SOLUTIONS INC,Department of Agriculture,130000.0,1,2019,2019,award
ENVIRORESOURCES INC,Department of Agriculture,32718.0,3,2007,2011,award
ENVIROSURVEY INC,Department of Agriculture,32500.0,2,2008,2014,award
"ENVISION INDUSTRIES, INC.",Department of Defense,7799992.48,13,2013,2023,award
ENVISION TECHNOLOGIES INC,Department of Defense,546483.53,12,2008,2019,award
ENVISION TECHNOLOGIES INC,Department of Homeland Security,26043.28,1,2012,2012,award
ENVISION TECHNOLOGIES INC,Department of Justice,130772.33,5,2010,2023,award
"ENVISION V.I., CORP",Department of Homeland Security,24379.0,1,2013,2013,award
ENZYMATIC HOLDINGS CORPORATION,Department of Defense,70271.0,1,2025,2025,award
ENZYMATIC HOLDINGS CORPORATION,Environmental Protection Agency,100000.0,1,2025,2025,award
EOI INC,Department of Veterans Affairs,551174.0,4,2017,2023,award
EOLA POWER LLC,Department of Defense,15943.99,1,2018,2018,award
EPILOG CORPORATION,Department of Homeland Security,20535.0,1,2021,2021,award
EPIPE ENGINEERING L.L.C.,Department of Defense,50101.26,1,2015,2015,award
EPKO SUPPLY INC,Department of Defense,16675.27,1,2020,2020,award
EPKO SUPPLY INC,Department of Homeland Security,282536.9,4,2018,2024,award
EPSILON CONSTRUCTION CORP,Department of Agriculture,259613.03,4,2010,2015,award
EPSILON CONSTRUCTION CORP,Department of Defense,1734569.63,21,2011,2016,award
EPSILON CONSTRUCTION CORP,Department of Homeland Security,274138.9,13,2010,2016,award
EPSILON CONSTRUCTION CORP,Department of Justice,2900.0,1,2012,2012,award
EPSILON CONSTRUCTION CORP,Department of Transportation,33300.0,1,2011,2011,award
EPSILON CONSTRUCTION CORP,Department of Veterans Affairs,812614.51,2,2014,2015,award
EPSILON CONSTRUCTION CORP,Department of the Interior,226490.0,7,2010,2013,award
EPSILON CONSTRUCTION CORP,General Services Administration,568676.41,6,2010,2014,award
EPSILON SYSTEMS SOLUTIONS INC,Department of Defense,3322334.47,6,2022,2023,award
"EPSILON SYSTEMS SOLUTIONS, INC.",Department of Defense,904902.21,1,2021,2021,award
"EQUACLEANING SERVICES, INC",Department of Commerce,54600.0,1,2015,2015,award
EQUIFAX INFORMATION SERVICES LLC,Department of Justice,149.34,2,2018,2019,award
EQUIPEX INTERNATIONAL (PR) INC.,Department of Defense,17314.0,1,2012,2012,award
EQUIPEX INTERNATIONAL (PR) INC.,Department of Homeland Security,11495.0,1,2011,2011,award
EQUIPMENT SALES AND ENGINEERING CORPORATION,Department of Defense,12600.0,1,2012,2012,award
"EQUIPOS PRO-IMPEDIDOS, INC.",Department of Veterans Affairs,1433527.28,291,2011,2025,award
EQUITECH LLC,Department of the Interior,483916.73,16,2015,2024,award
ERA HEALTH LLC,Department of Veterans Affairs,16241.0,1,2020,2020,award
"ERC MANUFACTURING, INC.",Department of Agriculture,1362387.29,9,2010,2018,award
"ERC MANUFACTURING, INC.",Department of Defense,6454140.56,60,2010,2022,award
"ERC MANUFACTURING, INC.",Department of Homeland Security,138364.0,1,2014,2014,award
"ERC MANUFACTURING, INC.",Department of Justice,54149.5,2,2017,2019,award
"ERC MANUFACTURING, INC.",Department of Transportation,123547.07,2,2019,2020,award
"ERC MANUFACTURING, INC.",Department of Veterans Affairs,1396300.0,2,2016,2016,award
"ERC MANUFACTURING, INC.",Department of the Interior,53508.0,1,2018,2018,award
"ERICKSON, HEATHER ELYSE",Department of Agriculture,24000.0,1,2016,2016,award
"ERICS BBQ, INC.",Department of Defense,25951.25,7,2015,2016,award
"ERM SAFETY, INC",Department of Defense,93212.87,4,2020,2025,award
ES TRUST CORPORATION,Department of Defense,29225.0,1,2011,2011,award
ESB PUERTO RICO CORP,Department of Defense,58695.09,6,2006,2021,award
ESB PUERTO RICO CORP,Department of Homeland Security,61154.11,3,2009,2021,award
ESB PUERTO RICO CORP,Department of Veterans Affairs,1067.61,2,2008,2008,award
"ESCOBAR, SIXTO JR",Department of the Interior,8240.0,1,2010,2010,award
ESCOTECH INC,Department of Homeland Security,2340.0,1,2008,2008,award
"ESCUELA DE MEDICINA SAN JUAN BAUTISTA, INC.",Department of Defense,663592.91,21,2010,2025,award
ESCUELA NATACION YARITZMAR,Department of Defense,8250.0,1,2006,2006,award
ESJ TOWERS INC,Department of Defense,78330.0,5,2020,2020,award
ESJ TOWERS INC,Department of Homeland Security,1398911.0,2,2018,2018,award
ESMO CORP.,Department of Homeland Security,80675.0,10,2008,2018,award
ESMO CORP.,Department of the Interior,4300.0,1,2015,2015,award
ESP LANGUAGE SERVICES LLC,Department of Justice,6169.41,2,2014,2019,award
ESP LANGUAGE SERVICES LLC,Department of State,69104.5,5,2010,2020,award
ESSENTIAL PACKS LLC,Department of Justice,11874.25,1,2018,2018,award
"ESSNOVA SOLUTIONS, INC.",Department of Defense,2804414.35,2,2021,2025,award
ESSO STANDARD OIL SA LTD,Department of Defense,10526294.14,1,2005,2005,award
ESSO STANDARD OIL SA LTD,Department of Veterans Affairs,138221.78,3,2008,2008,award
EST ELECTRICAL CONTRACTORS & ENGINEERS CORP,Department of Defense,168323.0,1,2011,2011,award
ESTES BROS. CONST. INC.,Department of Transportation,20540300.22,6,2010,2023,award
ESTES EXPRESS LINES,Department of Homeland Security,20947020.92,1,2018,2018,award
ESTUDIOS TECNICOS INC,Department of Agriculture,5000.0,1,2015,2015,award
"ET FAST SUPPLIES, CORP",Department of Veterans Affairs,14750.0,1,2018,2018,award
ETAG CORPORATION,Department of Agriculture,831287.6,3,2016,2024,award
"ETHICAL PERSONNEL SERVICES, INC.",Department of Veterans Affairs,599589.96,1,2019,2019,award
ETI-PACIFICTECH JV 1,Department of Homeland Security,2375071.38,3,2020,2022,award
"EURO-CARIBE PACKING COMPANY, INC.",Department of Defense,1404600.69,18,2008,2012,award
EVELYN MUNOZ,Department of the Treasury,4864.17,12,2008,2011,award
EVENSONBEST LLC,Department of Homeland Security,276119.23,1,2015,2015,award
"EVERON, LLC",Department of Justice,683.88,1,2021,2021,award
"EVERTS AIR FUEL, INC",Department of Defense,213611.1,1,2018,2018,award
"EVERY TOOL, INC",Department of Defense,0.0,1,2026,2026,award
"EVIGILANT.COM, LLC",Department of the Treasury,969726.26,2,2018,2019,award
"EVIGILANT.COM, LLC",General Services Administration,9867.97,2,2021,2024,award
"EVINMOTOR'S PR, INC.",Department of the Interior,30800.96,2,2015,2018,award
EVISPRO LLC,Department of Justice,7950.0,1,2024,2024,award
"EVOLUTION 7 SOLUTIONS GROUP, L.L.C.",Department of Defense,448365.2,1,2024,2024,award
"EVOLUTION 7 SOLUTIONS GROUP, L.L.C.",Department of Transportation,205681.0,2,2025,2025,award
EVOQUA WATER TECHNOLOGIES LLC,Department of Veterans Affairs,223743.7,5,2019,2022,award
"EWING ELECTRONICS, INC.",Department of Defense,27809.6,1,2024,2024,award
EXCALIBUR TECHNOLOGIES CORP,Department of Defense,68552.88,4,2008,2010,award
EXECUTIVE OFFICE OF THE COMMONWEALTH OF PUERTO RICO,Department of Commerce,3910.0,1,2010,2010,award
EXECUTIVE OFFICE OF THE COMMONWEALTH OF PUERTO RICO,Social Security Administration,2411558.43,25,2006,2018,award
"EXECUTIVE WOOD PRODUCTS, INC",General Services Administration,39875.0,1,2018,2018,award
EXELIS SYSTEMS CORPORATION,Department of Defense,43289288.0,1,2000,2000,award
EXEMPLIS LLC,Department of Labor,34861.16,1,2019,2019,award
EXOLOCK INC,Department of Defense,3700.0,1,2021,2021,award
EXOLOCK INC,Department of Justice,6525.0,3,2020,2024,award
EXP FEDERAL INC.,Department of Defense,149313.0,1,2023,2023,award
"EXPERIAN INFORMATION SOLUTIONS, INC.",Department of Justice,3600.0,6,2018,2024,award
EXPRESS RENTAL & SALES INC.,Department of Defense,4760.0,1,2010,2010,award
EXXON MOBIL CORPORATION,Department of Defense,79252.41,5,2019,2021,award
EXXONMOBIL MARINE LIMITED,Department of Defense,210054.43,14,2021,2025,award
EYEGAZE INC.,Department of Veterans Affairs,39691.95,2,2025,2025,award
F & B CONSTRUCTION CORP,Department of Agriculture,194571.0,2,2017,2024,award
F & B CONSTRUCTION CORP,Department of Defense,429632.0,3,2014,2016,award
F & B CONSTRUCTION CORP,Department of Health and Human Services,3966627.21,27,2011,2024,award
F & B CONSTRUCTION CORP,Department of Homeland Security,563738.65,30,2011,2020,award
F & B CONSTRUCTION CORP,Department of the Interior,244071.55,1,2016,2016,award
F & R CONSTRUCTION GROUP INC,Department of Defense,22274323.87,1,2025,2025,award
F & R CONSTRUCTION GROUP INC,General Services Administration,75000.0,1,2016,2016,award
F BARAGANO PHARMACEUTICALS INC,Department of Veterans Affairs,1390.0,2,2008,2008,award
F BERRIOS S E,Department of Defense,11688.0,1,2008,2008,award
F BERRIOS S E,Department of Veterans Affairs,3059840.85,9,2004,2008,award
F BERRIOS S E,General Services Administration,581119.41,2,2007,2007,award
F C I TECH INC.,Department of Agriculture,4861.16,1,2022,2022,award
F G DISTRIBUTORS,Department of Defense,3900.0,1,2013,2013,award
"F&M CONTRACTORS, INC",Department of Defense,702950.34,3,2008,2008,award
FACILITIES RESOURCE INC.,General Services Administration,500617.48,1,2019,2019,award
"FACSIMIL PAPER CONNECTION, INC",Department of Defense,323558.9,9,2011,2018,award
"FACSIMIL PAPER CONNECTION, INC",Department of Homeland Security,33292.8,3,2019,2019,award
"FACSIMIL PAPER CONNECTION, INC",Department of Justice,3750.0,1,2014,2014,award
"FACSIMIL PAPER CONNECTION, INC",Department of Veterans Affairs,11739.5,11,2008,2008,award
"FAIN, STEPHEN",Department of Agriculture,80000.0,1,2016,2016,award
"FAIRBANKS MORSE, LLC",Department of Defense,180649.41,1,2023,2023,award
FAJARDO INN S.E.,Department of Agriculture,4163.04,1,2018,2018,award
FAJARDO INN S.E.,Department of Defense,31210.8,1,2024,2024,award
FAJARDO INN S.E.,Department of Homeland Security,4536.0,1,2009,2009,award
FALKEN INDUSTRIES LLC,Department of Homeland Security,0.0,2,2017,2024,award
FALU AUTO TECH,Department of Homeland Security,2627.0,1,2006,2006,award
"FAN FAN, CARLOS",Department of Agriculture,49560.0,2,2011,2012,award
"FANN CONTRACTING, INC.",Department of Transportation,14630833.76,1,2018,2018,award
"FAR GOVERNMENT, INC.",Department of Defense,12146.64,1,2024,2024,award
"FAR GOVERNMENT, INC.",Department of the Interior,62811.09,2,2023,2024,award
"FAR HORIZONS, LLC",Department of Homeland Security,0.0,1,2018,2018,award
"FARRAR, PATRICIA L.",Department of Defense,9000.0,1,2016,2016,award
FAST ACTION PEST CONTROL CORP,Department of Agriculture,0.0,1,2020,2020,award
"FAST OFFICE AND COMPUTER SUPPLY, INC.",Department of Homeland Security,19196.93,2,2018,2018,award
FAST WASH INC,Department of Veterans Affairs,5085.0,1,2020,2020,award
FAST WASH INC,General Services Administration,8165.0,1,2020,2020,award
"FASTECH, INC.",Department of Homeland Security,57795.0,1,2018,2018,award
"FC SAFETY & HEALTH CONSULTING GROUP, INC",Department of Defense,11925.0,1,2025,2025,award
"FC SAFETY & HEALTH CONSULTING GROUP, INC",Department of Justice,6400.0,1,2013,2013,award
"FCN, INC.",Department of Homeland Security,366485.29,5,2018,2021,award
"FCN, INC.",Department of Justice,11912.3,2,2018,2018,award
"FCN, INC.",Department of the Treasury,0.0,1,2017,2017,award
"FEBLES TRUJILLO, RICARDO F",Department of Homeland Security,4170.0,1,2005,2005,award
FEDCO LLC,Department of Veterans Affairs,272391.24,3,2018,2018,award
FEDERAL BUILDERS LLC,Department of the Interior,47222.0,1,2024,2024,award
FEDERAL CONTRACTS LLC,Department of Agriculture,0.0,1,2018,2018,award
FEDERAL CONTRACTS LLC,Department of Homeland Security,158540.0,2,2018,2023,award
FEDERAL CONTRACTS LLC,Department of Transportation,54070.0,1,2023,2023,award
FEDERAL CONTRACTS LLC,Department of Veterans Affairs,10715.85,1,2018,2018,award
FEDERAL EXPRESS CORP,Department of Defense,8334.57,1,2013,2013,award
FEDERAL EXPRESS CORP,Department of Justice,42542.68,23,2016,2020,award
FEDERAL EXPRESS CORP,Department of Veterans Affairs,9961.07,2,2016,2017,award
FEDERAL EXPRESS CORPORATION,Department of Defense,765236.37,2,2015,2021,award
FEDERAL EXPRESS CORPORATION,Department of Justice,25366.03,8,2016,2024,award
FEDERAL EXPRESS CORPORATION,Department of Transportation,170000.0,1,2018,2018,award
FEDERAL EXPRESS CORPORATION,Department of Veterans Affairs,72192.69,7,2017,2024,award
FEDERAL EXPRESS CORPORATION,Millennium Challenge Corporation,6000.0,1,2009,2009,award
FEDERAL INSURANCE COMPANY,Department of Defense,21022612.25,1,2009,2009,award
FEDERAL ONE SUPPLIES LLC,Department of Justice,24966.69,1,2018,2018,award
"FEDERAL PRISON INDUSTRIES, INC",Department of Homeland Security,47887.58,3,2018,2018,award
"FEDERAL PRISON INDUSTRIES, INC",Department of Justice,683883.65,26,2018,2025,award
"FEDERAL RESOURCES SUPPLY COMPANY, LLC",Department of Homeland Security,780937.05,7,2020,2023,award
"FEDERAL RESOURCES SUPPLY COMPANY, LLC",Department of Justice,32533.2,1,2019,2019,award
FEDERICO COSTA (HR) INC.,General Services Administration,4675885.85,52,2008,2011,award
FEDEX EXPRESS,Department of Agriculture,6084.27,1,2018,2018,award
FEDSTORE CORPORATION,Department of Veterans Affairs,83489.56,2,2019,2020,award
FEDVET CONSTRUCTION,Department of Veterans Affairs,50664.57,1,2024,2024,award
FELICIANO ARCHAEOLOGY SERVICES,Department of Agriculture,1430.0,1,2011,2011,award
"FELICIANO, BERNADETTE",Department of Agriculture,49590.0,3,2012,2015,award
"FELICIANO, JUAN CRUZ",Department of the Interior,1200.0,1,2008,2008,award
"FELICIANO, LIRCA",Department of the Interior,13488.78,1,2018,2018,award
FELIX A GIL,Department of Justice,49692.9,7,2008,2019,award
FELIX A GIL,Department of Veterans Affairs,348362.27,65,2008,2011,award
FELIX A GIL,General Services Administration,897.5,5,2008,2022,award
FELIX CASTRO JAIME,Department of Justice,2997.0,1,2008,2008,award
FELIX FIGUEROA GALLARDO,Department of Defense,11640.0,3,2013,2013,award
FELIX LOPEZ RIVERA,Department of Justice,1587.25,1,2011,2011,award
FENS ASSOCIATES LLC,Department of Defense,2307594.97,2,2022,2024,award
FENS ASSOCIATES LLC,Department of Labor,25482.6,2,2019,2019,award
"FERI CONSTRUCTION, INC",Department of Justice,11400.0,2,2023,2024,award
"FERI CONSTRUCTION, INC",General Services Administration,1858828.0,1,2009,2009,award
"FERNANDEZ-MILAN, MARIA",Department of Homeland Security,15789.15,2,2008,2010,award
"FERNANDO C. PUJALS AND BROS., INC",Department of Defense,3172.32,4,2008,2008,award
FERNANDO SANTIAGO REYES,Department of Defense,49500.0,1,2009,2009,award
"FERRAN, NEIL ROMERO",Department of Defense,66783.85,4,2011,2013,award
FERRER CORPORATION,Department of Defense,8965.0,2,2008,2009,award
"FERRER, LUIS FERNANDO",Department of Justice,1630.08,1,2011,2011,award
"FERRER-PADILLA, BENJAMIN",Department of the Interior,0.0,1,2011,2011,award
FERRERO INC,Department of Defense,9271.02,4,2008,2008,award
"FERRETERIA ABRAHAM, INC",Department of Defense,6220.9,1,2014,2014,award
"FERRETERIA ABRAHAM, INC",Department of Veterans Affairs,4072.4,2,2008,2008,award
FERRETERIA PARANA INC,Department of Veterans Affairs,14663.15,13,2008,2008,award
"FERRETERIA TESORO DEL EBANISTA, INC.",Department of Defense,15238.38,1,2008,2008,award
"FERRETERIA, J B INC",Department of Defense,38923.7,1,2016,2016,award
"FERROVIAL CONSTRUCCION PR, LLC",Department of Defense,150364778.62,1,2024,2024,award
"FERROVIAL CONSTRUCCION PR, LLC",Department of Transportation,3289918.83,2,2018,2018,award
FFE ENVIRONMENTAL SERVICES INC,Department of Veterans Affairs,107050.82,1,2023,2023,award
FIDEICOMISO HERNANDEZ CASTRODAD,General Services Administration,679403.85,16,2010,2011,award
FIDELIS ENGINEERING INC.,Department of Defense,2501.0,1,2016,2016,award
FIDELIS SUSTAINABILITY DISTRIBUTION LLC,Department of Veterans Affairs,47074.4,2,2018,2024,award
"FIGUEROA REYES, JOSE A",Department of Agriculture,115056.0,13,2008,2014,award
"FIGUEROA, EFRAIN O",Department of Commerce,10000.0,1,2019,2019,award
"FIGUEROA, JESUS",Department of Agriculture,10653.61,2,2008,2012,award
"FIGUEROA, JESUS",Department of Commerce,8043.45,1,2011,2011,award
"FIGUEROA, JESUS",Department of Homeland Security,228398.86,15,2005,2011,award
"FIGUEROA, JESUS",Department of Justice,22476.74,5,2014,2018,award
"FIGUEROA, JESUS",Department of the Interior,29563.99,1,2013,2013,award
"FIGUEROA, JESUS",Department of the Treasury,6155.0,1,2013,2013,award
"FIGUEROA, JESUS",General Services Administration,11059.65,1,2010,2010,award
"FIGUEROLA, MIGUEL",Department of Commerce,83575.0,1,2011,2011,award
FILCOR INC.,Department of Homeland Security,54370660.0,1,2017,2017,award
"FINCANTIERI MARINE SYSTEMS NORTH AMERICA, INC.",Department of Defense,4192209.06,13,2019,2024,award
FIRE CONTROL CORP,Department of Defense,16000.0,2,2014,2015,award
FIRE CONTROL CORP,Department of Homeland Security,36458.0,5,2011,2021,award
FIRE CONTROL CORP,Department of Veterans Affairs,3344.0,1,2012,2012,award
FIRE CONTROL CORP,General Services Administration,1367816.65,6,2004,2013,award
FIRE PROTECTION SERVICE CORP,Department of Defense,41328.0,1,2023,2023,award
FIRE SAFE INC,Department of Homeland Security,3800.0,1,2020,2020,award
FIRE SAFE INC,Department of Transportation,14675.0,2,2016,2016,award
FIREWATCH CONTRACTING OF FLORIDA LLC,Department of Veterans Affairs,1816004.88,2,2014,2016,award
FIRST CARIBBEAN EDUCATIONAL GROUP,Department of Defense,32561.0,1,2007,2007,award
FIRST CHOICE PROSTHETIC & ORTHOPEDIC SERVICES,Department of Veterans Affairs,3650.0,1,2015,2015,award
"FIRST CLASS CHAUFFEURS, INC.",Department of Defense,12261.01,1,2008,2008,award
"FIRST CLASS CHAUFFEURS, INC.",Department of Homeland Security,7002.0,1,2008,2008,award
"FIRST LOGISTEX, INC.",Department of Transportation,51161.6,2,2023,2023,award
FIRST NATION GROUP LLC,Department of Veterans Affairs,842298.13,6,2018,2018,award
FIRSTCHOICE GROUP AMERICA LLC,Department of Health and Human Services,0.0,1,2021,2021,award
FIRSTSEARCH TECHNOLOGY CORPORATION,Department of Defense,1950.0,1,2009,2009,award
FISA SE,Department of Veterans Affairs,1147807.2,1,2003,2003,award
FISHER SCIENTIFIC COMPANY L.L.C.,Department of Agriculture,33077.05,4,2007,2014,award
FISHER SCIENTIFIC COMPANY L.L.C.,Department of Defense,21982.45,2,2008,2009,award
FISHER SCIENTIFIC COMPANY L.L.C.,Department of Health and Human Services,254721.63,21,2007,2024,award
FISHER SCIENTIFIC COMPANY L.L.C.,Department of Homeland Security,23076.34,3,2006,2007,award
FISHER SCIENTIFIC COMPANY L.L.C.,Department of Veterans Affairs,59640.39,3,2008,2018,award
FISHER SCIENTIFIC COMPANY LLC,Department of Health and Human Services,20852.54,1,2022,2022,award
FITNESS DEPOT CORP,Department of Homeland Security,61832.45,1,2008,2008,award
FITNESS DEPOT CORP,Department of Justice,6534.0,1,2010,2010,award
FITNESS DEPOT CORP,Department of Veterans Affairs,9856.0,2,2008,2008,award
FITNESS FOR LIFE CARIBBEAN LLC,Department of Justice,64214.45,2,2015,2016,award
"FITNESS WAREHOUSE, INC.",Department of Defense,18897.0,2,2012,2014,award
"FITNESS WAREHOUSE, INC.",Department of Homeland Security,19657.0,2,2010,2011,award
"FITNESS WAREHOUSE, INC.",Department of Justice,41808.0,7,2008,2014,award
"FIXPRO DISTRIBUTION, CORP.",Department of Defense,222800.16,1,2023,2023,award
FJ PEREYO ENTERPRISES,Department of Defense,57310.0,1,2011,2011,award
FJ PEREYO ENTERPRISES,Department of Transportation,298994.56,1,2010,2010,award
FLAGHOUSE INC,Department of Defense,1233.0,2,2011,2014,award
"FLAGSHIP LOGISTICS, LLC",Department of Defense,285195.22,1,2013,2013,award
"FLAGSHIP RESORT PROPERTIES, S.E",Corporation for National and Community Service,106355.17,1,2008,2008,award
"FLAGSHIP RESORT PROPERTIES, S.E",Department of Defense,926124.28,50,2007,2024,award
"FLAGSHIP RESORT PROPERTIES, S.E",Department of Education,0.0,1,2020,2020,award
"FLAGSHIP RESORT PROPERTIES, S.E",Department of Veterans Affairs,8536.01,1,2012,2012,award
"FLAKE TOWERS, LLC",Department of Homeland Security,9950.0,1,2019,2019,award
FLAMING PHOENIX MD LLC,Department of Commerce,121650.0,1,2020,2020,award
"FLATIRON DRAGADOS CONSTRUCTORS, INC.",Department of Transportation,28195402.69,1,2023,2023,award
"FLATIRON DRAGADOS USA, INC.",Department of Defense,318498920.02,3,2008,2011,award
FLATWATER PROFESSIONAL SERVICES COMPANY,Department of the Treasury,4665555.75,1,2023,2023,award
"FLETE, ELIDA",Department of Justice,29825.43,7,2013,2019,award
"FLEXIBLE & INTEGRATED TECHNICAL SERVICES, LLC",Department of Defense,25797.5,1,2010,2010,award
FLIGHTSAFETY INTERNATIONAL INC,Department of Transportation,11685.0,1,2023,2023,award
FLOORING CONSULTANTS & CONTRACTORS LLC,Department of Defense,13807.04,1,2008,2008,award
FLOORING CONSULTANTS & CONTRACTORS LLC,Department of Homeland Security,25400.0,2,2007,2007,award
FLOORING CONSULTANTS & CONTRACTORS LLC,Department of Justice,1809.4,1,2024,2024,award
FLORIDA DEPARTMENT OF EDUCATION,Department of Defense,26040.9,1,2017,2017,award
FLORIDA O & P SERVICES INC,Department of Veterans Affairs,171221.84,5,2023,2025,award
"FLORMAN, PHYLLIS E",Department of Defense,11632.3,1,2015,2015,award
"FLUOR ENTERPRISES, INC.",Department of Defense,782012602.42,2,2018,2018,award
"FLUOR ENTERPRISES, INC.",Department of Homeland Security,78323805.7,2,2018,2018,award
FLUOR FEDERAL SERVICES INC,Department of Homeland Security,5388833.17,3,2023,2024,award
"FLYTHE LAND MAINTENANCE, INC.",Department of Transportation,22040.0,1,2021,2021,award
FOCUS CAMERA LLC,Department of Agriculture,19910.0,1,2023,2023,award
FOCUS CAMERA LLC,Department of Defense,21632.35,1,2021,2021,award
FOCUS CAMERA LLC,Department of Homeland Security,17989.91,1,2020,2020,award
FOCUSED MISSION INC,Department of Homeland Security,4699.0,1,2018,2018,award
FOGEL CARIBBEAN CORP,Department of Defense,7650.0,1,2007,2007,award
FONDO PERMANENTE PARA LA ADMINISTRACION OPERACION Y DESARROLLO DE BIENES DESTINADOS AL MOVIMIENTO OLIMPICO DE PUERTO RIC,Department of Defense,195862.92,12,2010,2019,award
FONTANEZ ELECTRICAL SERVICES,Department of Homeland Security,27296.0,2,2006,2006,award
"FONTANEZ, AMBAR",Department of the Interior,39920.0,9,2014,2022,award
FOREIGN AWARDEES (UNDISCLOSED),Department of Agriculture,0.0,2,2020,2020,award
"FORESIGHT CONSTRUCTION GROUP, INC.",Department of Defense,1106467.55,1,2019,2019,award
"FORESIGHT NEXUS GROUP, LLC",Department of Defense,1174147.89,1,2013,2013,award
FOREST HILLS ELECTRONICS CORP,Department of Veterans Affairs,81.67,3,2008,2008,award
FORESTRY SUPPLIERS INC,Department of Agriculture,7710.43,1,2018,2018,award
FORET CONTRACTING GROUP LLC,Department of Transportation,6217178.99,1,2023,2023,award
FORFEITURE SUPPORT ASSOCIATES LLC,Department of Justice,2347337.28,14,2018,2020,award
FORT MYER CONSTRUCTION CORP,Department of Transportation,256782093.63,4,2015,2026,award
FORTIS INDUSTRIES LLC,Department of Defense,2663226.39,4,2016,2020,award
FORTUNO & FORTUNO FAS CSP,Department of Agriculture,9537515.87,31,2007,2025,award
FORTUNO & FORTUNO FAS CSP,Department of Justice,1315117.16,10,2010,2025,award
"FORTUNO RAMIREZ, RAMON O",Department of Justice,14500.0,2,2015,2016,award
"FORTUNO RAMIREZ, RAMON O",Social Security Administration,608030.0,16,2011,2020,award
FORWARD MOTION GROUP HOLDINGS LLC,Department of Defense,662561.49,13,2025,2025,award
"FOSS MARITIME COMPANY, LLC.",Department of Homeland Security,24069552.88,1,2017,2017,award
"FOSS NORTH AMERICA, INC",Department of Agriculture,7600.0,1,2018,2018,award
"FOUR POINTS TECHNOLOGY, L.L.C.",Department of Justice,266307.81,7,2020,2023,award
"FOUR POINTS TECHNOLOGY, L.L.C.",Department of Veterans Affairs,1410378.0,6,2017,2023,award
FPC BUSINESS FORMS & SYSTEMS INC,Department of Justice,2250.0,2,2018,2019,award
FQS LLC,Department of Homeland Security,5580.0,1,2018,2018,award
"FRAN/SAN MEATS, L.L.C.",Department of Justice,143224.99,1,2018,2018,award
"FRANCIS RODRIGUEZ, VERONICA",Department of Agriculture,49990.0,2,2013,2014,award
FRANCISCO CARRERAS,Department of Defense,150040.0,7,2008,2014,award
FRANFURT BEST PROPERTIES INC.,Department of Defense,2715.0,1,2015,2015,award
"FRANKLIN YOUNG INTERNATIONAL, INCORPORATED",Department of Agriculture,80502.0,1,2024,2024,award
"FREE FLOW OF INFORMATION FOUNDATION, INC.",U.S. Agency for Global Media,11130.0,1,2013,2013,award
"FREE STATE REPORTING, INC.",Department of Justice,1000.0,1,2025,2025,award
FREIRIA & CO INC,Department of Defense,52996.44,1,2008,2008,award
"FRENCH QUARTER, LLC",Department of Homeland Security,9528.0,1,2021,2021,award
FRIDGE FREEZE,Department of Veterans Affairs,49509.0,1,2018,2018,award
"FRIGIBAR, LLC",Department of Homeland Security,12716.4,1,2018,2018,award
FRIGID FLUID COMPANY,Department of Veterans Affairs,68856.92,3,2023,2024,award
"FRIGORIFICO VALLEJO, INC.",Department of Justice,3836.0,1,2016,2016,award
"FRIGORIFICO VALLEJO, INC.",Department of Veterans Affairs,2002744.08,71,2008,2025,award
FRIGORIFICO Y ALMACEN DEL TURABO INC,Department of Defense,1073143.97,43,2015,2025,award
FRIGORIFICO Y ALMACEN DEL TURABO INC,Department of Justice,177202.64,11,2016,2018,award
FROILAN ALFOMBRAS INC,Department of Homeland Security,3706.81,1,2007,2007,award
FRONTIER TECHNOLOGIES INC,Department of Defense,232990.0,2,2024,2024,award
FROST ELECTRIC SUPPLY COMPANY,Department of Homeland Security,26577.34,1,2018,2018,award
"FS PARTNERS, LLP",Department of Homeland Security,287063.83,6,2018,2022,award
FS SURVEYING LLC,Department of Agriculture,382409.18,8,2023,2024,award
FSB FEDERAL DESIGN GROUP JV,Department of Defense,5047789.6,1,2020,2020,award
"FSI CONSTRUCTION, LLC",Department of Defense,0.0,1,2014,2014,award
FTS FOREST TECHNOLOGY SYSTEMS LTD.,Department of Agriculture,104266.84,4,2018,2024,award
FUEL SERVICES GROUP LLC,Department of Veterans Affairs,64578.59,1,2020,2020,award
FUELLS INC,Department of Homeland Security,5545426.62,4,2018,2021,award
FUELLS INC,Department of Veterans Affairs,35814.76,3,2018,2020,award
"FUENTES, ANGEL",Department of Agriculture,132008.0,8,2008,2015,award
"FUENTES, MANUEL",Department of Justice,297607.5,1,2009,2009,award
"FUENTES, ZAMARA",Department of the Interior,12492.74,1,2018,2018,award
"FUENTES-FERNANDEZ & COMPANY, P.S.C.",Department of Housing and Urban Development,282846.0,1,2002,2002,award
"FUENTES-FERNANDEZ & COMPANY, P.S.C.",Small Business Administration,9257815.45,1,2009,2009,award
FUERZA INDUSTRIAL INC,Department of Defense,22233.8,1,2019,2019,award
FUERZA INDUSTRIAL INC,Department of Veterans Affairs,53471.79,24,2008,2008,award
"FUGITIVE RECOVERY INVESTIGATIONS, INC.",Department of Defense,7737920.35,2,2006,2008,award
"FUGRO EARTHDATA, INC.",Department of Defense,26600.0,1,2013,2013,award
"FUGRO PELAGOS, INC.",Department of Defense,123389.0,1,2010,2010,award
FUJIFILM HEALTHCARE AMERICAS CORP,Department of Veterans Affairs,16681.84,1,2018,2018,award
FULL POWER ELECTRICAL CORP,Department of Commerce,7425.0,1,2022,2022,award
FULL POWER GENERATOR CORP,Department of Justice,194041.24,1,2018,2018,award
"FUNDACION ATENCION ATENCION, INC",Department of Agriculture,26000.0,1,2022,2022,award
"FUNDACION DE INVESTIGACION DE DIEGO, INC",Department of Health and Human Services,50000.0,1,2011,2011,award
FURUNO U.S.A INC,Department of Transportation,70088.56,1,2024,2024,award
G & RK CONSULTING ASSOCIATES LLC,Department of Defense,372529.27,2,2018,2021,award
"G A & ASOCIADOS DE PUERTO RICO, INC",Department of Veterans Affairs,7590.0,1,2014,2014,award
G T CORP,Department of Homeland Security,2328.0,1,2010,2010,award
G WORKS INC,Department of Commerce,0.0,1,2008,2008,award
"G. A. BRAUN, INC.",Department of Veterans Affairs,35820.0,2,2024,2025,award
"G.M. HILL ENGINEERING, INC.",Department of Defense,2541716.51,1,2023,2023,award
"G2 GLOBAL SOLUTIONS, LLC",Department of the Interior,196693.6,2,2017,2022,award
G2S CORP,Department of Health and Human Services,7805488.99,2,2016,2016,award
"G4S SECURE SOLUTIONS (PUERTO RICO), INC.",Department of State,375551417.0,47,2006,2020,award
"G4S SECURE SOLUTIONS (PUERTO RICO), INC.",Federal Communications Commission,13395.0,2,2008,2010,award
G4S SECURE SOLUTIONS (USA) INC.,Department of Homeland Security,580827.92,2,2017,2018,award
GA INVESTORS SE,General Services Administration,1252677.57,33,2010,2022,award
"GABLES TOWERS, INC.",General Services Administration,851244.2,27,2008,2011,award
GABRIEL ENGRAVING CENTER INC,Department of Veterans Affairs,2594.5,3,2008,2008,award
"GABRIEL RUBERO ENTERPRISES, INC.",Department of Defense,0.0,1,2014,2014,award
"GALAXIE MANAGEMENT, INC.",Department of Justice,1800.0,1,2019,2019,award
GALERIA JAMBON & FORMAGGIO,Department of Defense,33890.0,2,2011,2011,award
"GALLOZA, HECTOR",Department of Homeland Security,7756.88,1,2005,2005,award
"GALLS, LLC",Department of Justice,79843.55,4,2015,2019,award
GALVION BALLISTICS LTD,Department of Homeland Security,9943.18,6,2020,2020,award
"GANNETT FLEMING, INC.",Department of Defense,7454980.84,6,2020,2023,award
"GANZY, JAMISON L",Department of Defense,13750.0,1,2022,2022,award
GARAGE BURGOS,Department of Homeland Security,8000.0,1,2009,2009,award
"GARAGE FRANK, INC",Department of Justice,6028.34,2,2015,2019,award
GARAGE MIRANDA BODY SHOP INC.,Department of Defense,9846.4,1,2010,2010,award
GARAGE MIRANDA BODY SHOP INC.,Department of Justice,6919.57,1,2023,2023,award
GARAGE MIRANDA BODY SHOP INC.,Department of Veterans Affairs,16449.71,1,2024,2024,award
GARAGE MIRANDA BODY SHOP INC.,General Services Administration,49242.03,9,2018,2024,award
"GARCIA CABRERA, LARISSA",Department of Agriculture,3120.0,1,2015,2015,award
"GARCIA DE LA NOCEDA, JOAQUIN",Department of Justice,4944.0,1,2018,2018,award
"GARCIA ROSARIO, RAFAEL",Department of Defense,26750.0,1,2010,2010,award
"GARCIA TRUCKING SERVICE, INC.",Department of Defense,1179773.34,42,2008,2014,award
"GARCIA TRUCKING SERVICE, INC.",Department of Homeland Security,21500.0,5,2008,2020,award
"GARCIA TRUCKING SERVICE, INC.",Department of Justice,136520.89,8,2008,2019,award
"GARCIA TRUCKING SERVICE, INC.",Department of the Treasury,26060.0,4,2007,2012,award
"GARCIA TRUCKING SERVICE, INC.",General Services Administration,20300.0,1,2018,2018,award
"GARCIA, DESIREE BAYOUTH",Department of the Interior,12642.36,1,2018,2018,award
GARDEN MAX & POWER EQUIPMENT INC.,Department of Defense,4669.0,1,2015,2015,award
GARDEN MAX & POWER EQUIPMENT INC.,Department of Veterans Affairs,13923.95,1,2014,2014,award
GAREX INDUSTRIES LLC,Department of Homeland Security,109470.0,1,2020,2020,award
"GARRETT ELECTRONICS, INC",Department of Homeland Security,11861.24,1,2020,2020,award
GARRIDO & COMPANY INC,Department of Defense,59847.72,13,2008,2011,award
GARRIDO & COMPANY INC,Department of Veterans Affairs,13515.59,6,2008,2010,award
"GARRIGA TRADING COMPANY, INC.",Department of Veterans Affairs,27193.9,1,2021,2021,award
"GARZA INDUSTRIES, INC.",Department of Defense,5435.23,1,2009,2009,award
"GAS TO GO, INC.",Department of Justice,64406.82,3,2015,2015,award
GASCO INDUSTRIAL CORP,Department of Defense,11702.85,2,2012,2014,award
"GASCOM & GUAYNABO AUTO SOUND, INC.",Department of Justice,51301.0,6,2011,2021,award
"GATOR MOTO UTILITY VEHICLES AND MORE, LLC",Department of the Interior,79500.18,2,2018,2020,award
"GATORLAND KUBOTA EQUIPMENT COMPANY, INC.",Department of Agriculture,31723.28,2,2017,2020,award
"GATORLAND KUBOTA EQUIPMENT COMPANY, INC.",Department of Justice,16190.69,1,2019,2019,award
GAUDERN ENGINEERING SERVICES LLC,Department of Agriculture,16832.0,1,2020,2020,award
GAUTIER & DE TORRES,Department of Veterans Affairs,719036.78,7,2007,2014,award
GBM GROUP INC.,Department of State,32813.64,1,2019,2019,award
"GC&E SYSTEMS GROUP, LLC",Department of Defense,2859746.2,1,2016,2016,award
GDR GROUP LLC,Department of the Treasury,9900.0,1,2024,2024,award
GDT LLC,Department of Veterans Affairs,78172.21,1,2024,2024,award
GDV CORP.,Department of Defense,12870.0,1,2012,2012,award
GDV CORP.,Department of Homeland Security,92750.0,1,2009,2009,award
GDV CORP.,Department of Veterans Affairs,4825.0,1,2011,2011,award
GE HEALTHCARE PUERTO RICO CORP,Department of Veterans Affairs,58722.55,11,2011,2011,award
GEA CARIBBEAN EXPORT LLC,Department of Veterans Affairs,713180.19,11,2022,2025,award
"GEA MECHANICAL EQUIPMENT US, INC.",Department of Defense,12182.5,1,2019,2019,award
GEHS CORP,Department of Agriculture,0.0,1,2013,2013,award
GEHS CORP,Department of Defense,817978.0,6,2012,2014,award
GEMA CONTRACTOR SERVICE CORP.,Department of Defense,416142.91,8,2008,2014,award
GEMA CONTRACTOR SERVICE CORP.,Department of Homeland Security,145944.0,5,2018,2020,award
GEMA CONTRACTOR SERVICE CORP.,Department of Justice,4845.0,3,2021,2023,award
GEMA CONTRACTOR SERVICE CORP.,Department of Transportation,79171.0,1,2015,2015,award
GEMA CONTRACTOR SERVICE CORP.,Department of Veterans Affairs,15518807.41,23,2009,2025,award
GEMA CONTRACTOR SERVICE CORP.,Department of the Interior,141739.66,2,2020,2023,award
GEMA CONTRACTOR SERVICE CORP.,General Services Administration,1420969.86,55,2013,2024,award
GENCO GENERAL CONTRACTORS OF PUERTO RICO CORP,Department of Commerce,0.0,1,2022,2022,award
GENCO GENERAL CONTRACTORS OF PUERTO RICO CORP,Department of Defense,4967755.14,14,2021,2025,award
GENCO GENERAL CONTRACTORS OF PUERTO RICO CORP,Department of Homeland Security,356539.56,1,2025,2025,award
GENCO GENERAL CONTRACTORS OF PUERTO RICO CORP,Department of Transportation,3717529.59,2,2022,2023,award
GENCO GENERAL CONTRACTORS OF PUERTO RICO CORP,Department of the Interior,0.0,1,2023,2023,award
GENCO GENERAL CONTRACTORS OF PUERTO RICO CORP.,Department of Agriculture,440672.0,30,2011,2017,award
GENCO GENERAL CONTRACTORS OF PUERTO RICO CORP.,Department of Defense,34920588.62,111,2015,2025,award
GENCO GENERAL CONTRACTORS OF PUERTO RICO CORP.,Department of Homeland Security,26313391.38,46,2016,2024,award
GENCO GENERAL CONTRACTORS OF PUERTO RICO CORP.,Department of Justice,21057.57,1,2012,2012,award
GENCO GENERAL CONTRACTORS OF PUERTO RICO CORP.,Department of Transportation,5276023.26,3,2017,2025,award
GENCO GENERAL CONTRACTORS OF PUERTO RICO CORP.,Department of the Interior,499994.28,1,2021,2021,award
GENCO GENERAL CONTRACTORS OF PUERTO RICO CORP.,General Services Administration,817135.18,3,2018,2022,award
GENCO GENERAL CONTRACTORS OF PUERTO RICO CORP.,National Science Foundation,6008613.62,2,2023,2025,award
GENCO SYSTEMS INC,General Services Administration,105294.84,1,2022,2022,award
"GENERAC MOBILE PRODUCTS, LLC",Department of Homeland Security,126664.35,1,2018,2018,award
"GENERAL DYNAMICS INFORMATION TECHNOLOGY, INC.",Department of Defense,365055.12,2,2014,2018,award
"GENERAL DYNAMICS MISSION SYSTEMS, INC.",Department of Defense,26405.0,1,2020,2020,award
GENERAL ELECTRIC COMPANY,Department of Justice,176503.64,5,2008,2019,award
GENERAL ELECTRIC COMPANY,Department of Veterans Affairs,1987378.26,167,2010,2022,award
GENERAL MACHINERY & SUPPLIES CORP,Department of Defense,0.0,2,2007,2008,award
"GENERAL MACHINERY CONTRACTORS, INC.",Department of the Interior,22400.0,3,2014,2015,award
GENERAL MECHANICAL & PLUMBING SERVICES INC,Department of Homeland Security,9600.0,1,2019,2019,award
GENERAL STARLIGHT CO. INC.,Department of Justice,21506.94,1,2022,2022,award
"GENERAL TELECOM SERVICES, INC.",Department of Agriculture,52113.19,6,2011,2025,award
"GENERAL TELECOM SERVICES, INC.",Department of Justice,6823.11,1,2020,2020,award
"GENERAL TELECOM SERVICES, INC.",Department of the Interior,107780.54,2,2014,2015,award
"GENERATOR POWER SOLUTIONS, CORPORATION",Department of Agriculture,178486.69,3,2018,2021,award
GENERATOR TECHNICAL SERVICES,Department of Homeland Security,180720.5,4,2008,2013,award
GENESIS COMMUNICATIONS INC,Department of Defense,66341.4,1,2022,2022,award
"GENESIS' SECURITY SERVICES, INC.",National Mediation Board,801.0,1,2011,2011,award
GENESYS TECHNOLOGIES,U.S. Agency for Global Media,9355.0,5,2010,2013,award
GENOME INDUSTRIAL SERVICES INC,Department of Defense,4856.48,1,2014,2014,award
GENTERRA-FREESE AND NICHOLS SMALL BUSINESS MENTOR-PROTEGE JOINT VENTURE,Department of Defense,3698295.97,1,2021,2021,award
"GEO AMBIENTE DEL CARIBE, INC.",Department of Agriculture,6000.0,1,2008,2008,award
"GEO AMBIENTE DEL CARIBE, INC.",Department of Commerce,6000.0,1,2008,2008,award
GEO BANCROFT ENGINEERING LLC,Department of Veterans Affairs,2282620.51,2,2022,2024,award
"GEO BUILDERS, INC.",Department of Agriculture,14992.0,2,2019,2019,award
"GEO-MARINE, INC.",Department of Defense,609501.0,2,2004,2005,award
"GEO-MED, LLC",Department of Veterans Affairs,411821.48,18,2018,2025,award
"GEOCIM, INC. PSC",Department of Defense,337184.8,5,2007,2011,award
"GEOCIM, INC. PSC",Department of the Interior,24664.0,1,2010,2010,award
GEOCONSULT LLC,Department of Defense,93851.63,15,2009,2023,award
GEOENVIROTECH INC,Department of Agriculture,47129.96,2,2007,2008,award
GEOENVIROTECH INC,Department of Defense,6605.0,1,2008,2008,award
GEOENVIROTECH INC,Department of Homeland Security,1950.0,1,2018,2018,award
GEOENVIROTECH INC,Department of the Interior,162160.0,1,2024,2024,award
GEOGRAPHIC CONSULTING LLC,Department of Agriculture,25000.0,1,2018,2018,award
GEOGRAPHIC MAPPING TECHNOLOGIES LLC,Department of Justice,22829.72,7,2008,2012,award
"GEOMORPH INFORMATION SYSTEMS, LLC",Department of Transportation,19456.95,1,2019,2019,award
GERMAN E MALARET MD,Social Security Administration,616790.0,9,2011,2018,award
"GERMFREE LABORATORIES, LLC",Department of Veterans Affairs,274509.69,2,2021,2024,award
GETINGE USA INC,Department of Veterans Affairs,174177.0,1,2018,2018,award
"GETINGE USA SALES, LLC",Department of Veterans Affairs,22710.0,1,2022,2022,award
GF-D JV,Department of Defense,272935.64,1,2020,2020,award
GFM PARTNERS LLC,Department of Veterans Affairs,1258585.66,3,2020,2022,award
"GFR MEDIA, LLC",Department of Agriculture,4992.48,1,2021,2021,award
"GFR MEDIA, LLC",Department of Defense,153347.45,10,2008,2013,award
"GFR MEDIA, LLC",Department of Homeland Security,29565.5,13,2021,2025,award
"GFR MEDIA, LLC",Department of Justice,795.68,2,2022,2023,award
"GFR MEDIA, LLC",Department of Veterans Affairs,15613.26,13,2008,2009,award
"GFR MEDIA, LLC",General Services Administration,885582.67,7,2011,2011,award
"GFR MEDIA, LLC",Office of Personnel Management,3575.0,1,2010,2010,award
"GFR MEDIA, LLC",Social Security Administration,1004.0,1,2012,2012,award
GHILOTTI CONSTRUCTION CO INC,Department of Transportation,45713569.83,1,2020,2020,award
GIGAPARTS INC,Department of Defense,24996.01,1,2019,2019,award
"GIL-MAR ROOFING & PAINTING CONTRACTOR, INC",Department of Defense,135320.0,1,2011,2011,award
GILBANE FEDERAL,Department of Defense,0.0,1,2014,2014,award
GILBERTO L. GUZMAN ALFARO,Department of Defense,233405.75,5,2011,2025,award
"GILL GROUP, INC.",Department of Defense,9056.73,2,2020,2020,award
"GILL GROUP, INC.",Department of Justice,72238.67,6,2018,2019,award
"GIRARD MANUFACTURING, INC",Department of Agriculture,3473.34,1,2010,2010,award
"GIRARD MANUFACTURING, INC",Department of Defense,1397314.45,3,2010,2015,award
"GIRARD MANUFACTURING, INC",Department of Health and Human Services,73265.0,2,2010,2015,award
"GIRARD MANUFACTURING, INC",Department of Homeland Security,3752.0,1,2013,2013,award
"GIRARD MANUFACTURING, INC",Department of Justice,3995.98,1,2011,2011,award
"GIRARD MANUFACTURING, INC",Department of Veterans Affairs,19987.0,1,2019,2019,award
"GIRARD MANUFACTURING, INC",Department of the Interior,66053.0,2,2010,2011,award
GIRE & IRC JV,Department of Veterans Affairs,862007.06,1,2008,2008,award
GIRE CONSTRUCTION INCORPORATED,Department of Veterans Affairs,214612.46,1,2007,2007,award
GIRE DEVELOPMENTS CORP.,Department of Veterans Affairs,809758.59,1,2008,2008,award
GISELA MELENDEZ MARTINEZ,Department of Veterans Affairs,6700.0,1,2012,2012,award
"GIVING TREE CAPITAL, LLC",Department of the Interior,667076.2,1,2024,2024,award
GK PROFESSIONAL SERVICE INC,Department of Defense,333814.4,2,2011,2018,award
GKG CONTRACTORS LLC,Department of Defense,9701189.98,19,2024,2025,award
GLACIER CONSTRUCTION INC,Department of Transportation,22527340.5,1,2025,2025,award
"GLADIUS WPTB, LLC",Department of Homeland Security,0.0,2,2020,2020,award
GLASSTRA ALUMINUM INC,General Services Administration,13690.0,1,2013,2013,award
"GLE ASSOCIATES, INC",Department of Defense,195763.92,1,2021,2021,award
"GLENN INTERNATIONAL, INC.",Department of Homeland Security,20050.0,1,2013,2013,award
"GLENN INTERNATIONAL, INC.",Department of the Interior,111150.0,1,2013,2013,award
"GLOBAL APPRAISAL SERVICES,C.S.P.",Department of Agriculture,110125.0,11,2011,2016,award
GLOBAL ASSET TECHNOLOGIES LLC,Department of Defense,5194271.93,1,2016,2016,award
GLOBAL CROSSING AIRLINES INC,Department of Defense,282500.0,2,2024,2025,award
GLOBAL DEFENSE LOGISTICS S.R.L.,Department of Defense,187128.82,5,2021,2023,award
GLOBAL EMPIRE LLC,Department of Justice,107363.4,9,2018,2020,award
GLOBAL ENERGY OF THE CAROLINAS LLC,Department of Homeland Security,61365.34,1,2025,2025,award
"GLOBAL ENERGY SERVICES, INC.",Department of Homeland Security,773255.0,1,2018,2018,award
"GLOBAL ENGINEERING & CONSTRUCTION, LLC",Department of Defense,0.0,2,2015,2015,award
GLOBAL ENVIRONMENTAL SOLUTIONS,Department of Homeland Security,8600.0,1,2009,2009,award
"GLOBAL INDUSTRIES, INC.",Department of Justice,1325.26,1,2025,2025,award
"GLOBAL INDUSTRIES, INC.",General Services Administration,15977.01,1,2018,2018,award
GLOBAL LANGUAGES & CULTURES INC.,Department of Veterans Affairs,274663.36,2,2017,2022,award
"GLOBAL LOGISTICS PROVIDERS ST. THOMAS, LLC",Department of Homeland Security,0.0,1,2024,2024,award
GLOBAL MARITEK SYSTEMS INC,Department of Justice,9617.38,1,2023,2023,award
"GLOBAL MARITIME LOGISTICS SUPPORT, INC.",Department of Defense,222119.47,6,2022,2025,award
"GLOBAL REACH PETROLEUM, LLC",Department of Homeland Security,36033.52,1,2018,2018,award
GLOBAL RESOURCE SOLUTIONS INC,Social Security Administration,16859.92,1,2019,2019,award
GLOBAL SAT COMMUNICATIONS INC,General Services Administration,6819.1,1,2019,2019,award
GLOBAL SECURITY SERVICES LLC,Department of Defense,12000.0,1,2025,2025,award
GLOBAL-PACIFICTECH JV 2,Department of Defense,3168033.0,2,2018,2019,award
"GLOBE EQUIPMENT COMPANY INC, THE",Department of Justice,34424.82,2,2018,2019,award
"GLOBE TRAILER MANUFACTURING, INC",Department of Homeland Security,0.0,1,2017,2017,award
"GLOCK, INC",Department of Justice,10320.0,1,2020,2020,award
"GLOGIEWICZ, JEFFREY",Department of Agriculture,9490.0,1,2016,2016,award
GM EQUIPMENT RENTAL,Department of the Interior,0.0,1,2006,2006,award
GOBIERNO MUNICIPAL DE CAYEY,General Services Administration,254616.1,32,2008,2011,award
"GOITIA, JOSE G",Department of Defense,28700.0,1,2010,2010,award
GOLDBELT SECURITY LLC,Department of Justice,20470.0,1,2021,2021,award
GOLDBERG PRESERVATION SERVICES LLC,Department of the Interior,14000.0,1,2025,2025,award
GOLDEN INDUSTRIAL LAUNDRY INC,Department of Defense,31700.0,2,2008,2018,award
GOLDEN INDUSTRIAL LAUNDRY INC,Department of Homeland Security,24375.0,1,2018,2018,award
GOLDEN INDUSTRIAL LAUNDRY INC,Department of Justice,8000.0,1,2021,2021,award
"GOLF & WATER GARDEN DESIGN, INC",Department of the Interior,4500.0,1,2007,2007,award
"GOMEZ TORRES, JUAN M",Department of the Interior,10191.88,4,2016,2020,award
"GONSUA REALTY, INC.",General Services Administration,87528.06,6,2008,2008,award
"GONZALES, RAYMOND",Department of Defense,21193.0,5,2008,2010,award
"GONZALEZ AMADOR, VICTOR",Department of Agriculture,31136.0,6,2008,2008,award
"GONZALEZ AMADOR, VICTOR",Department of Defense,720000.0,1,2006,2006,award
"GONZALEZ BEIRO, JUAN M",Department of Defense,314828.0,47,2012,2016,award
GONZALEZ EDGARDO,Department of Agriculture,95500.0,2,2016,2018,award
"GONZALEZ NIEVES, MICHAEL",Department of Veterans Affairs,10360.0,1,2011,2011,award
"GONZALEZ, ELOY P",Department of the Interior,81744.0,2,2008,2010,award
"GONZALEZ, JOEL",Environmental Protection Agency,53123.63,1,2009,2009,award
"GONZALEZ, JOSE",Social Security Administration,1822323.8,15,2012,2025,award
"GONZALEZ, MANUEL A",Department of Agriculture,206580.0,20,2008,2019,award
"GONZALEZ, ORLANDO",Department of Justice,1190.0,1,2018,2018,award
"GOOGOZ.COM, INC.",Department of Defense,183647.44,1,2021,2021,award
GORE ENTERPRISES INC,Department of Veterans Affairs,12235.0,1,2011,2011,award
GOTTFRIED CONSTRUCTION LLC,Department of Defense,0.0,1,2005,2005,award
GOVERNMENT ACQUISITIONS INC,Department of Agriculture,153262.23,4,2019,2023,award
GOVERNMENT ACQUISITIONS INC,Department of Defense,2042967.12,15,2019,2024,award
GOVERNMENT ACQUISITIONS INC,Department of Homeland Security,1789262.68,17,2018,2024,award
"GOVERNMENT MARKETING AND PROCUREMENT, LLC",Department of Veterans Affairs,217061.3,2,2018,2024,award
GOVERNMENT SCIENTIFIC SOURCE INC,Department of Agriculture,16062.04,1,2021,2021,award
GOVERNMENT SCIENTIFIC SOURCE INC,Department of Health and Human Services,47866.0,3,2024,2025,award
GOVERNMENT SCIENTIFIC SOURCE INC,Department of Homeland Security,94527.44,1,2021,2021,award
GOVERNMENT SCIENTIFIC SOURCE INC,Department of Veterans Affairs,93866.21,3,2018,2018,award
GOVERNOR JUAN F LUIS HOSPITAL & MEDICAL CENTER,Department of Veterans Affairs,0.0,1,2017,2017,award
"GOVPLACE, LLC",Department of Homeland Security,177650.03,3,2019,2024,award
GOVPRIME SOLUTIONS LLC,Department of Defense,2642580.56,20,2023,2025,award
GOVPRIME SOLUTIONS LLC,Department of Homeland Security,81934.9,2,2023,2024,award
GOVPRIME SOLUTIONS LLC,Department of Justice,112475.0,1,2025,2025,award
GOVPRIME SOLUTIONS LLC,Department of Veterans Affairs,307344.69,2,2024,2025,award
GOVPRIME SOLUTIONS LLC,Department of the Interior,52629.65,2,2023,2023,award
"GOVSMART, INC.",Department of Veterans Affairs,80487.13,1,2023,2023,award
"GOVSOLUTIONS, INC.",Department of Transportation,70113.42,1,2022,2022,award
"GOVSOLUTIONS, INC.",Department of Veterans Affairs,90719.39,1,2018,2018,award
GOVSOURCE INC,Department of Homeland Security,46064.7,2,2017,2019,award
"GOYA FOODS, INC.",Department of Homeland Security,675321.23,1,2018,2018,award
GPC CONSOLIDATED REPORTING,Department of Agriculture,356825.31,19,2018,2018,award
GPS BAHAMAS LLC,Department of Justice,42000.0,3,2018,2021,award
GPS VEHICLE TRACKING SOLUTIONS LLC,Department of Justice,3992.0,1,2023,2023,award
GRACIELA VEGA DEBIEN,Department of Veterans Affairs,57956.0,2,2021,2022,award
"GRADILLAS COURT REPORTERS, INC.",Department of the Treasury,0.0,2,2020,2021,award
GRADUATE SCHOOL,Department of Justice,10308.0,3,2020,2021,award
"GRAFIKARTE, INC",National Science Foundation,19772.46,1,2024,2024,award
GRAHAM INC.,Department of Transportation,656497.6,1,2024,2024,award
"GRAINGER CONTRACTING AND SERVICES, LLC",Department of Homeland Security,29898.6,1,2021,2021,award
GRAM JV,Department of Defense,0.0,1,2015,2015,award
"GRAMASLINDAS LANDSCAPE, INC",Department of Veterans Affairs,25849.5,2,2008,2019,award
GRAMASLINDAS SE,Department of Veterans Affairs,24440.0,1,2015,2015,award
GRAMASLINDAS SE,Department of the Interior,409700.0,2,2016,2021,award
"GRANDIDA, LLC",Department of Transportation,43097.92,1,2024,2024,award
GRANITE CONSTRUCTION COMPANY,Department of Transportation,3444287.56,1,2020,2020,award
"GRANITE TELECOMMUNICATIONS, LLC",Department of Defense,736214.73,4,2021,2022,award
GRAPHICS SUPPLY INC,Department of Defense,45770.1,5,2008,2011,award
"GRAVERO Y FERRETERIA NALES, INC.",Department of the Interior,11520.0,1,2016,2016,award
"GRAVOGRAPH-NEW HERMES, INC",Department of Homeland Security,13014.01,1,2019,2019,award
"GRAYBAR ELECTRIC COMPANY, INC.",Department of Defense,40542.9,1,2019,2019,award
"GRAYBAR INTERNATIONAL, INC",General Services Administration,14723.88,1,2020,2020,award
"GRAYBAR INTERNATIONAL, INC.",Department of Homeland Security,7962.8,2,2019,2019,award
"GREAT LAKES DREDGE & DOCK CO, LLC",Department of Defense,4711247.74,1,2011,2011,award
GREEN DREAM INTERNATIONAL LLC,Department of Defense,78002.61,2,2019,2019,award
GREEN IGUANA ENVIROMENTAL CONTROL CORP,Department of the Interior,5200.0,1,2014,2014,award
"GREEN LAB, LLC",Department of Health and Human Services,12000.0,1,2019,2019,award
GREEN MANAGEMENT GROUP LLC,Department of Agriculture,15900.0,1,2025,2025,award
GREEN MANAGEMENT GROUP LLC,Department of Justice,9917.6,1,2025,2025,award
"GREEN TRANSLATIONS, LLC",Department of Justice,2830.0,2,2024,2025,award
"GREEN WORKS, CORP.",Department of the Interior,20237.0,1,2012,2012,award
GREENCARE INC,Department of Veterans Affairs,67647.92,2,2005,2010,award
GREENLIGHT GROUP LLC,Department of Defense,188175.75,1,2025,2025,award
GREENWOOD,Department of Agriculture,75905.02,2,2018,2019,award
"GREGORY L. MORRIS ENGINEERING, P.S.C.",Department of Commerce,442600.62,3,2011,2012,award
GREGORY LATORRE,Department of Veterans Affairs,75541.5,2,2004,2009,award
GROUPE LACASSE LLC,Department of Justice,49570.0,1,2019,2019,award
GROUPE MATERIAL INC,Department of Veterans Affairs,45625.0,1,2010,2010,award
"GRULLON PENKOVA, IANA FAUSTO",Department of Agriculture,119448.0,2,2019,2021,award
"GRUNLEY CONSTRUCTION CO., INC.",Department of Defense,0.0,1,2017,2017,award
GRUPO COMUNITARIO DE RECICLAJE INC,Department of Homeland Security,4591.68,2,2007,2008,award
GRUPO COMUNITARIO DE RECICLAJE INC,Department of Justice,26045.0,13,2008,2008,award
GRUPO COMUNITARIO DE RECICLAJE INC,Department of Veterans Affairs,172680.0,2,2005,2010,award
GRW ENGINEERS INC,Department of Defense,254103.69,1,2011,2011,award
GRYPHON GROUP SECURITY SOLUTIONS LLC,Department of Homeland Security,63186.21,1,2023,2023,award
"GRYPHON MARINE, LLC",Department of Defense,0.0,1,2013,2013,award
GS PLUS LLC,Department of Defense,14036.62,2,2019,2019,award
"GSC CONSTRUCTION, INC.",Department of Defense,0.0,1,2005,2005,award
GSE INC,Department of Defense,62190.17,1,2019,2019,award
GSI PACIFIC INC.,Department of Defense,0.0,1,2015,2015,award
GTOPSS,Department of Defense,3766569.76,6,2017,2025,award
GUAKIA RESTAURANT,Department of Defense,13969.0,3,2008,2008,award
GUAM INDUSTRIAL SERVICES INC,Department of Defense,19891.01,1,2024,2024,award
GUAMANI SCHOOLS INC,Department of Homeland Security,5750.0,2,2005,2006,award
"GUANICA'S ICE PLANT, LLC",Department of Defense,58640.95,2,2024,2025,award
GUARAGUAO TRUCK SALES INC,Department of Defense,4647.51,1,2015,2015,award
GUARAGUAO TRUCK SALES INC,Department of Homeland Security,227345.28,3,2014,2020,award
"GUARD BUILDINGS, INC.",Department of Defense,14524.54,1,2019,2019,award
GUARDIAN ENVIRONMENTAL SERVICES CO INC,Environmental Protection Agency,764862.38,3,2017,2018,award
GUARDSMAN SERVICES (PUERTO RICO) LLC,Department of the Interior,9540.0,1,2024,2024,award
"GUAYNABO DESTAPE, INC.",Department of Defense,103472.72,11,2008,2014,award
GUAYNABO REFRIGERATION SERVICES PSC,Department of Homeland Security,1200.0,1,2010,2010,award
"GUERRA PRADOS, HECTOR J, DR",Social Security Administration,501370.0,7,2011,2016,award
"GUERRA, ELENA",Social Security Administration,40653.0,6,2011,2016,award
"GUESS II, ENNIS H",Department of Homeland Security,0.0,1,2013,2013,award
GUIDEHOUSE INC.,Department of Homeland Security,24175778.23,2,2022,2023,award
GUIDEHOUSE LLP,Department of Homeland Security,2789935.03,2,2018,2018,award
GUIDON DESIGN INC,Department of Veterans Affairs,2690562.78,1,2024,2024,award
GUIDON MES JV II LLC,Department of Defense,1411381.1,3,2023,2025,award
GUILD ASSOCIATES INC,Department of Defense,31753.73,1,2014,2014,award
"GULF BUILDING, HERNANDEZ CONSULTING A JOINT VENTURE LLC",Department of Veterans Affairs,1337526.89,1,2019,2019,award
"GULF-ATLANTIC CONSTRUCTORS, INC.",Department of Transportation,5477328.75,1,2016,2016,award
"GUTIERREZ RAMOS, NICOLE A",Department of Agriculture,29523.0,1,2021,2021,award
"GUTIERREZ, GABRIEL",Department of Agriculture,5920.0,1,2008,2008,award
"GUTIERREZ, GABRIEL",Department of the Interior,1248.0,1,2012,2012,award
"GUZMAN, DENISE E",Department of Commerce,28960.0,1,2007,2007,award
"GUZMAN, ORLANDO",Department of Transportation,3500.0,1,2017,2017,award
"GUZMAN, ORLANDO",Department of the Interior,9064.0,2,2014,2016,award
"GWENZI, DAVID",Department of Agriculture,9000.0,1,2019,2019,award
"GWWO, INC.",Department of Defense,431830.55,1,2023,2023,award
H & E DEVELOPMENT LLC,Department of Agriculture,5589349.12,1,2021,2021,award
H B A CONTRACTORS INC,General Services Administration,32953306.54,6,2010,2019,award
H F H GENERAL TRADING L.L.C,Department of Defense,102465.03,8,2021,2021,award
H I MAYAGUEZ INC,Department of Defense,150191.83,10,2009,2025,award
H I MAYAGUEZ INC,Department of Homeland Security,636317.06,1,2018,2018,award
H L ASSOCIATES,General Services Administration,5427.57,1,2021,2021,award
H SCHRIER & CO INC,Department of Justice,157307.09,3,2020,2021,award
"H&E EQUIPMENT SERVICES, INC.",Department of Homeland Security,96887.46,1,2019,2019,award
H&H BUILDERS INC,Department of Defense,0.0,1,2024,2024,award
H-J APPRAISALS PSC,Department of Agriculture,18650.0,8,2010,2011,award
"H. A. SPALDING, INC",Department of Transportation,0.0,1,2012,2012,award
"H. L. DALIS, INC.",Department of Defense,66384.0,1,2024,2024,award
"H. L. DALIS, INC.",Department of Homeland Security,11633.52,1,2018,2018,award
"H2O CONSTRUCTION SERVICES, INC.",Department of Transportation,6105442.29,1,2018,2018,award
HAD REALTY,General Services Administration,15528.05,5,2008,2008,award
"HALE, CHRISTINA",Department of the Interior,4931.0,1,2020,2020,award
HAMID R. A. GONZALEZ SILVA,Department of Agriculture,204150.0,17,2010,2019,award
"HAMILTON SAMLIN MILLIGAN, LLC",Department of Transportation,139461.27,2,2020,2021,award
HAMILTON SUNDSTRAND CORPORATION,Department of Defense,914522.54,10,2017,2020,award
"HAMILTON SUNDSTRAND DE PUERTO RICO, INC.",Department of Defense,1300081.0,11,2011,2025,award
"HAMILTON SUNDSTRAND DE PUERTO RICO, INC.",Department of Homeland Security,387597.0,9,2014,2025,award
HAMILTON SUNSTRAND AVIATION SERVICES INC,Department of Defense,1348670.0,7,2021,2025,award
"HANNA BROTHERS ENTERPRISES, LLC",Department of Homeland Security,30300537.2,1,2017,2017,award
HAPPEN VENTURES LLC,Department of Justice,0.0,1,2024,2024,award
HARBOR BUNKERING CORPORATION,Department of Defense,19537.0,2,2012,2012,award
HARBOR HOLDINGS & OPERATIONS INC,Department of Homeland Security,681.74,1,2012,2012,award
"HARDEN FURNITURE, LLC",Department of Homeland Security,24453.24,1,2011,2011,award
HARDWICK TACTICAL CORPORATION,Department of Defense,4667269.44,4,2025,2025,award
"HARMON, KRISTOPHER",Department of Agriculture,19500.0,1,2020,2020,award
HARNEL INTERNATIONAL LLC,General Services Administration,87345.0,1,2023,2023,award
HARNEY ROCK & PAVING CO.,Department of Transportation,3008596.65,1,2022,2022,award
HAROLD COFFEY CONSTRUCTION CO INC,Department of Transportation,2934039.09,1,2015,2015,award
"HARPE ENGINEERING SOLUTIONS, INC.",Department of Defense,249312.74,1,2018,2018,award
HARVARD MEDICAL FACULTY PHYSICIANS AT BETH ISRAEL DEACONESS MEDICAL CENTER INC,Department of Veterans Affairs,131853.0,3,2021,2023,award
HASKELL NEW YORK INC,Department of Homeland Security,9175.0,1,2018,2018,award
HASKELL NEW YORK INC,Department of Justice,28800.63,3,2018,2020,award
"HAT CREEK CONSTRUCTION & MATERIALS, INC.",Department of Transportation,9729798.44,1,2020,2020,award
HAWORTH INC,Department of Homeland Security,659813.44,3,2016,2017,award
HAZ-TECH DRILLING INC,Department of Transportation,563609.5,3,2019,2023,award
HAZTRAIN INC,Department of Defense,6500.0,1,2020,2020,award
HBAR HOLDINGS LLC,Department of Defense,22338.0,1,2023,2023,award
"HCN GLOBAL, LLC",Department of Homeland Security,532399.83,1,2018,2018,award
HCOLD INC.,Department of Defense,1093639.76,140,2018,2023,award
HD INC.,Department of Transportation,342804.0,1,2022,2022,award
HDF CONTRACT FURNITURE INC.,Environmental Protection Agency,3855.0,1,2012,2012,award
HDR ARCHITECTURE INC,Department of Transportation,9000.0,1,2007,2007,award
"HDR ARCHITECTURE, INC.",Department of Defense,0.0,1,2024,2024,award
HDR ENGINEERING INC,Department of Defense,448569.43,2,2024,2026,award
"HDR ENGINEERING, INC",Department of Transportation,4365354.72,2,2019,2023,award
"HDR ENGINEERING, INC OF THE CAROLINAS",Department of Transportation,0.0,1,2012,2012,award
"HDR ENGINEERING, INC.",Department of Transportation,868207.73,4,2017,2023,award
"HDR ENVIRONMENTAL, OPERATIONS AND CONSTRUCTION, INC.",Department of Defense,4472622.01,2,2010,2024,award
HEALTH ACTION INC.,Department of Veterans Affairs,41600.0,1,2021,2021,award
HEALTH CARE LOGISTICS INC,Department of Justice,2490.31,1,2018,2018,award
HEALTH DISTILLERS INTERNATIONAL INC,Department of Veterans Affairs,188.0,2,2008,2008,award
"HEALTH PROFESSIONAL MANAGEMENT, PSC",Department of Defense,309500.0,4,2008,2011,award
HEALTH SERVICES KENTUCKY CABINET FOR,Department of Health and Human Services,311340.0,1,2023,2023,award
"HEALTH SYSTEMS SCIENCES, LLC",Department of Veterans Affairs,186792.52,8,2018,2025,award
HEALTHSOUTH REHABILITATION HOSPITAL OF PUERTO RICO,Department of Justice,23681.26,2,2012,2012,award
"HEARD CONSTRUCTION, INC.",Department of Transportation,1786851.42,2,2013,2015,award
HECTOR J RUIZ TORRES,Department of Agriculture,24500.0,1,2018,2018,award
HECTOR J RUIZ TORRES,Department of Commerce,1497340.21,14,2015,2025,award
HECTOR LUIS PRIETO,Department of Justice,29647.73,1,2023,2023,award
HECTOR M LOPEZ-FELICIANO,Department of Homeland Security,19950.0,1,2010,2010,award
HECTOR PUIG,Social Security Administration,426822.39,12,2012,2019,award
HEMBY MICHAEL GENE,Department of Homeland Security,3500.0,1,2018,2018,award
"HENAREH KHALYANI, AZAD",Department of Agriculture,55200.0,1,2014,2014,award
"HENRY SCHEIN, INC.",Department of Veterans Affairs,191596.33,2,2018,2018,award
HENSEL PHELPS CONSTRUCTION CO,Department of Defense,0.0,1,2015,2015,award
HEPA FILTER CERTIFICATION INC,Department of Veterans Affairs,30650.0,5,2004,2008,award
HER-VILL GROUP CORP,Department of Defense,3478957.43,18,2007,2015,award
"HERALD OFFICE SUPPLY, INC.",Department of Defense,22492.0,1,2015,2015,award
"HERBERT-ABS SOFTWARE SOLUTIONS, LLC",Department of Defense,23802.0,1,2022,2022,award
"HERMANOS SANTIAGO CASH & CARRY, INC.",Department of Defense,238345.48,26,2015,2015,award
"HERMANOS TORRES PEREZ, INC",Department of Defense,25600.0,2,2008,2008,award
"HERMANOS TORRES PEREZ, INC",Department of Veterans Affairs,5974.8,3,2008,2008,award
HERMEZ COMMUNICATIONS INC,Department of Homeland Security,8994.4,1,2020,2020,award
HERMINIO J OLIVERO MD FACOG,Department of Justice,22000.0,9,2011,2012,award
"HERNANDEZ NIEVES, PABLO",Department of Homeland Security,9000.0,1,2005,2005,award
HERNANDEZ SECURITY SERVICES INC,Department of Defense,390917.98,1,2005,2005,award
"HERNANDEZ, ELIEZER",Department of Defense,36000.0,1,2010,2010,award
"HERNANDEZ, ELIEZER",Department of Homeland Security,250557.5,1,2011,2011,award
HERRAMIENTAS INDUSTRIALES INC,Department of Veterans Affairs,8985.25,5,2008,2008,award
"HERRERA CONSTRUCTION COMPANY, THE",Department of Defense,0.0,1,2005,2005,award
"HERRERA MONTES, MARIA ISABEL",Department of Agriculture,72000.0,2,2010,2011,award
HERTZ CORPORATION (THE),General Services Administration,104006.03,3,2018,2020,award
HESCO BASTION INC,Department of Defense,123760.0,1,2018,2018,award
HEWLETT PACKARD ENTERPRISE COMPANY,Department of Justice,0.0,1,2018,2018,award
"HEXAGON US FEDERAL, INC",Department of Agriculture,64930.43,1,2019,2019,award
HF GROUP LLC,Department of the Interior,87620.0,2,2018,2018,award
HFACS INC,Department of Defense,25000.0,1,2023,2023,award
HG ROLLER SHADE GARAGE DOORS,Department of Defense,12400.0,1,2010,2010,award
HGD ENTERPRISES INC,Department of Defense,421095.0,12,2011,2022,award
HGD ENTERPRISES INC,Department of the Interior,22950.0,1,2020,2020,award
HGS ENGINEERING INC,Department of Agriculture,11264.4,1,2018,2018,award
HGS ENGINEERING INC,Department of Veterans Affairs,2799087.72,9,2014,2020,award
HID GLOBAL CORP,Department of Justice,9089.04,1,2022,2022,award
HIDALGO MARIA E,Smithsonian Institution,66064.0,3,2019,2023,award
HIDDEN WATER INC,Department of Defense,18807.55,1,2017,2017,award
"HIGH COUNTRY CONSERVATION, LLC",Department of Agriculture,0.0,1,2017,2017,award
"HIGH DESERT AGGREGATE & PAVING, INC.",Department of Transportation,4545848.71,1,2019,2019,award
"HIGH TECH COMMUNICATIONS SERVICES, INC.",Department of Defense,14361.0,1,2007,2007,award
"HIGH TECH COMMUNICATIONS SERVICES, INC.",Department of Justice,6265.05,1,2015,2015,award
"HIGH TECH COMMUNICATIONS SERVICES, INC.",Department of the Treasury,6000.0,1,2008,2008,award
HIGH TECH INNOVATION CORP,Department of Homeland Security,381170.22,1,2024,2024,award
HIGH-PERFORMANCE VALUATIONS LLC,Department of Agriculture,5550.0,8,2019,2022,award
"HIGHLAND ENGINEERING, INC.",Department of Defense,33068.0,1,2019,2019,award
"HILL INTERNATIONAL, INC.",Department of Transportation,1327298.24,3,2015,2018,award
"HILL INTERNATIONAL, INC.",General Services Administration,5434237.1,1,2014,2014,award
HILTON ENGINEERING CORP,Department of Justice,9600.0,1,2011,2011,award
HILTON ENGINEERING CORP,Department of Transportation,221500.0,2,2011,2011,award
HILTON ENGINEERING CORP,Department of Veterans Affairs,195765.0,7,2016,2024,award
HILTON GARDEN INN AUSTIN,Department of Defense,0.0,1,2015,2015,award
HIRAM ARCHILLA CORP,Department of Homeland Security,1185.21,1,2008,2008,award
HISTORIC PRESERVATION SERVICES,Department of the Interior,150.0,1,2011,2011,award
"HJ PARTNERS, LLC",Department of Defense,11375.0,1,2023,2023,award
"HLCM GROUP, INC.",Department of Agriculture,178221.56,12,2014,2026,award
"HLCM GROUP, INC.",Department of the Interior,19975.0,1,2019,2019,award
HMH EDUCATION COMPANY,Department of Defense,3226.07,2,2018,2023,award
"HMP PROPERTIES, INC",Department of Agriculture,0.0,1,2020,2020,award
HNM ENTERPRISES LLC,Department of Defense,106646.3,1,2021,2021,award
"HOAR CONSTRUCTION, LLC",Department of Defense,0.0,1,2014,2014,award
HOCOMA INC,Department of Veterans Affairs,94000.0,1,2018,2018,award
"HOFFMAN ENGINEERING, LLC",Department of Homeland Security,50.0,1,2019,2019,award
"HOGAN, JAMES AARON",Department of Agriculture,10000.0,1,2015,2015,award
HOJALATERIA Y PINTURA TALLER BAHRI,Department of Homeland Security,4173.52,1,2013,2013,award
HOJALATERIA Y PINTURA TALLER BAHRI,Department of Justice,22880.86,5,2013,2018,award
HOLDA MICHAEL A,Department of Agriculture,29184.42,1,2018,2018,award
"HOLLIDAY, JENNIFER M",Department of Defense,101900.0,3,2008,2012,award
HOLLINGER METAL EDGE-VA INC,Department of the Interior,12722.8,1,2019,2019,award
"HOLMES & COMPANY, L.L.C.",Department of Transportation,218659.6,1,2024,2024,award
"HOLOGIC SALES AND SERVICE, LLC",Department of Veterans Affairs,126500.0,3,2014,2024,award
HOLOHIL SYSTEMS LIMITED,Department of the Interior,33054.55,3,2016,2025,award
HOLSUM DE PUERTO RICO INC,Department of Justice,15561.0,1,2014,2014,award
HOLSUM DE PUERTO RICO INC,Department of Veterans Affairs,378880.24,22,2009,2015,award
"HOLSUM DE PUERTO RICO, INC.",Department of Defense,1264953.85,23,2008,2012,award
"HOLSUM DE PUERTO RICO, INC.",Department of Veterans Affairs,49361.52,6,2008,2013,award
"HOLT TEXAS, LTD.",Department of Agriculture,0.0,1,2018,2018,award
"HOLUPCHINSKI, EVA",Department of Agriculture,186500.0,1,2018,2018,award
HOME & BUSINESS SECURITY INC,Department of Housing and Urban Development,11282.0,1,2005,2005,award
"HOME CARE ASSISTANCE OF SAN JUAN, INC.",Department of Veterans Affairs,117696.61,1,2016,2016,award
"HOME DEPOT U.S.A., INC.",Department of Defense,12854.59,1,2008,2008,award
HOME ORTHOPEDICS CORP,Department of Veterans Affairs,1310929.25,137,2011,2025,award
"HOMELAND SECURITY AND MANAGEMENT SOLUTIONS, INC.",Department of Agriculture,0.0,1,2025,2025,award
"HOMELAND SECURITY AND MANAGEMENT SOLUTIONS, INC.",Department of Homeland Security,2616.2,1,2024,2024,award
HONEYWELL INTERNATIONAL INC,Department of Homeland Security,1658.07,2,2020,2020,award
HONEYWELL INTERNATIONAL INC,Department of Transportation,336027.0,1,2024,2024,award
HONEYWELL INTERNATIONAL INC.,Department of Agriculture,6496.8,1,2017,2017,award
HONEYWELL INTERNATIONAL INC.,Department of Transportation,81274.67,1,2022,2022,award
"HONEYWELL INTERNATIONAL, INC.",Department of Homeland Security,342948.2,16,2006,2018,award
"HONEYWELL INTERNATIONAL, INC.",Department of Veterans Affairs,880.0,1,2008,2008,award
"HONEYWELL INTERNATIONAL, INC.",Department of the Treasury,363751.9,9,2007,2016,award
"HONEYWELL INTERNATIONAL, INC.",General Services Administration,12147.47,2,2017,2018,award
"HOOVEN - DAYTON CORP., THE",Department of Defense,0.0,1,2009,2009,award
HORACIO A. MONTES GILORMINI,Department of Veterans Affairs,6124.0,2,2008,2010,award
HORIZON BUILDERS CORP,Department of Defense,22821.5,1,2011,2011,award
"HORIZON LINES, LLC",Department of Defense,0.0,2,2011,2011,award
HORIZON SALES INC,Department of Justice,82939.22,4,2018,2021,award
HORIZONS INCORPORATED,Department of Homeland Security,24294.35,1,2020,2020,award
HORNADY MANUFACTURING COMPANY,Department of Justice,62299.6,4,2019,2025,award
"HORNET ACQUISITIONCO, LLC",Department of Defense,507.0,1,2019,2019,award
"HORSLEY WITTEN GROUP, INC.",Department of Commerce,2187356.79,15,2019,2025,award
"HOSE-MCCANN TELEPHONE CO, INC",Department of Defense,45560.0,1,2021,2021,award
HOSPITAL EQUIPMENT SALES & SERVICE INC,Department of Veterans Affairs,1995552.5,40,2008,2022,award
HOSPITAL ESPANOL AUXILIO MUTUO DE PR. INC.,Department of Health and Human Services,45000.0,2,2019,2023,award
HOSPITAL SAN GERARDO,Department of Homeland Security,19480.0,2,2010,2010,award
HOSPITAL SAN GERARDO,Department of Justice,162029.75,6,2012,2012,award
HOTEL AIRPORT INC,Department of Homeland Security,189800.0,5,2018,2019,award
HOTEL EL GIRASOL INC.,Department of Defense,97800.0,2,2008,2009,award
HOTEL MELIA INC,Department of Defense,86640.0,1,2017,2017,award
HOTEL MELIA INC,Department of Homeland Security,1380021.75,7,2018,2020,award
HOTEL MELIA INC,Smithsonian Institution,6375.0,1,2018,2018,award
HOTEL SOURCE ASSIST LLC,Department of Defense,38150.0,1,2022,2022,award
HOTEL VILLA DEL SOL,Department of Veterans Affairs,258864.55,10,2008,2011,award
"HOTEL VILLA FORIN, INC.",Department of Defense,6519.75,1,2016,2016,award
"HOUSER WALKER ARCHITECTURE, LLC",Department of the Interior,2099651.18,2,2024,2025,award
HOWMEDICA OSTEONICS CORP,Department of Veterans Affairs,146808.28,2,2019,2025,award
HPI FEDERAL LLC,Department of Defense,273284.35,8,2019,2023,award
HR CONTRACTOR INC,Department of Commerce,39450.0,1,2014,2014,award
HR INC,Department of Defense,92195.9,3,2007,2011,award
HR INC,Department of Homeland Security,719400.0,1,2018,2018,award
HR PROPERTIES INC,Department of Agriculture,17899.0,2,2008,2015,award
HR PROPERTIES INC,Department of Defense,204927.58,12,2008,2014,award
HR PROPERTIES INC,Department of Homeland Security,2502918.76,2,2018,2018,award
HR PROPERTIES INC,Department of Justice,3375.0,1,2018,2018,award
HR PROPERTIES INC,Department of the Interior,3578.04,1,2016,2016,award
HR WALLINGFORD LIMITED,Department of the Interior,23339.0,1,2020,2020,award
HRC PROFESSIONAL HEALTH CORP.,Department of Defense,5973944.83,4,2007,2010,award
"HSU DEVELOPMENT, INC.",Department of Defense,0.0,1,2017,2017,award
HTS INC,Department of Veterans Affairs,12090.0,1,2021,2021,award
"HU-FRIEDY MFG. CO., LLC",Department of Veterans Affairs,196415.42,1,2018,2018,award
"HUB ADVANCED NETWORKS, LLC",Department of Homeland Security,31580.0,1,2024,2024,award
HUDSONALPHA INSTITUTE FOR BIOTECHNOLOGY,Department of Agriculture,3578.0,1,2020,2020,award
HUGHES II HOMES INC,Department of Justice,0.0,1,2018,2018,award
HUGHES NETWORK SYSTEMS LLC,Department of Homeland Security,3747845.36,22,2019,2024,award
HUGHES NETWORK SYSTEMS LLC,Department of Justice,1710.0,1,2020,2020,award
"HUMAN DOMAIN SOLUTIONS, LLC",Department of Defense,57487.18,2,2024,2024,award
HUMBERTO NIEVES,Department of Veterans Affairs,29288.0,17,2008,2008,award
"HURRICANE IMPACT PROTECTION, INC.",Department of Homeland Security,110240.0,1,2008,2008,award
HVAC & INDUSTRIAL MOTOR INC,Department of Justice,37608.5,3,2018,2022,award
HVAC & INDUSTRIAL MOTOR INC,Department of Veterans Affairs,870905.48,4,2020,2023,award
"HVAC SOLUTIONS, INC.",Department of Veterans Affairs,1002658.3,5,2018,2021,award
HYANNIS AIR SERVICE INC,Department of Veterans Affairs,66960.0,4,2020,2021,award
"HYDRAULICS INTERNATIONAL, INC.",Department of Homeland Security,6778.64,1,2019,2019,award
"HYDRO-ENVIRONMENTAL TECHNOLOGIES, INC.",Department of Agriculture,0.0,1,2025,2025,award
HYDROEX CORP,Department of Defense,2200.0,1,2013,2013,award
"HYDROGEOLOGIC, INC.",Department of Defense,14324271.42,8,2016,2025,award
"HYDROGEOLOGIC, INC.",Environmental Protection Agency,46282340.91,2,2024,2024,award
HYTECH SATELLITE COMMUNICATIONS INC,Department of Justice,9570.0,2,2012,2013,award
"I-2-I SOLUTIONS, INC.",Department of Defense,42210.0,2,2024,2025,award
"I-2-I SOLUTIONS, INC.",Department of Veterans Affairs,17165.04,1,2024,2024,award
"I.A.P. CONTRACTORS, L.L.C",Department of Defense,3450490.77,2,2022,2022,award
"I2K DEFENSE, LLC",Department of Defense,113934.02,2,2025,2026,award
"IAW CONSTRUCTION, INC.",Department of Veterans Affairs,18027.0,1,2019,2019,award
ICE MACHINE PUERTO RICO LLC,Department of Justice,35859.0,2,2025,2026,award
"ICF INCORPORATED, L.L.C.",Department of Transportation,162783.0,1,2019,2019,award
ICON CORP,Department of Commerce,44550.0,1,2022,2022,award
ICON CORP,Department of Defense,487556.23,5,2020,2025,award
ICON CORP,Department of the Interior,11725.15,1,2015,2015,award
"ICON GOVERNMENT AND PUBLIC HEALTH SOLUTIONS, INC.",Department of Defense,1308787.86,2,2011,2016,award
"ICU MEDICAL, INC.",Department of Veterans Affairs,20076.0,1,2019,2019,award
IDEAL ENGINEERING SOLUTIONS P.S.C,Department of Transportation,10830553.42,17,2016,2025,award
IDEATION INC,Department of Homeland Security,361340.01,1,2018,2018,award
"IEM INTERNATIONAL, INC.",Department of Homeland Security,4340778.22,10,2017,2020,award
"IFARRAGUERRI, CARLOS",Social Security Administration,84810.0,2,2011,2012,award
"IFCO RECYCLING, INC.",Department of Defense,21674.0,3,2008,2010,award
"IFCO RECYCLING, INC.",Department of Homeland Security,86260.7,7,2020,2025,award
"IFCO RECYCLING, INC.",Department of Justice,3019.7,1,2023,2023,award
IFE GROUP,Department of Justice,73979.83,1,2025,2025,award
IGD MEDICAL EQUIPMENT CORP.,Department of Veterans Affairs,53142.3,2,2013,2015,award
IGMAN INC,Department of Veterans Affairs,63957.88,6,2016,2025,award
"IIF DATA SOLUTIONS, INC.",Department of Defense,114863.5,1,2012,2012,award
ILIANA NIGAGLIONI FIGUEROA,Department of Defense,1476814.24,38,2008,2012,award
ILLINOIS CROP IMPROVEMENT ASSOCIATION,Department of Agriculture,32720.09,4,2018,2024,award
"ILLUMINA, INC.",Department of Agriculture,9434.88,1,2024,2024,award
"ILLUMINA, INC.",Department of Health and Human Services,36652.83,1,2019,2019,award
IMAGINATION HEALTHCARE,Department of Veterans Affairs,4814.65,1,2011,2011,award
IMEDRIS DATA CORPORATION,Department of Veterans Affairs,36650.0,1,2018,2018,award
IMMIXTECHNOLOGY INC,Department of Homeland Security,381301.3,1,2018,2018,award
"IMPECCABLE WASH, INC",Department of Veterans Affairs,298755.25,3,2014,2020,award
"IMPLANTES Y SISTEMAS MEDICOS, INC.",Department of Justice,9020.0,1,2011,2011,award
"IMPLANTES Y SISTEMAS MEDICOS, INC.",Department of Veterans Affairs,116100.0,13,2014,2016,award
IMPROVISED ELECTRONICS LLC,Department of Defense,15963.91,1,2014,2014,award
"IN AIR CONDITION, INC.",Department of Homeland Security,945441.22,1,2014,2014,award
"IN AIR CONDITION, INC.",Department of Veterans Affairs,563097.44,18,2013,2024,award
IN-VIRO CARE LLC,Department of Agriculture,5000.0,1,2019,2019,award
"IN-VIRO CARE, INC",Department of Veterans Affairs,1875.0,1,2008,2008,award
IN-VIRO TECHNICAL SERVICES INC,Department of Veterans Affairs,0.0,1,2012,2012,award
INBIOS INTERNATIONAL INC,Department of Health and Human Services,35606.0,3,2016,2019,award
INCHCAPE SHIPPING SERVICES DUBAI LLC,Department of Defense,882957.7,14,2022,2025,award
INCREDIBLE SUPPLY LLC,Department of Homeland Security,2302389.0,1,2016,2016,award
INDIA DEL SOL INC,Department of Defense,2580.0,1,2008,2008,award
"INDICE, CSP",Department of Defense,272913.0,5,2007,2010,award
INDOOR ENVIRONMENTAL CONSULTANTS INC,General Services Administration,122105.0,15,2020,2021,award
INDUMET CORPORATION,Department of Veterans Affairs,810.0,1,2020,2020,award
"INDUSA INDUSTRIAL SUPPLIES, INC",Department of Veterans Affairs,11940.0,1,2024,2024,award
INDUSTRIA LECHERA DE PUERTO RICO INC,Department of Agriculture,14713663.26,32,2011,2022,award
INDUSTRIAL ECONOMICS INC,Department of Commerce,3864317.0,1,2022,2022,award
INDUSTRIAL ENGINEERING CO.,Department of Justice,19446.0,2,2019,2019,award
INDUSTRIAL EQUIPMENT CORP,Department of the Interior,4600.0,1,2011,2011,award
INDUSTRIAL FIRE CORP,Department of Veterans Affairs,3325.0,1,2024,2024,award
"INDUSTRIAL FITTING & VALVES, INC",Department of Veterans Affairs,17652.1,8,2008,2008,award
INDUSTRIAL LIGHTING SUPPLY INC,Department of Defense,5779.95,1,2010,2010,award
INDUSTRIAL LIGHTING SUPPLY INC,Department of Veterans Affairs,30129.0,26,2008,2011,award
INDUSTRIAL MACHINERY MOVERS INC,Department of Agriculture,9020.0,1,2018,2018,award
INDUSTRIAL METAL & CONTROL INC.,Department of Veterans Affairs,5000.0,2,2008,2010,award
INDUSTRIAL NDE & INSPECTION SERVICES CORP,Department of Homeland Security,1450.0,1,2020,2020,award
INDUSTRIAL RUBBER & MECHANICS INC,Department of Homeland Security,19131.52,2,2005,2007,award
"INDUSTRIAL SECURITY PRODUCTS, INC.",Department of Agriculture,13268.2,2,2016,2021,award
"INDUSTRIAL SECURITY PRODUCTS, INC.",Department of Defense,153480.93,7,2010,2019,award
"INDUSTRIAL SECURITY PRODUCTS, INC.",Department of Homeland Security,217072.5,1,2018,2018,award
"INDUSTRIAL SECURITY PRODUCTS, INC.",Department of Justice,43911.29,3,2014,2016,award
"INDUSTRIAL SECURITY PRODUCTS, INC.",Department of the Interior,72447.48,2,2020,2022,award
INDUSTRIAL SPRINKLER CORP.,Department of Veterans Affairs,3465.0,1,2011,2011,award
INDUSTRIAL STRENGTH INDUSTRIES LLC,Department of Defense,34710.0,1,2024,2024,award
INDUSTRIAS VASSALLO INC,Department of Defense,9500.0,1,2008,2008,award
"INDYNE, INC.",Department of Defense,1748845.0,1,2020,2020,award
"INFINITUM HUMANITARIAN SYSTEMS, INC.",Department of Defense,249938.0,1,2021,2021,award
INFINITUS LLC,Department of Veterans Affairs,3750.0,1,2019,2019,award
"INFOKEEPER OF PUERTO RICO, INC",Department of Homeland Security,5081.06,2,2021,2023,award
INFORMATION NETWORK SYSTEMS LLC,Department of Defense,60366.64,1,2005,2005,award
INGEN CORP.,Department of Defense,233454.06,1,2011,2011,award
INGEN CORP.,Department of Veterans Affairs,15550.0,2,2014,2015,award
INICIATIVA COMUNITARIA DE INVESTIGACION INC.,Department of Health and Human Services,50000.0,1,2010,2010,award
INKIT WORLDWIDE LLC,Department of Defense,18088775.24,11,2023,2025,award
"INMARSAT GOVERNMENT, INC.",Department of Homeland Security,813806.91,18,2018,2022,award
"INMEDIATA HEALTH GROUP, CORP",Department of Veterans Affairs,4500.0,2,2008,2008,award
"INMOBILIARIA WITOCHE, LLC",Department of Justice,2286.0,1,2022,2022,award
"INMOBILIARIA WITOCHE, LLC",General Services Administration,92696.59,2,2020,2022,award
INNOV ARCH CCAP SOLUTIONS,Department of Commerce,1277586.9,1,2010,2010,award
INNOVA SOLUTIONS GROUP INC,Department of Commerce,57968.1,1,2023,2023,award
INNOVA SOLUTIONS GROUP INC,Department of Transportation,86710.0,1,2024,2024,award
INNOVATIKS,Department of Agriculture,14529.0,1,2017,2017,award
INNOVATIKS,Department of Defense,6816.0,1,2014,2014,award
INNOVATIKS,Department of Justice,84403.0,8,2013,2017,award
"INNOVATIVE CONSULTING & MANAGEMENT SERVICES, LLC",Department of Transportation,24380.06,1,2018,2018,award
"INNOVATIVE RECYCLING AND REDUCTION SOLUTIONS, INC.",Department of Homeland Security,42858.43,1,2018,2018,award
"INNOVATIVE SATELLITE SOLUTIONS, LLC",Department of Homeland Security,80803.5,2,2018,2024,award
"INNOVATIVE SUPPORT SOLUTIONS, INC.",Department of Veterans Affairs,193822.76,1,2020,2020,award
"INSIDE MEDIA, INC.",Department of Defense,31200.0,1,2011,2011,award
"INSPARISK, LLC",Department of Justice,1087.5,2,2023,2025,award
INSTALACIONES FULYES INC,Department of Agriculture,3500.0,1,2019,2019,award
INSTALACIONES FULYES INC,Department of Justice,156307.49,2,2019,2020,award
INSTALACIONES FULYES INC,General Services Administration,8613442.83,69,2019,2025,award
"INSTANT PRINT, CORP",Department of Defense,361284.7,17,2007,2024,award
"INSTANT PRINT, CORP",Department of Veterans Affairs,11027.8,18,2008,2008,award
"INSTANT PRINT, CORP",Department of the Interior,10950.0,1,2008,2008,award
INSTITUTE FOR SECOND LANGUAGE ACQUISITION,Department of Justice,9485.0,1,2020,2020,award
INSTITUTO DE ESTADISTICAS DE PUERTO RICO,Department of Commerce,6437.61,1,2019,2019,award
"INSTRUMED SERVICES CO., INC",Department of Health and Human Services,4475.0,4,2007,2009,award
INSTRUMENTATION SERVICES INC,Department of Health and Human Services,16400.0,1,2015,2015,award
INSTRUMENTATION SERVICES INC,Department of Homeland Security,38931.0,1,2024,2024,award
INSTRUMENTATION SERVICES INC,Department of Veterans Affairs,58494.0,12,2008,2024,award
"INTECO, INC.",Department of Defense,4480.0,1,2015,2015,award
"INTECO, INC.",General Services Administration,13320.0,2,2012,2012,award
INTEGRA BIOSCIENCES CORP.,Department of Health and Human Services,9743.0,1,2018,2018,award
"INTEGRATED CONSTRUCTION SERVICES, LLC",Department of Commerce,100000.0,1,2014,2014,award
"INTEGRATED CONSTRUCTION SERVICES, LLC",Department of Defense,12930836.7,125,2009,2023,award
"INTEGRATED CONSTRUCTION SERVICES, LLC",Department of Health and Human Services,644365.19,2,2017,2017,award
"INTEGRATED CONSTRUCTION SERVICES, LLC",Department of Homeland Security,3661208.42,11,2010,2020,award
"INTEGRATED CONSTRUCTION SERVICES, LLC",Department of Labor,2449107.23,3,2019,2019,award
"INTEGRATED CONSTRUCTION SERVICES, LLC",General Services Administration,16102165.4,8,2011,2019,award
"INTEGRATED DESIGN SOLUTIONS, INC",Department of Defense,115559.37,3,2016,2018,award
"INTEGRATED DESIGN SOLUTIONS, INC",Department of Homeland Security,12158.64,1,2018,2018,award
"INTEGRATED DESIGN SOLUTIONS, INC",Department of the Treasury,118303.81,2,2011,2015,award
"INTEGRATED ENVIROMENTAL SOLUTIONS, INC",Department of Defense,11300.0,1,2018,2018,award
"INTEGRATED ENVIROMENTAL SOLUTIONS, INC",Department of the Interior,0.0,1,2016,2016,award
"INTEGRATED ENVIROMENTAL SOLUTIONS, INC",General Services Administration,90507.79,1,2014,2014,award
"INTEGRATED GLOBAL SOLUTIONS, LLC",Department of Agriculture,30420.0,1,2015,2015,award
"INTEGRATED GLOBAL SOLUTIONS, LLC",Department of Defense,0.0,1,2021,2021,award
"INTEGRATED GLOBAL SOLUTIONS, LLC",Environmental Protection Agency,88842.0,1,2011,2011,award
"INTEGRATED GLOBAL SOLUTIONS, LLC",General Services Administration,9216.0,2,2024,2025,award
INTEGRATED SECURITY SOLUTIONS INC,Department of Defense,689160.83,2,2019,2023,award
INTEGRATION TECHNOLOGIES CORP,Department of Defense,53398.91,5,2008,2018,award
INTEGRATION TECHNOLOGIES CORP,Department of Homeland Security,12783.23,1,2010,2010,award
INTEGRATION TECHNOLOGIES CORP,Department of Housing and Urban Development,2265.58,1,2011,2011,award
"INTEGRATION TECHNOLOGIES GROUP, INC.",Department of Defense,282924.12,1,2019,2019,award
INTEGRITY MANAGEMENT SERVICES INC,Department of Defense,1716838.95,100,2007,2014,award
INTEGRITY MANAGEMENT SERVICES INC,Department of Homeland Security,44871.56,2,2009,2010,award
"INTELLIGENT IMAGING INNOVATIONS, INC",Department of Veterans Affairs,27110.7,1,2022,2022,award
INTELLISENSE SYSTEMS INC,Department of Agriculture,65177.0,3,2021,2026,award
INTER AMERICAN UNIVERSITY OF PUERTO RICO INC,General Services Administration,441337.52,1,2023,2023,award
"INTER AMERICAN UNIVERSITY OF PUERTO RICO, INC.",Department of Defense,104632.38,8,2008,2010,award
"INTER AMERICAN UNIVERSITY OF PUERTO RICO, INC.",Department of Justice,5570.8,2,2018,2021,award
"INTER AMERICAN UNIVERSITY OF PUERTO RICO, INC.",Small Business Administration,869820.0,1,2006,2006,award
"INTERAMERICAN EQUIPMENT SERVICES, INC.",Department of the Interior,39820.0,3,2008,2012,award
INTERCOMP CO,Department of Defense,59117.47,1,2019,2019,award
INTERCONTINENTAL HOTELS (PUERTO RICO) INC,Department of Agriculture,8307.15,1,2018,2018,award
INTERCONTINENTAL HOTELS (PUERTO RICO) INC,Department of Commerce,12971.48,1,2008,2008,award
INTERCONTINENTAL HOTELS (PUERTO RICO) INC,Department of Defense,1535207.52,33,2008,2019,award
INTERCONTINENTAL HOTELS (PUERTO RICO) INC,Department of Transportation,949336.59,1,2018,2018,award
INTERCONTINENTAL HOTELS (PUERTO RICO) INC,Department of Veterans Affairs,7903.61,4,2008,2008,award
INTERCONTINENTAL HOTELS (PUERTO RICO) INC,Department of the Interior,16145.54,1,2019,2019,award
INTERCONTINENTAL HOTELS (PUERTO RICO) INC,Office of Personnel Management,75000.0,1,2010,2010,award
"INTERGRADE NETWORK GROUP, CORP.",Department of Defense,20300.0,1,2010,2010,award
"INTERIOR SYSTEMS, INC.",Department of Veterans Affairs,10435.0,1,2019,2019,award
"INTERLINK CONSTRUCTION, LLC",Department of Agriculture,16779441.8,1,2019,2019,award
"INTERLINK CONSTRUCTION, LLC",Department of Transportation,5052298.97,1,2020,2020,award
INTERMOUNTAIN HEARING CENTER,Department of Homeland Security,87550.0,1,2018,2018,award
"INTERNATIONAL CHEMTEX PUERTO RICO, INC.",Department of Defense,87300.0,1,2019,2019,award
"INTERNATIONAL CHEMTEX PUERTO RICO, INC.",Department of Justice,24806.4,2,2010,2018,award
INTERNATIONAL DISTRIBUTORS INC,Department of Justice,81698.15,7,2015,2020,award
INTERNATIONAL MEDICAL EQUIPMENT CORP,Department of Veterans Affairs,4400.0,1,2010,2010,award
INTERNATIONAL PAINT LLC,Department of Homeland Security,7433.95,1,2018,2018,award
"INTERNATIONAL PRECISION, INC",Department of Defense,590521.91,13,2020,2025,award
"INTERNATIONAL RECOVERY & REMARKETING GROUP, LLC",Department of Justice,0.0,1,2014,2014,award
INTERNATIONAL SAFE DEPOSIT & COURIERS SERVICES CO,Department of Defense,1900.0,2,2008,2011,award
INTERNATIONAL SECURITY FORCE INC,Department of Defense,1969941.83,2,2009,2009,award
INTERNATIONAL SECURITY FORCE INC,Department of Veterans Affairs,907929.61,2,2006,2010,award
INTERNATIONAL SHIPPING AGENCY INC,Department of Defense,36919.6,1,2015,2015,award
INTERNATIONAL SUPPORT GROUP LLC,Department of Commerce,439975.2,4,2017,2022,award
INTERNATIONAL SUPPORT GROUP LLC,Department of Transportation,317569.0,1,2021,2021,award
INTERNATIONAL TELEVISION CORPORATION,Department of Justice,6453.9,1,2018,2018,award
INTERNATIONAL VETERAN CONTRACTORS CORPORATION,Department of Agriculture,101823.66,1,2022,2022,award
INTERNATIONAL VETERAN CONTRACTORS CORPORATION,Department of Defense,629835.0,4,2020,2021,award
INTERNET VISION DEVELOPMENT INVID LLC,Department of Commerce,10417.5,1,2018,2018,award
INTERNET VISION DEVELOPMENT INVID LLC,Department of Justice,10794.0,2,2022,2023,award
INTERPORT TRADING CORP,Department of Defense,16053.0,2,2008,2008,award
"INTERSPEC, LLC",Department of Defense,8072.0,1,2022,2022,award
INTERTEK SCANBI DIAGNOSTICS AB,Department of Agriculture,9945.0,1,2024,2024,award
INTERTEK USA INC.,Department of Agriculture,43953.6,6,2020,2023,award
"INTERVOICE COMMUNICATION OF PUERTO RICO, INC",General Services Administration,0.0,1,2020,2020,award
INTREPID SOLUTIONS LLC,Department of Defense,95932.6,1,2009,2009,award
"INTUITIVE SOLUTIONS, LLC",Department of Homeland Security,15293.5,1,2018,2018,award
INVACARE CORP,Department of Veterans Affairs,1097714.4,10,2018,2025,award
INVENTORY AUDITORS INTERNATIONAL LLC,Department of Defense,0.0,1,2015,2015,award
"INVENTORY MANAGEMENT SOLUTIONS, LLC",Department of Defense,65131.31,2,2020,2020,award
"INVENTORY PROFESSIONALS, INC",Department of Defense,0.0,1,2015,2015,award
INVERNESS HOTEL CORP,Department of Homeland Security,10320.0,1,2017,2017,award
INVERSIONES PRIMAVERA INC,Department of Defense,5085.0,1,2008,2008,award
"INVICTUS ENGINEERING, PC",Department of Veterans Affairs,84947.0,1,2018,2018,award
IONBENCH,Department of Health and Human Services,27375.5,1,2021,2021,award
IP TECHNOLOGY LLC,Department of Defense,25000.0,1,2024,2024,award
IQ OPTICAL INC,Department of Defense,10000.0,1,2008,2008,award
IQTEK SOLUTIONS-PUERTO RICO CRL,Department of State,1246177.85,1,2025,2025,award
IR INVESTMENT CORP.,General Services Administration,113222.14,3,2010,2010,award
"IRC AIR CONTRACTOR, INC.",Department of Defense,2714090.14,62,2006,2013,award
"IRC AIR CONTRACTOR, INC.",Department of Homeland Security,49973.0,1,2008,2008,award
"IRC AIR CONTRACTOR, INC.",Department of Veterans Affairs,3370449.43,44,2004,2015,award
"IRIZARRY, VICTOR DR & ASSOC",Department of Veterans Affairs,31020.0,2,2006,2010,award
"IRON BOW TECHNOLOGIES, LLC",Department of Defense,235973.04,3,2019,2021,award
IRON HORSE ARCHITECTS INC,Department of Health and Human Services,612374.87,1,2016,2016,award
IRON MOUNTAIN INFORMATION MANAGEMENT LLC,Department of Transportation,42753.63,1,2013,2013,award
"IRON MOUNTAIN INFORMATION MANAGEMENT SERVICES, INC",Department of Health and Human Services,1840.0,1,2020,2020,award
"IRON MOUNTAIN INFORMATION MANAGEMENT SERVICES, INC",Department of Veterans Affairs,0.0,1,2018,2018,award
"IRONCOMPANY.COM, LLC",Department of Agriculture,14310.67,1,2022,2022,award
"ISAIAH ENGINEERING, INC",Department of Agriculture,1039309.92,8,2018,2026,award
ISLA LAB PRODUCTS LLC.,Department of Health and Human Services,18100.0,1,2018,2018,award
ISLA LAB PRODUCTS LLC.,Department of Veterans Affairs,2108804.86,129,2005,2023,award
ISLA MAR RESEARCH EXPEDITIONS LLC,Department of Commerce,14000.0,1,2023,2023,award
"ISLAND CHURCH FURNITURE, INC.",Department of Defense,13237.5,1,2011,2011,award
ISLAND MARINE INC,Department of Homeland Security,62948.15,5,2015,2018,award
ISLAND ROADS CORPORATION,Department of Transportation,3062773.86,1,2016,2016,award
ISLANDWORLD CHEMICAL CORPORATION,Department of Veterans Affairs,3442.2,8,2008,2008,award
ISMAEL RENTAL & CONSTRUCTION CORP,Department of Defense,249380.0,1,2020,2020,award
"ISOBUNKERS, L.L.C.",Department of Defense,43871.9,7,2011,2013,award
ISONIC CORP,Department of Defense,76412.64,1,2024,2024,award
ISONIC CORP,Department of Homeland Security,229356.5,5,2008,2011,award
ISONIC CORP,Department of Veterans Affairs,7047872.83,40,2008,2025,award
ISONIC CORP,Department of the Interior,4945.38,1,2012,2012,award
"ISONMASE, LLC",Department of Veterans Affairs,2961765.34,3,2021,2024,award
IT TECH DIRECT LLC,Department of Homeland Security,301138.8,5,2019,2025,award
"ITCONSULTANTSPR, INC",Department of Homeland Security,241403.88,4,2018,2020,award
"ITCONSULTANTSPR, INC",Department of State,26642.5,3,2018,2018,award
"ITERIS, INC",Department of Transportation,99738.0,1,2014,2014,award
"ITIN SCALE CO., INC.",Department of Health and Human Services,42760.0,1,2023,2023,award
ITL INTERNATIONAL INC,Department of Defense,94071.7,2,2008,2008,award
ITT INDUSTRIES SYSTEMS DIV,Department of Defense,11677642.0,1,2000,2000,award
IVETH YASSMIN RODRIGUEZ,Department of Agriculture,92599.0,2,2024,2025,award
"IZQUIERDO DIAZ, REYNALDO",Department of Homeland Security,47357.48,1,2020,2020,award
J & A OCCUPATIONAL HEALTH AND SAFETY CONSULTING LLC,Department of Defense,32800.0,1,2024,2024,award
J & A OCCUPATIONAL HEALTH AND SAFETY CONSULTING LLC,Department of Veterans Affairs,1814316.0,5,2018,2025,award
"J & C CORPORATION, INC",Department of Justice,4505.0,1,2019,2019,award
"J & C CORPORATION, INC",Department of Veterans Affairs,365.0,2,2008,2008,award
"J & G MARINE SERVICES, LLC",Department of Homeland Security,15905.0,1,2017,2017,award
J & J BUILDER CONTRACTORS GROUP CORP,Department of Defense,764641.0,4,2022,2024,award
J & J BUILDER CONTRACTORS GROUP CORP,Department of Homeland Security,997988.5,3,2023,2025,award
J & J MAINTENANCE INC,Department of Defense,0.0,2,2014,2017,award
"J & M DEPOT, INC",Department of Defense,51477.98,9,2008,2016,award
"J A F SUPPLY, INC.",Department of Agriculture,31896.0,1,2019,2019,award
"J A F SUPPLY, INC.",Department of Veterans Affairs,2841867.43,24,2016,2020,award
J C ELECTRONICS PARTS AND SUPPLIES INC,Department of Justice,15793.0,1,2015,2015,award
"J CANDELARIA ELECTRIC WORK AND LANDSCAPING LIGHTING, INC.",Department of Justice,53300.0,3,2018,2018,award
J G DISH & CELLULAR INC,Department of Defense,9025.0,1,2013,2013,award
"J G M PROPERTY GROUP, INC.",Department of Justice,369900.0,1,2025,2025,award
J G MASTERS INC,Department of the Interior,55977.6,1,2016,2016,award
"J J PETROLEUM DIST., INC",Department of Health and Human Services,9925.0,1,2016,2016,award
"J J PETROLEUM DIST., INC",Department of Veterans Affairs,106804.04,6,2010,2018,award
"J J PETROLEUM DIST., INC",General Services Administration,46349.58,2,2013,2016,award
"J LEE MANAGEMENT, INC.",Department of Veterans Affairs,107940.0,1,2020,2020,award
J M BARAGANO BIOMEDICAL P M & CONSULTING INC,Department of Homeland Security,7565.0,1,2008,2008,award
J M BARAGANO BIOMEDICAL P M & CONSULTING INC,Department of Veterans Affairs,5970.0,3,2008,2008,award
"J R INSULATION SALES & SERVICE, INC.",Department of Veterans Affairs,156649.0,3,2015,2016,award
J V MECHANICAL CONTRACTORS INC.,Department of Agriculture,102600.0,3,2018,2021,award
J&A BUSINESS SOLUTIONS LLC,Department of Homeland Security,11335.2,1,2019,2019,award
J&R GENERAL CONTRACTOR LLC,General Services Administration,166972.13,3,2022,2023,award
"J. M. WALLER ASSOCIATES, INC.",Department of Defense,0.0,1,2008,2008,award
J.A. HANSEN COMPANY,Department of Homeland Security,9677.66,1,2020,2020,award
"J.A.M. CONSTRUCTION SERVICES, INC.",Department of Veterans Affairs,1373834.44,1,2012,2012,award
"J.C. GONZALEZ, INC.",Department of Health and Human Services,15441.0,1,2023,2023,award
"J.C. GONZALEZ, INC.",Department of Homeland Security,53596.04,1,2025,2025,award
"J.C. GONZALEZ, INC.",Department of Justice,5700.0,1,2013,2013,award
"J.C. GONZALEZ, INC.",Department of Veterans Affairs,198510.36,3,2010,2025,award
J.C. METAL,Department of Justice,7200.0,1,2010,2010,award
J.D. REPAIR SERVICES CORP,Department of Defense,2794517.2,19,2006,2024,award
J.D. REPAIR SERVICES CORP,Department of Homeland Security,193611.03,4,2012,2016,award
J.D. REPAIR SERVICES CORP,Department of Transportation,30950.0,1,2013,2013,award
J.D. REPAIR SERVICES CORP,Department of the Interior,90575.0,3,2019,2019,award
J.D. REPAIR SERVICES CORP,General Services Administration,8025.0,1,2019,2019,award
J.M. CARIBBEAN BUILDERS CORP,Department of Transportation,22492386.0,1,2022,2022,award
"J.RUIZ STORE & OFFICE CONTRACTORS,INC",Department of Defense,4900.0,1,2010,2010,award
"J.RUIZ STORE & OFFICE CONTRACTORS,INC",Department of Justice,67987.0,1,2012,2012,award
J.T. CLEARY INC.,Department of Transportation,5954541.01,1,2014,2014,award
"J.VILLANUEVA DRIVING SCHOOL, INC.",Department of Homeland Security,24449.0,2,2009,2010,award
"J2 ENGINEERING, INC.",Department of Defense,1902328.53,2,2005,2009,award
JA FIRE & FACILITY SERVICES LLC,Department of Defense,13450.0,1,2022,2022,award
"JABBOUR AGENCY AND TRANSPORTATION, LLC",Department of Defense,416722.81,11,2021,2022,award
"JACA & SIERRA ENGINEERING, PSC",Department of Agriculture,9975.0,1,2018,2018,award
"JACA & SIERRA ENGINEERING, PSC",Department of Transportation,33431.0,2,2010,2014,award
"JACA & SIERRA ENGINEERING, PSC",General Services Administration,5831.28,1,2018,2018,award
JACOBS ENGINEERING GROUP INC,General Services Administration,16109.46,1,2019,2019,award
JACOBS ENGINEERING GROUP INC.,Department of Defense,9522763.85,7,2014,2019,award
JACOBS ENGINEERING GROUP INC.,Department of Transportation,295555.42,1,2018,2018,award
JACOBS GARDNER SUPPLY CO INC,Department of Homeland Security,11165.04,1,2020,2020,award
JACOBS GOVERNMENT SERVICES COMPANY,Department of Defense,3263124.62,3,2022,2025,award
JACOBS PROJECT MANAGEMENT CO.,General Services Administration,1565795.44,1,2018,2018,award
"JACOBS, KASEY R",Department of Agriculture,261586.67,3,2012,2015,award
"JAFMASE,LLC",Department of Veterans Affairs,683377.53,2,2018,2019,award
JAFRI BROTHERS LLC,Department of Homeland Security,28181.83,1,2018,2018,award
JAIME HERNANDEZ,Department of Defense,190733.5,13,2010,2015,award
JAIME VAZQUEZ VELAZQUEZ,Department of Agriculture,103500.0,11,2010,2022,award
JAIME VAZQUEZ VELAZQUEZ,Department of Homeland Security,92947.0,1,2020,2020,award
JAN-PRO OF PUERTO RICO,Department of Defense,33588.88,1,2013,2013,award
JANCO ENTERPRISES INC,Department of Homeland Security,180990.0,1,2018,2018,award
JANI CLEAN SERVICES INC,Department of Defense,205134.28,1,2008,2008,award
JANI CLEAN SERVICES INC,General Services Administration,11650.0,1,2007,2007,award
JANPAUL DRAGSTER,Department of Defense,79800.0,4,2008,2013,award
JANUS REMOTE SENSING LLC,Department of Agriculture,36000.0,1,2018,2018,award
JARDINES TROPICALES INC,Department of Agriculture,166168.5,3,2006,2010,award
JASON M LEON,Department of Veterans Affairs,7482.05,1,2011,2011,award
JASPER SEATING CO INC,Department of Labor,34189.26,1,2019,2019,award
JAVIER CASTILLO CONSULTING ENGINEER,Department of Veterans Affairs,1875.0,1,2008,2008,award
JAVIER E BIDOT & ASSOCIATES P.S.C,Department of Agriculture,24660.52,1,2010,2010,award
JAVIER E BIDOT & ASSOCIATES P.S.C,Department of Commerce,671335.0,3,2007,2008,award
JAVIER E BIDOT & ASSOCIATES P.S.C,Department of Defense,8894965.56,82,2007,2025,award
JAVIER E BIDOT & ASSOCIATES P.S.C,Department of Justice,125844.5,1,2014,2014,award
JAVIER E BIDOT & ASSOCIATES P.S.C,Department of the Interior,48894.46,2,2013,2016,award
JAVIERA SHADES DESIGN INC,Department of Defense,2769.0,1,2010,2010,award
JAVITS JOSHUA,Department of the Treasury,1500.0,2,2021,2023,award
JAY SHAPIRO & ASSOCIATES INC,General Services Administration,288723.6,1,2022,2022,award
JAYS MOBILE MARINE LLC,Department of the Interior,11609.85,2,2016,2023,award
JAYVEE AIR CONDITIONING & GENERAL CONTRACTOR LLC,Department of Agriculture,11700.0,1,2019,2019,award
"JBM TECHNICAL SOLUTIONS, LLC",Department of Homeland Security,40000.0,2,2018,2018,award
JBW GROUP LLC,Department of Defense,184799.27,1,2024,2024,award
JC & ASSOCIATES PROPERTY MANAGEMENT GROUP INC,Department of Transportation,14170510.0,1,2022,2022,award
JC & SONS INC.,Department of Defense,31585.5,4,2010,2010,award
JC REHAB CENTER INC.,Department of Veterans Affairs,16734.99,3,2008,2013,award
JCB INC.,Department of Defense,34942.35,1,2012,2012,award
"JCD ENGINEERING, INC.",Department of Defense,85140.42,1,2021,2021,award
"JCD ENGINEERING, INC.",Department of Homeland Security,75210.5,2,2014,2015,award
"JCD ENGINEERING, INC.",General Services Administration,71026.96,2,2025,2025,award
JD TREMEC LLC,Department of Homeland Security,9760.0,1,2019,2019,award
"JDC CO., INC.",Department of Defense,155000.0,4,2024,2025,award
JDR ENGINEERS & DEVELOPERS INC,General Services Administration,52310.0,1,2024,2024,award
JEN TELEPHONE SYSTEM CORPORATION,Department of the Interior,15043.0,2,2010,2010,award
JENN ELECTRIC SERVICE INC.,Department of Defense,20600.0,1,2017,2017,award
JENN ELECTRIC SERVICE INC.,Department of Homeland Security,2472.0,1,2020,2020,award
JENNIFER QUINONES GONZALEZ,Environmental Protection Agency,53464.08,1,2011,2011,award
JENNYMAR CORPORATION,Department of Justice,5000.0,1,2019,2019,award
"JENSEN HUGHES, INC.",Department of Defense,0.0,1,2024,2024,award
"JEOL USA, INC.",Department of Homeland Security,22404.97,1,2021,2021,award
JEREMY MEYER,Department of Homeland Security,32386.5,2,2019,2019,award
"JERO INDUSTRIAL, CORP.",Department of Defense,55959.7,3,2013,2024,award
JESCO - BLACK & VEATCH JOINT VENTURE LLC,Department of Defense,202340.57,2,2020,2020,award
"JESCO ENVIRONMENTAL & GEOTECHNICAL SERVICES, INC.",Department of Defense,722536.36,4,2018,2018,award
JESSICA QUEZADA,Department of Health and Human Services,81675.0,6,2010,2010,award
JESUS M SANTOS NEGRON,Department of Homeland Security,45692.66,2,2018,2018,award
JET WASH MS LLC,Department of Justice,95940.0,6,2022,2026,award
"JGR ECO-LOGICAL GROUP, LLC",General Services Administration,390354.0,1,2017,2017,award
JHC STRUCTURES CORP,Department of Commerce,51000.0,1,2008,2008,award
JILSAF LLC,Department of Veterans Affairs,62114.0,1,2020,2020,award
"JITA CONTRACTING, INC.",Department of Transportation,1774649.66,1,2021,2021,award
JJ CONSTRUCTION,Department of Defense,9341.0,2,2008,2008,award
JJC EXTERMINATING CORP,Department of Homeland Security,27176.93,4,2014,2021,award
JJD GROUP INC,Department of Transportation,11000.0,1,2018,2018,award
JLG CONSULTING ENGINEERING PSC,Department of Veterans Affairs,1251369.62,12,2009,2015,award
JLG ENERGY EQUIPMENT SALES & SERVICES INC.,Department of Veterans Affairs,6990.0,1,2014,2014,award
JLL PUERTO RICO REALTY & CO S. EN C,Department of the Treasury,1115.2,1,2024,2024,award
JLR CONSTRUCTION & MAINTENANCE INC.,Department of Transportation,295000.0,1,2016,2016,award
"JM MOTORSPORTS, LLC",Department of Homeland Security,246909.0,1,2023,2023,award
"JMB FOOD, INC.",Department of Defense,58181.1,5,2015,2020,award
JMC AUTO BODY SHOP INC,General Services Administration,37372.74,8,2020,2022,award
JNB SERVICES LLC,Department of Defense,1548963.3,1,2024,2024,award
JNS FOODS LLC,Department of Justice,36910.0,2,2018,2018,award
JOEL A MERCADO DIAZ,Department of Agriculture,91000.0,2,2011,2026,award
JOEL CASTRODAD,Department of Veterans Affairs,268255.74,2,2010,2010,award
JOERNS LLC,Department of Veterans Affairs,114960.34,1,2017,2017,award
"JOGLAR BURROWES, GABRIELA",Department of Agriculture,0.0,1,2017,2017,award
JOGLAR PAINTING INC,Department of Defense,72900.0,1,2007,2007,award
JOGLAR ROOFING INC,Department of Defense,141594.5,1,2005,2005,award
"JOGLAR, FRANCISCO",Social Security Administration,342850.0,14,2014,2020,award
JOHANN D CRESPO ZAPATA,Department of Agriculture,209000.0,2,2021,2025,award
"JOHN CECIL CONSTRUCTION, LLC",Department of Transportation,3561470.0,1,2025,2025,award
JOHN J. ORSILLO,Department of Defense,3926176.05,5,2018,2019,award
"JOHN MILNER ASSOCIATES, INC.",Department of Defense,515000.0,1,2010,2010,award
"JOHN NAPOLI AND ASSOCIATES, INC",Department of Agriculture,4272.75,1,2010,2010,award
"JOHN NAPOLI AND ASSOCIATES, INC",Department of Defense,166538.93,5,2008,2013,award
"JOHN NAPOLI AND ASSOCIATES, INC",Department of Justice,68806.5,2,2012,2023,award
"JOHN NAPOLI AND ASSOCIATES, INC",Department of Veterans Affairs,44390.0,3,2008,2010,award
"JOHN NAPOLI AND ASSOCIATES, INC",General Services Administration,0.0,1,2016,2016,award
JOHNJAVI CORPORATION,General Services Administration,6039.0,1,2022,2022,award
JOHNNY ROJAS DIAZ,Department of Justice,21000.0,1,2008,2008,award
JOHNSON & JOHNSON INTERNATIONAL,Department of Defense,0.0,1,2009,2009,award
JOHNSON & JOHNSON INTERNATIONAL,Department of Veterans Affairs,625989.18,112,2008,2022,award
JOHNSON AND JOHNSON INTERNATIONAL,Department of Veterans Affairs,96000.0,1,2006,2006,award
"JOHNSON CONTROLS AIR CONDITIONING AND REFRIGERATION, INC.",Department of Homeland Security,5050.0,1,2008,2008,award
"JOHNSON CONTROLS AIR CONDITIONING AND REFRIGERATION, INC.",Department of State,9690.0,1,2008,2008,award
"JOHNSON CONTROLS AIR CONDITIONING AND REFRIGERATION, INC.",Department of Veterans Affairs,19423.46,2,2008,2011,award
"JOHNSON CONTROLS BUILDING AUTOMATION SYSTEMS, LLC",Department of Defense,5628340.2,1,2022,2022,award
"JOHNSON CONTROLS BUILDING AUTOMATION SYSTEMS, LLC",Department of Health and Human Services,37604.0,1,2020,2020,award
"JOHNSON CONTROLS BUILDING AUTOMATION SYSTEMS, LLC",Department of Justice,563.95,1,2021,2021,award
"JOHNSON CONTROLS GOVERNMENT SYSTEMS, LLC",Department of Defense,125956704.17,4,2012,2018,award
JOHNSON CONTROLS INC,Department of Health and Human Services,179469.67,1,2014,2014,award
JOHNSON CONTROLS OF PUERTO RICO INC.,Department of Agriculture,22070.0,2,2014,2015,award
JOHNSON CONTROLS OF PUERTO RICO INC.,Department of Commerce,11926.52,1,2023,2023,award
JOHNSON CONTROLS OF PUERTO RICO INC.,Department of Defense,204218.0,7,2010,2022,award
JOHNSON CONTROLS OF PUERTO RICO INC.,Department of Health and Human Services,419386.55,5,2014,2019,award
JOHNSON CONTROLS OF PUERTO RICO INC.,Department of Justice,103687.35,1,2025,2025,award
JOHNSON CONTROLS OF PUERTO RICO INC.,Department of Transportation,15958.0,1,2025,2025,award
JOHNSON CONTROLS OF PUERTO RICO INC.,Department of Veterans Affairs,14796.0,2,2011,2011,award
JOHNSON CONTROLS OF PUERTO RICO INC.,General Services Administration,201344.0,1,2022,2022,award
JOHNSON CONTROLS SECURITY SOLUTIONS LLC,Department of Defense,85299.48,1,2011,2011,award
JOHNSON CONTROLS SECURITY SOLUTIONS LLC,Department of Homeland Security,179392.99,2,2019,2023,award
JOHNSON CONTROLS SECURITY SOLUTIONS LLC,Department of Justice,6994220.53,21,2015,2024,award
JOHNSON CONTROLS SECURITY SOLUTIONS LLC,General Services Administration,35680.43,2,2014,2023,award
"JOHNSON CONTROLS, INC.",Department of Defense,6399.77,1,2025,2025,award
"JOHNSON, MIRMIRAN & THOMPSON, INC.",Department of Transportation,4215648.67,1,2019,2019,award
"JOHNSON, MIRMIRAN & THOMPSON, INC.",General Services Administration,1260056.83,2,2023,2024,award
"JOINT TECHNOLOGY SOLUTION, INC.",Department of Agriculture,84642.45,1,2019,2019,award
JOMA DESIGN GROUP CORP,Department of Agriculture,39765.39,1,2020,2020,award
JOMAR GRAPHICS INC,Department of Veterans Affairs,6065.23,5,2008,2008,award
"JONES LANG LASALLE AMERICAS, INC.",Department of Agriculture,0.0,1,2020,2020,award
"JONES LANG LASALLE AMERICAS, INC.",Department of Defense,79058.0,1,2008,2008,award
"JONES LANG LASALLE AMERICAS, INC.",General Services Administration,4.0,4,2009,2013,award
JORGE L HERNANDEZ DENTON,Social Security Administration,1220140.0,19,2011,2020,award
JORGE L. CARABALLO ORTIZ,Department of Homeland Security,121427.75,6,2019,2020,award
JORGE LUIS PAGAN VAZQUEZ RETIREMENT PLAN SERIES 93-816,Department of Veterans Affairs,31200.0,1,2006,2006,award
JORGE PARDO SCULPTURE LLC,General Services Administration,200000.0,1,2025,2025,award
JOSE BRILLON METAL & WOOD INC,Department of Homeland Security,41300.0,3,2007,2009,award
JOSE C GUZMAN PANTOJA,Department of Defense,15300.0,3,2010,2010,award
JOSE E HERNADEZ BARRETO,Department of Homeland Security,24975.0,1,2007,2007,award
JOSE F SANCHEZ,Department of Defense,8178.0,2,2010,2010,award
JOSE H. ZAYAS,Department of Agriculture,108571.81,1,2009,2009,award
JOSE JOSE MUEBLES Y ENSERES CORP.,Department of Justice,17475.28,1,2014,2014,award
JOSE L NAZARIO SOTO,Department of Homeland Security,23175.0,3,2010,2011,award
JOSE M. BONNIN LOUBRIEL,Department of Veterans Affairs,132800.16,1,2007,2007,award
JOSE OMAR ZAYAS BONILLA,Department of Defense,36245.5,7,2011,2015,award
JOSE PAGAN,Department of Defense,800186.0,74,2007,2011,award
"JOSE SANTIAGO, INC",Department of Defense,1910706.32,49,2011,2024,award
"JOSE SANTIAGO, INC",Department of Justice,5675093.06,91,2008,2025,award
"JOSE SANTIAGO, INC",Department of Veterans Affairs,41378.15,10,2008,2017,award
JOSE VEGA ASOCIADO INC,Department of Defense,7228.3,1,2013,2013,award
JOSE W GUTIERREZ LLC,Department of the Interior,138500.0,1,2010,2010,award
JOSY'S BODY SHOP,Department of the Interior,800.0,1,2014,2014,award
JP ELECTRICAL SERVICE,Department of Agriculture,2500.0,1,2013,2013,award
"JP INDUSTRIAL SALES CO., INC.",Department of Agriculture,21420.0,1,2013,2013,award
JPB CONSTRUCTION INC,Department of Homeland Security,29712.01,1,2021,2021,award
JPI CONSTRUCTION LLC,Department of Agriculture,20508889.0,11,2023,2026,award
JPI CONSTRUCTION LLC,Department of Defense,1312270.0,1,2025,2025,award
JPI CONSTRUCTION LLC,Department of Transportation,12326228.52,4,2021,2025,award
"JPL & ASSOCIATES, LLC",Department of Veterans Affairs,642562.88,2,2020,2024,award
"JPMORGAN CHASE BANK, NATIONAL ASSOCIATION",Department of Homeland Security,12350.0,1,2018,2018,award
JPPR INC.,Department of Homeland Security,535220.73,6,2018,2020,award
JR BOILERS LLC,Department of Justice,11200.0,1,2021,2021,award
JR LANDSCAPE & FACILITY MANAGEMENT LLC,Department of Agriculture,199340.09,3,2016,2021,award
JR LANDSCAPE & FACILITY MANAGEMENT LLC,Department of Commerce,21825.0,1,2012,2012,award
JR LANDSCAPE & FACILITY MANAGEMENT LLC,Department of Defense,103333.3,1,2025,2025,award
JR LANDSCAPE & FACILITY MANAGEMENT LLC,Department of Homeland Security,67139.25,4,2014,2020,award
JR LANDSCAPE & FACILITY MANAGEMENT LLC,Department of the Interior,2073596.47,25,2011,2024,award
"JRBS GROUP, LLC",Department of Defense,1505085.7,12,2012,2017,award
"JRBS GROUP, LLC",Department of Homeland Security,305665.04,1,2012,2012,award
"JRBS GROUP, LLC",Department of Justice,389777.55,10,2012,2017,award
JRC CONSOLIDATED INC,Department of Defense,35119.5,1,2024,2024,award
"JS DRILLING, INC",Department of the Interior,99514.0,2,2022,2022,award
JS ROLLING DOORS,Department of Homeland Security,4453.0,1,2011,2011,award
"JT STAR-CAM, INC",General Services Administration,117600.0,1,2020,2020,award
JTF BUSINESS SYSTEMS CORPORATION,Department of Homeland Security,34023.52,2,2022,2022,award
JTF BUSINESS SYSTEMS CORPORATION,Department of Justice,75712.56,11,2017,2024,award
JTF BUSINESS SYSTEMS CORPORATION,Department of Veterans Affairs,26713.44,1,2023,2023,award
JTF BUSINESS SYSTEMS CORPORATION,Department of the Interior,13645.8,1,2018,2018,award
JTF BUSINESS SYSTEMS CORPORATION,Small Business Administration,8160.0,1,2017,2017,award
"JTG, INC.",Department of Homeland Security,18353193.68,6,2017,2020,award
JUAN A. RODRIGUEZ,Department of Agriculture,26175.0,5,2010,2011,award
JUAN CARLO PUIG,Department of the Treasury,86065.84,1,2012,2012,award
JUAN F. GARCIA INC.,Department of Agriculture,9162.0,1,2023,2023,award
JUAN FELIPE BADO PEREZ,Department of Defense,291925.0,6,2010,2016,award
JUAN MAXIMINO DIAZ,Department of Defense,16930.0,1,2015,2015,award
JUNE JIMENEZ,Social Security Administration,540380.0,17,2012,2020,award
"JUSTICE RESOURCE INSTITUTE, INC.",Department of Veterans Affairs,93284.9,1,2021,2021,award
JUVAL TRADING INC,Department of Homeland Security,20806.0,2,2010,2011,award
JV-P.R. MOBILITY CORP,Department of Homeland Security,57380.0,1,2019,2019,award
"JW & ASSOCIATES, INC.",Department of Defense,22960.0,1,2009,2009,award
JWD ENGINEERING CORP,Department of Veterans Affairs,5341266.13,6,2007,2009,award
JXR CONSTRUCTORS INC,Department of Veterans Affairs,2890703.53,1,2019,2019,award
K & L SUPPLY CO. INC.,Department of Justice,12270.47,1,2019,2019,award
K D CONTRACTORS INC,Department of Labor,425839.84,1,2005,2005,award
"K TORO GARRATON, INC",Department of Veterans Affairs,4895.0,1,2011,2011,award
"K&K RESOURCES, LLC",Department of Defense,17632.85,1,2022,2022,award
"K-CON, INC.",Department of Defense,0.0,1,2005,2005,award
K-DYNAMIKS,Department of Health and Human Services,4970.0,3,2007,2008,award
"K2 CONTRACTING GROUP, LLC",Department of Homeland Security,104837.55,2,2021,2022,award
"K2 CONTRACTING GROUP, LLC",Department of the Interior,579907.18,2,2021,2021,award
"K2H, INC.",Department of Defense,157590.0,1,2020,2020,award
KAD GLOBAL LLC,Department of Homeland Security,0.0,1,2019,2019,award
KALAMATA C.R.L,Department of Defense,32900.0,2,2025,2025,award
KALITTA AIR LLC,Department of Defense,280324.32,5,2021,2022,award
"KALITTA CHARTERS, LLC",Department of Justice,56000.0,1,2020,2020,award
"KALOTECH, INCORPORATED",Department of Homeland Security,15744.0,1,2019,2019,award
KAMAR CONSTRUCTION GROUP CORPORATION,Department of Defense,116217.52,3,2020,2022,award
KAMAR CONSTRUCTION GROUP CORPORATION,Department of Homeland Security,4614.4,1,2023,2023,award
KANDOR MANUFACTURING INC,Department of Defense,137993034.57,213,2008,2025,award
"KAPILI SERVICES, LLC",Department of Health and Human Services,7016585.99,5,2018,2022,award
KAPLAN EARLY LEARNING COMPANY,Department of Homeland Security,20690.7,1,2020,2020,award
"KARCHER NORTH AMERICA, INC.",Department of Defense,13875.3,1,2017,2017,award
KARINA BAKERY INC,Department of Defense,4651.2,2,2008,2008,award
KARLA FURNITURE MFG. INC.,Department of Agriculture,20032.6,1,2015,2015,award
KARLA FURNITURE MFG. INC.,Department of Defense,351674.25,9,2015,2021,award
KARLA FURNITURE MFG. INC.,Department of Homeland Security,16257.8,2,2012,2012,award
KARLAN GROUP CORP,Department of Agriculture,58576.0,3,2010,2013,award
KARNA LLC,Department of Health and Human Services,213303.34,1,2016,2016,award
KARP INVESTMENT CORP.,General Services Administration,398758.35,25,2008,2011,award
KATLYN MAY,Department of Agriculture,70000.0,1,2021,2021,award
"KATOM RESTAURANT SUPPLY, INC.",Department of Justice,10107.55,1,2019,2019,award
"KAW NETWORKS, LIMITED",Department of Justice,0.0,1,2017,2017,award
"KBR SERVICES, LLC",Department of Defense,1922773.61,1,2001,2001,award
"KBR WYLE SERVICES, LLC",Department of Defense,46789.2,1,2014,2014,award
"KCORP TECHNOLOGY SERVICES, INC.",General Services Administration,1898900.83,2,2012,2017,award
KDF ENTERPRISES LLC,Department of Agriculture,98079.52,1,2019,2019,award
"KDH DEFENSE SYSTEMS, INC.",Department of Homeland Security,19282.92,5,2018,2018,award
KEEBLER COMPANY PUERTO RICO INC,Department of Defense,647002.68,10,2008,2009,award
KEEP CLEAN LLC,Department of Agriculture,178474.0,1,2021,2021,award
KELLEY TRUCKING INC.,Department of Transportation,20635320.89,1,2016,2016,award
"KELLY SERVICES, INC.",Department of Agriculture,45608.65,2,2015,2017,award
"KEMRON ENVIRONMENTAL SERVICES, INC.",Environmental Protection Agency,320000.0,1,2025,2025,award
KEMSCO INC,Department of Health and Human Services,95952.16,1,2009,2009,award
KEMSCO INC,Department of Homeland Security,467658.22,6,2007,2010,award
KEMSCO INC,General Services Administration,475000.0,1,2009,2009,award
KENALL INC.,Department of Agriculture,94043.53,1,2022,2022,award
KEO & ASSOCIATES INC,Department of Transportation,565863.34,1,2024,2024,award
"KERBEROS INTERNATIONAL, INC.",Department of Homeland Security,28349809.71,12,2021,2026,award
"KEY GENERAL CONTRACTORS, INC",Department of Defense,1064897.0,1,2016,2016,award
KF PAINTING CORP.,Department of Homeland Security,1800.0,1,2009,2009,award
"KHARIS & KO, LLC",Department of Defense,0.0,1,2024,2024,award
KIEWIT BUILDING GROUP INC.,Department of Defense,0.0,1,2017,2017,award
"KIKAHA SOLUTIONS, LLC",Department of Health and Human Services,3382895.28,1,2023,2023,award
"KILGORE COMPANIES, LLC",Department of Transportation,22736216.4,1,2024,2024,award
KIMBALL INTERNATIONAL INC,Department of Defense,23324.18,1,2006,2006,award
KIMBALL INTERNATIONAL INC,Department of Health and Human Services,15119.29,1,2018,2018,award
KIMBALL INTERNATIONAL INC,Department of Homeland Security,15396.35,1,2018,2018,award
KIMBALL INTERNATIONAL INC,Department of Justice,54217.25,1,2022,2022,award
KIMBALL INTERNATIONAL INC,General Services Administration,528625.77,1,2019,2019,award
KIMBLES AVIATION LOGISTICAL SERVICES INC.,Department of Homeland Security,4238864.34,1,2017,2017,award
KIMLEY-HORN AND ASSOCIATES INC,Department of Transportation,3000.0,2,2007,2012,award
KINETIC CONCEPTS LLC,Department of Veterans Affairs,7888.0,1,2024,2024,award
"KING UNIFORMS & INDUSTRIAL LAUNDRY, INC",Department of Defense,11523.0,1,2008,2008,award
"KING UNIFORMS & INDUSTRIAL LAUNDRY, INC",Department of Veterans Affairs,319284.05,8,2006,2021,award
"KING, BRIAN",Department of Justice,2835.0,1,2012,2012,award
KIPPER TOOL COMPANY,Department of Agriculture,7646.06,1,2020,2020,award
KIRA FACILITIES MAINTENANCE LLC,Department of Agriculture,73654.0,1,2019,2019,award
KIRA FACILITIES MAINTENANCE LLC,Department of Defense,10331880.28,1,2021,2021,award
"KIRKLAND CONSTRUCTION, L.L.L.P.",Department of Transportation,11429423.41,1,2018,2018,award
"KITUWAH SERVICES, LLC",Department of Agriculture,131809.81,1,2024,2024,award
KJ TRADING LLC,Department of Homeland Security,46256.91,1,2024,2024,award
KJ TRADING LLC,Department of the Interior,89486.41,1,2023,2023,award
KLAVON DESIGN ASSOCIATES INC,Department of Defense,752991.97,1,2024,2024,award
KLEIN ENGINEERING PSC,Department of Agriculture,1993841.8,9,2018,2021,award
KLEIN ENGINEERING PSC,Department of Homeland Security,497489.89,1,2016,2016,award
"KLEIS, SUZANNE",Department of State,118195.5,2,2018,2019,award
KLN STEEL PRODUCTS COMPANY LLC,Department of Labor,0.0,1,2019,2019,award
KLS-MARTIN LIMITED PARTNERSHIP,Department of Veterans Affairs,56141.72,3,2018,2021,award
"KMRG, LLC",Department of Agriculture,65496.64,1,2025,2025,award
KNIGHT SKY LLC,Department of Homeland Security,117099.96,2,2018,2018,award
"KNOLL, INC.",Department of Agriculture,757955.63,3,2018,2023,award
"KNOLL, INC.",Department of Defense,913186.74,1,2011,2011,award
"KNOLL, INC.",Department of Homeland Security,34223.56,1,2019,2019,award
"KNOLL, INC.",Department of Justice,36608.07,5,2018,2023,award
KOBO UTILITY CONSTRUCTION CORP.,Department of Transportation,1327894.0,1,2022,2022,award
KODAK AMERICAS LTD,Department of Veterans Affairs,110321.0,2,2006,2010,award
"KODE TECHNOLOGIES PUERTO RICO, INC.",Department of Homeland Security,121723.19,1,2023,2023,award
KOHLER CO.,Department of Transportation,776472.92,11,2017,2021,award
KOI AMERICAS LLC,Department of Homeland Security,45973.32,1,2018,2018,award
"KOMAN PROPPER GOVERNMENT APPAREL, LLC",Department of Defense,12747089.51,23,2014,2016,award
"KOMAN PROPPER, LLC",Department of Defense,22768125.94,16,2011,2013,award
"KONICA MINOLTA BUSINESS SOLUTIONS U.S.A, INC.",Department of Homeland Security,8126.35,1,2015,2015,award
"KONICA MINOLTA BUSINESS SOLUTIONS U.S.A, INC.",Department of Labor,23088.63,1,2016,2016,award
"KONICA MINOLTA BUSINESS SOLUTIONS U.S.A., INC.",Department of Homeland Security,2318.4,1,2007,2007,award
KONICA MINOLTA SENSING AMERICAS INC,Department of Agriculture,10569.94,1,2020,2020,award
KORTE CONSTRUCTION COMPANY,Department of Defense,14862392.97,1,2009,2009,award
KOVILIC CONSTRUCTION CO INC,Department of Transportation,17004497.25,9,2014,2021,award
"KOZENY-WAGNER, INC.",Department of Transportation,3616875.5,1,2021,2021,award
KPAUL PROPERTIES LLC,Department of Veterans Affairs,13428.0,1,2018,2018,award
"KROLL, LLC",Department of Defense,1000000.0,1,2025,2025,award
KRONE FURNITURE CORP,Department of Defense,8435.7,1,2016,2016,award
KROUM CORPORATION,Department of Health and Human Services,41776.19,2,2010,2013,award
KROUM CORPORATION,Department of Veterans Affairs,107230.13,8,2008,2011,award
"KRUEGER INTERNATIONAL, INC.",Department of Justice,210426.01,6,2022,2024,award
KSA INTEGRATION LLC,Department of Veterans Affairs,362032.33,3,2023,2024,award
"KUNST, LLC",Smithsonian Institution,13500.0,1,2022,2022,award
KYOCERA DOCUMENT SOLUTIONS AMERICA INC,Department of Agriculture,79804.42,2,2019,2019,award
KYOCERA DOCUMENT SOLUTIONS AMERICA INC,Department of Homeland Security,16889.58,2,2022,2022,award
KYOCERA DOCUMENT SOLUTIONS AMERICA INC,Department of Justice,23125.02,9,2016,2023,award
KYOCERA DOCUMENT SOLUTIONS AMERICA INC,Department of Veterans Affairs,0.0,1,2018,2018,award
KZF DESIGN INC,Department of Defense,10948205.15,2,2024,2025,award
L A INDUSTRIAL SUPPLY CORP.,Department of Veterans Affairs,151.7,1,2008,2008,award
L J ENTERPRISES INC,Department of Veterans Affairs,48800.0,3,2008,2010,award
L M WASTE SERVICE CORP,Department of Defense,2889851.01,4,2006,2011,award
"L ROSADO VIANA ENVIRONMENTAL, INC.",Department of Agriculture,209623.39,1,2006,2006,award
"L ROSADO VIANA ENVIRONMENTAL, INC.",Department of Defense,2494270.37,3,2002,2008,award
"L. ROBERT KIMBALL & ASSOCIATES, INC.",Department of Defense,725667.83,1,2010,2010,award
"L.A. FOODS, LLC",Department of Justice,9218.5,2,2018,2018,award
"L.L.A.C., INC.",Department of Defense,28586.5,4,2011,2015,award
L1 ENTERPRISES INCORPORATED,Department of Veterans Affairs,761756.7,1,2020,2020,award
"L3 SECURITY & DETECTION SYSTEMS, INC.",Department of Agriculture,36799.99,2,2017,2020,award
"L3HARRIS TECHNOLOGIES, INC.",Department of Defense,28136.0,1,2021,2021,award
LA ARMERIA METROPOLITANA INC,Department of Justice,17034.0,3,2010,2012,award
LA BORIQUENA,Department of Homeland Security,1056856.75,5,2003,2006,award
LA CASA DE LAS PUERTAS INC,Department of the Interior,79397.0,2,2008,2015,award
"LA CASA DEL CAMIONERO, INC.",Department of Defense,904187.92,55,2018,2023,award
"LA CASA DEL CAMIONERO, INC.",Department of Homeland Security,50893255.46,9,2018,2022,award
"LA CASA DEL CAMIONERO, INC.",Department of Veterans Affairs,62737.45,4,2019,2021,award
LA CONCHA A RENAISSANCE RESORT CORP,Department of Justice,56465.0,1,2013,2013,award
LA GRANDE MOVING & SHIPPING CO INC,Department of Defense,41096.8,1,2008,2008,award
"LA RAMBLA PLAZA, LLC",Department of Justice,32.82,1,2020,2020,award
"LA RAMBLA PLAZA, LLC",General Services Administration,1129857.82,126,2008,2013,award
LA ROSA DEL MONTE EXPRESS INC,Department of Agriculture,0.0,1,2016,2016,award
LA ROSA DEL MONTE EXPRESS INC,Department of Defense,269545.68,58,2007,2019,award
LA ROSA DEL MONTE EXPRESS INC,Department of Education,3675.0,1,2022,2022,award
LA ROSA DEL MONTE EXPRESS INC,Department of Health and Human Services,3911.25,1,2015,2015,award
LA ROSA DEL MONTE EXPRESS INC,Department of Homeland Security,56160.1,5,2015,2019,award
LA ROSA DEL MONTE EXPRESS INC,Department of Justice,4811.0,1,2013,2013,award
LA ROSA DEL MONTE EXPRESS INC,Department of the Interior,30308.0,2,2009,2022,award
LA ROSA DEL MONTE EXPRESS INC,General Services Administration,114742.0,8,2006,2018,award
LA ROSA DEL MONTE EXPRESS INC,Social Security Administration,10688.0,1,2018,2018,award
"LABORATORIO CLINICO GENESIS, INC",Department of Health and Human Services,65520.0,3,2007,2009,award
LABORATORIO CLINICO HYDE PARK,Department of Justice,562338.75,28,2011,2016,award
LABORATORIO CLINICO PLAZA OASIS INC,Department of Defense,200175.0,2,2021,2022,award
LABORATORIO CLINICO SALIMAR LLC,Department of Defense,467000.0,1,2021,2021,award
LABORATORIO DE PATOLOGIA DR NOY INC,Department of Justice,10210.0,13,2006,2008,award
LABORATORY CORPORATION OF AMERICA,Department of Defense,590232.17,10,2014,2024,award
LABORIE MEDICAL TECHNOLOGIES CORP,Department of Veterans Affairs,365000.0,1,2020,2020,award
LABREPCO LLC,Department of Health and Human Services,10905.79,1,2024,2024,award
LADGOV CORP,Department of the Interior,43264.0,1,2024,2024,award
LADY HAWKS INC,Department of Defense,12000.0,1,2013,2013,award
LAFORGE & BUDD CONSTRUCTION CO INC,Department of Transportation,4215131.97,2,2019,2021,award
LAGAN PUERTO RICO LLC,Department of Transportation,5683326.7,1,2008,2008,award
"LAGUNA INDUSTRIES, INC.",Department of Defense,150503.08,1,2009,2009,award
LAJAS RACING INC,Department of Homeland Security,14699.34,1,2009,2009,award
"LAJAS, MUNICIPALITY OF",Department of the Interior,160000.0,1,2007,2007,award
"LAKE SHORE SYSTEMS, INC.",Department of Defense,18064.36,1,2020,2020,award
"LAKESHORE LEARNING MATERIALS, LLC",Department of Defense,3973616.42,1,2024,2024,award
"LAMP-RECYCLING CO., INC",Department of Justice,61428.75,7,2015,2022,award
LAND INFO WORLDWIDE MAPPING LLC,Department of Agriculture,23625.0,1,2022,2022,award
"LANDAUER, INC.",Department of Veterans Affairs,49766.41,3,2023,2025,award
LANDIVAR & ASSOCIATES LLC,Department of Health and Human Services,0.0,1,2018,2018,award
LANDSCAPE SOLUTIONS INC,Department of Veterans Affairs,54883.53,2,2013,2016,award
LANTERRA LLC,Department of Transportation,133700.0,1,2018,2018,award
"LANTHEUS MEDICAL IMAGING, INC.",Department of Veterans Affairs,776871.5,4,2013,2018,award
"LANTHEUS MI RADIOPHARMACEUTICALS, INC",Department of Veterans Affairs,37900.0,2,2010,2011,award
LAOCH SERVICES LLC,Department of Agriculture,216125.0,1,2021,2021,award
"LAPAC MANUFACTURING, INC.",Department of Defense,10094.61,1,2017,2017,award
LAS AMERICAS PETROLEUM SERVICES CORPORATION,Department of Defense,6000.0,2,2010,2011,award
LAS AMERICAS PETROLEUM SERVICES CORPORATION,Department of Veterans Affairs,3467672.24,10,2008,2024,award
LAS AMERICAS PETROLEUM SERVICES CORPORATION,General Services Administration,11235.0,2,2010,2017,award
"LAS BRISAS PROPERTY MANAGEMENT, INC.",Department of Defense,12294.51,1,2025,2025,award
LAS VEGAS PAVING CORPORATION,Department of Transportation,30961711.66,1,2023,2023,award
LATTICE SCIENTISTS & ENGINEERS LLC,Department of Veterans Affairs,25000.0,1,2015,2015,award
"LAZER CARTRIDGES PLUS, L.L.C.",Department of Homeland Security,18548.48,2,2018,2018,award
LC INDUSTRIES INC,Department of Homeland Security,59982.75,1,2025,2025,award
LDG TECHNICAL SERVICES CORP,Department of Justice,5600.0,4,2022,2025,award
"LE PETIT VISION CENTER, LLC",Department of Veterans Affairs,19850.98,1,2025,2025,award
LEADER CORP,Department of Veterans Affairs,58828.4,11,2008,2008,award
LEASEWAY OF PUERTO RICO CORPORATION,Department of Defense,235475.45,33,2008,2016,award
LEASEWAY OF PUERTO RICO CORPORATION,Department of Homeland Security,96089.34,2,2009,2011,award
LECHONERA JIMAGUA CORP,Department of Defense,12078.0,1,2025,2025,award
LECHONERA LOS PINOS,Department of Defense,87825.0,14,2011,2014,award
LECO CORP,Department of Agriculture,92448.78,2,2018,2022,award
"LEE CONSTRUCTION GROUP, INC.",Department of Homeland Security,1013825.71,1,2014,2014,award
"LEE CONSTRUCTION GROUP, INC.",Department of Transportation,3155062.0,1,2020,2020,award
"LEEAGRA, INC.",Department of Agriculture,64019.21,1,2020,2020,award
LEETEX GROUP LLC,Department of Housing and Urban Development,11622.68,1,2022,2022,award
"LEGAL INTERPRETING SERVICES, INC.",Department of Homeland Security,186164.25,4,2021,2024,award
LEICA GEOSYSTEMS INC.,Department of Agriculture,19500.0,1,2020,2020,award
"LEIDOS SECURITY DETECTION & AUTOMATION, INC.",Department of Agriculture,111000.24,1,2018,2018,award
"LEIDOS SECURITY DETECTION & AUTOMATION, INC.",Department of Justice,10344.46,1,2018,2018,award
"LEIDOS, INC.",Department of Agriculture,384065.04,1,2023,2023,award
"LEIDOS, INC.",Department of Defense,830603.95,1,2025,2025,award
"LENTZ, FREDERICK",Department of Homeland Security,7347.0,1,2012,2012,award
LEO A. DALY LLC,Department of Defense,2120381.63,1,2019,2019,award
LEO A. DALY LLC,Department of Transportation,26076.25,1,2020,2020,award
LEPTON GLOBAL SOLUTIONS LLC,Department of Homeland Security,9528.0,1,2018,2018,award
"LEVEL 3 COMMUNICATIONS, LLC",Department of Defense,0.0,1,2019,2019,award
LEVEL 9 SYSTEMS LLC,Department of Justice,3500.0,1,2017,2017,award
LEX TERRA CORP.,Department of Justice,1480.0,4,2018,2022,award
"LEXMARK INTERNATIONAL, INC.",Department of Health and Human Services,3586.5,1,2013,2013,award
"LEXMARK INTERNATIONAL, INC.",Department of Homeland Security,44434.2,1,2014,2014,award
"LG2 ENVIRONMENTAL SOLUTIONS, INC.",Department of Defense,156484.6,2,2020,2021,award
LI DING,Department of Defense,71080.0,1,2011,2011,award
"LI-COR, INC.",Department of Agriculture,69622.35,2,2019,2024,award
LIBERTY COMMUNICATIONS OF PUERTO RICO LLC,Department of Commerce,4969.85,1,2020,2020,award
LIBERTY COMMUNICATIONS OF PUERTO RICO LLC,Department of Defense,5398.08,2,2009,2010,award
LIBERTY COMMUNICATIONS OF PUERTO RICO LLC,Department of Homeland Security,56523.76,3,2018,2020,award
LIBERTY COMMUNICATIONS OF PUERTO RICO LLC,Department of Justice,288362.08,61,2008,2025,award
LIBERTY COMMUNICATIONS OF PUERTO RICO LLC,Department of Veterans Affairs,2106821.88,5,2008,2024,award
"LIBERTY INDUSTRIES, INC.",Department of Veterans Affairs,47688.0,1,2020,2020,award
LIBERTY MOBILE PUERTO RICO INC,Department of Justice,7273.07,1,2024,2024,award
LIBERTY PURCHASING LLC,Department of Defense,5767.9,1,2019,2019,award
LIDER CONSTRUCTION CORPORATION,General Services Administration,4179167.53,21,2005,2008,award
LIFE ASSIST MEDICAL PRODUCTS CORP.,Department of Justice,5673.72,1,2010,2010,award
LIFE ASSIST MEDICAL PRODUCTS CORP.,Department of Veterans Affairs,247476.68,43,2008,2011,award
"LIFE FITNESS SALES, INC.",Department of Homeland Security,79067.0,2,2023,2025,award
"LIFE FITNESS SALES, INC.",Department of Justice,325077.04,5,2019,2025,award
LIFE SAFETY SERVICES LLC,Department of Veterans Affairs,17589.2,3,2019,2025,award
LIFE TECHNOLOGIES CORPORATION,Department of Health and Human Services,7025.96,1,2013,2013,award
"LIFERAFTS, INCORPORATED OF PUERTO RICO",Department of Homeland Security,106947.86,27,2007,2025,award
LIFESAVING SYSTEMS LLC,Department of Homeland Security,19275.69,3,2018,2021,award
"LIFT TRUCKS & PARTS, INC",Department of Defense,35866.07,2,2024,2024,award
"LIFT TRUCKS & PARTS, INC",Department of Veterans Affairs,1043736.67,3,2019,2024,award
LIFTKING MANUFACTURING CORP,Department of Defense,406000.0,1,2019,2019,award
LIGHTHOUSE INTEGRATED SERVICES CORP,Department of Agriculture,24197.44,5,2016,2024,award
LIGHTHOUSE INTEGRATED SERVICES CORP,Department of Commerce,169108.79,3,2023,2025,award
LIGHTHOUSE INTEGRATED SERVICES CORP,Department of Defense,2566972.37,6,2012,2025,award
LIGHTHOUSE INTEGRATED SERVICES CORP,Department of Homeland Security,103282.0,6,2019,2023,award
LIGHTHOUSE INTEGRATED SERVICES CORP,Department of State,10500.15,1,2019,2019,award
LIGHTHOUSE INTEGRATED SERVICES CORP,Department of Veterans Affairs,5600.0,2,2023,2024,award
LIGHTHOUSE INTEGRATED SERVICES CORP,Department of the Interior,227003.99,1,2024,2024,award
"LIGHTMASTER COMPANY, INC",Department of Defense,4394.56,1,2008,2008,award
"LIGHTMASTER COMPANY, INC",Department of Veterans Affairs,2663.0,2,2008,2008,award
"LIKE FAMILY, INC",Department of Veterans Affairs,573880.0,1,2016,2016,award
"LIMADI CONSTRUCTION & MAINTENANCE, INC.",Department of Commerce,161255.0,2,2008,2009,award
"LIMADI CONSTRUCTION & MAINTENANCE, INC.",Department of Defense,1201817.65,5,2006,2009,award
"LIMADI CONSTRUCTION & MAINTENANCE, INC.",Department of the Interior,6901940.26,3,2006,2009,award
"LIMADI CONSTRUCTION & MAINTENANCE, INC.",General Services Administration,499662.64,5,2007,2010,award
LIMPIEZA & MAS MJE,Department of Homeland Security,834916.05,8,2015,2019,award
"LINCOLN GOVERNMENT SERVICE, INC.",Department of Homeland Security,19219.12,5,2012,2017,award
"LINDBERGH & ASSOCIATES, LLC",Department of Agriculture,524711.34,4,2018,2022,award
"LINDBERGH & ASSOCIATES, LLC",Department of Defense,294513.0,1,2013,2013,award
LINDE PUERTO RICO B.V.,Department of Agriculture,22007.43,2,2011,2013,award
LINDE PUERTO RICO B.V.,Department of Commerce,114205.54,1,2019,2019,award
LINDE PUERTO RICO B.V.,Department of Defense,1286268.25,17,2015,2025,award
LINDE PUERTO RICO B.V.,Department of Health and Human Services,289134.57,10,2010,2025,award
LINDE PUERTO RICO B.V.,Department of Homeland Security,4290.8,1,2016,2016,award
LINDE PUERTO RICO B.V.,Department of Veterans Affairs,3247679.6,34,2005,2025,award
"LINE CONTRACTORS CORP., THE",Department of Defense,283222.0,1,2009,2009,award
"LINGPERFECT TRANSLATIONS, INC.",Department of Defense,119770.0,1,2022,2022,award
LINKACTIV LLC,Department of Veterans Affairs,4359.55,1,2011,2011,award
LINO PADRON ROSADO,Department of Defense,17615.0,1,2008,2008,award
LINO PADRON ROSADO,Department of Veterans Affairs,20254.84,3,2010,2010,award
LINVATEC CORPORATION,Department of Veterans Affairs,19000.0,2,2018,2018,award
"LIONHEART ALLIANCE, LLC",Department of Justice,13761.0,1,2018,2018,award
LIQUILUX GAS CORPORATION,Department of Defense,250897.7,2,2020,2025,award
LIQUILUX GAS CORPORATION,Department of Homeland Security,46779.66,4,2018,2022,award
LIQUILUX GAS CORPORATION,Department of Justice,240685.52,7,2019,2025,award
"LITIGATION SOLUTIONS, INC.",Department of Defense,4860.0,1,2017,2017,award
LIVANOVA USA INC,Department of Veterans Affairs,137586.24,1,2022,2022,award
LIZ CATERING INC,Department of Defense,91408.64,14,2014,2023,award
"LIZARDI, RUBEN",Department of Agriculture,31595.63,5,2018,2020,award
LIZMAR RODRIGUEZ MORENO,Department of Defense,10080.0,1,2023,2023,award
"LLADO, ISABEL",Department of Defense,22175.0,1,2011,2011,award
LLORENS PHARMACEUTICAL CORP,Department of Veterans Affairs,6823.2,5,2008,2008,award
"LLOYD INDUSTRIES, INCORPORATED",Department of Veterans Affairs,27555.0,1,2018,2018,award
"LLUCH FIRE & SAFETY CO., INC",Department of Defense,188056.0,7,2006,2019,award
"LLUCH FIRE & SAFETY CO., INC",Department of Justice,1500.0,2,2018,2019,award
"LMD CONSTRUCTION, CORP.",Department of Defense,41000.0,1,2011,2011,award
LMH HAWTHORNE HEALTHCARE INC.,Department of Veterans Affairs,15669.99,1,2021,2021,award
LN CURTIS & SONS,Department of Defense,9997.58,1,2020,2020,award
LNI LLC,Department of Defense,36900.0,1,2025,2025,award
LOCAL REDEVELOPMENT AUTHORITY FOR ROOSEVELT ROADS,Department of Defense,0.0,1,2012,2012,award
LOCKHEED MARTIN CORPORATION,Department of Defense,1235120.0,1,2021,2021,award
"LOCKHEED MARTIN INTEGRATED SYSTEMS, LLC",Department of Defense,132471.04,1,2006,2006,award
LOGISTICS365 INC,Department of Defense,24637.0,1,2024,2024,award
LOGOSAKF LLC,Department of Veterans Affairs,1325886.38,2,2024,2025,award
LOMMA CONSTRUCTION CORPORATION,Department of Transportation,1829000.0,1,2013,2013,award
"LONE STAR ARMORY, INC",Department of Homeland Security,902393.71,11,2013,2024,award
LONG WAVE INC.,Department of Defense,12470579.84,16,2012,2025,award
LOOMIS,Department of Defense,1082.8,3,2009,2010,award
LOOMIS,Department of Homeland Security,195658.66,7,2004,2010,award
LOOMIS,Department of Veterans Affairs,220785.26,6,2005,2013,award
LOOMIS,Department of the Interior,3825.8,1,2012,2012,award
LOOMIS ARMORED US LLC,Department of Veterans Affairs,181156.39,1,2016,2016,award
LOPEZ CABALLERO MIGUEL A,Department of Homeland Security,29971.32,1,2015,2015,award
"LOPEZ ROIG, LUCY & ASSOCIATES",Department of Defense,4950.0,1,2005,2005,award
"LOPEZ, ALBERTO",Department of the Interior,33000.0,1,2009,2009,award
"LOPEZ, DANIEL",Department of Justice,291798.24,22,2008,2025,award
"LOPEZ, FRANCISCO",Department of Veterans Affairs,4472.0,1,2010,2010,award
"LOPEZ, JAVIER E.",Department of Justice,19910.0,35,2008,2013,award
"LOPEZ-LOPEZ, DEIBY ISRAEL",Department of Agriculture,23705.0,9,2010,2010,award
"LOPITO, ILEANA & HOWIE INC.",Department of Homeland Security,101537.65,1,2018,2018,award
LORD CONSTRUCTION GROUP INC,Department of Defense,10517053.0,5,2010,2023,award
"LORD, AECK & SARGENT, INC.",Department of the Interior,175441.01,2,2016,2018,award
LOSADA AUTO TRUCKS INC,Department of Defense,5531.1,1,2013,2013,award
"LOSS PREVENTION CO INC, THE",Department of Defense,35739.6,7,2008,2014,award
"LOTUSUSA, INC.",Department of Defense,203238.44,2,2019,2020,award
"LOTUSUSA, INC.",Department of Homeland Security,59947.89,1,2021,2021,award
"LOTUSUSA, INC.",Department of the Interior,20880.0,1,2024,2024,award
"LOUBRIEL TORRES, MIGUEL W",Department of the Interior,18126.08,1,2016,2016,award
"LOUIS HENRY CONTRACTING, INC",Department of Homeland Security,7008.88,1,2019,2019,award
LOURDES N CRUZ & ASSOCIATES,Department of Agriculture,197225.0,22,2010,2019,award
LOW KOUNTRY INK MOBILE NOTARY LLC,Department of Defense,52802.0,2,2024,2024,award
LP C & D INC,Department of Defense,21254214.6,3,2014,2018,award
LP C & D INC,Department of Transportation,14853470.39,4,2012,2018,award
"LP MARIANNA, LLC",Department of Veterans Affairs,1948908.92,12,2018,2023,award
LPC CONTRACTORS INC,Department of Transportation,128983122.32,4,2020,2024,award
LR QUALITY CLEAN,Department of Commerce,3380.0,2,2007,2009,award
LRS FEDERAL LLC,Department of Veterans Affairs,7142.68,1,2018,2018,award
LS3P ASSOCIATES LTD,Department of Defense,58385.0,1,2012,2012,award
"LUGO VEGA, JOHNNY",Department of the Interior,43200.0,2,2015,2016,award
"LUGO, CARMEN A",Social Security Administration,0.0,1,2016,2016,award
"LUGO-VINA, INC",Department of Justice,4904.5,3,2011,2012,award
"LUIS A. AYALA COLON SUCRES, INC",Department of Defense,672225.86,5,2018,2018,award
"LUIS A. AYALA COLON SUCRES, INC",Department of Homeland Security,0.0,1,2018,2018,award
LUIS A. RODRIGUEZ CRUZ,Department of Agriculture,90000.0,1,2024,2024,award
LUIS CARLOS GONZALEZ ROSA,Department of Veterans Affairs,2081.09,2,2008,2008,award
LUIS D PEREZ SQUEO,Department of the Interior,2186.83,1,2022,2022,award
LUIS E. CANEPA,Social Security Administration,750230.0,19,2011,2020,award
"LUIS E. PAGAN & ASOCIADOS, INC",Department of Agriculture,290700.0,39,2010,2019,award
"LUIS E. PAGAN & ASOCIADOS, INC",Department of Housing and Urban Development,21871.0,4,2008,2012,award
LUIS GARRATON LLC,Department of Defense,24215.0,16,2008,2012,award
LUIS GUEVARA,Department of Veterans Affairs,34458.52,34,2008,2008,award
LUIS L. SANCHEZ CARAMBOT,Department of the Interior,14504.0,1,2023,2023,award
LUIS POLANCO CONTRACTOR INC.,Department of Agriculture,48544.8,4,2015,2018,award
LUIS POLANCO CONTRACTOR INC.,Department of Homeland Security,374247.55,13,2018,2021,award
LUIS POLANCO CONTRACTOR INC.,Department of the Interior,480843.32,5,2016,2019,award
LUIS R. RAMOS ORTIZ,Department of Veterans Affairs,39998.75,3,2013,2015,award
LUIS SERRANO,Social Security Administration,228349.0,5,2012,2016,award
"LUKE & ASSOCIATES, INC.",Department of Defense,2387798.9,2,2011,2016,award
LULAC INSTITUTE INC,Department of Defense,44477.25,2,2022,2022,award
"LUMA ENERGY SERVCO, LLC",National Science Foundation,228159.22,1,2023,2023,award
"LUMEN TECHNOLOGIES GOVERNMENT SOLUTIONS, INC.",Department of Homeland Security,1025405.97,10,2020,2021,award
LUMINEX CORP,Department of Health and Human Services,38171.76,1,2025,2025,award
LUMUR INTERNATIONAL INC,Department of Veterans Affairs,6329.0,4,2008,2008,award
"LUNACON ENGINEERING GROUP, CORP.",Department of Agriculture,0.0,1,2024,2024,award
"LUNACON ENGINEERING GROUP, CORP.",Department of the Interior,1135826.21,1,2018,2018,award
"LUNIT AMERICAS, INC.",Department of Veterans Affairs,45569.56,5,2018,2022,award
LUSK MECHANICAL CONTRACTORS INC,General Services Administration,42467.0,1,2023,2023,award
LUZ E. RUIZ,Department of Homeland Security,13800.0,1,2006,2006,award
LUZ M RIVERA RECORDING SERVICES,Social Security Administration,1610.0,1,2011,2011,award
LYDIA SILVA BOSCHETTI,Department of Agriculture,16208.26,3,2008,2010,award
LYDIA SILVA BOSCHETTI,Department of Defense,1806038.93,19,2005,2015,award
LYDIA SILVA BOSCHETTI,Department of Homeland Security,166573.5,13,2006,2018,award
LYDIA SILVA BOSCHETTI,Department of Veterans Affairs,1298347.33,7,2006,2016,award
LYDIA SILVA BOSCHETTI,General Services Administration,57488.92,3,2010,2012,award
LYLIE'S ENVIROMENTAL,Department of Agriculture,8483.2,4,2010,2018,award
LYLIE'S ENVIROMENTAL,Department of the Interior,0.0,1,2019,2019,award
"LYON WORKSPACE PRODUCTS, L.L.C.",Department of Defense,3548.01,2,2011,2014,award
"M & N AVIATION, INC.",Department of Defense,40320.0,1,2014,2014,award
"M & N AVIATION, INC.",Department of Justice,3373503.5,8,2011,2024,award
"M & N AVIATION, INC.",Department of Veterans Affairs,1165100.0,7,2021,2025,award
"M & N ELECTRONIC, INC.",Department of Defense,93230.25,2,2016,2023,award
M A ESTEVES INC,Department of Defense,18900.0,1,2008,2008,award
M A ESTEVES INC,Department of Veterans Affairs,286945.57,61,2008,2011,award
M A ESTEVES INC,General Services Administration,11395.8,26,2010,2011,award
M A ESTEVES INC,Social Security Administration,7680.0,1,2011,2011,award
M G M OPTICAL LABORATORY INC,Department of Defense,51030.0,4,2010,2015,award
M JOLMA INC.,Department of Transportation,5053830.21,2,2019,2019,award
M M MANUFACTURING LLC,Department of Defense,455736935.69,620,2013,2025,award
M M MANUFACTURING LLC,Department of Homeland Security,6533.56,1,2020,2020,award
M M MANUFACTURING LLC,Department of Justice,15000.0,1,2016,2016,award
M OTERO & CIA S E,General Services Administration,578910.64,33,2008,2011,award
"M&T - RIGHT WAY, JV LLC",Department of Defense,5000.0,2,2025,2025,award
M. A. MORTENSON COMPANY,Department of Defense,0.0,1,2015,2015,award
"M. C. DEAN, INC.",Department of Homeland Security,0.0,1,2022,2022,award
"M. C. DEAN, INC.",Department of Justice,230952.6,1,2021,2021,award
"M. C. DEAN, INC.",General Services Administration,3437.28,1,2021,2021,award
"M.R. FRANCESCHINI, INC",Department of Veterans Affairs,109398.81,6,2008,2023,award
"M2S, INC.",Department of Veterans Affairs,225817.0,1,2016,2016,award
"MABBETT & ASSOCIATES, INC.",Department of Veterans Affairs,205570.35,1,2015,2015,award
"MAC CLIMBER, INC.",Department of Defense,194325.0,4,2015,2017,award
"MAC CLIMBER, INC.",Department of the Interior,340986.96,5,2014,2015,award
MAC PAINTING CONTRACTORS CORP,Department of Homeland Security,121531.0,7,2013,2014,award
MAC PAINTING CONTRACTORS CORP,Department of the Interior,0.0,1,2019,2019,award
MACAM S E,General Services Administration,513883.9,11,2010,2010,award
"MACAULAY, NEIL",Department of Justice,28600.0,53,2008,2015,award
"MACGYVER SOLUTIONS, INC.",Department of Agriculture,113627.46,1,2023,2023,award
"MACKAY SPOSITO, LLC",Department of Transportation,129552.06,1,2019,2019,award
MACKIN BOOK COMPANY,Department of Defense,24691.26,6,2016,2024,award
"MACRO COMPANIES, INC.",Department of Homeland Security,82771800.38,3,2017,2018,award
MADDOX DEFENSE INC.,Department of Defense,40664.0,1,2023,2023,award
MADERAS 3C LLC,Department of Defense,68207.11,11,2007,2013,award
MADERAS 3C LLC,Department of Veterans Affairs,15987.71,17,2008,2008,award
MADERERA DONESTEVEZ INCORPORADA,Department of Agriculture,44986.26,6,2010,2018,award
MADERERA DONESTEVEZ INCORPORADA,Department of Defense,37763.54,4,2010,2014,award
"MADERO DAIRY SYSTEMS, INC",Department of Agriculture,102079.03,1,2015,2015,award
MADISON ELECTRIC CO,Department of Justice,28584.0,1,2018,2018,award
MAERSK LOGISTICS & SERVICES USA INC.,Department of Homeland Security,23881231.43,4,2018,2018,award
MAG DS CORP,Department of Homeland Security,41975992.62,39,2017,2022,award
"MAGELLAN FEDERAL, INC.",Department of Homeland Security,753187.5,7,2022,2023,award
MAGLEZ ENGINEERINGS & CONTRACTORS CORP,Department of Defense,4228926.0,1,2014,2014,award
MAGLEZ ENGINEERINGS & CONTRACTORS CORP,Department of Transportation,20160481.0,1,2025,2025,award
"MAGNET FORENSICS, LLC",Department of Homeland Security,321557.0,1,2022,2022,award
"MAGNUM ELECTRONICS, INC",Department of Homeland Security,6890.0,1,2018,2018,award
MAINTENANCE & REPAIR GENERAL CONTRACTORS CORP,Department of Defense,159617.08,1,2025,2025,award
MAINTENANCE & REPAIR GENERAL CONTRACTORS CORP,Department of Veterans Affairs,18896.67,1,2025,2025,award
MAJOR COOPERATIVA TAXI CABS,Department of Defense,80858.0,2,2006,2009,award
MAKKO CONSTRUCTION L.L.C.,Department of Defense,276271.83,2,2022,2024,award
MAKKO CONSTRUCTION L.L.C.,Department of the Interior,190834.84,1,2022,2022,award
MAKRO & ERC GENERAL CONTRACTORS LLC,Department of Defense,258503.4,1,2019,2019,award
MAKRO CORP.,Department of Defense,4492997.6,4,2019,2023,award
MAKRO CORP.,Department of Health and Human Services,263484.64,1,2022,2022,award
MAKRO CORP.,Department of Homeland Security,651960.01,2,2019,2025,award
"MALAVE PRATTS, MARIA L",Department of Veterans Affairs,5066.0,1,2009,2009,award
MALDONADO MARTINEZ ALTAGRACIA,Department of Defense,758980.78,18,2008,2012,award
"MALDONADO, JAVIER",Department of Agriculture,2480.0,1,2012,2012,award
"MALDONADO, MARIXA",Department of Agriculture,58050.0,2,2015,2015,award
MALGOR & CO. INC.,Department of Defense,894951.95,20,2008,2012,award
MANAGEMENT & ADMINISTRATIVE SUPPORT LLC,Department of Justice,20071.95,1,2018,2018,award
"MANAGEMENT CONCEPTS, INC",Department of Defense,17981.74,1,2018,2018,award
"MANAGEMENT CONCEPTS, INC",Department of Homeland Security,19898.0,1,2019,2019,award
MANATI HOTEL COMPANY LLC,Department of Defense,8969.61,1,2022,2022,award
MANDRY EDUARDO,Department of Agriculture,76620.0,4,2018,2022,award
"MANGUAL'S OFFICE CLEANING SERVICE, INC",Department of Homeland Security,115121.2,3,2006,2008,award
"MANGUAL'S OFFICE CLEANING SERVICE, INC",General Services Administration,372296.44,3,2004,2006,award
MANUEL A. BERMUDEZ PAGAN,Department of Agriculture,975.0,1,2019,2019,award
MANUEL A. BERMUDEZ PAGAN,Department of Housing and Urban Development,0.0,1,2018,2018,award
MANUEL F. MARTI SIERRA,Department of Defense,104383.69,1,2018,2018,award
MANUEL F. MARTI SIERRA,Department of Homeland Security,87920.47,4,2013,2017,award
"MANUEL FREIJE ARCE, INC",Department of Defense,10025.79,2,2008,2010,award
MANUEL LABORDE DENTIST,Department of Defense,110000.0,2,2009,2010,award
"MANUFACTURERS RESOURCE NETWORK, INC.",Department of Defense,48846.72,1,2011,2011,award
"MANUFACTURING SYSTEM SERVICES, INC",Department of Defense,5381.0,1,2012,2012,award
"MANUFACTURING SYSTEM SERVICES, INC",Department of Justice,13499.2,1,2018,2018,award
"MAPCO, INC",Department of Defense,0.0,1,2005,2005,award
"MAR RANGE SERVICES, LLC",Department of Defense,93574.05,1,2016,2016,award
MARA SANTANA CO,Department of Agriculture,43494.99,2,2016,2016,award
MARAL ENGINEERING CORP,Department of Defense,290378.0,1,2020,2020,award
MARATHON MEDICAL CORPORATION,Department of Veterans Affairs,366266.38,7,2019,2021,award
"MARCAS FLOOR CARE, INC",Department of Veterans Affairs,1310.0,3,2008,2008,award
MARGARET M BEDOLLA,Department of Justice,16533.86,1,2023,2023,award
MARIA E. ROLON,Department of Defense,78000.0,1,2006,2006,award
MARIA ROSARIO-COLON,Consumer Product Safety Commission,172173.11,5,2008,2019,award
MARIA VEGA-RODRIGUEZ,Environmental Protection Agency,8181.32,1,2008,2008,award
MARIAN LOUNSBURY,Department of Veterans Affairs,60343.75,2,2020,2025,award
MARIAN MANOR COMMUNITY CORP,Department of Veterans Affairs,6386961.47,11,2018,2025,award
MARIANAS GEOTECH SERVICES LLC,Department of Transportation,42000.0,1,2024,2024,award
MARIBEL DIAZ CRUZ,Department of Defense,311489.3,20,2023,2025,award
MARICELIS ROMAN MIRANDA,Department of Defense,140638.5,3,2010,2016,award
MARINA PDR OPERATIONS LLC,Department of Justice,2128.5,1,2017,2017,award
MARINAS DE SALINAS INC,Department of Homeland Security,120074.4,1,2018,2018,award
MARINE AWARENESS RESEARCH AND EDUCATIONAL SOCIETY INCORPORATED,Department of Agriculture,17675.0,1,2017,2017,award
MARINE DESIGN DYNAMICS INC,Department of Homeland Security,1329517.85,1,2017,2017,award
MARINE DIVING CONTRACTORS INC,Department of Defense,218000.0,2,2011,2012,award
MARINE DIVING CONTRACTORS INC,Department of Homeland Security,15475.0,3,2011,2020,award
MARINE DIVING CONTRACTORS INC,Department of Justice,1900.0,1,2011,2011,award
"MARINE DIVING SOLUTIONS, LLC.",Department of Defense,787504.5,1,2018,2018,award
MARINE RESCUE TECHNOLOGIES INC.,Department of Homeland Security,10224.0,2,2018,2018,award
MARINE SYSTEMS INC,Department of Defense,5900.0,1,2018,2018,award
MARINE TRADING LTD,Department of Homeland Security,0.0,1,2018,2018,award
MARINE TRAVELIFT INC,Department of Homeland Security,5000.0,1,2019,2019,award
MARIO GONZALEZ HERNANDEZ,Department of Housing and Urban Development,45213.0,5,2008,2011,award
MARIO GONZALEZ HERNANDEZ,Department of Veterans Affairs,84190.0,2,2015,2016,award
MARISOL LOPEZ RPH,Department of Veterans Affairs,7520.0,1,2019,2019,award
"MARK G. MILLER, INC",Department of Defense,173033.2,1,2014,2014,award
MARK V GROUP CORP,Department of Defense,14476.0,1,2007,2007,award
MARKETING SECURITY COMMUNICATION CORP,Department of Homeland Security,655457.39,1,2007,2007,award
MARKETPLACE INC,Department of Justice,24996.0,1,2020,2020,award
"MARKING, LLC",Department of Homeland Security,309700.0,3,2018,2024,award
"MARMOLERIA LA CARIDAD, INC.",Department of Defense,0.0,1,2010,2010,award
MARNIT INC,Department of Defense,963237.07,1,2012,2012,award
MARPOR CORPORATION,Department of Homeland Security,37016.51,2,2005,2006,award
"MARRERO FELIX, MARIA DE L",Department of Veterans Affairs,15940.02,2,2016,2016,award
MARRIOTT PR MANAGEMENT CORP,Department of Agriculture,7645.3,2,2014,2018,award
MARRIOTT PR MANAGEMENT CORP,Department of Defense,59395.73,4,2010,2021,award
MARRIOTT PR MANAGEMENT CORP,Department of the Interior,0.0,1,2017,2017,award
"MARSTERS REAL ESTATE, INC.",Environmental Protection Agency,28187.06,2,2018,2018,award
MARTEL INC,Department of Justice,18924.2,1,2021,2021,award
"MARTES,KEVIN",Department of Agriculture,2492.75,1,2014,2014,award
MARTIN BIONICS CLINICAL CARE LLC,Department of Veterans Affairs,83877.49,1,2023,2023,award
MARTIN BROTHERS CONSTRUCTION,Department of Transportation,30231391.67,1,2016,2016,award
MARTINEZ COLON DENNIS,Department of Defense,5525.0,2,2018,2020,award
MARTINEZ EDGARDO F,Department of Agriculture,152391.79,7,2013,2022,award
"MARTINEZ HERNANDEZ, MIGUEL",Department of Defense,111422.0,7,2011,2012,award
"MARTINEZ TORRES, FERNANDO A",Department of the Interior,25889.2,2,2016,2017,award
"MARTINEZ, GABRIEL",Department of the Interior,6609.56,1,2018,2018,award
"MARTINEZ, JOSE",Department of Veterans Affairs,620.0,1,2008,2008,award
"MARTINEZ, JOSE M",Department of the Interior,850.0,1,2012,2012,award
"MARTINEZ, RAFAEL A.",Department of Justice,164009.93,14,2010,2021,award
MARTINO INDUSTRIAL AIR INC,Department of Agriculture,24390.0,1,2019,2019,award
MARTINO INDUSTRIAL AIR INC,Department of Commerce,51750.0,1,2024,2024,award
MARTINO INDUSTRIAL AIR INC,Department of Defense,684104.0,10,2015,2024,award
MARTINO INDUSTRIAL AIR INC,Department of Justice,10995.0,1,2014,2014,award
MARTINO INDUSTRIAL AIR INC,General Services Administration,148435.0,9,2016,2023,award
MARTINS CONSTRUCTION CORP.,Department of Transportation,3076737.69,1,2018,2018,award
MARTIR ELECTRIC SERVICE CORP,Department of Agriculture,52739.0,2,2019,2019,award
MARVEL ARCHITECTS LANDSCAPE ARCHITECTS URBAN DESIGNERS PLLC,General Services Administration,5614555.12,2,2024,2025,award
"MARVEL INTERNATIONAL, INC",Department of Defense,81854.2,5,2008,2008,award
MARYVONNE M KERZABI,Department of State,47270.5,1,2018,2018,award
"MASH INDUSTRIAL REPAIRS, INC.",Department of Veterans Affairs,2506353.54,23,2008,2024,award
"MASSO PR SOLUTIONS, LLC",Department of Agriculture,123545.31,4,2018,2021,award
"MASSO PR SOLUTIONS, LLC",Department of Defense,23310.91,1,2018,2018,award
MASTER CONCRETE CORP,Department of the Interior,15972.0,1,2010,2010,award
MASTER PAINTS & CHEMICAL CORPORATION,Department of the Interior,94534.65,3,2010,2014,award
MASTER PAVEMENT LINE CORP.,Department of Transportation,8880038.04,1,2021,2021,award
MASTER PRODUCTS CORPORATION,Department of the Interior,51000.0,1,2016,2016,award
"MASTERFUL MAINTENANCE SERVICES, INC",Department of Homeland Security,28900.0,1,2025,2025,award
MATERIALS CHARACTERIZATION CENTER INC,Department of the Interior,180575.0,3,2019,2025,award
MATOSANTOS COMMERCIAL CORPORATION,Department of Defense,548269.27,18,2008,2012,award
MATRIX NEW WORLD ENGINEERING INC,Department of Transportation,337986.0,1,2018,2018,award
"MATSON NAVIGATION COMPANY, INC.",Department of Defense,0.0,2,2011,2011,award
"MAUNACARIBE, INC",Department of Homeland Security,250476.3,1,2018,2018,award
MAX CYBERSECURITY LLC,Department of Defense,6566486.0,2,2018,2018,award
MAXIMINO RIVERA,Department of Homeland Security,108000.0,1,2024,2024,award
MAYAGUEZ HILTON CORPORATION,Department of Defense,3277.0,1,2008,2008,award
MAYMEAD INC,Department of Transportation,107397747.94,1,2022,2022,award
"MAZARA, LILIAN",Department of Homeland Security,34335.0,1,2018,2018,award
"MB DESIGN CONSULTANTS, LLC",Department of the Interior,2552533.0,1,2024,2024,award
MC MEDICAL INC,Department of Defense,12000.0,1,2010,2010,award
"MCALLISTER TOWING AND TRANSPORTATION COMPANY, INC.",Department of Homeland Security,20188.0,3,2020,2024,award
"MCC ELECTRONICS, CORP.",Department of Defense,12069.0,1,2010,2010,award
"MCC ELECTRONICS, CORP.",Department of Homeland Security,13250.0,1,2011,2011,award
MCCARTHY HITT JV II,Department of Defense,0.0,1,2017,2017,award
MCCOLM & COMPANY LLC,Department of Agriculture,173722.34,1,2021,2021,award
MCCULLOUGH CONSTRUCTION INC.,Department of Transportation,4928631.54,1,2017,2017,award
MCI COMMUNICATIONS SERVICES LLC,Department of Defense,762.0,3,2022,2022,award
MCKESSON CORPORATION,Department of Justice,1249705.75,226,2017,2022,award
"MCMG INTEGRATED SERVICE, LLC",Department of Defense,230525.51,4,2024,2025,award
"MCMURRAY INDUSTRIAL SUPPLY, INC.",Department of Defense,4479.24,1,2011,2011,award
"MCMURRAY INDUSTRIAL SUPPLY, INC.",Department of State,20678.74,2,2008,2010,award
"MCS OF TAMPA, INC.",Department of Defense,331697.89,2,2018,2021,award
MCTECH CORP.,Department of Defense,0.0,1,2005,2005,award
MD DISTRIBUTORS INC,Department of Veterans Affairs,7600.0,1,2012,2012,award
MD PROPERTY IMPROVEMENTS,Department of the Interior,33308.44,1,2010,2010,award
"MDXHEALTH, INC.",Department of Veterans Affairs,124259.85,1,2019,2019,award
"MEADOWS CMPG, INC.",Department of Defense,0.0,1,2025,2025,award
MEADOWS STONE & PAVING INC,Department of Transportation,1950152.62,1,2020,2020,award
MEASUTRONICS CORPORATION,Department of Defense,17932.0,2,2022,2024,award
MECCE INDUSTRIAL CORPORATION,Department of Defense,20497.0,1,2021,2021,award
MECHANICAL CONTRACTORS CONDADO INC,Department of the Interior,9265.0,1,2012,2012,award
"MECX, INC.",Department of Veterans Affairs,24196.83,1,2021,2021,award
MED SOURCE INC,Department of Veterans Affairs,16950.0,1,2025,2025,award
MEDBLOC INC,Department of Veterans Affairs,61351.15,5,2016,2022,award
MEDFINITY LLC,Department of Veterans Affairs,43000.0,1,2018,2018,award
MEDHUB LLC,Department of Veterans Affairs,133000.06,1,2020,2020,award
"MEDI-NET, CORP.",Department of Veterans Affairs,25146.0,9,2008,2011,award
"MEDICAL & VACCINE PRODUCTS, INC",Department of Defense,40031.99,5,2008,2016,award
MEDICAL BIOTRONICS INC.,Department of Veterans Affairs,56386.0,11,2008,2010,award
"MEDICAL DEVICE DEPOT, INC.",Department of Homeland Security,18789.58,1,2019,2019,award
MEDICAL GRAPHICS CORPORATION,Department of Veterans Affairs,38825.0,1,2018,2018,award
MEDICAL LIGHTING DISTRIBUTORS CORP.,Department of Veterans Affairs,1845.7,7,2008,2008,award
"MEDICUS HEALTHCARE SOLUTIONS, LLC",Department of Veterans Affairs,234743.75,1,2024,2024,award
MEDIKA INTERNATIONAL PUERTO RICO INC,Department of Veterans Affairs,553321.72,9,2021,2025,award
MEDIMAX-RSI LLC,Department of Health and Human Services,164000.0,2,2013,2014,award
MEDIMAX-RSI LLC,Department of Veterans Affairs,271537.72,30,2010,2021,award
MEDINA MARIBEL,Department of Defense,76383.5,5,2014,2023,award
"MEDINA, GLADYS",Department of Agriculture,0.0,1,2011,2011,award
"MEDLINE INDUSTRIES, LP",Department of Veterans Affairs,0.0,2,2019,2025,award
MEDTECH CARIBBEAN,Department of Veterans Affairs,24595.99,6,2008,2010,award
"MEDTEL SERVICES, LLC",Department of Justice,176430.0,3,2018,2021,award
MEDTRONIC USA INC,Department of Veterans Affairs,371876.0,14,2018,2019,award
"MEDTRONIC USA, INC.",Department of Veterans Affairs,0.0,1,2016,2016,award
"MEDTRONIC, INC.",Department of Veterans Affairs,18898.02,1,2018,2018,award
MEGA WHOLESALE LLC,Department of the Treasury,1364.81,1,2025,2025,award
MEGAWATTAGE LLC,Department of Homeland Security,98983.95,1,2016,2016,award
MEJIA INTERNATIONAL GROUP CORP,Department of Transportation,2524869.84,14,2015,2024,award
"MELANGE D'HUILE, INC",Department of Defense,101400.0,4,2008,2008,award
"MELENDEZ, EDWIN R",Department of Justice,9595.21,3,2011,2011,award
"MELENDEZ, RICARDO ANDRES, PRES",Department of the Interior,12817.93,1,2014,2014,award
MELITZA PAGAN OYOLA,Department of Defense,109874.26,6,2008,2014,award
MELLING LLC,Department of Veterans Affairs,120749.9,2,2018,2025,award
MENA WANDA,Department of the Interior,463604.6,3,2021,2021,award
MENA WANDA,General Services Administration,8845.0,1,2018,2018,award
MENACO CORP,Department of Justice,24285.78,1,2022,2022,award
MENDEZ & CO INC,Department of Defense,745521.45,23,2008,2014,award
MENDEZ BRUNNER BADILLO Y ASOCIADOS,Department of Homeland Security,579592.0,15,2004,2009,award
MENDEZ BRUNNER BADILLO Y ASOCIADOS,Department of Veterans Affairs,1251383.4,8,2009,2022,award
"MENDEZ, ALBALITH",Social Security Administration,61647.0,3,2014,2016,award
"MENDEZ, EZEQUIEL",Department of Agriculture,15360.0,1,2015,2015,award
"MENDOZA, ORBAN",Department of Housing and Urban Development,95888.0,5,2005,2006,award
"MENDOZA-TORO, LILLIAM",Department of Justice,105426.51,5,2010,2018,award
"MENDRELL, WILFREDO",Department of the Interior,1200.0,1,2008,2008,award
MENTOR WORLDWIDE LLC,Department of Veterans Affairs,127404.01,7,2019,2024,award
"MERCADO GARCIA, HECTOR",Department of Veterans Affairs,94705.0,5,2009,2016,award
"MERCADO, JOSE O",Department of Veterans Affairs,1905.0,1,2010,2010,award
MERCANTIL SAN PATRICIO ASSOCIATES INC,Department of the Treasury,582258.79,5,2008,2023,award
MERCANTIL SAN PATRICIO ASSOCIATES INC,General Services Administration,22214164.28,142,2008,2014,award
MERCED ALEJANDRO AMELIA,Department of Agriculture,146200.0,2,2018,2020,award
"MERCER, FRASER COMPANY",Department of Transportation,41646219.76,1,2017,2017,award
MERLIN PETROLEUM CO INC,Department of Defense,1410847.7,11,2020,2025,award
MERRICK & COMPANY,Department of Agriculture,149740.0,1,2022,2022,award
MERRICK & COMPANY,Department of Defense,6318606.92,1,2017,2017,award
"MERRICK-ATKINS JOINT VENTURE, LLP",Department of Defense,991459.94,1,2020,2020,award
"MERRILL TECHNOLOGIES GROUP, LLC",Department of Defense,156694.0,1,2020,2020,award
"MESKEL & ASSOCIATES ENGINEERING, PLLC",Department of Defense,1794225.65,9,2019,2020,award
MESSER GAS PUERTO RICO INC,Department of Defense,22589.64,2,2009,2014,award
MESSER GAS PUERTO RICO INC,Department of Health and Human Services,18591.65,1,2016,2016,award
MESSER GAS PUERTO RICO INC,Department of Homeland Security,11413.23,2,2011,2016,award
MESSER GAS PUERTO RICO INC,Department of Veterans Affairs,1540579.46,8,2010,2023,award
MESSER LLC,Department of Defense,9286.23,2,2011,2012,award
METAL MACHINING CO INC,Department of Defense,20400.0,1,2008,2008,award
METGREEN SOLUTIONS INC,Department of Veterans Affairs,90583.2,1,2019,2019,award
METLANG LLC,Department of Justice,177502.79,5,2023,2024,award
METRASENS LIMITED,Department of Justice,24353.36,1,2019,2019,award
METREX VALVE CORP.,Department of Homeland Security,9526.0,1,2018,2018,award
METRO BEEPER INC,Department of Homeland Security,14580.0,2,2005,2006,award
METRO BEEPER INC,Department of Veterans Affairs,13860.0,1,2010,2010,award
METRO CONSTRUCTION & PROJECT MANAGEMENT LLC,Department of Veterans Affairs,174967.42,1,2025,2025,award
"METRO ENGINEERING AND SURVEYING CO., INC.",Department of Defense,13947.87,1,2013,2013,award
"METRO GOLF CARS, INC.",Department of Defense,54982.18,1,2025,2025,award
METRO MACHINE CORP,Department of Defense,18660736.43,10,2021,2025,award
"METRO OFFICE PRODUCTS, LLC",Department of Defense,10438.51,1,2013,2013,award
METRO PAVING CORP,Department of Transportation,7553575.94,1,2010,2010,award
METRO SANTURCE INC,Consumer Product Safety Commission,17737.47,1,2014,2014,award
METRO TECH CORP,Department of Health and Human Services,105567.72,1,2018,2018,award
METRO TECHIES LLC,Department of Justice,3055.44,1,2018,2018,award
METROAID AMBULANCE SERVICE INC,Department of Defense,393686.0,3,2007,2013,award
METROPOLITAN EDUCATIONAL TECHNOLOGY ASSOCIATION,Department of Defense,1000.0,1,2022,2022,award
"METROPOLITAN HOME IMPROVEMENT, INC.",Department of the Interior,17490.0,1,2025,2025,award
"METROPOLITAN INTERPRETERS & TRANSLATORS, INC.",Department of Justice,42028.15,11,2020,2022,award
"METROPOLITAN SECURITY SERVICES, INC.",Department of Justice,31915144.73,11,2017,2025,award
METROPOLITANO DE ARECIBO,Department of Veterans Affairs,400960.08,1,2005,2005,award
METTLER-TOLEDO LLC,Department of Health and Human Services,24848.7,1,2005,2005,award
MFG INGENIERIA SAS,Department of Defense,74459.19,1,2011,2011,award
MFS CONSTRUCTION LLC,Department of Agriculture,3430829.69,15,2018,2025,award
MFS CONSTRUCTION LLC,Department of Defense,6340356.41,28,2018,2018,award
MFS CONSTRUCTION LLC,Department of Homeland Security,85000.0,1,2020,2020,award
MFS CONSTRUCTION LLC,Department of Labor,12073477.01,1,2021,2021,award
MFS CONSTRUCTION LLC,Department of Transportation,300720.1,2,2019,2022,award
MFS CONSTRUCTION LLC,Department of the Interior,10213921.26,17,2016,2025,award
MFS CONSTRUCTION LLC,General Services Administration,2030590.32,4,2015,2017,award
"MFS CONSULTING ENGINEERS & SURVEYOR, D.P.C.",Department of Agriculture,0.0,1,2019,2019,award
MG ORTHOTICS & PROSTHETICS CORP.,Department of Veterans Affairs,42385.41,3,2018,2019,award
"MG SCIENTIFIC, INC.",Department of Agriculture,0.0,1,2021,2021,award
"MGI, INC.",Department of Veterans Affairs,54540.0,1,2023,2023,award
"MIAMI AIR INTERNATIONAL, INC.",Department of Defense,82399.81,1,2019,2019,award
"MIAMI CORDAGE, LLC.",Department of Homeland Security,5105.92,1,2018,2018,award
MICHAEL ACEVEDO PRADO,Department of Veterans Affairs,6465.0,1,2012,2012,award
MICHAEL BAKER INTERNATIONAL HOLDCO CORPORATION,Department of Defense,569506.0,2,2011,2011,award
"MICHAEL BAKER INTERNATIONAL, INC.",Department of Defense,4706840.04,6,2011,2020,award
"MICHAEL BAKER INTERNATIONAL, INC.",General Services Administration,158696.0,1,2023,2023,award
MICHAEL T KWOLEK,Department of Defense,4629.25,1,2008,2008,award
MICHIGAN EXPEDITED LOGISTICS LLC,Department of Homeland Security,0.0,1,2020,2020,award
MICRONESIAN TELECOMMUNICATIONS CORPORATION,Department of Veterans Affairs,20023.24,1,2025,2025,award
"MICROPTICS SERVICE, INC.",Department of Agriculture,21443.6,1,2015,2015,award
"MICROPTICS SERVICE, INC.",Department of Veterans Affairs,11033.0,1,2012,2012,award
MICROTECHNOLOGIES LLC,Department of Defense,385951.42,3,2017,2025,award
MICROTECHNOLOGIES LLC,Department of Veterans Affairs,6230898.49,2,2018,2021,award
"MIDWAY TRAILERS, INC.",Department of Homeland Security,8492.0,1,2016,2016,award
MIGUEL A PINEIRO,Department of Veterans Affairs,28590.0,5,2008,2011,award
MIGUEL BAUZA ROLON,Department of Agriculture,13967.0,3,2020,2021,award
MIGUEL CRUZ,Department of Agriculture,165384.0,10,2009,2015,award
MIGUEL LOPEZ,Department of the Interior,922941.13,8,2008,2024,award
MIHALIK GROUP LLC,Department of Veterans Affairs,119893.0,1,2019,2019,award
MIKE SANTIN ADVERTISING,Department of Homeland Security,30000.0,1,2010,2010,award
MIKE'S CONSTRUCTION COMPANY,Department of Agriculture,17441.5,3,2008,2010,award
"MILAN, TAINA",Department of the Interior,5200.0,1,2020,2020,award
MILDRED VERA,Department of Defense,9294.0,2,2011,2011,award
"MILES AHEAD DISTRIBUTION, INC.",Department of Defense,4289.85,1,2024,2024,award
MILLENIUM PURE WATER BOTTLERS CORP,Department of Veterans Affairs,30449.12,6,2018,2022,award
"MILLENNIUM PARK PLAZA ASSOCIATES S, EN C. POR A., S.E.",Department of Justice,23299.35,9,2011,2025,award
"MILLENNIUM PARK PLAZA ASSOCIATES S, EN C. POR A., S.E.",General Services Administration,7295015.54,61,2008,2022,award
"MILLENNIUM POWER SYSTEMS, CORP.",Department of Homeland Security,240048.0,4,2005,2008,award
"MILLENNIUM POWER SYSTEMS, CORP.",General Services Administration,22559.03,1,2008,2008,award
MILLER ENVIRONMENTAL GROUP INC.,Department of Homeland Security,3098764.32,2,2018,2018,award
MILLERKNOLL INC,Department of Health and Human Services,18515.93,2,2018,2019,award
MILLERKNOLL INC,Department of Homeland Security,12036.02,1,2015,2015,award
MILLERKNOLL INC,Department of Veterans Affairs,50273.08,1,2016,2016,award
MILLERKNOLL INC,Department of the Interior,86242.65,4,2019,2019,award
MILLERKNOLL INC,General Services Administration,40848.1,1,2017,2017,award
MILLERKNOLL INC,Social Security Administration,5520.0,1,2018,2018,award
MILLS & SCHNOERING ARCHITECTS LLC,General Services Administration,610597.24,3,2022,2024,award
MILTON MIRANDA MELENDEZ,Department of Veterans Affairs,19589.0,5,2008,2012,award
"MINBURN TECHNOLOGY GROUP, LLC",Department of Veterans Affairs,2575105.4,2,2019,2025,award
MINICOMPR COMPUTERS & TECHNOLOGY LLC,Department of Defense,5020.2,1,2019,2019,award
MINICOMPR COMPUTERS & TECHNOLOGY LLC,Department of Homeland Security,46724.83,4,2014,2019,award
MINICOMPR COMPUTERS & TECHNOLOGY LLC,Small Business Administration,9639.0,1,2013,2013,award
MINISTERIO EVANGELICO EL SEMBRADOR,Department of Defense,11568.7,1,2010,2010,award
"MINITAB, LLC",Department of Homeland Security,20750.0,1,2019,2019,award
MIO PUERTO RICO LLC,Department of Agriculture,20379.9,2,2024,2024,award
MIRANDA & SONS LLC,Department of Agriculture,10680.0,2,2014,2015,award
MIRANDA & SONS LLC,Department of Defense,19850.0,1,2019,2019,award
MIRANDA & SONS LLC,Department of Homeland Security,11411.52,3,2021,2023,award
MIRANDA EXTERMINATING SERVICES CORP,Department of Defense,49700.0,1,2004,2004,award
MIRANDA EXTERMINATING SERVICES CORP,Department of Homeland Security,55982.71,5,2003,2008,award
MIRIAM TORO ROSARIO,Department of Agriculture,77152.5,1,2024,2024,award
MISCELLANEOUS FOREIGN AWARDEES,Department of Health and Human Services,8950.0,1,2020,2020,award
MISCELLANEOUS FOREIGN AWARDEES,Department of Justice,62450.0,1,2021,2021,award
MISCELLANEOUS FOREIGN AWARDEES,Department of State,38948.69,2,2020,2020,award
MITEL DISTRIBUTING CORP,Department of Defense,3730.4,1,2014,2014,award
MITEL DISTRIBUTING CORP,Department of Health and Human Services,150117.07,8,2011,2024,award
MITEL DISTRIBUTING CORP,Department of Homeland Security,267393.38,7,2009,2024,award
MIXA CORPORATION,Department of Justice,6776.0,2,2011,2011,award
"MJA & CO, LLC",Department of Defense,7500.0,1,2023,2023,award
MLS-MULTINATIONAL LOGISTIC SERVICES LIMITED,Department of Defense,346642.71,4,2021,2021,award
MLSUSA CORP,Department of Commerce,6097.61,1,2016,2016,award
MLSUSA CORP,Department of Defense,3764311.37,37,2017,2022,award
MLSUSA CORP,Department of Homeland Security,16107.8,1,2021,2021,award
MM CONTROL SECURITY SERVICES,Department of Homeland Security,239.7,1,2011,2011,award
"MML, INC.",Department of Homeland Security,1720.0,1,2019,2019,award
MO-NA-CO BIOMEDICAL & ENVIROMENTAL CORP,Department of Justice,6108.12,2,2015,2015,award
MOBILE AND PORTABLE COMMUNICATIONS SERVICES INC,Department of Veterans Affairs,900.0,2,2008,2008,award
"MOBILE FIXTURE AND EQUIPMENT COMPANY, INC.",Department of Defense,89711.71,1,2020,2020,award
"MOBILE FIXTURE AND EQUIPMENT COMPANY, INC.",Department of Justice,10778.8,1,2020,2020,award
"MOBILE MINI, INC.",Department of Homeland Security,4063.1,1,2019,2019,award
MOCOROA & CASTELLANOS INC,Department of Justice,7200.0,2,2010,2010,award
MOCOROA & CASTELLANOS INC,Department of Veterans Affairs,15343.0,2,2010,2011,award
MODERN OFFICE SYSTEMS INC,Department of Homeland Security,34904.28,3,2005,2006,award
MODERN OFFICE SYSTEMS INC,Department of Veterans Affairs,50589.85,13,2008,2010,award
"MODULA OFFICE SYSTEMS SERVICES,INC",Department of Agriculture,6400.0,1,2018,2018,award
MODULINE INC,Department of Defense,15887.37,2,2012,2014,award
"MOI, INC.",Department of Agriculture,765681.25,4,2024,2024,award
"MOI, INC.",Department of Homeland Security,378096.25,4,2019,2024,award
MOLECULAR DEVICES LLC,Department of Health and Human Services,4019.0,1,2017,2017,award
"MOLINOS DE PUERTO RICO, LLC",Department of Agriculture,275471.91,8,2008,2014,award
MONACILLOS CENTER ASSOCIATES SE,Department of Homeland Security,14720.63,1,2023,2023,award
"MONACO ENTERPRISES, INC.",Department of Defense,78361.06,2,2018,2020,award
MONDELEZ PUERTO RICO LLC,Department of Defense,480553.82,8,2011,2012,award
"MONGE-ACEVEDO, GWENDELYN",Department of the Interior,0.0,1,2018,2018,award
"MONMANY, ANA C",Department of Agriculture,6000.0,1,2013,2013,award
MONO MACHINES LLC,Department of Agriculture,13086.93,1,2022,2022,award
MONO MACHINES LLC,Department of Justice,8370.5,2,2019,2022,award
"MONTAGE, INC.",Department of Defense,0.0,1,2005,2005,award
"MONTALVO, GERALD",Department of the Interior,73601.97,3,2014,2018,award
MONTCAL LLC,Department of Transportation,8135238.15,1,2023,2023,award
MONTENEGRO COVERS INTERIORS,Department of Agriculture,4160.0,1,2008,2008,award
"MONTEQUIN DISTRIBUTORS, INC",Department of Veterans Affairs,290.0,1,2008,2008,award
MORAGON SERVICES INC,Department of Veterans Affairs,975510.0,5,2010,2011,award
"MORALES PEREZ, ALCIDES L",Department of the Interior,7500.0,2,2013,2013,award
MORALES TRANSPORTATION SERVICES,Department of Agriculture,21090.0,1,2009,2009,award
"MORALES, NESTOR",Department of Agriculture,4845.0,1,2010,2010,award
MORAS TELECOMM CORP.,Department of Homeland Security,19891.0,2,2005,2005,award
"MORE STEEL & ALUMINUM PRODUCTS, INC",Department of Defense,11530.05,2,2010,2014,award
"MOREL MATOS, JOSHUA",Department of the Interior,2241.0,1,2015,2015,award
MORIDGE MANUFACTURING INC,Department of Agriculture,28332.5,1,2018,2018,award
MORLAND OF P R INC,Department of Defense,4295.0,1,2008,2008,award
MORRIS INC.,Department of Transportation,17117727.05,1,2021,2021,award
"MORSE RUBBER, L.L.C.",Department of Homeland Security,384.32,1,2020,2020,award
"MOS COLLECTION, LLC",Department of Veterans Affairs,20916.0,1,2023,2023,award
"MOTIVANDO VICENTE BAEZ, INC",Department of Defense,2800.0,1,2010,2010,award
"MOTIVANDO VICENTE BAEZ, INC",Department of Veterans Affairs,5247.0,1,2013,2013,award
MOTOPAC CORP,Department of Defense,52000.0,1,2025,2025,award
MOTOR SPORT INC,Department of Homeland Security,39325.4,1,2008,2008,award
MOTOR SPORT INC,Department of Justice,106000.0,1,2025,2025,award
MOTOR SPORT INC,Department of the Interior,43926.0,1,2023,2023,award
"MOTORIKA (USA), INC.",Department of Veterans Affairs,79560.0,2,2017,2019,award
"MOTOROLA SOLUTIONS, INC.",Department of Defense,6158107.86,1,2025,2025,award
"MOTOROLA SOLUTIONS, INC.",Department of Justice,9125.0,1,2020,2020,award
"MOUNTAIN VALLEY CONTRACTING, INC.",Department of Transportation,11470772.85,1,2024,2024,award
MOUNTAINSIDE MEDICAL EQUIPMENT INC,Department of Justice,18685.0,2,2019,2020,award
MOWA-BARLOVENTO JOINT VENTURE A,Department of Defense,1372505.49,2,2015,2019,award
MP ELEVATOR INC,Department of Veterans Affairs,2359871.95,3,2012,2022,award
MP ELEVATOR INC,Department of the Interior,79500.0,1,2016,2016,award
"MP MEDICAL PRODUCTS,INC",Department of Veterans Affairs,287390.0,2,2006,2007,award
"MPG SURVEY, INC.",Department of Agriculture,8574.2,1,2015,2015,award
"MR. DIESEL, INC",Department of Veterans Affairs,8584.54,1,2021,2021,award
"MR. DIESEL, INC",General Services Administration,18129.94,1,2024,2024,award
"MSN SUPPLY, LLC",Department of Homeland Security,6618750.0,1,2018,2018,award
"MSS GENERAL CONTRACTORS, INC.",Department of Veterans Affairs,125003.46,1,2009,2009,award
MST MARITIME MANAGEMENT LLC,Department of Defense,62448.94,1,2024,2024,award
MTC TALLER 34,Department of Veterans Affairs,289880.36,1,2010,2010,award
"MTP DRIVETRAIN SERVICES, L.L.C.",Department of Defense,76523.84,1,2020,2020,award
"MUBA CONSTRUCTION, CORP.",General Services Administration,5397629.69,54,2017,2024,award
MUEBLERIA LA TRIGUENA INC,Department of Homeland Security,18725.0,2,2016,2016,award
"MUHLACH SANTOS, FRED",General Services Administration,174599.39,6,2004,2006,award
"MULERO OLIVERAS, ENEILIS",Department of Defense,40066.6,3,2015,2019,award
MULTI AIR SERVICES ENGINEERS CORP,Department of Defense,59974.39,1,2023,2023,award
MULTI AIR SERVICES ENGINEERS CORP,Department of Veterans Affairs,473281.61,3,2020,2023,award
MULTI AIR SERVICES ENGINEERS CORP,General Services Administration,2000890.11,2,2022,2022,award
"MULTI AIR SERVICES ENGINEERS, CORP",Department of Agriculture,734939.4,3,2014,2021,award
"MULTI AIR SERVICES ENGINEERS, CORP",Department of Defense,8645301.38,11,2009,2023,award
"MULTI AIR SERVICES ENGINEERS, CORP",Department of Health and Human Services,887877.95,5,2015,2018,award
"MULTI AIR SERVICES ENGINEERS, CORP",Department of Homeland Security,109965.41,5,2014,2019,award
"MULTI AIR SERVICES ENGINEERS, CORP",Department of Justice,498701.56,1,2019,2019,award
"MULTI AIR SERVICES ENGINEERS, CORP",Department of State,5160.0,1,2014,2014,award
"MULTI AIR SERVICES ENGINEERS, CORP",Department of Transportation,388471.37,2,2015,2021,award
"MULTI AIR SERVICES ENGINEERS, CORP",Department of Veterans Affairs,15584842.69,66,2011,2025,award
"MULTI AIR SERVICES ENGINEERS, CORP",Department of the Treasury,6351.52,1,2019,2019,award
"MULTI AIR SERVICES ENGINEERS, CORP",General Services Administration,36728912.12,349,2011,2025,award
"MULTI MEDIA MARKETING ASSOCIATES, INC.",Department of Defense,25191.0,1,2009,2009,award
"MULTI PLASTICS, INC",Department of Defense,5768.8,1,2009,2009,award
"MULTI-BATTERIES & FORKLIFTS, CORP.",Department of Defense,73684.84,8,2010,2015,award
"MULTI-BATTERIES & FORKLIFTS, CORP.",Department of Homeland Security,6350.0,1,2014,2014,award
MULTI-MAC JV,Department of Defense,15958.0,1,2021,2021,award
MULTI-VENTAS Y SERVICIOS PR INC,Department of Agriculture,14500.0,1,2023,2023,award
MULTI-VENTAS Y SERVICIOS PR INC,Department of Defense,38728.0,4,2012,2016,award
MULTI-VENTAS Y SERVICIOS PR INC,Department of Veterans Affairs,540.0,3,2008,2008,award
MULTIDESK L.L.C,Department of Agriculture,83857.4,5,2015,2022,award
MULTIDESK L.L.C,Department of Defense,241377.45,6,2018,2023,award
MULTIDESK L.L.C,Department of Justice,31537.0,2,2014,2020,award
MULTIDESK L.L.C,General Services Administration,18063.0,5,2020,2020,award
MULTIQUIP INC.,Department of Agriculture,16323.75,1,2024,2024,award
"MULTISYSTEMS, INC",Department of Health and Human Services,62297.01,9,2009,2019,award
"MULTISYSTEMS, INC",Department of Veterans Affairs,245487.69,16,2008,2015,award
MUNICIPIO DE AGUADILLA,Department of Homeland Security,1254324.59,4,2009,2019,award
MUNICIPIO DE BAYAMON,Department of Defense,3600.0,3,2012,2015,award
MUNICIPIO DE SAN JUAN,Department of Homeland Security,500996.86,11,2007,2025,award
MUNICIPIO DE SAN JUAN,General Services Administration,51750.0,15,2008,2010,award
MUNICIPIO DE VEGA BAJA,Department of Homeland Security,42000.0,1,2019,2019,award
MUNICIPO DE GUAYAMA,Department of Health and Human Services,149743.41,9,2010,2018,award
"MUNOZ BERMUDEZ, S.E.",General Services Administration,36000.0,6,2008,2008,award
"MUNOZ VALENCIA, LLC",Department of Justice,144442.38,1,2022,2022,award
"MUNOZ VALENCIA, LLC",General Services Administration,1729463.22,12,2008,2008,award
"MUNOZ, BONETA, BENITEZ, PERAL & BRUGUERAS",Department of Justice,51358.73,4,2010,2013,award
"MUNOZ, SARA",Department of Defense,81041.78,7,2017,2020,award
"MUNSON BUSINESS INTERIORS, INC.",Department of Defense,201.91,2,2011,2014,award
"MURRAY GUARD, INC.",Department of Defense,0.0,1,2016,2016,award
"MUSEO DE ARTE CONTEMPORANEO DE PUERTO RICO, INC.",Department of Agriculture,44900.0,3,2014,2016,award
"MUSEO DE ARTE CONTEMPORANEO DE PUERTO RICO, INC.",Department of Homeland Security,0.0,1,2019,2019,award
MUSIC MINISTRY INTERNATIONAL INC,Department of Defense,150432.98,2,2021,2022,award
"MUSTANG SURVIVAL, INC.",Department of Justice,4445.21,1,2018,2018,award
"MUTUALINK, INC.",Department of Homeland Security,24255.96,1,2018,2018,award
"MVM, INC.",Department of Homeland Security,62174347.16,15,2005,2023,award
MVP NETWORK CONSULTING LLC,Department of Defense,5337.4,1,2014,2014,award
MYRNA MARRERO TORRES,Department of Defense,625169.1,55,2008,2025,award
MYSTAIRE INC,Department of Health and Human Services,14645.0,1,2024,2024,award
MYSTAIRE INC,Department of Homeland Security,18308.05,1,2019,2019,award
N A G SAFETY CORPORATION,Department of Veterans Affairs,18163.0,7,2008,2008,award
N-OVATION TECHNOLOGY GROUP LLC,Department of Veterans Affairs,285486.75,6,2020,2024,award
"N.K. BHANDARI, ARCHITECTURE & ENGINEERING, P.C.",General Services Administration,436651.6,4,2025,2025,award
NABIH YOUSSEF & ASSOCIATES,Department of Transportation,73625.0,1,2015,2015,award
NABISCO ROYAL INC,Department of Defense,58238.49,1,2008,2008,award
"NADATHUR, GOVIND",Environmental Protection Agency,3026.0,1,2010,2010,award
NAEGELI DEPOSITION AND TRIAL CORPORATION,Department of Transportation,2471.25,1,2023,2023,award
NAHIRA E. AROCHO HERNANDEZ,Department of the Interior,0.0,1,2023,2023,award
NALCO COMPANY LLC,Department of Justice,98249.17,5,2021,2022,award
NALCO COMPANY LLC,Department of Veterans Affairs,624915.46,4,2022,2023,award
"NAR MEDICAL DEPOT, LLC",Department of Homeland Security,77834.21,2,2020,2020,award
NASCENCE GROUP LLC,Department of Agriculture,15937.5,1,2023,2023,award
NASCENCE GROUP LLC,Department of Defense,120000.0,1,2025,2025,award
NASCENCE GROUP LLC,Department of Homeland Security,101568.0,1,2025,2025,award
"NATIONAL AIR CARGO GROUP, INC",Department of Defense,2057705.0,10,2019,2025,award
NATIONAL BUILDING PRODUCTS CORP,Department of Defense,3787.25,1,2013,2013,award
NATIONAL BUILDING PRODUCTS CORP,Department of Justice,8358.88,1,2010,2010,award
NATIONAL BUILDING PRODUCTS CORP,Department of Veterans Affairs,64617.05,19,2008,2008,award
"NATIONAL BUSINESS FURNITURE, LLC",Department of Justice,10622.39,1,2020,2020,award
"NATIONAL BUSINESS FURNITURE, LLC",Social Security Administration,16235.78,1,2021,2021,award
NATIONAL CRANE SERVICES INC,Department of Homeland Security,28399.87,2,2017,2018,award
NATIONAL INDUSTRIES FOR THE BLIND,Department of Defense,139563.32,2,2018,2024,award
NATIONAL INSTITUTE OF BUILDING SCIENCES,Department of Defense,25604.0,1,2025,2025,award
NATIONAL INTERPRETERS PR LLC,Department of Homeland Security,135342.65,5,2022,2023,award
NATIONAL LIFT TRUCK INC,Department of Defense,16078.42,3,2014,2016,award
NATIONAL LIFT TRUCK INC,Department of Homeland Security,7745.07,2,2015,2016,award
NATIONAL LIFT TRUCK INC,Department of Veterans Affairs,15480.0,1,2016,2016,award
NATIONAL PARK SERVICE,Department of Homeland Security,0.0,1,2007,2007,award
NATIONAL RESPONSE CORPORATION,Department of Homeland Security,519626.48,2,2018,2025,award
"NATIONAL SHIPPING OF AMERICA, LLC",Department of Defense,3741748.89,30,2011,2023,award
"NATIONVIEW, LLC",Department of Defense,877961.39,1,2009,2009,award
"NATIONWIDE SUPPLIES, L.P.",Department of Defense,3394.2,2,2012,2014,award
"NATIONWIDE SUPPLIES, L.P.",Department of Homeland Security,39698.26,2,2018,2019,award
NATIVE ENERGY & TECHNOLOGY INC,Department of Homeland Security,14071149.29,14,2018,2025,award
NATIVE ENGINEERS LLC,Department of Defense,816807.5,2,2018,2018,award
NATOR CORP.,Department of Health and Human Services,70000.0,1,2012,2012,award
"NATURAL AND ENVIRONMENTAL RESOURCES, DEPARTMENT OF",Department of Commerce,26260.0,3,2008,2012,award
"NAVALES ENTERPRISES, INC.",Department of Agriculture,602048.7,1,2020,2020,award
"NAVARRO, MARILYN",Department of the Interior,4500.0,2,2010,2011,award
NAVI ENGINEERING GROUP CORP,Department of Agriculture,15800.0,2,2011,2011,award
NAVI ENGINEERING GROUP CORP,Department of Veterans Affairs,211725.09,7,2015,2015,award
NAZARENO ENTERPRISES AND SERVICES INC.,Department of Veterans Affairs,467113.17,20,2008,2016,award
"NAZARIO, CARLOS J.",Department of Commerce,82140.0,2,2005,2006,award
"NC MEC,LLC",Department of Defense,470960.0,3,2012,2013,award
NCS TECHNOLOGIES INC,Department of Defense,172602.16,3,2022,2025,award
NCS TECHNOLOGIES INC,Department of Homeland Security,17342.6,1,2011,2011,award
NDN-PRD JV LLC,Department of Defense,1409457.82,1,2026,2026,award
NEAR ME LLC,Department of Homeland Security,28302.34,1,2021,2021,award
"NEEL-SCHAFFER, INC.",Department of Transportation,3000.0,2,2007,2012,award
"NEGRON-RUIZ, GEOVANNY",Department of the Interior,5400.0,1,2020,2020,award
NEOMEDICS GROUP INC.,Department of Veterans Affairs,47659.33,19,2008,2018,award
"NEPTUNOMEDIA, INC.",Department of Justice,25655.39,6,2018,2021,award
"NEST ENGINEERING - IN AIR GENERAL CONTRACTOR, LLC",Department of Veterans Affairs,4805745.75,7,2021,2022,award
NEST ENGINEERING LLC,Department of Veterans Affairs,1332125.98,1,2023,2023,award
"NESTLE PUERTO RICO, INC.",Department of Homeland Security,4463.0,1,2018,2018,award
"NET DIRECT SYSTEMS, LLC",Department of Homeland Security,43332.59,3,2011,2017,award
NETWORK CONNECTIVITY SOLUTIONS INC,Department of Agriculture,88535.5,5,2007,2010,award
"NETWORK INNOVATIONS US, INC.",Department of Justice,11350.0,3,2017,2020,award
NETXAR TECHNOLOGIES INC.,Department of Defense,91455.0,2,2007,2008,award
NEU-TEC GROUP INC.,Department of Agriculture,76867.16,1,2018,2018,award
"NEUROCRINE BIOSCIENCES, INC.",Department of Veterans Affairs,25113.6,2,2018,2018,award
"NEUTRAL POSTURE, INC",Department of Agriculture,21816.56,1,2019,2019,award
"NEW CENTURY IMAGING, INC.",Department of Homeland Security,27604.0,1,2018,2018,award
NEW ENGLAND CLEANING SERVICES CORPORATION,Department of Veterans Affairs,55388.36,1,2007,2007,award
"NEW GARDEN DESIGN, INC",Department of Defense,9000.0,1,2015,2015,award
"NEW GARDEN DESIGN, INC",Department of Health and Human Services,1883555.41,2,2018,2024,award
"NEW GARDEN DESIGN, INC",General Services Administration,24203.41,1,2019,2019,award
NEW HAMPSHIRE DEPARTMENT OF SAFETY,Department of Homeland Security,0.0,1,2018,2018,award
NEW JOURNEY EVENTS LLC,Department of Defense,72400.0,2,2022,2022,award
NEW LINE BOX CORP,Department of Justice,8772.93,2,2015,2018,award
"NEW PONCE SHOPPING CENTER SE, THE",General Services Administration,296158.99,22,2008,2010,award
NEW PROFESSIONAL PAINTERS INC,Department of Homeland Security,50925.0,3,2014,2014,award
"NEW SOUTH ASSOCIATES, INC.",Department of Agriculture,4376.07,1,2019,2019,award
"NEW TECH SOLUTIONS, INC.",Department of Agriculture,74066.2,2,2021,2021,award
"NEW TECH SOLUTIONS, INC.",Department of Defense,8361.0,1,2012,2012,award
"NEW TECH SOLUTIONS, INC.",Department of Homeland Security,3172.0,1,2018,2018,award
"NEW TECH SOLUTIONS, INC.",Department of Justice,6144.0,1,2018,2018,award
"NEW YORK WIPING AND INDUSTRIAL PRODUCTS CO., INC",Department of Justice,33408.0,2,2010,2012,award
"NEWCOMM WIRELESS SERVICES, INC",Department of Homeland Security,1500.0,1,2005,2005,award
NEWCON CARIBBEAN INC,Department of Veterans Affairs,21435.6,9,2008,2008,award
NEWLAND USA CORPORATION,Department of Defense,66906.57,2,2023,2025,award
NEWTON ENTERPRISES LLC,Department of Veterans Affairs,154314.75,2,2025,2025,award
NEXT STEP MEDICAL COMPANY INC,Department of Veterans Affairs,48222.0,10,2011,2018,award
NEXTECH SOLUTIONS LLC,Department of Defense,36381.02,1,2025,2025,award
"NEXUS GROUP, LLC",Department of Agriculture,86220.0,2,2024,2025,award
NEXVS INC,Department of Agriculture,20874.62,1,2010,2010,award
NI GOVERNMENT SERVICES INC,Department of Homeland Security,5760.98,3,2022,2025,award
NIC4 INC,Department of Justice,24500.0,1,2023,2023,award
"NICOLE EMMANUEL COMMUNICATIONS SYSTEMS & SERVICES INC. (NECOMM, S&S INC.)",Department of Veterans Affairs,38107.27,2,2006,2009,award
NICTE MEDIA/ANA G. RIVERA,Department of the Interior,18510.0,2,2012,2013,award
NIEVES & NIEVES ENGINEERS & CONTRACTORS INC,Department of Transportation,10886707.72,3,2022,2024,award
NIEVES AIR CONDITIONING INC,Department of Homeland Security,4956.9,1,2007,2007,award
"NIEVES, ELIEZER",Department of the Interior,2485.0,1,2012,2012,award
NIGHT VISION DEVICES INC,Department of Homeland Security,152955.0,1,2021,2021,award
"NIGHTLINE, INC",Department of Homeland Security,25944.0,1,2020,2020,award
NINE TWENTY ONE (921) CORP,Department of Defense,35754.25,1,2021,2021,award
NISGA'A DATA SYSTEMS LLC,Department of Defense,5318538.26,2,2014,2018,award
"NISTAC E, LLC",Department of Homeland Security,56544513.97,2,2018,2018,award
NITCO LLC,Department of Homeland Security,38350.0,1,2021,2021,award
"NMH TECH, INC.",Department of Defense,33450.0,1,2024,2024,award
NO DATA FROM D AND B,Department of Homeland Security,214510.69,1,2006,2006,award
"NO LIMITS AUDIO/VISUAL, INCORPORATED",Department of Homeland Security,121507.0,1,2020,2020,award
"NOBIS ENGINEERING, INC",Environmental Protection Agency,174907.64,1,2020,2020,award
"NOBLE SUPPLY & LOGISTICS, LLC",Department of Agriculture,11745.9,1,2020,2020,award
"NOBLE SUPPLY & LOGISTICS, LLC",Department of Defense,59263.69,1,2023,2023,award
"NOBLE SUPPLY & LOGISTICS, LLC",Department of Justice,7274.0,1,2018,2018,award
NOGAMA CONSTRUCTION CORP,Department of Defense,635659.0,1,2018,2018,award
NOGAMA CONSTRUCTION CORP,Department of Homeland Security,1086636.99,2,2015,2016,award
"NOGUERA, JORGE J.",Department of the Interior,109450.0,1,2010,2010,award
NOLA VETERAN VENTURES LLC,Department of Veterans Affairs,6500.0,1,2025,2025,award
NOLIAR INC.,Department of Defense,0.0,1,2011,2011,award
"NORD/ATLANTIC TRADING, INC.",Department of Homeland Security,9972.63,1,2018,2018,award
NORFOLK BEARINGS & SUPPLY CO INC,Department of Defense,16625.0,1,2020,2020,award
NORRIS DESIGN LLC,Department of Defense,614515.71,1,2011,2011,award
"NORT-E-QUIPO, INC.",Department of Defense,33850.0,1,2025,2025,award
NORTH AMERICAN DISMANTLING CORP.,Department of Defense,5426.1,1,2016,2016,award
"NORTH DECK, LTD.",General Services Administration,12694.48,4,2008,2008,award
"NORTH STAR IMPORTS, LLC",Department of Justice,108601.6,2,2018,2018,award
NORTH WEST GEOMATICS LTD,Department of Agriculture,19500.0,1,2019,2019,award
"NORTHLAND SERVICES, INC.",Department of Defense,0.0,2,2011,2011,award
NORTHROP GRUMMAN SYSTEMS CORPORATION,Department of Defense,8860.0,1,2021,2021,award
"NORTHSTAR DEMOLITION AND REMEDIATION, LP",Department of Defense,2590153.03,2,2015,2017,award
NORTHSTAR TECHNOLOGY CORP.,Department of Agriculture,954452.73,14,2018,2021,award
"NORTHWESTERN SELECTA, INC",Department of Justice,70001.68,4,2008,2016,award
NORTHWIND-JACOBS JOINT VENTURE,Department of Defense,57709.92,1,2022,2022,award
"NORTON LILLY INTERNATIONAL, INC",Department of Commerce,109578.72,5,2018,2022,award
"NORTON LILLY INTERNATIONAL, INC",Department of Defense,3261952.02,26,2022,2025,award
"NORTON LILLY INTERNATIONAL, INC",Department of Homeland Security,8246.0,1,2024,2024,award
NOVA TERRA INC,Department of Homeland Security,5688.26,4,2005,2020,award
NOVA TERRA INC,Department of Justice,13590.0,3,2013,2016,award
NOVEL CONSTRUCTION LLC,Department of Defense,85473170.18,3,2024,2025,award
NOVEL CONSTRUCTION LLC,Department of Transportation,34440781.15,4,2021,2025,award
NOVEL ENTERPRISES CORP,Department of Health and Human Services,4255528.28,5,2024,2025,award
NOVIS PR LLC,Department of Veterans Affairs,129458.45,40,2008,2014,award
NOVOCURE INC,Department of Veterans Affairs,49748.73,1,2023,2023,award
NOVOSCOPE L.L.C,Department of Homeland Security,34920.0,1,2020,2020,award
NPR SOLUTIONS INC,Department of Defense,402892.68,7,2010,2013,award
NPR SOLUTIONS INC,Department of Justice,15618.38,1,2016,2016,award
NPR SOLUTIONS INC,Social Security Administration,6775.0,1,2011,2011,award
"NUDO, INC.",Department of Agriculture,7293.0,1,2013,2013,award
"NUNEZ, EFRAIN INC",Department of Justice,3237.07,1,2010,2010,award
"NUNEZ, ELIAS",Department of Veterans Affairs,7300.0,1,2018,2018,award
"NUNEZ, PHILLIP",Department of Justice,28362.75,37,2010,2014,award
NURIDDIN HAJIR,Department of Justice,5984.0,1,2020,2020,award
NUSTAFF LLC,Department of Defense,25083.5,1,2018,2018,award
"NUVASIVE, INC",Department of Veterans Affairs,62439.85,4,2018,2021,award
NV SERVICES LLC,Department of Defense,3031521.11,9,2018,2022,award
NV SERVICES LLC,Department of Homeland Security,4149662.99,6,2019,2024,award
NV SERVICES LLC,Department of Labor,41394627.03,1,2021,2021,award
NV SERVICES LLC,General Services Administration,1311597.09,2,2024,2024,award
"NV5 GEOSPATIAL, INC.",Department of Defense,380000.0,1,2018,2018,award
"NV5 GEOSPATIAL, INC.",Department of Homeland Security,423985.1,2,2018,2018,award
"NYTCH, CHRISTOPHER",Department of Agriculture,24000.0,1,2015,2015,award
"NYTCH, CHRISTOPHER",Department of the Interior,3000.0,1,2012,2012,award
"O & C SERVICES, CORP.",Department of Homeland Security,33900.0,1,2010,2010,award
"O & C SERVICES, CORP.",Department of Justice,29680.0,4,2011,2012,award
"O'CONNELL BONARIGO, MARIA",Department of Veterans Affairs,21075.0,3,2016,2018,award
OAC ACTION CONSTRUCTION CORP.,Department of Defense,2357195.38,1,2017,2017,award
OBRATEC CONTRATISTA GENERAL INC,Department of Agriculture,812610.21,1,2022,2022,award
OBRATEC CONTRATISTA GENERAL INC,Department of Transportation,8067513.67,1,2024,2024,award
OBYSSEA STEVEBORING INC,Department of Homeland Security,3600.0,1,2007,2007,award
"OCCUMED HEALTH SPECIALIST, LLC",Department of Defense,143920.0,8,2012,2019,award
"OCCUMED HEALTH SPECIALIST, LLC",Department of the Interior,6505.0,1,2015,2015,award
"OCEAN BAY INFORMATION AND SYSTEMS MANAGEMENT, LLC",Department of Justice,39566.64,1,2018,2018,award
OCEAN CONSTRUCTION LLC,Department of the Interior,1012320.02,2,2019,2020,award
OCEAN SYSTEMS LABORATORY INC,General Services Administration,2906.0,1,2017,2017,award
OCEANETICS INC,Department of Defense,442435.93,1,2017,2017,award
OCHOA REALTY CORP,General Services Administration,401127.6,28,2008,2019,award
OCR GLOBAL INC.,Department of Agriculture,8225.0,3,2025,2025,award
"OCTANE FORKLIFTS, INC.",Department of Homeland Security,630000.0,1,2022,2022,award
"OCTUS INTELLIGENCE, INC.",Department of Justice,0.0,1,2019,2019,award
"ODP BUSINESS SOLUTIONS, LLC",Department of Agriculture,4386.69,1,2018,2018,award
"ODP BUSINESS SOLUTIONS, LLC",Department of Homeland Security,0.0,1,2018,2018,award
"ODP BUSINESS SOLUTIONS, LLC",Department of Justice,49791.5,3,2019,2019,award
ODUMAKINDE OLUSOJI,Department of Defense,0.0,1,2014,2014,award
ODV APPRAISAL GROUP P.S.C.,Department of Agriculture,51800.0,5,2008,2019,award
ODV APPRAISAL GROUP P.S.C.,Department of Veterans Affairs,28400.0,6,2011,2016,award
ODV APPRAISAL GROUP P.S.C.,General Services Administration,169900.0,10,2007,2019,award
OFF ROAD GROUP PERFORMANCE INC.,Department of Justice,0.0,1,2018,2018,award
OFFICE 2 GO LLC,Department of Agriculture,35072.0,1,2014,2014,award
OFFICE 2 GO LLC,Department of Veterans Affairs,21670.0,2,2014,2014,award
"OFFICE DESIGN SOLUTIONS, LLC.",General Services Administration,8500.0,1,2018,2018,award
"OFFICE INK PROS, INC.",Department of Homeland Security,10711.8,1,2018,2018,award
"OFFICE INSTALLATIONS, INC.",Department of Agriculture,14400.0,1,2025,2025,award
OFFICE LEADER CORP,Department of the Interior,181372.0,1,2021,2021,award
OFFICE MASTER INC.,Department of Justice,2311.48,1,2019,2019,award
"OFFICE PARK, INC",General Services Administration,1408131.13,47,2008,2011,award
OFFICE SPACE CONTRACTORS BY INTERIOR DESIGN CORP.,Department of Veterans Affairs,128944.0,7,2010,2014,award
OFFICEMAX INCORPORATED,Department of Agriculture,10958.4,2,2008,2008,award
OFFICEMAX INCORPORATED,Department of Defense,27442.77,4,2008,2013,award
OFFICEMAX INCORPORATED,Department of Justice,12977.63,2,2010,2012,award
OFFICEMAX INCORPORATED,Department of Veterans Affairs,15975.73,38,2008,2008,award
"OFFICESOURCE, LTD.",Department of Defense,24795.16,1,2019,2019,award
OFS BRANDS HOLDINGS INC.,Department of Defense,29973.65,1,2022,2022,award
OFW INC,Department of Defense,5536.0,1,2012,2012,award
OFW INC,Department of Homeland Security,20000.76,1,2006,2006,award
OFW INC,Department of Veterans Affairs,28862.0,6,2008,2010,award
OFX INC,Department of Justice,74832.95,3,2019,2019,award
OFX INC,Department of the Treasury,130975.0,2,2022,2023,award
OGIS COMMUNICATION GROUP INC,Department of Justice,24990.0,1,2019,2019,award
OIL & TRAMP INC,Department of Defense,1291694.42,6,2011,2025,award
OIL & TRAMP INC,Department of Homeland Security,9750.0,3,2010,2020,award
OJ CONSTRUCTION GROUP CORP,Department of Defense,675704.8,1,2024,2024,award
OJA GROUP LLC,Department of Defense,8923.75,1,2023,2023,award
OKANOGAN TRAIL CONSTRUCTION INC,Department of Agriculture,127980.0,2,2019,2019,award
"OLAN, WENDY",Department of Defense,7050.0,2,2010,2010,award
OLAS PROPERTIES LLC,Department of Homeland Security,5969.84,1,2018,2018,award
OLD SAN JUAN ASSOCIATES LP,Department of Commerce,18587.0,1,2006,2006,award
OLD SAN JUAN ASSOCIATES LP,Department of Defense,639712.68,11,2008,2015,award
OLD SAN JUAN ASSOCIATES LP,Department of Health and Human Services,4307.05,1,2011,2011,award
OLD SAN JUAN ASSOCIATES LP,Department of Homeland Security,38830.0,7,2011,2016,award
OLD SAN JUAN ASSOCIATES LP,Department of Justice,76768.7,4,2014,2016,award
OLD SAN JUAN ASSOCIATES LP,Department of Veterans Affairs,14324.14,3,2010,2010,award
OLD SAN JUAN ASSOCIATES LP,Department of the Interior,14842.0,2,2008,2011,award
OLDACH ASSOCIATES LLC,Department of Defense,67127.9,4,2012,2023,award
OLDACH ASSOCIATES LLC,Department of Homeland Security,8100.0,2,2013,2018,award
OLDACH ASSOCIATES LLC,Department of Justice,195005.0,5,2013,2024,award
"OLDCASTLE SW GROUP, INC",Department of Transportation,5095452.21,1,2015,2015,award
OLEIN RECOVERY CORP,Department of Justice,45943.5,2,2020,2020,award
OLENDER REPORTING INC.,Department of Defense,2726.65,1,2018,2018,award
OLGA MEDINA LOPEZ,Department of Agriculture,42996.6,5,2008,2013,award
OLIN CORP,Department of Justice,41519.9,5,2018,2019,award
OLIN WINCHESTER LLC,Department of Agriculture,1711.88,1,2022,2022,award
OLIVER REALTY INC,Department of Veterans Affairs,166800.0,1,2006,2006,award
OLYMPUS AMERICA INC,Department of Veterans Affairs,287171.58,3,2018,2025,award
"OLYMPUS LATIN AMERICA, INC.",Department of Veterans Affairs,2592606.95,6,2018,2023,award
OMAR ANDITH YAUREIBO PEREZ RIVERA,Department of the Interior,63632.0,2,2023,2024,award
OMAR GIOVANNI A PAOLI,Department of Veterans Affairs,16650.0,2,2023,2025,award
"OMART GALLERY, INC.",Department of Veterans Affairs,40850.0,5,2010,2012,award
OMC INC,Department of Defense,23648.0,1,2020,2020,award
OMEGA MARINE REFRIGERATION LLC,Department of Defense,43937.0,2,2020,2020,award
OMEGA OFFICE SOLUTIONS,Department of Justice,9997.95,1,2020,2020,award
OMEGATECH COMMUNICATION SERVICES LLC,Department of Homeland Security,13390.0,1,2024,2024,award
"OMNI AIR INTERNATIONAL, LLC",Department of Defense,1482000.0,7,2019,2024,award
"OMNI BUSINESS SYSTEMS, INC",Department of Homeland Security,6988.0,1,2018,2018,award
"OMNI BUSINESS SYSTEMS, INC",Social Security Administration,3825.0,1,2018,2018,award
"OMNICELL, INC.",Department of Veterans Affairs,7225.92,1,2018,2018,award
ON LINE CONSTRUCTION INC,Department of Defense,286363.79,3,2010,2013,award
ON POINT ENTERPRISE INC,Department of Agriculture,10921.8,2,2018,2018,award
ON POINT ENTERPRISE INC,Department of Defense,173091.38,9,2013,2014,award
ON POINT STRATEGY LLC,Department of Homeland Security,1269604.0,1,2023,2023,award
ON POINT STRATEGY LLC,Department of Justice,1579808.66,2,2020,2021,award
ON TARGET SECURITY,Department of Homeland Security,5801995.44,1,2009,2009,award
ON THE RECORD LLC,Department of Justice,0.0,1,2025,2025,award
ON TIME DELIVERY,Department of Homeland Security,0.0,1,2010,2010,award
ON-DEMAND SERVICES LLC,Department of Agriculture,17591.26,1,2025,2025,award
ON-SITE ENVIRONMENTAL INC,Department of Defense,320350.0,1,2003,2003,award
ON-SITE ENVIRONMENTAL INC,Department of Homeland Security,24020.0,1,2014,2014,award
ON-SITE ENVIRONMENTAL INC,Department of Veterans Affairs,103941.65,3,2007,2008,award
"ONCOLOGY SERVICES INTERNATIONAL, INC.",Department of Veterans Affairs,20400.0,3,2015,2018,award
"ONE CORPS, INC.",Department of Agriculture,776116.23,14,2012,2018,award
"ONE CORPS, INC.",Department of Defense,1260425.79,3,2014,2018,award
"ONE CORPS, INC.",Department of Homeland Security,6232076.76,3,2014,2018,award
"ONE CORPS, INC.",Department of Veterans Affairs,35802360.4,30,2011,2025,award
"ONE CORPS, SECURITY SOLUTIONS INC",Department of Veterans Affairs,151852.8,1,2025,2025,award
ONE FEDERAL SOLUTION CORPORATION,Department of the Interior,157978.71,2,2019,2019,award
ONE SOURCE CONTRACTOR SERVICES CORP,Department of Agriculture,0.0,1,2017,2017,award
ONE SOURCE CONTRACTOR SERVICES CORP,Department of Homeland Security,132768.61,4,2019,2022,award
ONE SOURCE CONTRACTOR SERVICES CORP,Department of Veterans Affairs,71550.0,2,2023,2024,award
"ONE TECH SOL, LLC",Department of Homeland Security,0.0,1,2022,2022,award
"ONEIDA TECHNICAL SOLUTIONS, LLC",Department of Defense,5475956.39,1,2023,2023,award
"ONYX MEDIA SERVICES, INC.",Department of Defense,6057.36,1,2021,2021,award
OOH SERVICES INC.,Department of Defense,22250.0,1,2018,2018,award
OPCON TRAINING SOLUTIONS INC.,Department of Homeland Security,64256.42,1,2023,2023,award
OPS CORPORATION,Department of Defense,33520.0,2,2021,2022,award
OPTI MANUFACTURING CORPORATION,Department of Defense,7573756.74,309,2008,2025,award
"OPTICSPLANET, INC.",Department of Justice,6195.0,1,2017,2017,award
OPTIM LLC,Department of Homeland Security,17733.51,1,2020,2020,award
OPTIMAL GEO INC,Department of Defense,370807.25,5,2019,2022,award
OPTIMUM INDUSTRIAL AIR INC.,Department of Defense,29640.0,3,2010,2010,award
OPTIMUM INDUSTRIAL AIR INC.,Department of Homeland Security,16578.0,2,2010,2012,award
OPTIMUM LOW VOLTAGE LLC,Department of Defense,57428.95,1,2022,2022,award
"OPTIVOR TECHNOLOGIES, LLC",Department of Defense,194147.74,3,2019,2021,award
"OPTIVOR TECHNOLOGIES, LLC",Department of Homeland Security,153073.66,2,2020,2021,award
"OPTIVOR TECHNOLOGIES, LLC",Department of Justice,4712.8,1,2018,2018,award
OPTOACOUSTICS LTD,Department of Veterans Affairs,13300.0,1,2021,2021,award
"OR-PRO MEDICAL INDUSTRIAL LABORATORY, INC.",Department of Veterans Affairs,538289.92,42,2011,2025,award
ORENGO & LUIS MAINTENANCE SERV,Department of Veterans Affairs,397075.0,5,2004,2010,award
ORIGINAL FOOTWEAR LLC,Department of Defense,139048546.25,243,2016,2023,award
ORIGINAL FOOTWEAR LLC,Department of State,31767.48,3,2020,2022,award
ORION SYSTEMS INC,Department of Transportation,25406.0,1,2017,2017,award
ORMSBY AND THICKSTUN INTERPRETIVE DESIGN,Department of the Interior,317973.16,1,2025,2025,award
ORPHANS LLC,Department of Homeland Security,394959.72,7,2018,2020,award
ORTHO & SURGICAL SOLUTIONS INC,Department of Veterans Affairs,587562.57,65,2014,2025,award
ORTHO-STAT CARIBBEAN CORP,Department of Veterans Affairs,7010.0,1,2016,2016,award
"ORTHOCARE ORTHOTICS AND PROSTHETICS, INC.",Department of Veterans Affairs,12995.76,1,2025,2025,award
ORTHORITY CORP,Department of Veterans Affairs,258181.1,28,2011,2024,award
"ORTHOTIC & PROSTHETIC CENTERS, INC",Department of Veterans Affairs,17894.23,1,2025,2025,award
ORTIZ CATERING AND MORE,Department of Defense,41702.5,7,2012,2016,award
"ORTIZ DECLET, NEMISIS ALEJANDRA",Department of Agriculture,9310.0,1,2016,2016,award
"ORTIZ GROUP, ENGINEERING AND CONSTRUCTION SERVICES CORPORATION",Department of Agriculture,265819.5,1,2012,2012,award
"ORTIZ GROUP, ENGINEERING AND CONSTRUCTION SERVICES CORPORATION",Department of Defense,4280706.92,9,2006,2010,award
"ORTIZ GROUP, ENGINEERING AND CONSTRUCTION SERVICES CORPORATION",Department of Homeland Security,14770810.88,13,2010,2014,award
"ORTIZ GROUP, ENGINEERING AND CONSTRUCTION SERVICES CORPORATION",Department of Veterans Affairs,31235.0,1,2008,2008,award
"ORTIZ GROUP, ENGINEERING AND CONSTRUCTION SERVICES CORPORATION",General Services Administration,20878903.17,142,2005,2023,award
"ORTIZ GUZMAN, EFRAIN",Department of Defense,60386.0,4,2007,2013,award
"ORTIZ GUZMAN, EFRAIN",Department of Veterans Affairs,4594.2,1,2013,2013,award
ORTIZ LANDSCAPE CONTRACTORS,Department of Homeland Security,57701.0,3,2006,2008,award
"ORTIZ MALDONADO, AWILDO",Department of Defense,10544.0,1,2008,2008,award
"ORTIZ REYES, OBED",Department of Agriculture,94400.0,8,2015,2016,award
ORTIZ WELDING SERVICES & MARINE CONSTRUCTION,Department of Homeland Security,1200.0,1,2018,2018,award
"ORTIZ, ABRAHAM",Department of Defense,7237.4,1,2008,2008,award
"ORTIZ, FRANKLYN",Department of Agriculture,3910.0,2,2011,2013,award
"ORTIZ-ROSA, SUHEY",Department of Agriculture,73000.0,1,2011,2011,award
OS-DB-JV LLC,Department of Defense,1313248.54,1,2018,2018,award
OS-DB-JV LLC,Department of Veterans Affairs,430716.68,2,2018,2019,award
OS-DB-JV-2 LLC,Department of Veterans Affairs,60528099.47,2,2021,2025,award
OSC SOLUTIONS INC,Department of Homeland Security,3258364.0,2,2017,2018,award
OSCAR ACOSTA,Department of Agriculture,90320.0,4,2010,2020,award
OSCAR ACOSTA,Department of Defense,3850.0,1,2011,2011,award
OSCAR ACOSTA,Department of the Interior,22710.0,1,2019,2019,award
"OSCAR LOGISTICS, LLC",Department of Agriculture,37060.0,1,2018,2018,award
"OSCAR TROCHE DENTISTA, INC",Department of Defense,70000.0,3,2008,2009,award
"OSMI ENTERPRISES, INC",Department of Justice,0.0,1,2018,2018,award
OSMIUM DEVELOPMENT GROUP LLC,Department of Defense,714965.66,1,2025,2025,award
"OSRAM SYLVANIA, INC",Department of Veterans Affairs,80.94,1,2008,2008,award
"OSSUR AMERICAS, INC.",Department of Veterans Affairs,38715.01,2,2018,2018,award
OSTEOREMEDIES LLC,Department of Veterans Affairs,12890.0,1,2020,2020,award
"OTAK GROUP, INC",Department of Defense,0.0,1,2005,2005,award
OTIS ELEVATOR COMPANY,General Services Administration,821310.0,1,2025,2025,award
OTO-METRICS PUERTO RICO INC,Department of Defense,20774.56,4,2008,2010,award
OTO-METRICS PUERTO RICO INC,Department of Veterans Affairs,47687.71,1,2008,2008,award
"OTO-METRICS PUERTO RICO, INC.",Department of Veterans Affairs,353250.0,3,2014,2023,award
OTTO BOCK HEALTHCARE LP,Department of Veterans Affairs,29099.84,2,2017,2018,award
"OUTDOOR MEDIA CONSULTING,INC.",Department of Homeland Security,39900.0,1,2008,2008,award
OVERALL CONTRACTORS GROUP INC,Department of Agriculture,1462778.51,11,2016,2022,award
OVERALL CONTRACTORS GROUP INC,Department of Commerce,5600.0,1,2020,2020,award
OVERALL CONTRACTORS GROUP INC,Department of Defense,3703305.89,12,2016,2025,award
OVERALL CONTRACTORS GROUP INC,Department of Justice,430345.5,1,2020,2020,award
OVERALL CONTRACTORS GROUP INC,Department of Labor,603813.21,2,2017,2018,award
OVERALL CONTRACTORS GROUP INC,Department of Transportation,34940.0,1,2024,2024,award
OVERALL CONTRACTORS GROUP INC,General Services Administration,3461605.76,3,2019,2020,award
OVERSIGHT ACQUISITION MANAGEMENT GROUP LLC,Department of Agriculture,2750.0,1,2025,2025,award
OVIDIO HERNANDEZ,Department of Defense,62400.0,1,2009,2009,award
"OYOLA, PETER",Department of the Interior,548600.0,1,2008,2008,award
P & R ROOFING CONTRACTORS INC,Department of Veterans Affairs,1495935.0,2,2007,2010,award
"P & S CONSULTANTS, LLC",Department of Homeland Security,30555.0,5,2008,2020,award
P L MORALES SERVICES INC,Department of Defense,215268.6,1,2013,2013,award
P L MORALES SERVICES INC,Department of Homeland Security,145383.0,9,2011,2014,award
P L MORALES SERVICES INC,Department of Veterans Affairs,10933265.38,24,2007,2015,award
P V H MOTOR CORPORATION,Department of Homeland Security,233058.0,3,2005,2012,award
"P. J. ROSALY ENTERPRISES, LLC",Department of Health and Human Services,199257.09,3,2012,2015,award
"P.R.A.S. PUERTO RICO AMBULANCE SERVICE, INC.",Department of Veterans Affairs,5100.08,1,2019,2019,award
P3S CORPORATION,Department of Health and Human Services,7848568.51,3,2011,2015,award
PAB AUTO BODY INC,Department of Justice,30482.94,6,2010,2016,award
PABLO TORRES,Department of Agriculture,54474.0,2,2007,2008,award
"PACHECO, CARLOS R",Department of Defense,8000.0,1,2019,2019,award
"PACHECO, JUAN",Department of Defense,30664.5,6,2013,2016,award
"PACIFIC LINK INTERNATIONAL, CORP",Department of Justice,5840.0,1,2018,2018,award
"PACIFIC MEDICAL GROUP, INC.",Department of Veterans Affairs,10115.0,1,2019,2019,award
PACIFIC PLACE SERVICES LLC,Department of State,21995.0,1,2023,2023,award
"PACIFIC POWER GROUP, LLC",Department of Homeland Security,11146.0,1,2021,2021,award
PACIFIC STAR CORPORATION,Department of Health and Human Services,18114.43,1,2023,2023,award
PACIFIC TECH CONSTRUCTION INCORPORATED,Department of Defense,0.0,1,2005,2005,award
PACIFICFEDERAL-PACIFICTECH JV 1 LLLP,Department of Defense,6209450.0,2,2023,2023,award
PADILLA JAVIER,Department of the Interior,2000.0,1,2008,2008,award
"PADILLA, ANGEL G.",Department of the Interior,4198.87,1,2016,2016,award
"PADILLA, ELLIOT",Department of the Interior,22900.0,2,2008,2013,award
"PAE GOVERNMENT SERVICES, INC.",Department of Justice,1541305.16,9,2020,2024,award
PAGAN CONSTRUCTION,Department of Homeland Security,76536.2,5,2005,2006,award
"PAGAN, JORGE",Department of Housing and Urban Development,18700.0,4,2006,2012,award
"PAGE SOUTHERLAND PAGE, INC.",General Services Administration,22945310.4,1,2023,2023,award
PALADIUS CORP,Department of Agriculture,67843.0,1,2026,2026,award
PALADIUS CORP,Department of Defense,498416.63,14,2008,2019,award
PALADIUS CORP,Department of Justice,25075.0,4,2013,2013,award
PALADIUS CORP,Department of Veterans Affairs,135.0,1,2008,2008,award
PALEOWEST LLC,Department of Defense,157379.76,2,2023,2025,award
PALMA ROJA INC.,Department of Agriculture,2700.0,2,2018,2020,award
PALMAS ACADEMY INC,Department of Agriculture,619975.41,8,2006,2017,award
PALMAS ACADEMY INC,Department of Defense,7709490.15,27,2004,2025,award
PALMAS ACADEMY INC,Department of Homeland Security,841416.0,30,2004,2023,award
PALMAS ACADEMY INC,Department of Justice,273528.0,12,2010,2024,award
"PALMETTO HOSPITALITY OF MOUNT PLEASANT, LLC",Department of Defense,101645.0,1,2021,2021,award
"PAN AMERICAN GRAIN COMPANY, INC.",Department of Agriculture,10000.0,1,2008,2008,award
"PAN AMERICAN GRAIN COMPANY, INC.",Department of the Interior,8935.33,1,2018,2018,award
PAN AMERICAN GRAIN MANUFACTURING CO. INC.,Department of Agriculture,5671092.0,18,2008,2016,award
PAN AMERICAN GRAIN MANUFACTURING CO. INC.,Department of Homeland Security,279300.0,2,2018,2021,award
PAN AMERICAN GRAIN MANUFACTURING CO. INC.,Department of Justice,8942.4,1,2016,2016,award
PAN PEPIN INC,Department of Defense,1379206.6,93,2008,2025,award
PAN PEPIN INC,Department of Justice,1330242.09,35,2016,2025,award
PAN PEPIN INC,Department of Veterans Affairs,214941.63,5,2020,2025,award
"PANADERIA LA SEVILLANA, INC",Department of Defense,1121767.48,48,2015,2025,award
"PANADERIA LA SEVILLANA, INC",Department of Homeland Security,59923.52,2,2018,2018,award
"PANAMERICA COMPUTERS, INC.",Department of Homeland Security,1070335.27,10,2018,2024,award
PANAMERICAN CONSULTANTS INC,Department of the Interior,381835.32,3,2017,2018,award
PANEL BUILT INC,Department of Defense,30728.2,1,2017,2017,award
PANEL BUILT INC,Department of Homeland Security,29488.9,1,2018,2018,award
PANORAMA LANDSCAPE CORP.,Department of Homeland Security,43171.5,4,2013,2014,award
"PANTEL, AGAMEMNON G PHD",Department of the Interior,26778.99,1,2017,2017,award
"PANTOJAS CASTILLO, JOSE",Department of Defense,3525.0,1,2012,2012,award
"PANUM TELECOM, L.L.C.",Department of Agriculture,0.0,1,2013,2013,award
PAONESSA ALFOMBRAS INC,Department of Defense,18795.8,3,2010,2020,award
PAONESSA ALFOMBRAS INC,Department of Homeland Security,4838.94,1,2019,2019,award
PAONESSA ALFOMBRAS INC,Department of Veterans Affairs,13183.61,1,2012,2012,award
PAONESSA ALFOMBRAS INC,Department of the Treasury,3265.0,1,2015,2015,award
PAONESSA ALFOMBRAS INC,General Services Administration,98411.11,6,2008,2016,award
"PARADIGM ENGINEERS AND CONSTRUCTORS, PLLC",Department of Veterans Affairs,751948.0,1,2019,2019,award
PARADOR GUANICA 1929,Environmental Protection Agency,525.0,1,2013,2013,award
PARAGON ONE GROUP LLC,Department of Defense,3500.0,1,2025,2025,award
"PARALYZED VETERANS ASSOCIATION OF PUERTO RICO, INC",Department of Veterans Affairs,19905.83,5,2011,2014,award
PARATA SYSTEMS LLC,Department of Veterans Affairs,160963.4,3,2014,2021,award
"PARK COASTAL SURVEYING, LLC",Department of Defense,52551.2,1,2019,2019,award
PARKHILL SMITH & COOPER INC,Department of Defense,924686.9,6,2007,2010,award
PARKING AND TRAFFIC LINES,Department of Defense,33032.65,1,2011,2011,award
PARLIAMENT LLC,Department of Agriculture,285751.0,7,2019,2021,award
PARLIAMENT LLC,Department of Defense,279993.0,3,2020,2025,award
"PARS CONSULTING ENGINEERS, INC",Department of Homeland Security,252246.57,1,2025,2025,award
PARS ENVIRONMENTAL INC,Department of Defense,0.0,1,2011,2011,award
PARSH MARINE (S) PTE. LTD.,Department of Defense,599059.25,7,2022,2025,award
PARSONS GOVERNMENT SERVICES INC.,Department of Defense,21020726.88,4,2015,2024,award
PARSONS GOVERNMENT SERVICES INC.,General Services Administration,867402.06,1,2021,2021,award
PARTNERS UNLIMITED CORP,Department of Defense,11500.0,1,2008,2008,award
PARTNERS UNLIMITED CORP,Department of Homeland Security,418000.0,1,2018,2018,award
PARTNERSHIP FOR TEMPORARY HOUSING LLC,Department of Homeland Security,21158638.97,1,2018,2018,award
PARTS PRO PUERTO RICO INC,Department of Homeland Security,22500.0,1,2013,2013,award
"PARTS PUERTO RICO OF YAUCO, INC.",General Services Administration,64575.54,6,2008,2008,award
PARTY LINE INC,Department of Defense,146126.1,2,2018,2019,award
PASHA HAWAII TRANSPORT LINES LLC,Department of Defense,0.0,2,2011,2011,award
PATIENT CARE SERVICES LLC,Department of Veterans Affairs,130856.35,1,2016,2016,award
PATLIN SERVICES LLC,Department of Defense,0.0,1,2015,2015,award
PATRIOT MOBILITY INC.,Department of Veterans Affairs,5572.27,1,2018,2018,award
"PATRIOT PURVEYORS, INC.",Department of Defense,66613.0,3,2019,2025,award
PATRIOT TEAM,Department of Defense,450000.0,1,2022,2022,award
PATRIOT TECHNOLOGIES LLC,General Services Administration,2768441.66,1,2012,2012,award
"PAVIA, FERNANDEZ M INC",Consumer Product Safety Commission,25128.0,3,2008,2012,award
PAVION CORP.,Department of Defense,72467.0,1,2021,2021,award
PAYCO FOODS CORP,Department of Defense,130957.51,6,2008,2008,award
"PAZO'S FUEL SERVICES, INC.",Department of Defense,0.0,1,2013,2013,award
"PCMG, INC.",Department of Justice,9086.69,1,2018,2018,award
"PDC FRINGE II, LLC",Department of Homeland Security,17413.0,1,2020,2020,award
PDF CORP,Department of Homeland Security,90176.66,2,2024,2025,award
PEARSON EDUCATION HOLDINGS INC.,Department of Defense,4910.08,1,2020,2020,award
"PEDIA PARENTS, INC",Department of Veterans Affairs,45195.9,1,2018,2018,award
PEDRO A PONS PSC,Department of Defense,17000.0,2,2008,2008,award
PEDRO A PONS PSC,General Services Administration,30000.0,1,2008,2008,award
"PEDRO J. ESTEVES, INC",Department of Justice,14037.5,1,2025,2025,award
PEDRO M GONZALEZ,Department of Justice,924.0,1,2010,2010,award
"PEERLESS OIL & CHEMICALS, INC.",Department of Defense,9314934.86,149,2018,2025,award
"PEERLESS OIL & CHEMICALS, INC.",Department of Justice,818.57,1,2020,2020,award
PEGASUS GROUP INC,Department of Justice,182077.0,7,2017,2025,award
PELEGRINA MEDICAL INC,Department of Defense,57028.0,3,2008,2016,award
PELEGRINA MEDICAL INC,Department of Veterans Affairs,236725.32,66,2008,2019,award
PELICAN SALES INC,Department of Defense,30137.4,1,2023,2023,award
PELICAN SALES INC,Department of Justice,21162.56,4,2024,2025,award
PELLOT WELDING SERVICE,Department of Homeland Security,3020.0,1,2011,2011,award
"PEN-LINK, LTD",Department of Justice,5400.0,1,2019,2019,award
"PENA, JESUS AND ASSOCIATES",Department of Justice,4150.0,2,2010,2010,award
"PENTACON, LLC",Department of Defense,0.0,1,2015,2015,award
PENTAQ MANUFACTURING CORP,Department of Defense,296397599.41,244,2011,2025,award
PENTAQ MANUFACTURING CORP,Department of Homeland Security,7759758.45,117,2011,2021,award
PEPSI COLA PUERTO RICO DISTRIBUTING LLC,Department of Defense,1105514.28,23,2008,2012,award
PEPSI-COLA PUERTO RICO DISTRIBUTING LLC,Department of Homeland Security,68040.0,1,2017,2017,award
PEPSICO CARIBBEAN INC,Department of Defense,1717308.15,16,2008,2012,award
"PEPSICO CARIBBEAN, INC.",Department of Defense,188058.49,2,2012,2012,award
"PER-GEESH TEKSOL JV, LLC",Department of Homeland Security,3792744.0,1,2025,2025,award
"PEREZ ALTIERI, RINALDI",Department of Agriculture,18525.0,2,2014,2014,award
"PEREZ GONZALEZ, GLORIMAR",Department of Homeland Security,40029.0,3,2014,2015,award
"PEREZ HERNANDEZ, HECTOR M",Department of Defense,18340.0,1,2017,2017,award
"PEREZ VELEZ, JORGE A",Department of Justice,1600.0,2,2011,2012,award
"PEREZ, BOANERGES",Department of Agriculture,43820.5,5,2012,2015,award
"PEREZ, CARLOS",Department of Defense,21500.0,1,2017,2017,award
"PEREZ, CARLOS",Department of Homeland Security,48800.0,5,2006,2008,award
"PEREZ, MICHAEL A",Department of Agriculture,406100.0,3,2018,2021,award
"PEREZ, VICTOR",Department of Homeland Security,3500.0,1,2007,2007,award
"PEREZ-SALDALNA, CARLOS",Department of the Interior,17000.0,3,2010,2011,award
"PERFECT CLEANING SERVICES, INC.",Department of Defense,30905.8,2,2008,2013,award
"PERFECT CLEANING SERVICES, INC.",Department of Justice,651.65,1,2011,2011,award
PERFECT EQUIPMENT & PRODUCT SUPPLIES INC,Department of Justice,4033.5,1,2008,2008,award
PERFECT VACATION LLC,Department of Homeland Security,1006154.41,6,2018,2019,award
PERFECTED SOLUTIONS LLC,Department of Defense,37000.0,1,2025,2025,award
PERFORACIONES E CAMPOS,Department of the Interior,69500.0,5,2010,2012,award
PERFORCE SOFTWARE INC,Department of Homeland Security,18540.0,1,2020,2020,award
"PERIMETER SECURITY PARTNERS, LP",Department of Defense,11654.09,1,2020,2020,award
"PERINI MANAGEMENT SERVICES, INC.",Department of Defense,0.0,1,2015,2015,award
PETER PEPPER PRODUCTS INC,Department of Defense,4006.05,2,2011,2014,award
"PETRO AIR, CORP",Department of Defense,24841989.28,2227,2006,2025,award
PEW CONTRACTOR INC,Department of Agriculture,9990.7,1,2008,2008,award
PGLS LLC,Department of Justice,2653.75,2,2023,2025,award
"PHAMATECH, INCORPORATED",Department of Justice,20533.5,3,2018,2021,award
PHARMA MEDIC DISTRIBUTORS CORP.,Department of Veterans Affairs,105994.32,11,2011,2013,award
PHARMACY HOSPITAL LAB INC,Department of Justice,5635.0,1,2014,2014,award
PHARMALINK INC,Department of Veterans Affairs,8200.0,1,2023,2023,award
PHASE ASSOCIATES LLC,Department of Defense,7400.0,1,2020,2020,award
PHASOR ENGINEERING INC,Department of Homeland Security,80086.0,6,2010,2021,award
PHASOR ENGINEERING INC,General Services Administration,8560.0,2,2013,2024,award
"PHE-BAKER JV2, LLC",Department of Defense,2188724.2,1,2023,2023,award
PHILIPS MEDICAL SYSTEMS NORTH AMERICA INC,Department of Homeland Security,0.0,1,2015,2015,award
PHILIPS MEDICAL SYSTEMS NORTH AMERICA INC,Department of Veterans Affairs,4364732.87,229,2005,2017,award
PHILIPS MEDICAL SYSTEMS NORTH AMERICA INC,Smithsonian Institution,8640.0,1,2013,2013,award
PHILIPS MEDICAL SYSTEMS NORTH AMERICA INC.,Department of Veterans Affairs,8543.66,1,2018,2018,award
PHILIPS MEDICAL SYSTEMS PUERTO RICO INC,Department of Veterans Affairs,282559.65,17,2018,2025,award
PHILIPS NORTH AMERICA LLC,Department of Veterans Affairs,589869.3,6,2018,2021,award
PHILIPS RS NORTH AMERICA LLC,Department of Veterans Affairs,55986.2,2,2020,2020,award
"PHILLIPS AND JORDAN, INCORPORATED",Department of Transportation,4098845.03,1,2014,2014,award
"PHILLIPS PALM BEACH, INC.",Department of Defense,0.0,1,2015,2015,award
"PHILLIPS, MICHALA",Department of Agriculture,22800.0,1,2021,2021,award
PHOENIX GROUP OF VIRGINIA INC,Department of Veterans Affairs,13431.29,1,2024,2024,award
PHOENIX MARINE LLC,Department of Homeland Security,205723.0,1,2018,2018,award
PHOENIX SYSTEMS ENGINEERING INC,Department of Justice,55631.0,1,2020,2020,award
"PHS WEST, LLC",Department of Veterans Affairs,64700.0,1,2020,2020,award
"PHYSICAL THERAPY SERVICES, INC",Department of Veterans Affairs,1362859.69,71,2008,2025,award
PI CONTRACTORS,Department of Defense,16300.0,1,2011,2011,award
"PICCIONI, INC.",Department of Homeland Security,150236.0,4,2007,2012,award
"PICKETT AND ASSOCIATES, LLC",Department of Defense,97341.2,1,2022,2022,award
"PICON, MONIQUE",Department of Agriculture,39000.0,2,2018,2020,award
PIECE BY PIECE LLC,Department of Justice,6600.0,1,2018,2018,award
"PIERCE SALES COMPANY, INC.",Department of Defense,18235.76,1,2022,2022,award
"PIKA INTERNATIONAL, INC.",Department of Defense,446025.42,2,2011,2011,award
"PIKE INDUSTRIES, INC.",Department of Transportation,814933.24,1,2014,2014,award
"PIM ENGINEERING LABORATORY, INC.",Department of Defense,26185.25,4,2009,2012,award
PINEIRO CESAR,Department of the Interior,1051545.0,13,2013,2025,award
PIPE DREAMS MARINE LLC,Department of Homeland Security,76379.46,1,2019,2019,award
PIQ NATIONAL SETTLEMENT SERVICES INC,Department of Agriculture,2400.0,1,2025,2025,award
PIRETTE UNIFORM INC,Department of Defense,70039.5,1,2014,2014,award
PITNEY BOWES GLOBAL FINANCIAL SERVICES LLC,Social Security Administration,8915.9,1,2018,2018,award
PITNEY BOWES INC.,Department of Justice,12300.5,4,2020,2025,award
PITNEY BOWES INC.,Department of Veterans Affairs,339479.64,1,2015,2015,award
"PITNEY BOWES PUERTO RICO, INC",Department of Agriculture,1535.92,1,2008,2008,award
"PITNEY BOWES PUERTO RICO, INC",Department of Defense,111091.83,11,2006,2015,award
"PITNEY BOWES PUERTO RICO, INC",Department of Homeland Security,0.0,2,2005,2007,award
"PITNEY BOWES PUERTO RICO, INC",Department of Justice,43403.26,12,2008,2016,award
"PITNEY BOWES PUERTO RICO, INC",Department of Veterans Affairs,42416.91,2,2010,2018,award
PK INDUSTRIES CORP,Department of Veterans Affairs,11393108.45,31,2008,2025,award
PLANATE MANAGEMENT GROUP LLC,Department of Veterans Affairs,982336.72,1,2025,2025,award
PLANNING BOARD,Department of Commerce,14525.44,2,2009,2012,award
"PLASTIC RECYCLING OF IOWA FALLS, INC.",Department of Defense,11960.0,18,2017,2021,award
"PLASTIC VIEW ATC, INC",Department of Transportation,14994.0,1,2019,2019,award
PLAY NATION OF PUERTO RICO INC,Department of Homeland Security,69295.91,1,2013,2013,award
PLAYA ALMIRANTE INC,Department of Defense,7000.0,1,2011,2011,award
"PLAYCORE WISCONSIN, INC.",Department of Defense,122973.44,1,2010,2010,award
PLAZA CAROLINA MALL LP,Department of Defense,243970.0,8,2012,2016,award
"PLAZA ESCORIAL CINEMA, CORP",General Services Administration,1132883.65,31,2008,2011,award
"PLAZA LAS AMERICAS I, S E",Department of Transportation,625769.53,1,2008,2008,award
"PLAZA LAS AMERICAS I, S E",General Services Administration,2513370.91,95,2008,2011,award
"PLAZA LAS AMERICAS I, S.E.",Department of Defense,20000.0,1,2021,2021,award
"PLAZA LAS AMERICAS I, S.E.",Department of Justice,71607.57,6,2019,2024,award
PLAZA LAS AMERICAS INC,Department of Defense,61000.0,3,2022,2023,award
PLAZA LAS AMERICAS INC,General Services Administration,1071095.54,93,2008,2011,award
PLUG IN ELECTRICAL CORP,Department of Agriculture,17838.47,2,2018,2018,award
PLUG IN UTILITY SERVICES CORP,Department of Agriculture,0.0,1,2017,2017,award
PLUG IN UTILITY SERVICES CORP,Department of Defense,2109074.96,4,2017,2019,award
PLUG IN UTILITY SERVICES CORP,Department of Homeland Security,21272224.81,10,2018,2023,award
PLUG IN UTILITY SERVICES CORP,Department of the Treasury,2827712.2,27,2021,2024,award
PLUG IN UTILITY SERVICES CORP,General Services Administration,585713.19,14,2017,2024,award
PLUMBING AND SEWER CLEANING R US DBA ROD RODDER CORPORATION,Department of Agriculture,10450.0,2,2011,2020,award
PLUMBING AND SEWER CLEANING R US DBA ROD RODDER CORPORATION,Department of Commerce,6000.0,1,2025,2025,award
PLUMBING AND SEWER CLEANING R US DBA ROD RODDER CORPORATION,Department of Defense,1250.0,1,2024,2024,award
PLUMBING AND SEWER CLEANING R US DBA ROD RODDER CORPORATION,Department of Homeland Security,292106.15,18,2018,2023,award
"POETAS CATERING, CORP",Department of Defense,269946.9,13,2018,2025,award
"POINT BLANK PROTECTIVE APPAREL & UNIFORMS, LLC",Department of Defense,112127178.44,30,2010,2025,award
"POLAR AIR CARGO WORLDWIDE, INC",Department of Defense,1485504.17,5,2019,2023,award
"POLOLEI SOLUTIONS, LLC",Department of Health and Human Services,5245341.6,2,2023,2024,award
POLU KAI SERVICES LLC,Department of Defense,3079809.49,2,2012,2012,award
POLYGUARD LLC,Department of Veterans Affairs,1050541.0,6,2020,2025,award
POLYMEDCO CANCER DIAGNOSTIC PRODUCTS LLC,Department of Veterans Affairs,127651.26,1,2015,2015,award
POLYMEDCO LLC,Department of Veterans Affairs,58483.5,1,2019,2019,award
"POMALES, SHARITZA",Department of Agriculture,14275.0,3,2010,2014,award
PONCE DE LEON GUN SHOP INC,Department of Justice,63087.32,6,2014,2025,award
PONCE DE LEON GUN SHOP INC,Department of Veterans Affairs,1762.5,1,2008,2008,award
PONCE DE LEON HOSPITALITY CORP.,Department of Defense,29887.0,4,2016,2025,award
PONCE DE LEON HOSPITALITY CORP.,Department of Homeland Security,495146.37,2,2018,2021,award
PONCE ICE MANUFACTURING L.L.C,Department of Defense,70795.0,3,2022,2025,award
"PONCE ICE, CORP.",Department of Defense,24250.0,1,2016,2016,award
PONCE MEDICAL SCHOOL FOUNDATION INC,Department of Defense,1039515.71,24,2005,2021,award
PONCE MEDICAL SCHOOL FOUNDATION INC,Department of Health and Human Services,894045.94,3,2002,2021,award
PONCE PRIME RESORT LLC,Department of Homeland Security,577333.24,2,2018,2018,award
"PONCE RESORTS, INC.",Department of Defense,165360.0,11,2010,2016,award
"PONCE RESORTS, INC.",Department of Homeland Security,679647.7,8,2018,2020,award
POND & COMPANY,Department of Defense,845126.83,6,2011,2025,award
POND & COMPANY,Department of Justice,381213.84,2,2018,2019,award
POND CONSTRUCTORS INC.,Department of Transportation,867268.9,1,2016,2016,award
"PONDERFUL, LLC",Department of Defense,11301844.84,2,2021,2022,award
PONTIFICAL CATHOLIC UNIVERSITY OF PUERTO RICO,Department of Defense,4992.0,2,2008,2008,award
POPULAR AUTO INC,Department of Defense,71706.82,11,2008,2015,award
POPULAR AUTO INC,Department of Homeland Security,591213.24,6,2010,2019,award
POPULAR AUTO INC,Department of Justice,8500.0,1,2013,2013,award
POPULAR AUTO INC,Department of the Treasury,24645.0,1,2004,2004,award
"POPULAR AUTO, LLC",Department of Homeland Security,44535.41,1,2023,2023,award
PORTOSAN INC,Department of Agriculture,324235.0,6,2018,2025,award
PORTOSAN INC,Department of Defense,138554.26,6,2008,2025,award
PORTOSAN INC,Department of Homeland Security,128065.0,4,2018,2020,award
PORTOSAN INC,Department of Veterans Affairs,121168.75,3,2018,2023,award
"POSADAS DE PUERTO RICO ASSOCIATES, LLC",Department of Defense,3710028.67,56,2008,2020,award
"POSADAS DE PUERTO RICO ASSOCIATES, LLC",Department of Homeland Security,1609731.09,3,2018,2018,award
"POSADAS DE PUERTO RICO ASSOCIATES, LLC",Department of Labor,158.46,1,2008,2008,award
"POSADAS DE PUERTO RICO ASSOCIATES, LLC",Department of Veterans Affairs,7885.15,2,2008,2010,award
POSADAS DE SAN JUAN ASSOCIATES,Department of Defense,394439.54,8,2008,2015,award
POSADAS DE SAN JUAN ASSOCIATES,Department of Homeland Security,3966.75,1,2014,2014,award
"POSITIVE SOLUTIONS CARIBBEAN GROUP, INC.",Department of Agriculture,60053.29,3,2011,2012,award
"POSITIVE SOLUTIONS CARIBBEAN GROUP, INC.",Department of Homeland Security,7000.0,1,2012,2012,award
"POTOMAC RIVER GROUP, LLC",Department of Defense,44739.26,1,2020,2020,award
"POTTS, GARY",Department of Agriculture,379564.0,5,2008,2017,award
POWER & INSTRUMENTATION SERVICES INC,Department of Defense,31808761.53,15,2014,2021,award
POWER & INSTRUMENTATION SERVICES INC,Department of Homeland Security,33041119.47,41,2014,2025,award
POWER & INSTRUMENTATION SERVICES INC,Department of Transportation,71209.12,2,2021,2021,award
POWER & INSTRUMENTATION SERVICES INC,Department of the Interior,19895.0,2,2014,2014,award
POWER & INSTRUMENTATION SERVICES INC,General Services Administration,21900.0,1,2019,2019,award
POWER CONSULTANT & CONTRACTOR CORP.,Department of Defense,0.0,1,2013,2013,award
"POWER COOLING CONTROLS, INC.",Department of Defense,13522926.38,35,2005,2012,award
"POWER COOLING CONTROLS, INC.",Department of Homeland Security,1952114.21,15,2005,2016,award
"POWER COOLING CONTROLS, INC.",Department of Transportation,31900.0,1,2010,2010,award
"POWER COOLING CONTROLS, INC.",Department of Veterans Affairs,174377.39,1,2007,2007,award
"POWER COOLING CONTROLS, INC.",General Services Administration,3832003.67,18,2006,2010,award
"POWER ENGINEERING, INC",Department of Justice,23185.0,4,2012,2017,award
"POWER ENGINEERING, INC",General Services Administration,4400.0,1,2013,2013,award
"POWER ENGINEERING, LLC",Department of Justice,8735.0,1,2011,2011,award
"POWERS JR, FRANCIS GARY",Department of Homeland Security,3750.0,1,2019,2019,award
"POWERSECURE, INC.",Department of Defense,505534662.0,1,2018,2018,award
POZOMY FEDERAL JV LLC,Department of Health and Human Services,384267.7,1,2022,2022,award
"PPG ARCHITECTURAL FINISHES, INC.",Department of Defense,81709.18,11,2021,2025,award
PPG INDUSTRIES INC,Department of Defense,7257.35,2,2025,2025,award
"PR DAIRY PRODUCTS, INC.",Department of Justice,0.0,1,2016,2016,award
PR DEPT OF LABOR,Equal Employment Opportunity Commission,3204775.0,4,2015,2024,award
PR LOGISTICS CORP,Department of Justice,29116.0,5,2018,2023,award
PR LOGISTICS CORP,General Services Administration,177240.0,1,2016,2016,award
PR PORTABLE INC,Department of Defense,18750.0,2,2013,2019,award
PR PORTABLE INC,Department of Veterans Affairs,29651.23,2,2013,2016,award
PR SITE DEVELOPMENT CORPORATION,Department of Homeland Security,34679.52,1,2019,2019,award
PR SITE DEVELOPMENT CORPORATION,Department of Justice,34163.48,5,2018,2024,award
"PRADO, VICTOR",Department of Agriculture,7500.0,2,2016,2016,award
PRAK INDUSTRIES LLC,Department of Defense,37505879.36,15,2024,2025,award
"PRAKTEK, INC.",Department of Defense,34578.16,1,2019,2019,award
"PRAQCO INDUSTRIAL SUPPLY, INC.",Department of Veterans Affairs,2850.0,1,2009,2009,award
"PRECISION AERIAL RECONNAISSANCE, L.L.C.",Department of Defense,53069.61,1,2017,2017,award
PRECISION AUDIO INC,Department of Defense,4938.85,1,2011,2011,award
PRECISION AUDIO INC,Department of Health and Human Services,0.0,1,2012,2012,award
PRECISION BUILDERS CORP,Department of Defense,835628.19,3,2005,2008,award
PRECISION BUILDERS CORP,Department of Veterans Affairs,4950131.66,4,2006,2007,award
PRECISION CONTENTS INVENTORY INC,Department of Defense,0.0,1,2015,2015,award
"PRECISION FABRICATORS, INC.",Department of Defense,1149000.0,1,2016,2016,award
PRECISION MEASUREMENTS INC,Department of Defense,615065.31,2,2022,2022,award
"PRECISION OPTICAL GROUP, INC.",Department of Defense,7714.0,1,2020,2020,award
PRECOR INCORPORATED,Department of Defense,26616.0,2,2011,2014,award
"PRECSSAS, GUILLERMO J HOYOS MD",Social Security Administration,39430.0,2,2011,2012,award
"PREMED, LLC",Department of Veterans Affairs,9000.0,1,2014,2014,award
PREMIER GROUP SERVICES INC,Department of Homeland Security,468566.06,1,2022,2022,award
PREMIUM BRANDS OF PUERTO RICO INC,Department of Defense,2455903.39,23,2007,2012,award
"PRERAC, INC.",Department of Defense,12122.24,2,2012,2012,award
"PRERAC, INC.",Department of Homeland Security,104597.42,1,2018,2018,award
"PRESCIENT TECHNOLOGIES, LLC",Department of Homeland Security,114035.84,1,2019,2019,award
PRESCO-BETA ELECTRIC,Department of Veterans Affairs,8563105.19,1,2010,2010,award
PRESIDENT AND FELLOWS OF HARVARD COLLEGE,Department of Health and Human Services,98864.0,1,2019,2019,award
PRESTIGE PEST MANAGEMENT,Department of Homeland Security,6928.01,2,2008,2009,award
PREVENTIVE MAINTENANCE SERVICE CORP,Department of Defense,6600.0,1,2011,2011,award
"PREVIDI, EDWARD",General Services Administration,3106652.89,13,2015,2018,award
"PRG INDUSTRIES, INC",Department of Veterans Affairs,228594.88,36,2008,2016,award
PRIAX CORPORATION,Department of Justice,483.68,1,2019,2019,award
"PRICE GORDON SERVICES, LLC",Department of Defense,857748.07,1,2016,2016,award
PRICE MODERN LLC,Department of Homeland Security,1526727.06,13,2018,2025,award
PRIDE MOBILITY PRODUCTS CORPORATION,Department of Veterans Affairs,158267.86,10,2023,2025,award
PRIMARY CARE SOLUTIONS INC,Department of Veterans Affairs,2806595.0,1,2024,2024,award
PRIME AIR CORP,Department of Health and Human Services,233797.81,1,2018,2018,award
PRIME AIR CORP,Department of Justice,2892145.31,55,2010,2025,award
PRIME AIR CORP,Department of the Interior,4800.0,2,2020,2021,award
PRIME AIR CORP,General Services Administration,2935832.24,8,2018,2024,award
PRIME AIR CORP,National Aeronautics and Space Administration,36500.0,1,2011,2011,award
PRIME CONTROLS INC,Department of Justice,651267.0,2,2010,2011,award
PRIME CONTROLS INC,Department of the Interior,126654.0,1,2018,2018,award
"PRIME ENGINEERING & ARCHITECTURE, INC.",Department of Defense,356369.4,2,2009,2009,award
PRIME FIRE PROTECTION CORP,Department of Transportation,63705.0,1,2023,2023,award
PRIME FIRE PROTECTION CORP,Department of Veterans Affairs,458543.0,5,2022,2025,award
PRIME FIRE PROTECTION CORP,Department of the Interior,240041.0,1,2015,2015,award
"PRIME JANITORIAL SERVICE, CORP.",Department of Homeland Security,78706.51,6,2018,2021,award
"PRIME JANITORIAL SERVICE, CORP.",Department of Veterans Affairs,85723.53,4,2012,2019,award
"PRIME JANITORIAL SERVICE, CORP.",Department of the Interior,17172.0,1,2022,2022,award
PRIME MEDICAL SUPPLY INC,Department of Veterans Affairs,1713895.47,68,2008,2022,award
PRIME PROPERTY MANAGEMENT CORP,Department of Homeland Security,264981.6,2,2018,2018,award
PRIME RESTORATION SERVICES LLC,Department of Defense,32998.45,2,2021,2021,award
PRIME RESTORATION SERVICES LLC,Department of Justice,8765.0,1,2022,2022,award
PRIORITY 5 HOLDINGS INC,Department of Defense,86707.38,1,2017,2017,award
PRIORITY CARE SERVICES LLC,Department of Veterans Affairs,33178.65,1,2016,2016,award
"PRIORITY RO-RO SERVICES, INC.",Department of Homeland Security,19450.0,1,2018,2018,award
PRISCILA VARGAS-BABILONIA,Department of the Interior,74805.6,1,2021,2021,award
PRISMA AIR CONDITIONING & ELECTRICAL SERVICES,Department of Veterans Affairs,1830413.61,2,2004,2004,award
"PRISMA INTERNATIONAL, INC.",Department of Homeland Security,196641.28,3,2023,2024,award
PRISMA INVESTMENT INC.,General Services Administration,3273.53,1,2021,2021,award
PRO IMAGE CORPORATION,Department of Defense,2771.0,1,2008,2008,award
PRO IMAGE CORPORATION,Department of Health and Human Services,645.0,1,2008,2008,award
PRO-AQUA INC.,Department of Homeland Security,5058.64,1,2013,2013,award
PRO-AQUA INC.,Department of Veterans Affairs,11390.15,3,2008,2009,award
PRO-COATING TREATMENTS INC,Department of Defense,41500.0,2,2010,2016,award
PRO-COATING TREATMENTS INC,Department of Homeland Security,10665.0,1,2013,2013,award
"PROAIM AMERICAS, LLC.",Department of Veterans Affairs,270789.55,1,2018,2018,award
PROCESS AUTOMATION INC,Department of Homeland Security,7864.05,1,2018,2018,award
PROCESS AUTOMATION INC,Department of Justice,86603.0,3,2019,2024,award
PROCESS AUTOMATION INC,General Services Administration,488814.48,11,2019,2021,award
PROCON CONSULTING LLC,General Services Administration,356120.0,1,2025,2025,award
PROFESSIONAL ALARM SYSTEMS INC,Department of Defense,3741963.24,18,2005,2020,award
PROFESSIONAL ALARM SYSTEMS INC,Department of Justice,11443.5,1,2011,2011,award
PROFESSIONAL ALARM SYSTEMS INC,Department of Veterans Affairs,1331564.95,30,2004,2025,award
PROFESSIONAL ALARM SYSTEMS INC,General Services Administration,517485.82,5,2004,2018,award
PROFESSIONAL COMMUNICATIONS INC,Department of Defense,67844.83,1,2021,2021,award
PROFESSIONAL COMMUNICATIONS INC,Department of Veterans Affairs,394540.41,16,2009,2024,award
PROFESSIONAL ENGINEERING CONCEPTS INC,Department of Defense,10715758.33,32,2007,2023,award
PROFESSIONAL ENGINEERING CONCEPTS INC,Department of Health and Human Services,11244900.12,15,2013,2020,award
PROFESSIONAL ENGINEERING CONCEPTS INC,Department of Homeland Security,356395.5,17,2008,2018,award
"PROFESSIONAL FACILITIES S.M.C., INC.",General Services Administration,951063.72,13,2010,2011,award
"PROFESSIONAL FUEL SERVICES, INC.",Department of Defense,5955.0,1,2011,2011,award
PROFESSIONAL INVENTORY CONTROL SYSTEMS,Department of Defense,0.0,1,2015,2015,award
PROFESSIONAL INVENTORY CONTROL SYSTEMS,Department of Veterans Affairs,23250.0,1,2025,2025,award
"PROFESSIONAL MICROFILM & IMAGING, INC",Department of Veterans Affairs,119133.76,1,2006,2006,award
PROFESSIONAL PLUMBING SERVICES PR INC.,Department of Justice,52200.0,1,2019,2019,award
"PROFESSIONAL PROJECT SERVICES, INC.",Department of Defense,1021806.0,2,2018,2018,award
PROFESSIONAL READY MIX INC,Department of Defense,15786.0,1,2011,2011,award
"PROFESSIONAL RECORDS AND INFORMATION MANAGEMENT, INC.",Department of Education,348.0,1,2011,2011,award
"PROFESSIONAL RECORDS AND INFORMATION MANAGEMENT, INC.",Department of Homeland Security,127745.75,2,2018,2019,award
"PROFESSIONAL RECORDS AND INFORMATION MANAGEMENT, INC.",Department of Justice,8874.5,4,2020,2021,award
"PROFESSIONAL RECORDS AND INFORMATION MANAGEMENT, INC.",Department of the Treasury,152688.3,1,2021,2021,award
PROFESSIONAL REFRIGERATION CONTRACTORS INC,Department of Agriculture,14346.0,1,2015,2015,award
PROFESSIONAL REFRIGERATION CONTRACTORS INC,Department of Defense,21120.0,1,2013,2013,award
PROFESSIONAL SECURITY CONTROL SYSTEMS INC,Department of Defense,19900.0,1,2008,2008,award
"PROFESSIONAL SKILLS DEVELOPERS, INC",Department of Defense,1835974.09,17,2007,2012,award
"PROFESSIONAL TANK CLEANING CA, INC.",Department of Homeland Security,287986.05,1,2018,2018,award
"PROGRESSIVE SALES & SERVICE, INC",Department of Defense,105741.6,4,2010,2018,award
"PROGRESSIVE SALES & SERVICE, INC",Department of Homeland Security,84820.0,1,2018,2018,award
"PROGRESSIVE SALES & SERVICE, INC",Department of Justice,5495.0,1,2015,2015,award
PROHNS LLC,Department of Transportation,1632538.12,3,2025,2025,award
PROJECT MANAGEMENT SOLUTIONS LLC,Department of Defense,503353.0,2,2012,2020,award
PROJECT MANAGEMENT SOLUTIONS LLC,Department of Veterans Affairs,68762693.56,45,2012,2025,award
"PROJECT MANAGER USA, INC.",Department of Homeland Security,0.0,1,2018,2018,award
"PROJECT SOLUTIONS, INC.",Department of Agriculture,615998.51,2,2021,2024,award
PROJECTELLA LLC,Department of Agriculture,77474.14,1,2025,2025,award
PROJEX CORP,Department of Defense,1196414.0,2,2017,2018,award
PROJEX CORP,Department of Transportation,289301.06,3,2018,2021,award
PROJEX CORP,Department of the Treasury,503463.52,1,2022,2022,award
PROMARK TECHNOLOGY INC,Department of Homeland Security,5612.48,1,2020,2020,award
"PRONATURA, INC.",Department of Defense,378459.96,2,2009,2015,award
"PRONATURA, INC.",Department of Veterans Affairs,59285.0,2,2011,2016,award
PROPPER INTERNATIONAL INC,Department of Defense,1236187358.43,722,2007,2025,award
PROPPER INTERNATIONAL INC,Department of Homeland Security,234994.32,8,2008,2010,award
PROPPER INTERNATIONAL INC,General Services Administration,5450898.0,123,2012,2014,award
PROPPER INTERNATIONAL INCORPORATED,Department of Homeland Security,6424.75,1,2006,2006,award
"PROPPER INTERNATIONAL SALES, INC",Department of Defense,43530177.07,13,2003,2006,award
"PROPPER INTERNATIONAL, INC.",Department of Homeland Security,99968.0,1,2010,2010,award
PROQUIP CORP.,Department of Commerce,6768.0,1,2020,2020,award
PROQUIP CORP.,Department of Defense,18808.27,2,2011,2013,award
PROQUIP CORP.,Department of Justice,5160.0,1,2008,2008,award
PROQUIP CORP.,Department of Veterans Affairs,17998.6,3,2015,2020,award
"PROSOURCE CONSULTING , LLC",General Services Administration,4929706.4,1,2016,2016,award
PROTECTORES DE CUENCAS INC.,Department of the Interior,355581.23,2,2019,2024,award
"PROTEUS ON-DEMAND FACILITIES, LLC",Department of Health and Human Services,521683.0,1,2015,2015,award
PROVIMI DE PUERTO RICO INC,Department of Defense,824881.75,20,2008,2012,award
PROWIRE INC,Department of Veterans Affairs,15312.05,3,2010,2011,award
PROYECTO 528 LLC,Department of Homeland Security,34056.0,1,2021,2021,award
PROYECTO COQUI INCORPORADO,Department of Agriculture,10945.62,1,2022,2022,award
"PUBLISHING OFFICE, US GOVERNMENT",Department of Homeland Security,0.0,1,2018,2018,award
PUEBLO HOTEL SUPPLY CO,Department of Defense,5133.51,2,2014,2017,award
"PUENTE, FRANCES J",Department of Defense,34496.93,2,2007,2016,award
"PUENTE-ROLON, ALBERTO R",Department of the Interior,14963.96,1,2011,2011,award
"PUERTO RICO AIR CRAFT SUPPLIERS, INC",Department of Defense,4002.0,1,2008,2008,award
"PUERTO RICO ALARM SYSTEMS, INC.",Department of Agriculture,131149.0,2,2010,2010,award
"PUERTO RICO ALARM SYSTEMS, INC.",Department of Defense,355263.98,2,2009,2014,award
"PUERTO RICO ALARM SYSTEMS, INC.",Department of Health and Human Services,119939.98,1,2019,2019,award
"PUERTO RICO ALARM SYSTEMS, INC.",Department of Homeland Security,69564.0,4,2008,2015,award
"PUERTO RICO ALARM SYSTEMS, INC.",Department of Veterans Affairs,880.0,1,2008,2008,award
PUERTO RICO APPAREL MANUFACTURING (PRAMA) CORP.,Department of Defense,164987474.96,178,2010,2025,award
PUERTO RICO BATHROOM REMODELING INC.,Department of Defense,114160.0,2,2010,2011,award
PUERTO RICO BEDDING AND FOAM CORP.,Department of Defense,36000.0,1,2015,2015,award
PUERTO RICO CABLE AQUISITION COMPANY,Department of Commerce,10904.41,1,2009,2009,award
PUERTO RICO CABLE AQUISITION COMPANY,Department of Justice,13216.68,3,2013,2015,award
PUERTO RICO CARIBE LESSEE LLC,Department of Commerce,11321.45,1,2009,2009,award
PUERTO RICO CARIBE LESSEE LLC,Department of Defense,2072592.83,30,2008,2017,award
PUERTO RICO CARIBE LESSEE LLC,Department of Education,12151.3,1,2008,2008,award
PUERTO RICO CARIBE LESSEE LLC,Department of Homeland Security,74743.93,2,2009,2013,award
PUERTO RICO CARIBE LESSEE LLC,Department of Justice,77261.63,1,2013,2013,award
PUERTO RICO CARIBE LESSEE LLC,Department of State,23900.19,2,2010,2017,award
PUERTO RICO CARIBE LESSEE LLC,Department of the Interior,11490.2,1,2008,2008,award
PUERTO RICO CARIBE LESSEE LLC,Department of the Treasury,128620.0,3,2024,2024,award
PUERTO RICO CNSRVATION TR FUND,Department of Agriculture,44490.0,2,2010,2014,award
PUERTO RICO COFFEE ROASTERS LLC,Department of Defense,272689.28,9,2008,2009,award
"PUERTO RICO COFFEE ROASTERS,LLC,",Department of Defense,1081089.94,26,2008,2012,award
"PUERTO RICO COLLEGE SPORTS TOURS, INC.",Department of Homeland Security,5385.0,1,2016,2016,award
PUERTO RICO COMPUTER SERVICES CORP,Department of Defense,56512.08,1,2010,2010,award
PUERTO RICO CONSERVATION FOUNDATION,Department of Agriculture,5000.0,1,2014,2014,award
"PUERTO RICO COUNCIL BOY SCOUTS OF AMERICA, INC.",Department of Defense,873502.67,15,2008,2025,award
PUERTO RICO CRANE,Department of Defense,172500.0,14,2008,2017,award
PUERTO RICO DEPARTMENT OF HEALTH,Department of Health and Human Services,5680792.72,52,2007,2025,award
PUERTO RICO DEPARTMENT OF HEALTH,Department of Justice,782308.61,314,2007,2012,award
PUERTO RICO DEPARTMENT OF HEALTH,Social Security Administration,2322185.36,4,2018,2024,award
PUERTO RICO DEPARTMENT OF LABOR AND HUMAN RESOURCES,Equal Employment Opportunity Commission,3625742.0,4,2006,2012,award
PUERTO RICO DEPARTMENT OF TREASURY,Department of Health and Human Services,129014.96,12,2007,2024,award
PUERTO RICO DEPARTMENT OF TREASURY,Department of Housing and Urban Development,0.0,1,2019,2019,award
PUERTO RICO DEPARTMENT OF TREASURY,Department of Justice,2060.0,41,2008,2018,award
PUERTO RICO DEPARTMENT OF TREASURY,Department of Veterans Affairs,75.0,2,2013,2013,award
PUERTO RICO DRILLING & SUPPLYS INC,Department of Homeland Security,1170167.45,6,2018,2020,award
PUERTO RICO DRILLING & SUPPLYS INC,Department of Veterans Affairs,87315.65,1,2019,2019,award
PUERTO RICO ELECTRIC POWER AUTHORITY,Department of Defense,20661848.63,18,2000,2025,award
PUERTO RICO ELECTRIC POWER AUTHORITY,Department of Homeland Security,2552548.97,15,2005,2018,award
PUERTO RICO ELECTRIC POWER AUTHORITY,Department of Justice,30155161.89,35,2008,2023,award
PUERTO RICO ELECTRIC POWER AUTHORITY,Department of Veterans Affairs,11998778.91,4,2019,2020,award
PUERTO RICO ELECTRIC POWER AUTHORITY,General Services Administration,21734062.57,22,2007,2014,award
PUERTO RICO ELECTRIC POWER AUTHORITY,National Science Foundation,456000.0,1,2025,2025,award
PUERTO RICO ENERGY LLC,Department of Defense,36400.0,1,2020,2020,award
PUERTO RICO ENERGY LLC,Department of Homeland Security,0.0,1,2018,2018,award
PUERTO RICO ENGINEERING AND DISTRIBUTORS CO,Department of Veterans Affairs,22679.05,3,2014,2015,award
PUERTO RICO HARDWOODS INCORPORATED,Department of Agriculture,22787.5,1,2019,2019,award
PUERTO RICO HIGH SCHOOL ATHLETIC ALLIANCE CORP,Department of Defense,176951.75,5,2009,2024,award
PUERTO RICO HIGHWAY & TRANSPORTATION AUTHORITY,Department of Defense,0.0,2,2014,2014,award
PUERTO RICO HIGHWAY & TRANSPORTATION AUTHORITY,Department of Homeland Security,0.0,1,2018,2018,award
PUERTO RICO HIGHWAY & TRANSPORTATION AUTHORITY,Department of Transportation,818.75,1,2017,2017,award
"PUERTO RICO HOSPITAL SUPPLY, INC",Department of Veterans Affairs,396053.12,96,2008,2025,award
PUERTO RICO INDUSTRIAL DEVELOPMENT COMPANY,Department of Homeland Security,301180.26,3,2007,2009,award
PUERTO RICO INDUSTRIAL DEVELOPMENT COMPANY,General Services Administration,15625.0,1,2011,2011,award
PUERTO RICO INDUSTRIES FOR THE BLIND CORP,Department of Defense,40476890.34,121,2020,2025,award
"PUERTO RICO JET AIRCRAFT SERVICES, INC.",Department of Defense,509380.61,4,2016,2018,award
"PUERTO RICO NATIONAL GUARD NONAPPROPRIATED FUNDS, INC.",Department of Defense,3600.0,1,2014,2014,award
PUERTO RICO PACKERS,Department of Defense,0.0,2,2014,2019,award
PUERTO RICO PACKERS,Department of Justice,5160.0,1,2013,2013,award
PUERTO RICO PACKERS,General Services Administration,16620.0,3,2019,2024,award
PUERTO RICO PORTS AUTHORITY,Department of Homeland Security,173300.0,4,2005,2011,award
PUERTO RICO PORTS AUTHORITY,General Services Administration,2451597.78,127,2008,2011,award
PUERTO RICO PSYCHOLOGICAL ASSOCIATES,Department of Justice,0.0,2,2009,2009,award
PUERTO RICO PUBLIC BROADCASTING CORP,U.S. Agency for Global Media,21677.5,2,2014,2015,award
PUERTO RICO SALES & MEDICAL SERVICE INC,Department of Veterans Affairs,65907.55,52,2008,2011,award
"PUERTO RICO SCIENCE, TECHNOLOGY AND RESEARCH TRUST",Department of Health and Human Services,1009087.1,1,2020,2020,award
PUERTO RICO SUPPLIES GROUP INC,Department of Justice,3665.0,1,2016,2016,award
"PUERTO RICO SURGICAL TECHNOLOGIES, INC.",Department of Veterans Affairs,716020.81,8,2008,2014,award
"PUERTO RICO TELEPHONE CO, INC",Department of Defense,3274649.34,19,2007,2019,award
"PUERTO RICO TELEPHONE CO, INC",Department of Education,10167.3,3,2010,2012,award
"PUERTO RICO TELEPHONE CO, INC",Department of Homeland Security,11209.01,1,2020,2020,award
"PUERTO RICO TELEPHONE CO, INC",Department of Justice,286697.09,28,2008,2024,award
"PUERTO RICO TELEPHONE CO, INC",Department of Transportation,4000.0,1,2015,2015,award
"PUERTO RICO TELEPHONE CO, INC",Department of Veterans Affairs,207842.92,21,2009,2018,award
"PUERTO RICO TELEPHONE CO, INC",Department of the Interior,81057.07,6,2007,2022,award
"PUERTO RICO TELEPHONE CO, INC",General Services Administration,603486.12,27,2011,2020,award
"PUERTO RICO TELEPHONE CO, INC",Office of Personnel Management,42102.08,10,2010,2019,award
PUERTO RICO TOURS INC,Department of Homeland Security,1110502.0,1,2018,2018,award
PUERTO RICO TOURS INC,Department of Veterans Affairs,2402423.08,7,2017,2025,award
PUERTO RICO TOWING & BARGE CO.,Department of Homeland Security,20200.0,5,2010,2011,award
PUERTO RICO TRAINING AND CONSULTING,Department of Justice,2250.0,2,2010,2013,award
PUERTO RICO WATER MANAGEMENT INC,Department of Agriculture,4593.0,1,2023,2023,award
PUERTO RICO WIRE PRODUCTS INC,Department of Defense,126582.0,4,2010,2018,award
PUERTO RICO WIRE PRODUCTS INC,Department of Homeland Security,682527.68,5,2018,2021,award
PUERTO RICO WIRE PRODUCTS INC,Department of Justice,4935.0,1,2016,2016,award
PUERTO RICO WIRE PRODUCTS INC,Department of Veterans Affairs,12909.87,1,2024,2024,award
PUERTO RICO WIRE PRODUCTS INC,Department of the Interior,16607.5,3,2010,2018,award
"PUIG, MARIEVA",Social Security Administration,664868.9,31,2011,2020,award
"PUIG-CACERES & ASSOCIATES, INC.",Department of Defense,484768.33,5,2011,2014,award
"PULLIZA, MYRTA",Department of Homeland Security,61849.63,3,2013,2016,award
PULMONARY EQUIPMENT CORPORATION,Department of Veterans Affairs,134168.05,33,2008,2013,award
PULMONX CORPORATION,Department of Veterans Affairs,12494.03,1,2025,2025,award
PULSAR SOLUTIONS INC.,Department of Agriculture,3745.0,1,2022,2022,award
PULSO CONSULTING SERVICES LLC,Department of Homeland Security,0.0,2,2020,2021,award
PURE POWER PROTECTION INC,Department of Defense,14800.0,1,2012,2012,award
PURE POWER PROTECTION INC,Department of Transportation,76490.0,1,2012,2012,award
PURODYNE CORP,Department of Veterans Affairs,12970.0,1,2019,2019,award
PURPLE STARR LLC,Department of Homeland Security,42950.0,1,2017,2017,award
PWR WASH LLC,Department of Veterans Affairs,85600.0,1,2025,2025,award
PYRGOS COMMUNICATIONS INC,Department of Commerce,19850.0,1,2024,2024,award
"Q & S POWER SYSTEMS, INC.",Department of Homeland Security,29890.0,2,2010,2010,award
Q INTERNATIONAL COURIER LLC,Department of Agriculture,21723.99,1,2018,2018,award
"Q-MATIC PUERTO RICO, INC.",Department of Defense,5054.35,2,2009,2009,award
"Q-MATIC PUERTO RICO, INC.",Department of Veterans Affairs,61690.0,1,2012,2012,award
QB GROUP LLC,Department of Defense,36752387.21,1,2021,2021,award
QIS CORPORATION,Department of Health and Human Services,18800.0,1,2013,2013,award
QUADREL LEASING OF PUERTO RICO INC,Department of Defense,0.0,1,2008,2008,award
QUALITY CONCRE-MIX INC,Department of Defense,9384.0,1,2009,2009,award
QUALITY CONSULTING GROUP LLC,Department of Homeland Security,3890.0,1,2018,2018,award
"QUALITY ELECTRIC, S.E.",Department of Veterans Affairs,5302.0,1,2008,2008,award
"QUALITY EQUIPMENT, INC.",Department of Defense,25050.0,2,2008,2011,award
"QUALITY EQUIPMENT, INC.",Department of Homeland Security,26262.35,4,2011,2014,award
"QUALITY EQUIPMENT, INC.",Department of Transportation,42000.0,1,2008,2008,award
QUALITY GALORE LLC,Department of Defense,109358.0,1,2024,2024,award
QUALITY GLAZING CONTRACTORS,Department of Defense,5500.0,1,2012,2012,award
"QUALITY IMPROVEMENT PROFESSIONAL RESEARCH ORGANIZATION, INC.",Department of Health and Human Services,9691217.08,3,2008,2011,award
QUALITY INDUSTRIAL SAFETY CORP,Department of Veterans Affairs,907.42,3,2008,2008,award
QUALITY INVENTORY SERVICES INC,Department of Defense,0.0,1,2015,2015,award
"QUALITY SAFETY SERVICES, INCORPORATED",Department of Defense,3800.0,1,2011,2011,award
QUALITY UNIFORMS FOR YOU INC,Department of Justice,24950.0,1,2020,2020,award
QUANTICO TACTICAL INCORPORATED,Department of Defense,375282.97,4,2019,2025,award
"QUEST DIAGNOSTICS CLINICAL LABORATORIES, INC.",Department of Defense,17532.14,2,2013,2013,award
QUEST DIAGNOSTICS INCORPORATED,Department of Justice,199758.61,11,2018,2021,award
QUEST DIAGNOSTICS INCORPORATED,Department of Veterans Affairs,5832803.1,9,2017,2025,award
QUEST DIAGNOSTICS OF PUERTO RICO INC,Department of Defense,180851.98,4,2013,2017,award
QUEST DIAGNOSTICS OF PUERTO RICO INC,Department of Veterans Affairs,341165.52,6,2014,2022,award
QUICKSERIES PUBLISHING INC,Department of Defense,11824.26,1,2012,2012,award
"QUIGLEY, EDWARD",Department of Agriculture,137233.43,3,2018,2021,award
QUINN CONSULTING SERVICES INCORPORATED,Department of Transportation,0.0,1,2015,2015,award
QUINN EVANS ARCHITECTS INC,Department of the Interior,362633.48,1,2024,2024,award
"QUINONES, JORGE APPRAISING",Department of Agriculture,141117.0,20,2010,2016,award
"QUINONES, MARIANA",Department of Agriculture,30989.0,1,2017,2017,award
"QUINTANA, BETZAIDA",Department of Defense,104692.5,7,2013,2016,award
R & A MOVERS INC,Department of Agriculture,41650.0,2,2025,2025,award
R & B POWER LLC,Department of Agriculture,61967.0,3,2014,2019,award
R & B POWER LLC,Department of Defense,58000.0,2,2010,2015,award
R & B POWER LLC,Department of Homeland Security,8400.0,1,2014,2014,award
R & B POWER LLC,Department of the Interior,113599.97,3,2011,2016,award
R & G AIR CONDITIONING & REFRIGERATION SERVICE CORP,Department of Commerce,8272.0,1,2008,2008,award
R & G AIR CONDITIONING & REFRIGERATION SERVICE CORP,Department of Homeland Security,31853.25,2,2008,2009,award
"R & J GLOBAL INDUSTRIES, INC.",General Services Administration,48181.8,1,2024,2024,award
R & J MOTORS CORP,Department of Homeland Security,80967.0,1,2005,2005,award
R & R LEE RENTAL SERVICES,Department of Veterans Affairs,14058.0,4,2014,2018,award
"R & R STUDIOS, L.L.C",General Services Administration,392264.5,1,2017,2017,award
R AND J ELECTRIC LLC,Department of the Interior,100000.0,1,2025,2025,award
R AND M SECURETECH CORP,Department of Veterans Affairs,43605.0,3,2015,2019,award
"R C PROFESSIONAL SERVICES, INC",Department of Agriculture,256737.31,1,2006,2006,award
"R C PROFESSIONAL SERVICES, INC",Department of Homeland Security,702770.31,1,2005,2005,award
R L HEALTHCARE SOLUTION CORP,Department of Veterans Affairs,281274.48,6,2008,2013,award
R O F DRAPERIES INC,Department of Defense,1768.0,1,2011,2011,award
R ZAYAS MUSIC INC,Department of Defense,276223.35,3,2016,2024,award
R&R FOOD DESIGN INC,Department of Defense,33155.62,10,2010,2013,award
R&R MOBILITY SOLUTIONS,Department of the Interior,12550.0,1,2011,2011,award
"R. LOPEZ DE AZUA & ASSOC, INC.",Department of Agriculture,829104.64,4,2020,2023,award
"R. LOPEZ DE AZUA & ASSOC, INC.",Department of Commerce,1462616.97,4,2007,2010,award
"R. LOPEZ DE AZUA & ASSOC, INC.",Department of Defense,6587985.27,88,2002,2025,award
"R. LOPEZ DE AZUA & ASSOC, INC.",Department of the Interior,0.0,1,2005,2005,award
R. ZOPPO CORP.,Department of Transportation,225407.78,1,2017,2017,award
"R.B. CONSTRUCTION GROUP, INC.",Department of Defense,57202667.7,2,2012,2013,award
"R.B. CONSTRUCTION GROUP, INC.",General Services Administration,60309195.59,4,2016,2025,award
"R.E.E. CONSULTING, LLC",Department of Agriculture,1767087.69,2,2018,2019,award
"R.E.E. CONSULTING, LLC",Department of Homeland Security,1862142.81,1,2020,2020,award
R.I.T.A. INC,Department of Veterans Affairs,9997.25,2,2025,2025,award
"R.R. DONNELLEY DE PUERTO RICO, CORP",Department of Defense,62487.9,4,2014,2016,award
R.S. MEANS COMPANY LLC,Department of Defense,5376.85,1,2012,2012,award
R.S. MEANS COMPANY LLC,Department of Homeland Security,257433.47,1,2018,2018,award
R2 COMMUNICATIONS GROUP CORP.,Department of Defense,248765.11,27,2011,2016,award
R2 COMMUNICATIONS GROUP CORP.,Department of Health and Human Services,8397.77,1,2012,2012,award
R2 COMMUNICATIONS GROUP CORP.,Department of Justice,8400.31,1,2017,2017,award
R2 COMMUNICATIONS GROUP CORP.,Department of Veterans Affairs,1252548.27,16,2010,2015,award
"RA-RF, INC",Department of Agriculture,106250.0,19,2015,2022,award
RAAD BROADCASTING CORPORATION,Department of Defense,52000.0,3,2008,2013,award
RAAD CONSTRUCTION GROUP LLC,Department of Agriculture,0.0,1,2024,2024,award
RAC ENTERPRISES LLC,Department of Veterans Affairs,59548.08,10,2008,2008,award
"RADAMES PENA, INC.",Department of Defense,20681.0,2,2008,2008,award
"RADAMES PENA, INC.",Department of Homeland Security,61444.63,9,2005,2010,award
RADARSIGN LLC,Department of Defense,12280.0,1,2022,2022,award
"RADISE INTERNATIONAL, L.C.",Department of Defense,1731257.35,6,2022,2026,award
RAFAEL A LLOVERAS,Department of Homeland Security,38487.35,1,2008,2008,award
RAFAEL BENITEZ CARRILLO INC,Department of Veterans Affairs,3883.04,4,2008,2008,award
"RAFAEL CASTRO MONTES DE OCA ARQUITECTOS, PSC",Department of Agriculture,413233.5,3,2021,2022,award
"RAFAEL CASTRO MONTES DE OCA ARQUITECTOS, PSC",Department of Defense,65385.0,2,2025,2025,award
"RAFAEL CASTRO MONTES DE OCA ARQUITECTOS, PSC",Department of Homeland Security,711529.96,8,2018,2019,award
RAFAEL MATTEI,Department of Defense,16000.0,1,2008,2008,award
"RAFPS & ASSOCIATES, INC",Department of Defense,3511.0,2,2010,2011,award
RAFTER H CONSTRUCTION LLC,Department of Transportation,4189668.33,1,2016,2016,award
RAGLAN LLC,Department of Defense,52570.11,1,2025,2025,award
RAMAKER & ASSOCIATES INC,Department of Justice,6000.0,1,2024,2024,award
RAMEY KEMP & ASSOCIATES OF RICHMOND,Department of Defense,9500.0,1,2010,2010,award
RAMEY RESORT INC,Department of Defense,409453.4,24,2009,2024,award
RAMEY RESORT INC,Department of Homeland Security,3946.4,1,2011,2011,award
RAMEY RESORT INC,Department of Veterans Affairs,4014.36,2,2020,2021,award
"RAMEY, MANDY",Department of Defense,201450.16,1,2005,2005,award
"RAMEY, PADEN",Department of Defense,0.0,1,2014,2014,award
"RAMHIL DEVELOPERS, INC",Department of Homeland Security,5166.02,1,2019,2019,award
"RAMIREZ & ZENO, INC.",Department of Agriculture,880598.1,2,2006,2010,award
"RAMIREZ & ZENO, INC.",Department of Defense,424323.69,28,2008,2011,award
"RAMIREZ & ZENO, INC.",Department of Homeland Security,48727.0,2,2011,2011,award
"RAMIREZ & ZENO, INC.",Department of the Interior,4125.0,1,2008,2008,award
"RAMIREZ, ALINA",Department of the Interior,16400.0,3,2019,2022,award
"RAMIREZ-RIVERA, ARLENYS",Department of the Interior,8156.0,1,2015,2015,award
RAMON L GARCIA,Environmental Protection Agency,1500.0,1,2011,2011,award
RAMON PIMENTEL BATISTA,Department of Justice,24890.0,3,2011,2012,award
RAMON S CONCEPCION,Department of Agriculture,1945.0,1,2021,2021,award
RAMOS FIRE SPRINKLERS,Department of Defense,7000.0,1,2008,2008,award
RAMOS JIREH CONSTRUCTION LLC,Department of Defense,56734.44,1,2021,2021,award
"RAMOS MORALES, MICHELLE",Department of Agriculture,49389.03,2,2015,2016,award
"RAMOS, IRIS",Department of Homeland Security,133831.39,3,2007,2015,award
RAMPAS PR INC.,Department of Veterans Affairs,188396.0,14,2018,2019,award
RANDY KINDER EXCAVATING INC,Department of Transportation,1851806.96,2,2016,2017,award
"RANGER AMERICAN ARMORED SERVICES, LLC",Department of Homeland Security,182835.0,1,2021,2021,award
"RANGER AMERICAN ARMORED SERVICES, LLC",Department of Veterans Affairs,85922.87,1,2021,2021,award
"RANGER AMERICAN OF PUERTO RICO, LLC",Department of Homeland Security,76251827.57,23,2006,2021,award
RANGER AMERICAN OF V I INC,Department of Homeland Security,464915.8,4,2011,2017,award
"RANGER ELITE MANAGEMENT, LLC",Department of Veterans Affairs,26100.6,1,2020,2020,award
RAPISCAN SYSTEMS INC,Department of Agriculture,113883.0,1,2021,2021,award
RAPISCAN SYSTEMS INC,Department of Justice,34060.62,1,2019,2019,award
RAV EHS CONSULTING LLC,Department of Defense,49550.0,1,2023,2023,award
RAVEN OPERATIONS LLC,Department of Veterans Affairs,12760.67,1,2025,2025,award
"RAVENTEK SOLUTION PARTNERS, LLC",Department of Homeland Security,1664.0,1,2020,2020,award
"RAY LAND, INC.",Department of Homeland Security,29046.0,1,2025,2025,award
"RAY SHOWMAN, JR., EXCAVATING, INC.",Department of Transportation,4004472.21,1,2020,2020,award
RAYMOND DELIVERY SERVICE,Department of Homeland Security,22528.0,1,2006,2006,award
RAYMOND GROSSKOPF GARCIA,Department of Agriculture,12308.25,1,2016,2016,award
RAYMOND GROSSKOPF GARCIA,Department of Veterans Affairs,25732.85,7,2008,2011,award
RAYTHEON COMPANY,Department of Defense,17598569.0,1,2025,2025,award
"RAZOR CONSULTING SOLUTIONS, INC",Department of Defense,43736.0,1,2021,2021,award
"RBA ENGINEERING INTERNATIONAL, PLLC",Department of Transportation,5606729.0,1,2025,2025,award
RBC CONSTRUCTION CORP,Department of Defense,44499000.53,3,2011,2022,award
"RBS DESIGN, INC.",Department of Defense,6450.0,1,2011,2011,award
"RC ELECTRICAL ENGINEERING, CORP.",Department of Defense,102995.0,1,2020,2020,award
"RC HOSPITALITY, CORP.",Department of Homeland Security,168960.0,1,2018,2018,award
RC ITALIAN AWNING,Department of Defense,3850.0,1,2012,2012,award
RC PROFESSIONALS & CONSTRUCTION SERVICES CORP,Department of Agriculture,3200.0,1,2008,2008,award
"RCG OF NORTH CAROLINA, LLC",Department of Homeland Security,22280626.47,4,2017,2025,award
RCT MECHANICAL ENGINEER INC,Department of Homeland Security,919.0,2,2015,2016,award
RDA NATIONAL INC,Department of Defense,61882.0,1,2014,2014,award
"READY & RESPONSIBLE SECURITY, INC",Department of Defense,1629180.0,3,2004,2008,award
"READY & RESPONSIBLE SECURITY, INC",Department of Homeland Security,8433827.19,5,2002,2007,award
"READY & RESPONSIBLE SECURITY, INC",Department of Veterans Affairs,4241896.39,4,2005,2011,award
"READY & RESPONSIBLE SECURITY, INC",Department of the Treasury,0.0,1,2006,2006,award
READY AMERICA INC,Department of Homeland Security,1030816.0,1,2019,2019,award
"REAGENT WORLD, INC.",Department of Homeland Security,194876.0,2,2018,2021,award
REAL ESTATE ADVISORY GROUP LLC,Department of Veterans Affairs,0.0,1,2025,2025,award
REALITY REALTY P.S.C.,Department of Homeland Security,2513933.9,17,2018,2020,award
"REALWRITERS OF PUERTO RICO, INC.",Department of Agriculture,7087.75,1,2010,2010,award
"REALWRITERS OF PUERTO RICO, INC.",Department of Defense,18451.5,4,2008,2010,award
"REALWRITERS OF PUERTO RICO, INC.",Department of Homeland Security,7245.5,1,2011,2011,award
"REALWRITERS OF PUERTO RICO, INC.",Department of Veterans Affairs,8245.3,3,2008,2010,award
"REALWRITERS OF PUERTO RICO, INC.",Department of the Treasury,2143.4,4,2011,2012,award
REBECA I RIVERA RIERA,Department of the Interior,3252.0,1,2021,2021,award
"RECHANI, PAUL A BROWNE",Department of Defense,23950.0,3,2008,2008,award
RECINTO CIENCIAS MEDICAS - GRUPO CIRUGIA,Department of Homeland Security,13700.0,2,2009,2010,award
RED CARIBENA DE VARAMIENTOS INC,Department of the Interior,13700.0,5,2024,2024,award
RED ONE MEDICAL DEVICES LLC,Department of Veterans Affairs,15304.8,1,2025,2025,award
RED ORANGE NORTH AMERICA INC.,Department of Defense,20614.42,2,2021,2025,award
RED RIVER TECHNOLOGY LLC,Department of Commerce,16051402.4,1,2014,2014,award
RED RIVER TECHNOLOGY LLC,Department of Homeland Security,51951.06,1,2023,2023,award
RED TAIL LOGISTICS LLC,Department of Homeland Security,2006263.45,4,2019,2020,award
"REDEMPTORIST FATHERS OF SAN JUAN, INC., THE",Department of Homeland Security,186000.0,1,2018,2018,award
"REDHAWK IT SOLUTIONS, LLC",Department of Veterans Affairs,97985.36,1,2020,2020,award
REDORANGE LLC,Department of Defense,9368.8,1,2023,2023,award
REES SCIENTIFIC CORPORATION,Department of Health and Human Services,58983.98,2,2018,2024,award
"REFORESTA, INC.",Department of Defense,202171.0,1,2009,2009,award
REFRICENTRO INC,Department of Defense,53411.8,6,2009,2024,award
REFRICENTRO INC,Department of Homeland Security,83711.9,8,2008,2020,award
REFRICENTRO INC,Department of Justice,4080.0,1,2015,2015,award
REFRICENTRO INC,Department of Veterans Affairs,49875.92,23,2008,2008,award
REFRIGERAMA INC,Department of Defense,271172.6,1,2025,2025,award
REFRIGERAMA INC,Department of Homeland Security,3731.85,1,2006,2006,award
"REFRIGERATION ENGINEERING, INC.",Department of Defense,32165.0,1,2012,2012,award
"REFRIGERATION ENGINEERING, INC.",Department of Homeland Security,123276.0,4,2015,2016,award
"REFTEC INTERNATIONAL SYSTEMS, LLC",Department of Justice,11160.0,1,2018,2018,award
REGAN TECHNOLOGIES CORP,Department of Veterans Affairs,25640.0,1,2019,2019,award
"REGIMENTAL CONTRACTING, LLC.",Department of Transportation,45500.0,1,2018,2018,award
REGUPOL ZEBRA ATHLETICS LLC,Department of Homeland Security,5847.86,1,2018,2018,award
"REGUS MANAGEMENT GROUP, LLC",Department of Transportation,44928.0,1,2024,2024,award
REI ENGINEERS INC,Department of Defense,530494.3,3,2019,2023,award
"REID MIDDLETON, INC.",Department of Homeland Security,0.0,1,2021,2021,award
REIGNING MOBILITY LLC,Department of Veterans Affairs,27097.0,1,2025,2025,award
REILLY CONSTRUCTION INC,Department of the Interior,6121704.23,7,2017,2025,award
RELIABLE EQUIPMENT CORPORATION,Department of Agriculture,17495.0,3,2016,2022,award
RELIABLE EQUIPMENT CORPORATION,Department of Veterans Affairs,5395.0,1,2015,2015,award
RELIANCE CONTRACTORS INC,Department of Agriculture,18066.0,1,2021,2021,award
RELIANCE CONTRACTORS INC,Department of Homeland Security,92676.0,2,2022,2023,award
"RELM COMMUNICATIONS, INC.",Department of Homeland Security,133131.96,1,2018,2018,award
RELX INC.,Department of Defense,124848.0,1,2011,2011,award
RELX INC.,Department of Justice,24435696.0,1,2012,2012,award
REMEX CORP.,Department of Defense,6760247.86,11,2008,2011,award
RENE BBQ LLC,Department of Defense,91671.0,19,2014,2016,award
RENOVA OFFICE INC,Department of Defense,44014.93,2,2013,2013,award
"RENTOKIL NORTH AMERICA, INC.",Department of Defense,0.0,1,2019,2019,award
"RENTOKIL NORTH AMERICA, INC.",Department of Health and Human Services,5363490.75,1,2017,2017,award
RENTOKIL OF PUERTO RICO INC,Department of Defense,21780.0,1,2014,2014,award
RENTOKIL OF PUERTO RICO INC,Department of Health and Human Services,355327.5,35,2016,2016,award
RENTOKIL OF PUERTO RICO INC,Department of Homeland Security,8160.0,2,2008,2009,award
RENTOKIL OF PUERTO RICO INC,Department of Veterans Affairs,1500.0,1,2008,2008,award
RENTOKIL OF PUERTO RICO INC,Department of the Interior,5228.08,1,2021,2021,award
"REPUBLIC CHARTERS, INC.",Department of Homeland Security,490615.0,9,2016,2020,award
"RES-CARE, INC",Department of Labor,119238021.98,3,2011,2018,award
RESCUE ONE TRAINING FOR LIFE INC,Department of Homeland Security,4080.0,2,2023,2023,award
"RESEARCH AND DIAGNOSTIC SYSTEMS, INC",Department of Health and Human Services,61684.8,1,2021,2021,award
RESILIENT LLC JOINT VENTURE,Department of the Interior,931604.99,1,2025,2025,award
RESOLUTION CONSULTANTS - AN AECOM-ENSAFE JOINT VENTURE,Department of Defense,2015338.17,5,2012,2016,award
RESOLVE MARINE GROUP INC,Department of Homeland Security,3057645.61,4,2021,2024,award
"RESPIRO DE PUERTO RICO, INC",Department of Defense,15600.0,2,2007,2010,award
REST EASY LLC,Department of Defense,50402.72,51,2012,2025,award
"RESTAURANT SUPPLY, LLC",Department of Justice,29897.91,1,2019,2019,award
RESTOR3D INC,Department of Veterans Affairs,159438.91,5,2025,2025,award
"RESTREPO, JESSICA CRUZ",Department of Defense,39620.5,7,2012,2015,award
"RETAIL INVENTORY SERVICE, INC",Department of Defense,0.0,1,2015,2015,award
"RETURNS 'R' US, LLC",Department of Justice,3000.0,2,2019,2020,award
"RETURNS 'R' US, LLC",Department of Veterans Affairs,300806.06,4,2019,2024,award
REVA CONSTRUCTION CORP.,Department of Defense,1122300.53,4,2001,2017,award
REVISION MILITARY LIMITED,Department of Homeland Security,13698.57,8,2018,2020,award
"REVVITY HEALTH SCIENCES, INC.",Department of Agriculture,93430.4,4,2018,2021,award
REXAM LIMITED PARTNERSHIP SE,General Services Administration,1574777.99,112,2008,2011,award
REXVILLE PRODUCE INC,Department of Defense,1259646.25,22,2008,2012,award
REYES CARLOS J,Department of Health and Human Services,1038635.72,4,2019,2022,award
REYES MARIAN,Department of Veterans Affairs,14108.05,1,2024,2024,award
REYES REAL ESTATE LLC,Department of Veterans Affairs,22000.0,1,2018,2018,award
REYES THERMO KOOL TRUCKING SERVICES INC,Department of Defense,19575.0,3,2010,2010,award
"REYES, ALICIA",Department of the Interior,105621.25,4,2011,2020,award
"REYES, HUMBERTO",Department of Agriculture,93750.4,2,2007,2009,award
"REYES, JUAN R",Department of Agriculture,92200.0,11,2010,2016,award
"REYES, MELISSA",Department of Agriculture,3295.0,1,2013,2013,award
RF MAINTENANCE SERVICES LLC,Department of Commerce,16000.36,1,2022,2022,award
RF MAINTENANCE SERVICES LLC,Department of Homeland Security,80351.83,1,2022,2022,award
RFD BEAUFORT INC.,Department of Defense,216285.0,1,2020,2020,award
RGB BROADCAST SERVICES CORP,Department of Veterans Affairs,222687.8,1,2019,2019,award
"RGD CONSULTING ENGINEERS ORLANDO, LLC",Department of Veterans Affairs,3675167.69,14,2021,2026,award
RGS/CW OF PUERTO RICO INC,Department of Transportation,170913.24,1,2025,2025,award
"RHOE, DAVID M",Department of Veterans Affairs,400.0,1,2008,2008,award
RICH CLEANING & MAINTENANCE CORP,Department of Agriculture,1202743.12,21,2007,2024,award
"RICHARD GRUBB AND ASSOCIATES, INC.",Department of the Interior,41741.28,1,2017,2017,award
"RICO SUNTOURS, INC",Department of Defense,1023.0,1,2016,2016,award
"RICO SUNTOURS, INC",Department of Homeland Security,205681.25,2,2018,2020,award
"RICO SUNTOURS, INC",Department of the Interior,3760.0,1,2010,2010,award
RICO TRACTOR INC,Department of Agriculture,137000.0,3,2021,2023,award
RICO TRACTOR INC,Department of Defense,154644.18,9,2010,2013,award
"RICOH PUERTO RICO, INC.",Department of Agriculture,75446.36,5,2013,2020,award
"RICOH PUERTO RICO, INC.",Department of Defense,19250.8,3,2008,2008,award
"RICOH PUERTO RICO, INC.",Department of Health and Human Services,3343.56,1,2014,2014,award
"RICOH PUERTO RICO, INC.",Department of Homeland Security,22391.84,5,2006,2018,award
"RICOH PUERTO RICO, INC.",Department of Justice,70625.46,14,2009,2021,award
"RICOH PUERTO RICO, INC.",Department of Veterans Affairs,543.6,1,2010,2010,award
"RICOH PUERTO RICO, INC.",Department of the Treasury,838.89,1,2019,2019,award
RICOH USA INC,Department of Agriculture,19567.21,4,2014,2016,award
RICOH USA INC,Department of Defense,602956.45,1,2011,2011,award
RICOH USA INC,Department of Homeland Security,8250.56,1,2017,2017,award
RICOH USA INC,Department of Justice,48703.42,5,2018,2020,award
"RIGHT WAY ENVIRONMENTAL CONTRACTORS, INC",Department of Defense,27718998.81,35,2008,2026,award
"RIGHT WAY ENVIRONMENTAL CONTRACTORS, INC",Department of Homeland Security,1419253.87,5,2014,2021,award
"RIGHT WAY ENVIRONMENTAL CONTRACTORS, INC",Department of Transportation,202841.75,1,2014,2014,award
"RIGHT WAY ENVIRONMENTAL CONTRACTORS, INC",General Services Administration,720524.01,1,2010,2010,award
"RIGHTDIRECTION TECHNOLOGY SOLUTIONS, LLC",Department of Justice,115737.84,7,2019,2021,award
RILEY BRIDGE CO INC,Department of Transportation,1893070.52,1,2017,2017,award
"RILEY TECHNOLOGY SOLUTIONS, INC.",Department of Veterans Affairs,65060.0,1,2018,2018,award
RIMACO INC,Department of Veterans Affairs,60271.0,23,2008,2010,award
RIMCO CONSTRUCTION LLC,Department of the Interior,0.0,1,2021,2021,award
RIMCO LLC,Department of Agriculture,16828.38,3,2013,2018,award
RIMCO LLC,Department of Defense,435462.9,26,2008,2024,award
RIMCO LLC,Department of Homeland Security,386444.0,11,2008,2018,award
RIMCO LLC,Department of Justice,22050.0,1,2025,2025,award
RIMCO LLC,Department of State,604716.0,8,2023,2025,award
RIMCO LLC,Department of Veterans Affairs,5343012.74,39,2005,2023,award
RIMCO LLC,Department of the Interior,769647.8,20,2008,2021,award
RINCON DE LA VILLA INC,Department of Homeland Security,119436.75,1,2018,2018,award
"RINCON DIAZ, MARTHA PATRICIA",Department of Agriculture,72000.0,2,2010,2011,award
RIO CONSTRUCTION CORPORATION,Department of Defense,12070563.0,1,2001,2001,award
RIO GRANDE MANAGEMENT INC,General Services Administration,99332.87,19,2008,2010,award
RIO HONDO CINEMA CORP,General Services Administration,19261.8,3,2008,2008,award
RIO MAR HOSPITALITY HOLDINGS LLC,Department of Defense,25091.7,1,2025,2025,award
RIO MAR RESORT- WHG HOTEL PROPERTY LLC,Department of Agriculture,145946.14,4,2018,2020,award
RIO MAR RESORT- WHG HOTEL PROPERTY LLC,Department of Commerce,20000.0,2,2011,2011,award
RIO MAR RESORT- WHG HOTEL PROPERTY LLC,Department of Defense,376489.41,10,2007,2015,award
RIOLLANO & ASSOCIATES INC,Department of Justice,5990.0,1,2010,2010,award
"RIOS GARCIA, LUIS R",Department of Veterans Affairs,5400.0,2,2008,2008,award
RIVERA AYALA JOSE,Department of Defense,481055.0,10,2008,2021,award
"RIVERA CORREA, YIRALIZ I",Department of Agriculture,6019.0,1,2015,2015,award
"RIVERA DR, ANTONIO L",Department of the Interior,219398.5,36,2010,2018,award
"RIVERA GOMEZ, MARTIN V",Department of Agriculture,8650.0,1,2012,2012,award
"RIVERA MARRERO, RICHARD",Department of Defense,54052.5,4,2011,2014,award
"RIVERA, ALBERTO",Department of Homeland Security,10000.0,3,2010,2011,award
"RIVERA, DAVID",Department of Agriculture,160.0,1,2010,2010,award
"RIVERA, DAVID C",Department of Homeland Security,8320.0,1,2006,2006,award
"RIVERA, GUILLERMO",Social Security Administration,3710.0,1,2011,2011,award
"RIVERA, JOEL PANTOJA",Department of Justice,71793.92,17,2008,2012,award
"RIVERA, JOSE A.",Department of Commerce,115504.0,5,2005,2009,award
"RIVERA, MARIA EUGENIA",Social Security Administration,80004.0,6,2011,2016,award
RIVERA-LABRADOR GLORIA S,Department of Defense,243746.0,23,2016,2021,award
"RJ THOMAS MANUFACTURING COMPANY, INC.",Department of Defense,21872.52,29,2017,2021,award
RJCL CORPORATION,Department of Homeland Security,26799874.42,1,2021,2021,award
RK POWER GENERATOR CORP,Department of Defense,20748.96,1,2019,2019,award
"RKU DISTRIBUTING, INC.",Department of Defense,1640.45,3,2017,2023,award
"RLS & ASSOCIATES, INC.",Department of Transportation,181477.69,1,2019,2019,award
RM GENERAL CONTRACTOR INC,Department of Justice,11500.0,1,2016,2016,award
"RMA ARCHITECTS, P.S.C",Department of Agriculture,1456063.63,31,2006,2022,award
"RMA ARCHITECTS, P.S.C",Department of Veterans Affairs,123515.6,1,2006,2006,award
"RMA ARCHITECTS, P.S.C",General Services Administration,8772513.87,70,2009,2022,award
RMC ORTHOPEDIC & SURGICAL INC,Department of Veterans Affairs,502836.5,83,2008,2018,award
"RME LTD., LLC",Department of Transportation,4137658.16,1,2014,2014,award
"RMP ASSOCIATES, INC.",Department of Labor,25817.0,1,2019,2019,award
"RNJJ MED, LLC",Department of Veterans Affairs,918790.0,13,2025,2025,award
"RO JE & PROFESSIONAL FIRE SERVICES PR, CORP",Department of Agriculture,39794.9,1,2021,2021,award
"RO JE & PROFESSIONAL FIRE SERVICES PR, CORP",Department of Defense,200295.0,11,2010,2018,award
"ROAD AND HIGHWAY BUILDERS, LLC",Department of Transportation,15752234.75,1,2018,2018,award
"ROALCA CONSTRUCTION, LLC",Department of Homeland Security,1500.0,1,2010,2010,award
ROBERT AND COMPANY,Department of Defense,1037189.93,3,2011,2023,award
ROBERT B. WAIDE,Department of Agriculture,25250.0,1,2026,2026,award
ROBERT PASTENA,Department of Justice,26353.4,8,2018,2021,award
"ROBERT PECCIA & ASSOCIATES, INC.",Department of Transportation,3458655.23,8,2016,2025,award
"ROBERT-ORLANG, OSCAR",Department of Veterans Affairs,5150.0,2,2011,2012,award
ROBERTSON CONTRACTORS INC,Department of Transportation,4999623.29,1,2018,2018,award
"ROBICHAUX AUTOMATION AND CONTROL, INCORPORATED",Department of Homeland Security,7509.04,1,2018,2018,award
ROBLES & ROBLES,Department of Defense,33710.0,1,2005,2005,award
ROBLES & ROBLES,Department of Homeland Security,3500.0,1,2006,2006,award
"ROBLES, EDUARDO & ASSOC",Department of Agriculture,191175.0,24,2010,2019,award
"ROCAFORT, NYDIA",Social Security Administration,106297.5,7,2011,2016,award
ROCHE DIAGNOSTICS CORPORATION,Department of Health and Human Services,310388.2,5,2015,2022,award
ROCHE DIAGNOSTICS CORPORATION,Department of Veterans Affairs,2183408.63,6,2017,2022,award
"ROCKSOL CONSULTING GROUP, INC.",Department of Transportation,1373276.13,5,2017,2025,award
"ROCKWELL AMERICAN SERVICES, LTD.",Department of Homeland Security,140068.58,1,2019,2019,award
ROD-BEN INTERNATIONAL CORP,Department of Homeland Security,9294.45,3,2010,2014,award
ROD-BEN INTERNATIONAL CORP,Department of the Treasury,108565.45,5,2005,2012,award
RODGAN CONSTRUCTION CORPORATION,Department of Homeland Security,6194.0,1,2006,2006,award
RODI CARGO INT'L. INC.,Department of Justice,24639.28,1,2017,2017,award
RODOLFO TARDY,Department of Housing and Urban Development,2560.0,1,2007,2007,award
RODRIGUEZ & GARLAND INC,Department of Agriculture,5666492.77,20,2018,2026,award
RODRIGUEZ & GARLAND INC,Department of Defense,1114754.15,4,2018,2022,award
RODRIGUEZ & GARLAND INC,Department of Health and Human Services,2725845.38,3,2018,2020,award
RODRIGUEZ & GARLAND INC,Department of Homeland Security,30160.0,4,2019,2021,award
RODRIGUEZ & GARLAND INC,Department of Justice,61200.0,1,2020,2020,award
RODRIGUEZ & GARLAND INC,Department of the Interior,2492472.59,14,2019,2024,award
RODRIGUEZ & GARLAND INC,General Services Administration,3933722.26,2,2025,2025,award
RODRIGUEZ CARLOS M,Department of Defense,11100.0,4,2012,2015,award
"RODRIGUEZ CARRASQUILLO, PEDRO G",Department of Justice,101560.0,7,2015,2021,award
"RODRIGUEZ CORTES, WILLLIAM",Department of Defense,691000.0,11,2008,2011,award
"RODRIGUEZ CORTES, WILLLIAM",Department of Homeland Security,15796.38,2,2009,2012,award
"RODRIGUEZ CORTES, WILLLIAM",Department of Justice,12545.79,2,2014,2015,award
"RODRIGUEZ CORTES, WILLLIAM",Department of Veterans Affairs,6895.0,1,2016,2016,award
"RODRIGUEZ CORTES, WILLLIAM",General Services Administration,80616.33,15,2018,2020,award
"RODRIGUEZ ENTERPRISES, INC",Department of Justice,68749.7,3,2025,2025,award
"RODRIGUEZ MUNOZ, CARMEN",Department of Justice,11710.9,5,2014,2019,award
"RODRIGUEZ PLUMBING CONTRACTORS, INC",Department of Agriculture,2931.33,2,2022,2022,award
"RODRIGUEZ, ARMINDO",Department of Justice,44480.0,7,2008,2014,award
"RODRIGUEZ, JAMIE",Department of the Interior,25200.0,2,2014,2016,award
"RODRIGUEZ, KENZIE M",Department of Agriculture,300.0,1,2009,2009,award
"RODRIGUEZ, MIGDOEL",Department of Defense,21750.0,3,2009,2010,award
"RODRIGUEZ, RAFAEL A",Department of Defense,7716.0,1,2007,2007,award
"RODRIGUEZ, ROBERTO P",Social Security Administration,109123.0,7,2011,2016,award
"RODRIGUEZ-COLON, JOSE A",Department of the Interior,0.0,1,2008,2008,award
"RODRIGUEZ-FLORES, MARIANO",Department of the Interior,4000.0,1,2014,2014,award
"RODRIGUEZ-VIDAL, XAYMARA",Department of the Interior,24900.0,1,2013,2013,award
ROGELE INCORPORATED,Department of Transportation,2780047.0,1,2014,2014,award
ROGER ELECTRIC CORP.,Department of Defense,20530.7,3,2011,2012,award
ROGER ELECTRIC CORP.,Department of Homeland Security,11930.76,1,2019,2019,award
ROGER ELECTRIC CORP.,Department of Veterans Affairs,88003.19,40,2008,2011,award
"ROGERS ATHLETIC COMPANY, INC.",Department of Veterans Affairs,16750.0,1,2020,2020,award
ROJAS CONTRACTORS INC,Department of Agriculture,42130.0,5,2006,2010,award
"ROJAS, DESIREE",Department of Defense,76300.0,2,2015,2016,award
ROKU MANAGEMENT CONSULTING LLC,Department of Defense,28000.0,2,2025,2025,award
"ROLDAN, WILMER",Department of Defense,1073776.0,11,2007,2016,award
ROLLER TRADERS LLC,Department of Defense,23499.7,1,2014,2014,award
ROLLS-ROYCE CORPORATION,Department of Justice,0.0,1,2008,2008,award
ROLLS-ROYCE MARINE NORTH AMERICA INC.,Department of Defense,166419.33,2,2023,2023,award
ROLLS-ROYCE SOLUTIONS AMERICA INC,Department of Defense,891640.7,5,2019,2025,award
ROLLS-ROYCE SOLUTIONS AMERICA INC,Department of Homeland Security,535626.04,6,2020,2023,award
"ROLON-RIVERA, DR JOSE E",Social Security Administration,762960.0,17,2012,2020,award
"ROMAN NEGRON, CARLOS E.",Department of Agriculture,24451.95,1,2013,2013,award
"ROMAN, NELSON",Department of Agriculture,3669.87,2,2009,2011,award
"ROMAN, RAFAEL",Department of Homeland Security,3340.0,1,2013,2013,award
"ROMAN, RAFAEL",Department of Justice,2139.49,1,2013,2013,award
ROMANYK CONSULTING CORPORATION,Department of Veterans Affairs,435017.24,1,2019,2019,award
"ROME RESEARCH, LLC",Department of Defense,10552422.43,2,2007,2018,award
"ROMERO, LYNDA M",Department of the Interior,21000.0,2,2013,2015,award
ROMUTEC CORP,Department of Veterans Affairs,14500.0,1,2016,2016,award
"ROQUE, ANAIS",Department of Agriculture,15360.0,1,2020,2020,award
"ROSA BROWN CONSULTANTS,,INC.",Department of Veterans Affairs,104695.26,9,2010,2012,award
ROSA E FICEK,Smithsonian Institution,143000.0,1,2022,2022,award
"ROSA, BRENDA",Department of the Interior,4880.0,2,2011,2014,award
"ROSA, RAFAEL",Department of Agriculture,54460.0,3,2007,2009,award
"ROSADO GONZALEZ, GIOVANNY O",Department of Agriculture,52461.0,3,2014,2015,award
ROSAMARI PENA,Social Security Administration,317080.0,14,2014,2020,award
ROSARIO ELECTRICAL SERVICES CORP,Department of Homeland Security,11177.95,1,2018,2018,award
ROSARIO PEREZ JAVIER E,Department of Agriculture,86800.0,1,2018,2018,award
"ROSARIO-FARRULLA, KENNETH J",Department of Defense,125000.0,1,2010,2010,award
ROSETTA STONE LLC,Department of Homeland Security,226038.3,6,2019,2024,award
"ROSSY, ENRIQUE",Department of Veterans Affairs,35720.0,1,2011,2011,award
ROTANN GROUP LLC,Department of Veterans Affairs,32466.85,1,2020,2020,award
"ROTHBARDIAN ENTERPRISES, LLC",Department of Veterans Affairs,24434.0,1,2022,2022,award
ROVIRA BISCUIT CORP,Department of Agriculture,2481271.2,9,2021,2025,award
ROVIRA BISCUIT CORP,Department of Defense,698222.84,18,2008,2012,award
ROVIRA BISCUIT CORP,Department of Veterans Affairs,11785.45,13,2008,2010,award
ROVIRA FOODS INC,Department of Agriculture,3386641.2,8,2019,2021,award
ROYAL ARC WELDING CO,Department of Defense,10545.0,1,2012,2012,award
"ROYAL MEDIA NETWORK, INC.",Department of Defense,33720.0,1,2020,2020,award
ROYAL MOTORS CORP,Department of Homeland Security,189950.0,1,2007,2007,award
ROYAL PETROLEUM CORP,Department of Defense,3246190.36,465,2019,2025,award
ROYALE BLUE HOSPITALITY LLC,Department of Defense,300345.58,9,2020,2024,award
RPS MEDICAL SERVICE CORP.,Department of Veterans Affairs,408245.13,30,2011,2025,award
RQ-AECOM 2 JV,Department of Homeland Security,148006410.74,2,2021,2022,award
RQ-LORD JV,Department of Defense,17263976.93,1,2024,2024,award
"RS&H, INC.",Department of Defense,1213415.65,2,2010,2011,award
"RSP ARCHITECTS, LIMITED",Department of Defense,2609030.4,9,2008,2016,award
RUBALI PROFESSIONALS INC,Department of Veterans Affairs,34210.0,1,2012,2012,award
RUBI BUILDERS CORP.,Department of Justice,11700.0,1,2013,2013,award
RUCCO LLC,Department of Defense,17216.66,1,2018,2018,award
"RUIZ FONTANEZ, CARMEN E",Social Security Administration,58532.0,7,2011,2016,award
RULIFES LLC,Department of Justice,53683.55,10,2016,2025,award
"RUMPH & ASSOCIATES, P.C.",Department of Health and Human Services,3637255.84,2,2016,2017,award
RURAL DEVELOPMENT,Department of Defense,6871083.0,30,2008,2008,award
RUSSELECTRIC INC.,Department of Veterans Affairs,17642.0,1,2019,2019,award
RUTH C PREVOR,Department of Homeland Security,5090.0,6,2008,2011,award
RUTH L. TRUJILLO RODRIGUEZ PROFESSIONAL LAND SURVEYORS PSC,Department of Defense,2478631.06,4,2024,2025,award
RUTH ROSADO FEBUS,Department of Justice,14796.0,5,2010,2014,award
RV HIJOS INC,Department of Defense,1365.0,1,2022,2022,award
"RW PROFESSIONAL GROUP, INC.",Department of the Interior,12750.0,1,2019,2019,award
"RWE CLEAN ENERGY SOLUTIONS, INC.",Department of Justice,1248299.0,5,2022,2022,award
RX3 COMMUNICATIONS INC,Department of Defense,250071.4,3,2019,2022,award
RYCO HYDRAULICS OF PUERTO RICO CORP,Department of Defense,11019.41,2,2013,2014,award
S J COSTRUCTION,Department of Defense,216000.0,1,2009,2009,award
S M P HOTEL INC,Department of Defense,39250.0,9,2010,2012,award
"S S S C, S E",General Services Administration,428293.97,35,2008,2013,award
"S.A.M. INVESTORS, INC.",Department of Homeland Security,10803.1,2,2010,2011,award
S.C.A. - SHIPPING CONSULTANTS ASSOCIATED LTD.,Department of Defense,2260249.29,24,2021,2025,award
S.C.A. - SHIPPING CONSULTANTS ASSOCIATED LTD.,Department of Homeland Security,5345.0,1,2019,2019,award
S.O.P. INC,Department of Agriculture,3616.94,1,2013,2013,award
S.O.P. INC,Department of Homeland Security,11184.65,3,2013,2014,award
"S.R. SPECIAL POLICE SERVICES, INC.",Department of Defense,236599.2,1,2018,2018,award
SAB DISTRIBUTORS CORPORATION,Department of Agriculture,20890.0,1,2018,2018,award
SABISU JOINT VENTURE LLC,Department of Transportation,404708.8,1,2024,2024,award
SAFE STRUCTURE DESIGNS LLC,Department of Homeland Security,26900.0,1,2021,2021,award
SAFECHEM INDUSTRIAL CORP,Department of Veterans Affairs,518.21,1,2008,2008,award
SAFETECH CORP,Department of Homeland Security,4656.5,1,2013,2013,award
SAFETECH CORP,Department of Justice,65042.88,15,2013,2025,award
SAFETY MANAGEMENT RESOURCES CORPORATION,Department of Defense,48150.0,1,2022,2022,award
SAFEWARE INC,Department of Justice,28093.57,2,2018,2020,award
SAGE ACQUISITIONS LLC,Department of Housing and Urban Development,7892216.4,2,2016,2017,award
"SAIN ENGINEERING ASSOCIATES, INC.",Department of Defense,2205160.52,1,2022,2022,award
SAITECH INC,Department of Homeland Security,140934.5,1,2018,2018,award
"SALAS, MARCOS E",Department of Agriculture,5600.0,1,2013,2013,award
SALINAS LUMBER YARD INC,Department of Defense,43410.36,5,2010,2012,award
SALO ENGINEERING L.L.C.,Department of Commerce,33512.4,1,2014,2014,award
SALO ENGINEERING L.L.C.,Department of Homeland Security,391084.23,3,2011,2020,award
SALO ENGINEERING L.L.C.,General Services Administration,219261.55,3,2013,2015,award
SALOME RAMIREZ VARGAS,U.S. Agency for Global Media,50400.0,1,2022,2022,award
SALTER COREY,Department of the Interior,71725.0,1,2019,2019,award
"SALTZMAN, JOEL",Department of Defense,21245.0,1,2012,2012,award
SALUNI MANAGEMENT CORP,Department of Defense,7438.64,1,2010,2010,award
"SALYER, SIDNEY",Department of Agriculture,118123.0,5,2005,2015,award
SAM TECH INC.,Department of State,515.0,1,2010,2010,award
"SAME DAY SERVICE, INC",General Services Administration,3150.0,1,2008,2008,award
SAN DIEGO PROJECT MANAGEMENT PSC,Department of Defense,13258702.1,12,2013,2024,award
SAN DIEGO PROJECT MANAGEMENT PSC,Department of Homeland Security,469964.0,1,2018,2018,award
SAN DIEGO PROJECT MANAGEMENT PSC,Department of Veterans Affairs,11840243.12,42,2007,2025,award
SAN JUAN BAUTISTA MED CTR INC,Department of Health and Human Services,5000.0,1,2008,2008,award
"SAN JUAN STAR COMPANY,THE",Department of Justice,3120.0,1,2008,2008,award
"SAN JUAN STAR COMPANY,THE",Environmental Protection Agency,999.6,1,2008,2008,award
SAN JUAN TOWING & MARINE SERVICE INC,Department of Defense,157503.14,1,2009,2009,award
SAN JUAN TOWING & MARINE SERVICE INC,Department of Homeland Security,112291.5,6,2007,2010,award
"SANANG MAINTENANCE SERVICE & CHEMICAL, INC",Department of Justice,12730.0,2,2013,2014,award
"SANANG MAINTENANCE SERVICE & CHEMICAL, INC",Department of Veterans Affairs,32372.46,2,2010,2011,award
SANCHEZ CAMPOS ALEJANDRO,Department of the Interior,4350.0,1,2012,2012,award
SANCHEZ MATILDA,Department of Agriculture,47025.0,1,2024,2024,award
SANCHEZ RUBIO & ASOCIADOS,Department of Justice,15000.0,1,2012,2012,award
"SANCHEZ, ANGEL",Department of the Interior,1400.0,1,2011,2011,award
"SANCHEZ, BRENDA N.",Department of Homeland Security,1760.5,1,2013,2013,award
"SANCHEZ, CAMACHO NOEMI",Department of Defense,14085.0,1,2010,2010,award
SANCO LABORATORIES INC,Department of Veterans Affairs,3128720.49,15,2008,2023,award
SANCO LABORATORIES INC,General Services Administration,52293.95,3,2018,2019,award
SAND SEA AND AIR INTERIORS INC,Department of Justice,0.0,1,2020,2020,award
SAND SEA AND AIR INTERIORS INC,Department of Veterans Affairs,30038.0,1,2018,2018,award
"SANFIORENZO BARNHARD, COLIBRI",Department of Agriculture,8500.0,2,2013,2014,award
"SANFORD FEDERAL, INC.",Department of Agriculture,4993.2,1,2021,2021,award
"SANFORD FEDERAL, INC.",Department of Defense,0.0,1,2023,2023,award
"SANFORD FEDERAL, INC.",Department of the Interior,127897.5,2,2023,2023,award
SANGSTER WARNER CONSULTING GROUP LLC,Department of Defense,12753926.09,65,2020,2023,award
SANI-PLANT CO INC,Department of the Interior,10410.0,1,2008,2008,award
"SANTIAGO MARTINEZ, HERIBERTO",Department of Defense,394000.0,10,2008,2016,award
SANTIAGO ROSA I,Department of Defense,1692439.57,86,2014,2025,award
"SANTIAGO, JAYREL",Department of the Interior,10400.0,2,2018,2021,award
"SANTIAGO, RAUL",Department of Agriculture,25000.0,1,2010,2010,award
"SANTOS ALICEA, ROSA I",Department of Agriculture,42030.0,2,2013,2014,award
SANTOS VALDES,Department of the Interior,29060.0,2,2007,2009,award
SANTURCE JANITORIAL SUPPLY CORPORATION,Department of Veterans Affairs,67.31,1,2008,2008,award
SANTURCE X-RAY AND MEDICAL SUPPLY CORP,Department of Veterans Affairs,8065.48,2,2008,2008,award
SANZ ANGEL A,Department of Homeland Security,324503.0,48,2013,2023,award
"SAPPER WEST, INC.",Department of Veterans Affairs,2396043.0,1,2019,2019,award
SARANDREA ASSOCIATES GROUP CORP,Department of Veterans Affairs,26990.0,1,2018,2018,award
SARANDREA ASSOCIATES GROUP CORP,Department of the Interior,20900.0,1,2019,2019,award
SARQGIS LLC,Department of the Interior,5000.0,1,2018,2018,award
"SAS R & D SERVICES, INC.",Department of Homeland Security,0.0,1,2020,2020,award
SASHA M. BURGOS BERMUDEZ,Department of the Interior,4160.0,2,2012,2013,award
SASS INDUSTRIES INC.,Department of Defense,27286.0,1,2023,2023,award
"SATCOM DIRECT GOVERNMENT, INC.",Department of Agriculture,25060.0,1,2018,2018,award
"SATCOM DIRECT GOVERNMENT, INC.",Department of Justice,7680.0,1,2018,2018,award
"SATCOM DIRECT GOVERNMENT, LLC",Department of Homeland Security,38375.0,1,2020,2020,award
"SATCOM DIRECT GOVERNMENT, LLC",Department of Justice,15960.0,1,2022,2022,award
SATELITE DE SAN JUAN CORP.,Department of Defense,4487.64,1,2010,2010,award
SAUL CARRASQUILLO MALDONADO,Department of Agriculture,2400.0,1,2012,2012,award
"SAVAGE RANGE SYSTEMS, INC.",Department of Justice,5711.35,1,2018,2018,award
SAVE A BACK INC,Department of Defense,11200.0,1,2022,2022,award
SAVILLS INC.,General Services Administration,1.0,1,2016,2016,award
"SBA TOWERS USVI, INC.",Department of Justice,44525.6,2,2018,2021,award
SCA SHIPPING CONSULTANTS ASSOCIATED DMCC,Department of Homeland Security,50638.1,1,2024,2024,award
"SCANNER OVERSEAS OF PUERTO RICO, INC.",Department of Defense,1707.0,1,2009,2009,award
"SCANNER OVERSEAS OF PUERTO RICO, INC.",Department of Homeland Security,11670.0,1,2007,2007,award
"SCHAFER AND BROWN ELECTRONICS, INC",Department of Defense,18328.48,2,2010,2010,award
"SCHAFER AND BROWN ELECTRONICS, INC",Department of Homeland Security,89606.15,4,2006,2016,award
"SCHENKEL & SHULTZ, INC.",Department of Defense,7182670.95,4,2017,2025,award
"SCHNABEL ENGINEERING, LLC",Department of Transportation,3000.0,1,2006,2006,award
SCHNABEL-HDR JOINT VENTURE,Department of Defense,157129.01,1,2021,2021,award
"SCHNEIDER ELECTRIC BUILDINGS AMERICAS, INC.",Department of Homeland Security,54242727.51,1,2011,2011,award
"SCHNEIDER ELECTRIC BUILDINGS AMERICAS, INC.",Department of Veterans Affairs,8213605.21,1,2017,2017,award
"SCHNEIDER ELECTRIC BUILDINGS AMERICAS, INC.",General Services Administration,7762761.28,3,2014,2025,award
"SCHNEIDER ELECTRIC FEDERAL, INC.",Department of Transportation,1942943.38,1,2017,2017,award
"SCHOOL SPECIALTY, INC.",Department of Defense,1215.0,1,2019,2019,award
"SCHOOL SPECIALTY, LLC",Department of Defense,779.28,2,2022,2022,award
SCIENCE APPLICATIONS INTERNATIONAL CORPORATION,Department of Defense,92093.03,1,2020,2020,award
SCIENCE APPLICATIONS INTERNATIONAL CORPORATION,Department of Justice,127304.45,1,2018,2018,award
SCM TRANSCEND LLC,Department of Agriculture,9998.44,1,2015,2015,award
SCM TRANSCEND LLC,Department of Health and Human Services,0.0,2,2016,2016,award
"SCOTT, KRYSTINA RUTH",Department of the Interior,6027.14,1,2014,2014,award
SCRIPTPRO USA INC,Department of Veterans Affairs,1254729.45,5,2016,2022,award
"SD & C, INC.",General Services Administration,5280.0,1,2021,2021,award
SD IRON WORKS AND GENERAL CONSTRACTORS,Department of Justice,3700.0,1,2008,2008,award
SDPM JFM CONSTRUCCIONES JOINT VENTURE,Department of Defense,1772300.38,3,2012,2015,award
SDPM JFM CONSTRUCCIONES JOINT VENTURE,Department of Veterans Affairs,64601027.44,55,2011,2025,award
SDV OFFICE SYSTEMS LLC,Department of Homeland Security,218513.63,1,2018,2018,award
SDV OFFICE SYSTEMS LLC,Department of Veterans Affairs,796402.8,2,2019,2019,award
SE MANUFACTURING ENTERPRISE INC,Department of Defense,0.0,1,2007,2007,award
SEA VENTURES INC,Department of Commerce,11477725.98,6,2009,2024,award
SEA VENTURES INC,Department of Homeland Security,762396.0,6,2021,2025,award
"SEABORNE MARINE INDUSTRIES, INC.",Department of the Interior,24900.0,1,2007,2007,award
SEACOR ISLAND LINES LLC,Department of Homeland Security,2397500.0,2,2018,2018,award
"SEALASKA CONSTRUCTION SOLUTIONS, LLC",Department of Commerce,1161250.49,3,2017,2019,award
SEALIFT INC. OF DELAWARE,Department of Homeland Security,29457500.0,1,2018,2018,award
SEAWARD MARINE CORPORATION,Department of Defense,72100.0,1,2021,2021,award
"SEBIA, INC.",Department of Veterans Affairs,329387.36,3,2018,2023,award
SECURITAS TECHNOLOGY CORPORATION,Social Security Administration,7140.56,1,2018,2018,award
SECURITY & DEFENSE INDUSTRY OF PUERTO RICO LLC,Department of Defense,9162.4,1,2015,2015,award
SECURITY & DEFENSE INDUSTRY OF PUERTO RICO LLC,Department of Justice,14228.96,2,2015,2015,award
"SECURITY 20/20, INC.",Department of Homeland Security,5632.04,1,2018,2018,award
"SECURITY ENGINEERED MACHINERY CO., INC.",Department of Veterans Affairs,179473.42,4,2018,2024,award
SECURITY INTEGRATION GROUP INC,Department of Homeland Security,11231.0,1,2013,2013,award
SECURITY INTEGRATION GROUP INC,Department of Veterans Affairs,5384954.93,42,2004,2023,award
"SECURITY SOLUTIONS TECHNOLOGY, LLC",Department of Veterans Affairs,654956.0,4,2018,2018,award
"SEDA, RODOLFO",Environmental Protection Agency,12928.04,1,2014,2014,award
SEM LOGISTICS INTERNATIONAL LLC,Department of Defense,28475.61,3,2021,2022,award
SENSTAR INC.,Department of Justice,154310.58,1,2023,2023,award
"SENTINEL FIELD SERVICES, INC.",Department of Housing and Urban Development,2365420.68,1,2013,2013,award
"SENTINEL POWER SERVICES, LLC",Department of Transportation,3384093.48,6,2018,2024,award
SEPTIX WASTE INC,Department of Defense,13860.0,1,2018,2018,award
SEPTIX WASTE INC,Department of Homeland Security,261398.05,5,2018,2023,award
SEPTIX WASTE INC,Department of Justice,1333177.66,16,2010,2020,award
"SEPTIX WASTE, INC.",Department of Defense,17659.29,2,2008,2009,award
SEQIRUS USA INC,Department of Justice,5415.0,2,2018,2018,award
SERES ENGINEERING & SERVICES LLC,Department of Defense,32348802.88,1,2021,2021,award
"SERIOUSLYCREATIVE, INC",Department of Transportation,5100.0,1,2015,2015,award
SERRALLES HOTEL INC,Department of Defense,2356600.78,70,2008,2025,award
SERRALLES HOTEL INC,Department of Homeland Security,177652.47,2,2008,2018,award
SERRALLES HOTEL INC,Department of Veterans Affairs,12410.0,1,2015,2015,award
SERRANO & ASSOCIATES LLC,General Services Administration,502565.0,5,2022,2025,award
"SERVICE ZONE CO., LLC",Department of Agriculture,21459.9,2,2015,2016,award
"SERVICE ZONE CO., LLC",Department of the Interior,21602.84,1,2018,2018,award
SERVICEMEN GENERAL CONTRACTING GROUP LLC,Department of Homeland Security,9476.0,1,2019,2019,award
SERVICEMEN GENERAL CONTRACTING GROUP LLC,Department of Veterans Affairs,9336.0,1,2019,2019,award
SERVICENTRO DE BUENA VISTA INC,Department of Justice,4726.0,1,2018,2018,award
SERVICIOS AEREOS PROFESIONALES INC,Department of Homeland Security,64900.0,6,2005,2006,award
SERVICIOS EL COQUI,Department of Defense,74994.22,1,2005,2005,award
SERVICIOS MEDICOS UNIVERSITARIOS INC.,Department of Homeland Security,109923.44,5,2009,2012,award
SERVICIOS SANITARIOS DE PUERTO RICO INC.,Department of Agriculture,57022.75,2,2019,2020,award
SERVICIOS SANITARIOS DE PUERTO RICO INC.,Department of Defense,10045.0,2,2022,2023,award
SERVICIOS SANITARIOS DE PUERTO RICO INC.,Department of Homeland Security,509291.32,9,2017,2023,award
"SERVICIOS TECNICOS DE ELEVADORES, INC.",Department of Justice,21670.0,1,2016,2016,award
"SERVIMETAL, INC.",Department of the Interior,55923.0,1,2010,2010,award
SET MANAGEMENT CORP,Department of Defense,18451.32,1,2010,2010,award
"SEVA TECHNICAL SERVICES, INC.",Department of Agriculture,14448.98,2,2018,2023,award
"SEVA TECHNICAL SERVICES, INC.",Department of Homeland Security,116054.25,1,2018,2018,award
"SEVENSON ENVIRONMENTAL SERVICES, INC.",Environmental Protection Agency,15449392.61,3,2019,2024,award
SEVENTH GENIUS LLC,Department of Defense,5956.42,10,2024,2025,award
SF GENERAL MAINTENANCE SERVICES LLC,Department of Homeland Security,18926.25,1,2025,2025,award
SF GENERAL MAINTENANCE SERVICES LLC,General Services Administration,79147.64,5,2021,2022,award
SHANI WALLACE,Department of Defense,21859.0,1,2022,2022,award
SHANO INC.,Department of Defense,131415.53,8,2021,2022,award
SHARP ELECTRONICS CORP,Department of Homeland Security,75224.57,2,2008,2011,award
SHAVER FOODS LLC,Department of Justice,191665.66,6,2019,2021,award
"SHAW ENVIRONMENTAL, INC.",Department of Defense,1730220.56,1,2008,2008,award
SHAW REMEDIATION SERVICES L.L.C.,Department of Defense,8141082.91,2,2003,2004,award
SHEARMAN & STERLING LLP,Department of Transportation,1084262.8,1,2016,2016,award
SHELL CHEMICAL YABUCOA INC,Department of Defense,129917372.82,1,2008,2008,award
"SHERWIN-WILLIAMS COMPANY, THE",Department of Homeland Security,41855.2,3,2013,2013,award
"SHIELD SECURITY SYSTEMS, L.L.C.",Department of Veterans Affairs,39925.8,1,2018,2018,award
"SHIP SUPPLY OF FLORIDA, INC.",Department of Defense,0.0,1,2019,2019,award
"SHIP SUPPLY OF FLORIDA, INC.",Department of Homeland Security,6331.8,2,2018,2018,award
"SHIPLEY GROUP, INC., THE",Department of Homeland Security,39680.0,2,2021,2024,award
"SHOCCO SPRINGS BAPTIST CONFERENCE CENTER, INC.",Department of Homeland Security,562050.0,1,2017,2017,award
"SHOPY RENTAL, CORP",Department of Homeland Security,267819.61,14,2010,2021,award
"SHORE SOLUTIONS, INC.",Department of Justice,867.93,2,2017,2018,award
"SHORT BARK INDUSTRIES, INC.",Department of Defense,11898452.94,1,2014,2014,award
SHUTTERS & ALUMINIUM PRODUCTS CORP,Department of Veterans Affairs,16268.95,3,2023,2024,award
SHVP MOTOR CORP,Department of Homeland Security,406822.0,1,2006,2006,award
SIDNEY S MORELAND IV ATTORNEY,Department of Defense,0.0,1,2019,2019,award
SIEMENS GOVERNMENT TECHNOLOGIES INC,Department of Defense,412416.0,1,2024,2024,award
SIEMENS HEALTHCARE DIAGNOSTICS INC.,Department of Veterans Affairs,393211.38,2,2017,2018,award
"SIEMENS MEDICAL SOLUTIONS USA, INC.",Department of Veterans Affairs,1252467.79,22,2014,2019,award
SIEMPRE VERDE PR CORP,Department of Agriculture,131079.5,6,2018,2018,award
SIEMPRE VERDE PR CORP,Department of the Interior,1235.0,1,2012,2012,award
SIERRA PLUMBING INC,Department of Justice,39500.0,1,2012,2012,award
"SIERRA, RICHARD CHANG",Department of Defense,169763.11,1,2019,2019,award
SIETE INC,Department of Transportation,7800035.15,1,2024,2024,award
SIEVE ANALYTICS INC,Department of Agriculture,137978.0,3,2016,2020,award
SIGARI CORP,Department of the Interior,60600.0,1,2018,2018,award
SIGMA ASSESSMENT SYSTEMS INC,Department of Defense,2009337.31,22,2019,2025,award
SIGMA ASSESSMENT SYSTEMS INC,Department of Homeland Security,67050.0,2,2020,2024,award
SIGN ENGINEERING LLC,Department of Defense,4883.2,1,2011,2011,award
SIGN ENGINEERING LLC,Department of Homeland Security,4418.0,1,2005,2005,award
SIGN ENGINEERING LLC,Department of the Interior,21885.0,1,2018,2018,award
SIGN LANGUAGE INTERPRETERS INC,Department of Defense,411076.0,4,2012,2016,award
SIGN LANGUAGE INTERPRETERS INC,Department of Homeland Security,85573.7,4,2010,2022,award
SIGN LANGUAGE INTERPRETERS INC,Department of the Interior,3450.0,1,2008,2008,award
SIGNATURE BRIDGE INC,Department of Transportation,506606.27,1,2014,2014,award
"SIGNATURE FLIGHT SUPPORT PUERTO RICO, INC.",Department of Defense,0.0,1,2009,2009,award
SIGNS PLUS ROTULOS,Department of Defense,79200.0,1,2011,2011,award
SIGNS PLUS ROTULOS,Department of Homeland Security,1475.0,1,2013,2013,award
SIKORSKY AIRCRAFT CORPORATION,Department of Defense,290559904.24,7,2004,2024,award
SIKORSKY AIRCRAFT CORPORATION,Department of Homeland Security,11031.14,2,2020,2023,award
SIKORSKY SUPPORT SERVICES INC,Department of Defense,2396534.81,1,2011,2011,award
"SILENT PARTNER SECURITY SYSTEMS, INC.",Department of Education,67105.0,1,2023,2023,award
SILVER MOUNTAIN WESTON SB JV LLC,Department of Defense,1350444.0,2,2025,2025,award
SIMCOX REFRIGERATION SUPPLIERS INC,Department of Justice,7870.0,2,2010,2011,award
SIMON DRURY INTERIORS LLC,Department of Justice,11035.01,1,2022,2022,award
"SIMON DRURY LTD., INC.",Department of Commerce,9595.34,1,2009,2009,award
"SIMON DRURY LTD., INC.",Department of Homeland Security,16300.0,1,2007,2007,award
"SIMON DRURY LTD., INC.",Department of Veterans Affairs,2460.71,1,2008,2008,award
"SIMON DRURY LTD., INC.",General Services Administration,48891.27,3,2005,2010,award
SIMPLEX DE PUERTO RICO INC,Department of Defense,108560.0,1,2006,2006,award
SIMPLIFILE LC,Department of Justice,706.0,4,2019,2022,award
"SINGHOFEN & ASSOCIATES, INC",Department of Labor,688695.39,2,2015,2020,award
SINGLETON KAREN,Department of Defense,30800.8,3,2009,2009,award
SIRENO CARLOS MESA TRUCK SUPPLIES,Department of Homeland Security,5836.0,1,2016,2016,award
SIRIUS FEDERAL LLC,Department of Justice,29029.47,3,2018,2021,award
SISBRO SERVICES INC,Department of Justice,221546.28,8,2010,2012,award
SISTEMA UNIVERSITARIO ANA G MENDEZ INC,Smithsonian Institution,5000.0,1,2019,2019,award
"SISTEMA UNIVERSITARIO ANA G. MENDEZ, INCORPORADO",Department of Agriculture,78235.19,2,2014,2017,award
"SISTEMA UNIVERSITARIO ANA G. MENDEZ, INCORPORADO",Department of Commerce,14300.0,1,2011,2011,award
"SISTEMA UNIVERSITARIO ANA G. MENDEZ, INCORPORADO",Peace Corps,42495.92,1,2012,2012,award
SISTEMADT CORP,Department of Defense,27590.0,1,2008,2008,award
SITEMASTER INC,Department of Defense,687758.34,1,2014,2014,award
"SITESOURCE, LLC",Department of Defense,26223.08,1,2018,2018,award
"SIZEWISE RENTALS, L.L.C.",Department of Veterans Affairs,89412.0,1,2018,2018,award
SKY HIGH ELEVATOR CORP,Department of Defense,35980.0,1,2020,2020,award
SKY HIGH ELEVATOR CORP,Department of Homeland Security,173676.0,2,2015,2020,award
SKY HIGH ELEVATOR CORP,Department of Justice,286044.0,5,2024,2025,award
SKY HIGH ELEVATOR CORP,Department of Transportation,137740.0,1,2022,2022,award
SKY HIGH ELEVATOR CORP,Department of the Interior,672663.0,4,2021,2025,award
"SKYTEC, INC",Department of Defense,779516.34,6,2011,2021,award
"SKYTEC, INC",Department of Homeland Security,5500.0,1,2021,2021,award
SMART CHOICE GOURMET LLC,Department of Defense,32046.08,2,2024,2024,award
"SMART MEDICAL SOLUTIONS, INC.",Department of Veterans Affairs,12888.8,16,2008,2011,award
SMD CORPORATION,Department of Homeland Security,78000.0,1,2016,2016,award
SMG PR 2,Department of Homeland Security,14483.42,1,2007,2007,award
SMILE AGAIN LEARNING CENTER CORP,Department of Defense,17289.69,1,2019,2019,award
SMILE AGAIN LEARNING CENTER CORP,Department of Homeland Security,111252.51,3,2020,2022,award
SMILE AGAIN LEARNING CENTER CORP,Environmental Protection Agency,6250.0,1,2012,2012,award
SMITH & NEPHEW INC,Department of Veterans Affairs,66933.63,11,2016,2023,award
"SMITH & NEPHEW, INC.",Department of Veterans Affairs,250414.66,12,2010,2012,award
SMITH-ROOT INC,Department of Agriculture,10635.0,1,2019,2019,award
SMITHS DETECTION INC.,Department of Homeland Security,240736.12,2,2017,2022,award
SMITHS DETECTION INC.,Department of Veterans Affairs,6044.75,1,2018,2018,award
"SNAP, INC",Department of Homeland Security,91549.64,1,2024,2024,award
SNAP-ON INCORPORATED,Department of Defense,9134.35,1,2008,2008,award
SNAP-ON INCORPORATED,Department of Veterans Affairs,3793.11,1,2011,2011,award
SNAPPERFARM INC,Department of Commerce,58480.0,1,2005,2005,award
"SNC MANUFACTURING, LLC",Department of Defense,431869978.31,297,2006,2025,award
"SO-PAK-CO, INC",Department of Homeland Security,9566704.75,5,2017,2024,award
SOCIAL SOLUTIONS LLC,Department of Defense,49998.0,1,2021,2021,award
SOCIEDAD ESPANOLA DE AUXILIO MUTUO Y BENEFICENCIA DE PUERTO RICO,Department of Health and Human Services,72000.0,1,2020,2020,award
SOFRITO MONTERO INC,Department of Justice,2980.0,1,2008,2008,award
"SOFT POWER SOLUTIONS, LLC",Department of Defense,3194325.0,1,2015,2015,award
SOL MOVING GROUP INC,Department of Homeland Security,77770.0,1,2024,2024,award
SOL MOVING GROUP INC,General Services Administration,145500.0,9,2010,2025,award
SOL PUERTO RICO LIMITED,Department of Homeland Security,38024.16,4,2018,2019,award
"SOL SOLUTIONS, LLC",Department of Defense,9741447.64,9,2014,2025,award
"SOLA-GOTAY, KAREN",Department of Agriculture,9966.5,1,2012,2012,award
"SOLAR MOD SYSTEMS, INC",Department of Homeland Security,94983.68,1,2019,2019,award
SOLAR STEP LLC,Department of Homeland Security,219071.49,1,2024,2024,award
SOLAR TURBINES INCORPORATED,Department of Defense,44434.0,2,2015,2022,award
"SOLARES & CO., INC.",Department of Agriculture,3000.0,1,2010,2010,award
"SOLARES & CO., INC.",Department of Defense,105067.45,6,2008,2015,award
"SOLARES & CO., INC.",Department of Veterans Affairs,50131.49,10,2008,2020,award
"SOLARES & CO., INC.",General Services Administration,52910.13,2,2019,2021,award
SOLO PIEZAS CORP,Department of Defense,11776.74,2,2014,2015,award
"SOLORZANO, MARIANO",Department of Agriculture,57400.0,1,2012,2012,award
SOLUTION DYNAMICS INC,Department of Justice,24998.0,1,2019,2019,award
"SOLUTIONS71, LLC",Department of Defense,4636306.02,1,2023,2023,award
SOMAR MARINE LLC,Department of Defense,6774.34,1,2021,2021,award
SOMMERVILLE-WILSON INC,Department of Agriculture,1285000.0,1,2019,2019,award
"SONOMED BIO, INC",Department of Veterans Affairs,45900.0,1,2004,2004,award
"SONS ADVERTISING SPECIALTIES, INC",Department of Defense,160568.38,14,2008,2022,award
"SONS ADVERTISING SPECIALTIES, INC",Department of Veterans Affairs,7595.8,3,2010,2010,award
SONY PUERTO RICO INC,Department of Veterans Affairs,230.0,1,2008,2008,award
SOS INTERNATIONAL LLC,Department of Justice,472226.79,46,2018,2020,award
SOS INTERNATIONAL LTD,Department of Justice,131816.16,12,2018,2018,award
SOTAX CORP,Department of Health and Human Services,212440.75,2,2019,2019,award
"SOTO REFFER CONTAINERS, INC.",Department of Defense,39952.28,6,2010,2013,award
"SOTO, DENIS REVEREND",Department of Justice,2997.0,1,2008,2008,award
"SOTO-BAYO, SANDRA",Department of Agriculture,113600.0,3,2016,2018,award
"SOTO-MUNIZ, YANERIS",Department of Agriculture,86883.6,2,2017,2019,award
"SOTOMAYOR, JAIME D",Equal Employment Opportunity Commission,600.0,1,2008,2008,award
SOURCE ENVIRONMENTAL INC,Department of Agriculture,6962.69,1,2024,2024,award
"SOURCE ONE DIGITAL, LLC",Department of the Interior,6039.0,1,2019,2019,award
"SOURCE SYSTEMS, INC.",Department of Defense,58460.36,1,2020,2020,award
SOURCELINQ LLC,Department of Defense,209440.0,2,2022,2024,award
"SOUTH BEACH ORTHOTICS AND PROSTHETICS, LLC",Department of Veterans Affairs,16285.12,1,2023,2023,award
SOUTH DADE AIR CONDITIONING & REFRIGERATION INC,Department of Justice,6546.2,1,2024,2024,award
SOUTH DADE AIR CONDITIONING & REFRIGERATION INC,General Services Administration,27241574.84,153,2022,2025,award
"SOUTH WESTERN EDUCATION SOCIETY (SESO) SOCIEDAD EDUCACIONAL DEL SUROESTE, INC.",Department of Homeland Security,63000.0,9,2007,2011,award
"SOUTH WESTERN EDUCATION SOCIETY (SESO) SOCIEDAD EDUCACIONAL DEL SUROESTE, INC.",Department of Justice,44740.0,6,2011,2016,award
"SOUTHEAST ROAD BUILDERS, INC",Department of Transportation,8358802.43,1,2016,2016,award
"SOUTHEASTERN ARCHAEOLOGICAL RESEARCH, LLC",Department of Defense,6371019.52,17,2009,2025,award
"SOUTHEASTERN INDUSTRIAL BARLOVENTO JV-2, LLC",Department of Defense,1652723.0,1,2024,2024,award
"SOUTHEASTERN INDUSTRIAL BARLOVENTO JV-3, LLC",Department of Homeland Security,1942172.0,1,2024,2024,award
"SOUTHEASTERN KENTUCKY REHABILITATION INDUSTRIES, INC",Department of Defense,139503.48,2,2019,2019,award
"SOUTHERN FOLGER DETENTION EQUIPMENT COMPANY, LLC",Department of Justice,14601.31,1,2018,2018,award
"SOUTHERN POLICE EQUIPMENT COMPANY, INC.",Department of Justice,5260.63,1,2018,2018,award
"SOUTHERN STORAGE MANAGEMENT SYSTEMS, INC.",Department of Homeland Security,49428.8,1,2018,2018,award
SOUTHWEST AIRLINES CO.,Department of Defense,1497445.73,14,2018,2023,award
"SP CONCEPTS, INC",Department of Veterans Affairs,20646.38,1,2018,2018,award
SP SURGICAL PRODUCTS,Department of Veterans Affairs,9045.0,2,2015,2017,award
SPACE SAVER MODULAR SYSTEMS,Department of Agriculture,48547.52,2,2008,2008,award
SPACE SAVER MODULAR SYSTEMS,Department of Veterans Affairs,9285.0,1,2008,2008,award
SPACESAVER STORAGE SYSTEMS INC,Department of Agriculture,52691.21,1,2019,2019,award
"SPANGLISH FILMS, INC.",Department of Agriculture,20000.0,1,2015,2015,award
"SPECCO ENVIRONMENTAL, INC.",Department of Defense,85068.38,2,2010,2011,award
SPECIALIZED MEDICAL EQUIPMENT,Department of Veterans Affairs,5945.0,2,2008,2008,award
SPECIALTY EMERGENCY EQUIPMENT CORP,Department of Defense,16680.0,1,2008,2008,award
SPECIALTY MEDICAL DEVICES INC,Department of Veterans Affairs,262.5,1,2008,2008,award
"SPECIALTY TRANSPORT SOLUTIONS INTERNATIONAL, INC.",Department of Homeland Security,38300.0,1,2017,2017,award
"SPECOPS MEDICAL SUPPLY, LLC",Department of Veterans Affairs,54702.0,1,2019,2019,award
"SPECPRO TECHNICAL SERVICES, LLC",Department of Defense,81019.1,1,2009,2009,award
SPECTRE ALLIANCE INDUSTRIES L.L.C.,Department of Commerce,130961.7,1,2024,2024,award
"SPECTRO ANALYTICAL INSTRUMENTS, INC.",Department of Agriculture,12276.47,1,2019,2019,award
"SPECTRO SCIENTIFIC, INC",Department of Homeland Security,4510.0,1,2018,2018,award
SPECTRON CARIBE INC,Department of Justice,210.0,1,2011,2011,award
"SPECTRUM HEALTHCARE RESOURCES, INC",Department of Homeland Security,49076.4,4,2022,2023,award
SPECTRUM SERVICES GROUP INC,Department of Justice,0.0,1,2012,2012,award
SPEEDY RENTAL EQUIPMENT CORPORATION,Department of Defense,58375.0,1,2011,2011,award
"SPIDER TELECOM CONSTRUCTION, LLC",Department of Justice,8642.31,1,2025,2025,award
SPON COMPUTER CORP,Department of Justice,17288.77,1,2013,2013,award
SPON COMPUTER CORP,Department of Veterans Affairs,4531.21,1,2016,2016,award
"SPORTSWEAR PLUS, INC.",Department of Defense,189970.0,1,2023,2023,award
SPOT LLC,Department of Justice,41019.15,9,2018,2025,award
"SPREE EXPEDITIONS, INC.",Department of Commerce,0.0,1,2013,2013,award
SPRINT COMMUNICATIONS CO LP,Department of Health and Human Services,9137.44,1,2014,2014,award
SPS INDUSTRIAL INC,Department of Justice,14346.9,1,2020,2020,award
SPS INDUSTRIAL INC,Department of Veterans Affairs,2409.45,1,2017,2017,award
"SR CONSTRUCTION & SERVICES, INC",Department of Agriculture,265910.0,32,2008,2015,award
"SSH MOVERS, INC",Department of Homeland Security,9500.0,1,2018,2018,award
"SSH MOVERS, INC",General Services Administration,54144.0,7,2012,2016,award
ST ENGINEERING MARINE LTD.,Department of Defense,13909991.56,2,2023,2023,award
"ST JUDE MEDICAL PUERTO RICO, INC",Department of Veterans Affairs,4090.0,1,2011,2011,award
ST. CROIX MARKSMANSHIP ASSOCIATION,Department of Justice,1125.0,1,2019,2019,award
ST. JOHNS BOAT COMPANY,Department of Defense,21492.48,1,2023,2023,award
"ST. JUDE MEDICAL S.C., INC.",Department of Veterans Affairs,266722.28,10,2018,2019,award
STANDARD IMAGING INC,Department of Veterans Affairs,37345.0,1,2018,2018,award
STANLEY CONSULTANTS INC,Department of Defense,2343608.86,1,2019,2019,award
STANLEY CONSULTANTS-STANTEC JV,Department of Defense,2648920.23,2,2021,2024,award
STANTEC CONSULTING SERVICES INC,Department of Defense,1282299.81,1,2021,2021,award
STANTEC CONSULTING SERVICES INC,Department of Transportation,3277848.26,1,2019,2019,award
"STANTEC ENGINEERING PUERTO RICO, PSC",Department of the Interior,153795.0,6,2013,2015,award
STANTEC GS INC.,Department of Defense,342078.56,1,2022,2022,award
STANTEC TETRA TECH JV II,Department of Defense,1708455.67,1,2021,2021,award
STANTEC-FNI JV,Department of Defense,607295.81,1,2024,2024,award
STANTEC-VOLKERT-JMT A JV,Department of Transportation,640972.27,1,2023,2023,award
STAPLES INC,Department of Defense,3547.14,1,2014,2014,award
STAR ASSET SECURITY LLC,Department of Justice,11541.63,1,2022,2022,award
STAR ELECTRICAL SERVICES & GENERAL SUPPLIES INC,Department of Defense,142693.0,5,2009,2023,award
STAR ELECTRICAL SERVICES & GENERAL SUPPLIES INC,Department of Justice,18580.0,3,2010,2021,award
"STAR MARIANAS AIR, INC",Department of Homeland Security,75105.5,3,2018,2019,award
STARLIGHT CORP,Department of Defense,420124.0,1,2006,2006,award
"STARR II, A JOINT VENTURE",Department of Homeland Security,5750700.91,9,2017,2023,award
STEEL AND PIPES INC,Department of Defense,275323.0,13,2008,2016,award
STEEL AND PIPES INC,Department of Homeland Security,39763.23,3,2019,2021,award
STEEL AND PIPES INC,Department of Justice,6078.0,1,2010,2010,award
STEEL AND PIPES INC,Department of Veterans Affairs,120.0,1,2008,2008,award
STEEL SERVICES & SUPPLIES INC,Department of the Interior,13993.2,1,2013,2013,award
STEELCASE INC.,Department of Homeland Security,19319.55,2,2022,2023,award
STEELCASE INC.,Department of Justice,46726.52,2,2019,2021,award
STEELCASE INC.,Department of Labor,95261.36,1,2015,2015,award
STEELCASE INC.,Department of Transportation,81987.63,1,2021,2021,award
STEELCASE INC.,Department of the Interior,67973.27,1,2022,2022,award
STEELCASE INC.,General Services Administration,170571.1,1,2022,2022,award
STEELHEAD CONSTRUCTORS JV,Department of Transportation,2296787.23,1,2025,2025,award
"STEELSTRAN INDUSTRIES, INC",Department of Defense,40167.86,1,2019,2019,award
STEEN ENTERPRISES INC,Department of Defense,197142.0,1,2020,2020,award
STELL ENVIRONMENTAL ENTERPRISES INC,Department of Defense,222697.96,1,2018,2018,award
STERICYCLE INC,Department of Homeland Security,44262.2,7,2018,2025,award
STERICYCLE INC,Department of Veterans Affairs,2145.0,1,2018,2018,award
STERICYCLE INC,Department of the Interior,4318.93,1,2020,2020,award
STERICYCLE INC,Department of the Treasury,68143.51,3,2015,2021,award
STERILECO LLC,Department of the Interior,29204.0,1,2025,2025,award
STERLING COMPUTERS CORPORATION,Department of Defense,368786.74,4,2022,2025,award
STERLING COMPUTERS CORPORATION,Department of Justice,118558.16,1,2021,2021,award
STERLING COMPUTERS CORPORATION,Department of the Interior,22363.71,1,2018,2018,award
STERLING MERCHANDISING INC,Department of Defense,122499.16,6,2008,2008,award
STEVE LEMAY LLC,Department of Defense,129000.0,1,2017,2017,award
STEVE MALDONADO,Department of Agriculture,70960.0,1,2021,2021,award
STEVEN VELEZ ORTA,Consumer Financial Protection Bureau,800.0,1,2023,2023,award
"STEVEN, TORO",Department of the Interior,9872.0,3,2013,2015,award
STEVENS TOWING CO INC,Department of Defense,363050.0,1,2019,2019,award
STEVENSON FORMEL FREIGHT SERVICES LLC,Department of Homeland Security,986975.46,5,2015,2020,award
STEVENSON FORMEL FREIGHT SERVICES LLC,Department of Justice,15150.0,2,2013,2018,award
STEVENSON FORMEL FREIGHT SERVICES LLC,Department of the Interior,1350.0,1,2014,2014,award
"STI-CO INDUSTRIES, LLC.",Department of Justice,16287.68,2,2018,2021,award
STILL CONTRACTORS LLC,Department of Transportation,1462879.44,1,2016,2016,award
"STILTEN, LTD. CO.",Department of the Interior,73500.0,1,2020,2020,award
STORMWATER PLANS LLC,Department of Transportation,9548868.67,1,2019,2019,award
"STRATEGIC CONSULTING ALLIANCES, LLC",Department of Homeland Security,1292037.18,1,2018,2018,award
STROHMAN ENTERPRISE INC,Department of Agriculture,88177.7,2,2018,2021,award
STROHMAN ENTERPRISE INC,Department of Health and Human Services,84613.26,1,2018,2018,award
STROHMAN ENTERPRISE INC,Department of Justice,57684.55,3,2018,2020,award
STROLLO & STROLLO LLC,Department of Veterans Affairs,370098.5,2,2021,2021,award
STRUCTSURE PROJECTS INC,Department of Defense,0.0,1,2014,2014,award
STRUCTURAL STEEL WORKS INC,Department of Defense,40079.65,1,2012,2012,award
"STRUCTURE ERECTORS, INC.",Department of Defense,85430.0,1,2008,2008,award
"STRYKER SALES, LLC",Department of Veterans Affairs,35397.19,3,2022,2024,award
STV-MOFFATT NICHOL DHS JOINT VENTURE,Department of Homeland Security,105694.48,1,2025,2025,award
STX INSIGHTS LLC,Department of Defense,8412.0,1,2025,2025,award
SUBIC DRYDOCK CORPORATION,Department of Defense,12755230.02,3,2022,2024,award
SUCESION CARLOS QUI?ONES,Department of Homeland Security,59100.0,2,2014,2016,award
"SUELOS, PSC",Department of the Interior,17210.0,3,2010,2013,award
"SUITE, RONALD",General Services Administration,8230.0,1,2019,2019,award
SUIZA DAIRY CORPORATION,Department of Defense,848324.09,19,2008,2012,award
SUIZA DAIRY CORPORATION,Department of Justice,646380.0,13,2010,2018,award
SUIZA DAIRY CORPORATION,Department of Veterans Affairs,398414.73,22,2008,2013,award
"SUIZA DAIRY GROUP, LLC",Department of Justice,8073.0,1,2017,2017,award
"SULSONA, EMILIO",Department of Agriculture,6500.0,1,2012,2012,award
"SUMMIT CM, INC.",Department of Transportation,269034.3,1,2016,2016,award
"SUMMIT CONSTRUCTION, INC.",Department of Defense,10183600.27,1,2024,2024,award
"SUN COUNTRY, INC.",Department of Defense,1527900.0,9,2018,2025,award
"SUN PRO PUERTO RICO, INC",Department of Defense,43671.0,1,2010,2010,award
"SUNBAY MARINA, INC.",Department of Justice,139271.46,12,2012,2020,award
"SUPER ASPHALT PAVEMENT, CORP",Department of Commerce,88888.88,1,2021,2021,award
"SUPER ASPHALT PAVEMENT, CORP",Department of Homeland Security,22090.0,1,2010,2010,award
SUPER AUTOMOTIVE PRODUCTS INC,Department of Defense,35584.0,2,2008,2011,award
SUPER POLLO Y ALGO MAS,Department of Defense,9404.0,2,2008,2008,award
SUPER SELLOS INC.,Department of Homeland Security,8851.32,1,2013,2013,award
"SUPERIOR EQUIPMENT AND SUPPLY, CO.",Department of Defense,583.64,1,2018,2018,award
"SUPERIOR EQUIPMENT AND SUPPLY, CO.",Department of Justice,23971.5,2,2019,2019,award
SUPERIOR MINDS LLC,Department of Defense,53620.0,1,2019,2019,award
SUPERIOR-ANGRAN LLC,Department of Agriculture,75700.0,2,2015,2015,award
SUPERIOR-ANGRAN LLC,Department of Defense,798.0,1,2010,2010,award
SUPPLIES & SERVICES INC,Department of Defense,371941.23,8,2004,2013,award
SUPPLIES & SERVICES INC,Department of State,74973.61,9,2008,2010,award
SUPPLYCORE LLC,Department of Defense,257950.0,1,2018,2018,award
"SUPPLYSOURCE DC, LLC",National Labor Relations Board,3714.42,1,2023,2023,award
SURFSIDE HOTEL CORPORATION,Department of Defense,0.0,17,2024,2025,award
SURGICAL INNOVATIONS CORP,Department of Veterans Affairs,24397.0,3,2015,2016,award
SURGICAL SOLUTIONS-JA PUERTO RICO INC,Department of Veterans Affairs,217559.0,22,2014,2025,award
"SURGICAL TOOLS, INC.",Department of Veterans Affairs,262239.91,1,2018,2018,award
SURGICARE MEDICAL PRODUCTS CORP,Department of Veterans Affairs,106.0,1,2008,2008,award
"SURGIFIX, INC.",Department of Veterans Affairs,5900.0,1,2013,2013,award
"SURGYTEK OF PUERTO RICO, INC",Department of Veterans Affairs,31891.4,26,2008,2008,award
SURV KAP INC,Department of Agriculture,71512.8,1,2020,2020,award
"SURVTECH SOLUTIONS, INC.",Department of Defense,34940.14,1,2023,2023,award
"SUSTAINMENT & RESTORATION SERVICES, LLC",Department of Defense,146984.0,2,2021,2022,award
SUSTECH LLC,Department of the Interior,520994.06,4,2019,2022,award
SVC SAN JUAN TRS LLC,Department of Defense,201229.81,2,2023,2024,award
SVL ANALYTICAL INC,Department of Transportation,4680.0,1,2018,2018,award
SWARM TECHNOLOGIES INC,Department of Homeland Security,1215000.0,3,2022,2024,award
SWEEPING & VACCUM UNLIMITED INC,Department of Veterans Affairs,6968.1,2,2015,2021,award
"SWIFT AIR, L.L.C.",Department of Defense,85543.0,1,2023,2023,award
SWINE ROBOTICS INC,Department of Agriculture,101817.81,1,2023,2023,award
"SWISS AMERICAN SCHOOLS & COLLEGES OF PR, INC.",Department of Justice,6795.0,2,2010,2010,award
SWISS CHALET INC,Department of Commerce,13866.0,1,2015,2015,award
SWISS CHALET INC,Department of Defense,137223.66,39,2010,2025,award
SWISS MANAGEMENT GROUP LLC,Department of Homeland Security,169488.0,1,2018,2018,award
SWN COMMUNICATIONS INC.,Department of Homeland Security,3610.24,1,2020,2020,award
SYLGER CORPORATION,Department of Agriculture,453052.13,1,2018,2018,award
"SYN-TECH SYSTEM, INC.",Department of Homeland Security,0.0,1,2015,2015,award
SYRACUSE UNIVERSITY,Department of Health and Human Services,317598.0,1,2022,2022,award
"SYSMEX AMERICA, INC",Department of Defense,216389.49,4,2016,2023,award
"SYSMEX AMERICA, INC",Department of Veterans Affairs,348561.52,2,2017,2024,award
"SYSOREX GOVERNMENT SERVICES, INC.",Department of Justice,20899.0,1,2020,2020,award
SYSTEMA PR INC,Department of Agriculture,13200.0,1,2008,2008,award
SYSTEMA PR INC,Department of Defense,38791.58,1,2016,2016,award
SYSTEMA PR INC,Department of Health and Human Services,0.0,1,2014,2014,award
SYSTEMA PR INC,Department of Homeland Security,70619.81,1,2006,2006,award
SYSTEMA PR INC,Department of Justice,52258.32,17,2013,2025,award
SYSTRONICS INC,Department of Defense,1228648.01,78,2008,2019,award
SYSTRONICS INC,Department of Health and Human Services,11175.0,1,2024,2024,award
SYSTRONICS INC,Department of Homeland Security,1221954.94,9,2005,2023,award
SYSTRONICS INC,Department of Justice,477.84,1,2025,2025,award
SYSTRONICS INC,Department of Veterans Affairs,22880.3,6,2008,2010,award
SYSTRONICS INC,General Services Administration,1130106.06,34,2008,2011,award
"T & T MARINE SALVAGE, INC.",Department of Homeland Security,22289954.28,1,2018,2018,award
T Y LIN INTERNATIONAL,Department of Agriculture,25000.0,1,2022,2022,award
"T-MOBILE USA, INC.",Department of Defense,54432.35,4,2021,2025,award
"T-MOBILE USA, INC.",Department of Justice,20313.06,1,2016,2016,award
"T-MOBILE USA, INC.",Department of Veterans Affairs,57599934.98,2,2018,2022,award
"T-MOBILE USA, INC.",Department of the Treasury,13524.34,1,2022,2022,award
"T.H. AMADEUS, INC.",Department of Defense,19193.04,1,2015,2015,award
"T47 INTERNATIONAL, INC.",Department of Defense,1752829.18,1,2024,2024,award
"TACTICAL & SURVIVAL SPECIALTIES, LLC",Department of Veterans Affairs,93627.7,1,2019,2019,award
TACTICAL MESH LLC,Department of Defense,106705.0,2,2013,2014,award
TACTICAL-CHOICE,Department of Defense,0.0,1,2008,2008,award
"TAHA, ABDALLAH",General Services Administration,980991.96,28,2008,2022,award
TAKEDA PHARMACEUTICALS AMERICA INC,Department of Veterans Affairs,18741.06,1,2025,2025,award
"TALANTAGE, LLC",Department of Agriculture,155234.0,1,2025,2025,award
"TALAVERA, MARINELIS",Department of Agriculture,146046.69,3,2012,2016,award
"TALLER 34, INC.",Department of Defense,5476653.72,12,2010,2016,award
"TALLER 34, INC.",Department of Veterans Affairs,34409.0,1,2018,2018,award
"TALLER 34, INC.",General Services Administration,2148814.93,5,2014,2015,award
TALLER ALMANSA,Department of Veterans Affairs,21265.0,4,2008,2010,award
TALLER GUATIAO,Department of Veterans Affairs,5000.0,1,2008,2008,award
"TALLER LOS AMIGOS, INC.",Department of Homeland Security,5723.7,1,2011,2011,award
TALLER OCASIO,Department of Veterans Affairs,1805.0,1,2008,2008,award
TALLER SALUD INC,Department of Health and Human Services,4000.0,1,2008,2008,award
TALON VETERAN SERVICES INCORPORATED,Department of Homeland Security,50512.5,1,2022,2022,award
"TALQUIN PORTABLE RESTROOMS, INC.",Department of Homeland Security,79735.59,4,2019,2019,award
TAMAURY SECURITY SYSTEMS INC,Department of Homeland Security,10436.0,1,2006,2006,award
TAMRIO INC,Department of Transportation,2661567.48,3,2010,2018,award
TANTARA ASSOCIATES CORP,General Services Administration,16708.29,1,2018,2018,award
"TARI, INC.",Department of Justice,10290.0,1,2018,2018,award
TASIS DORADO INC,Department of Homeland Security,197759.0,3,2007,2009,award
TASK FORCE POLICE LLC,Department of Agriculture,7029.46,1,2020,2020,award
TASK FORCE POLICE LLC,Department of Homeland Security,459928.87,2,2023,2024,award
TATONDUK OUTFITTERS LIMITED,Department of Defense,57105.23,1,2023,2023,award
TAVA PRODUCTS LLC,Department of Justice,5170.06,1,2017,2017,award
TAYRONA INVESTMENTS LLC,Department of Defense,105336.07,7,2025,2025,award
TCP TECHNOLOGIES INC,Department of Homeland Security,60434.0,5,2008,2012,award
"TCS INTERPRETING, INC.",Department of Homeland Security,6377978.06,9,2018,2020,award
TEAM RONCO INCORPORATED,Department of State,5461.25,1,2018,2018,award
TEAM SYSTEMS INTERNATIONAL LLC,Department of Homeland Security,37579547.81,1,2017,2017,award
"TEC GENERAL CONTRACTOR, CORP.",Department of Defense,31845578.92,2,2004,2008,award
TEC-GMI JOINT VENTURE,Department of Defense,343487.25,1,2013,2013,award
TECH MEDICAL GROUP INC,Department of Veterans Affairs,220175.0,21,2011,2018,award
"TECH O. R., LLC",Department of Defense,15812.0,1,2025,2025,award
TECH SUPPORT MASTERS,Department of Defense,3463.0,1,2009,2009,award
TECH62 INC,Department of Veterans Affairs,50964.0,1,2025,2025,award
TECHANAX LLC,Department of Veterans Affairs,95261.5,1,2018,2018,award
TECHCOM CORP,Department of Homeland Security,6128.5,1,2018,2018,award
"TECHLAW, INC.",Environmental Protection Agency,779690.1,2,2012,2015,award
TECHNICA LLC,Department of Defense,1973568.6,2,2011,2014,award
TECHNICAL CONSULTING GROUP INC,Environmental Protection Agency,2438.0,1,2012,2012,award
TECHNICAL DISTRIBUTORS INC,Department of Defense,155280.0,4,2007,2011,award
TECHNICAL DISTRIBUTORS INC,Department of Homeland Security,0.0,1,2014,2014,award
TECHNICAL DISTRIBUTORS INC,Department of Justice,8100.0,1,2008,2008,award
TECHNICAL DISTRIBUTORS INC,Department of Veterans Affairs,1159397.17,13,2008,2014,award
TECHNICAL DISTRIBUTORS INC,Department of the Interior,5060.0,2,2007,2010,award
TECHNICAL INDUSTRIAL SALES INC,Department of Homeland Security,19040.88,1,2010,2010,award
TECHNICAL MAINTENANCE AND SERVICES CORP,Department of Homeland Security,167759.3,2,2012,2017,award
TECHNICAL MAINTENANCE AND SERVICES CORP,Department of Justice,271011.0,19,2011,2025,award
TECHNICAL MAINTENANCE AND SERVICES CORP,Department of the Interior,19500.0,3,2011,2015,award
TECHNICAL MAINTENANCE AND SERVICES CORP,Department of the Treasury,63586.77,11,2010,2014,award
TECHNICAL MAINTENANCE AND SERVICES CORP,General Services Administration,36050.5,3,2012,2016,award
"TECHNICAL POWER SERVICE, INC",Department of Defense,132831.86,3,2011,2022,award
"TECHNICAL POWER SERVICE, INC",Department of Homeland Security,9840.0,1,2010,2010,award
"TECHNICAL POWER SERVICE, INC",Department of Veterans Affairs,611178.0,2,2020,2025,award
"TECHNICAL POWER SERVICE, INC",Department of the Interior,10883.52,1,2015,2015,award
"TECHNICAL POWER SERVICE, INC",Department of the Treasury,18835.0,10,2007,2014,award
TECHNICAL SYSTEMS SPECIALTIES CORPORATION,Department of Veterans Affairs,100161.67,7,2008,2025,award
TECHNO CONTRACTORS CORP,Department of Defense,29221.98,3,2015,2015,award
TECHNO MUNDO BACK UP INC,Department of Agriculture,7492.0,1,2014,2014,award
TECHNO MUNDO BACK UP INC,Department of Health and Human Services,52219.0,3,2013,2022,award
TECHNO MUNDO BACK UP INC,Department of Homeland Security,12110.0,1,2021,2021,award
"TECHNO-SCIENCES, LLC",Department of Homeland Security,4799.25,1,2018,2018,award
TECNEW CONSTRUCTION LLC,Department of Agriculture,31660.0,1,2020,2020,award
"TECNO-LITE DE PUERTO RICO, INC.",Department of Defense,8155.0,1,2008,2008,award
"TECNO-LITE DE PUERTO RICO, INC.",Department of Homeland Security,775733.54,1,2018,2018,award
"TECNO-LITE DE PUERTO RICO, INC.",Department of Veterans Affairs,10942.75,11,2008,2008,award
"TECNO-LITE DE PUERTO RICO, INC.",Department of the Interior,9480.0,1,2011,2011,award
TEKNION LLC,General Services Administration,2987271.47,2,2017,2017,award
TEKSOL INTEGRATION GROUP INC,Department of Agriculture,75275.0,3,2024,2024,award
TEKSOL INTEGRATION GROUP INC,Department of Defense,30539014.34,17,2021,2026,award
TEKSOL INTEGRATION GROUP INC,Department of Homeland Security,3683326.0,1,2025,2025,award
TEKSOL INTEGRATION GROUP INC,Department of Justice,87704.0,1,2018,2018,award
"TELA BIO, INC.",Department of Veterans Affairs,13000.0,1,2018,2018,award
"TELEC ENGINEERS, PSC",Department of Veterans Affairs,5000.0,1,2008,2008,award
"TELECINCO, INC.",Department of Justice,252550.0,20,2008,2026,award
TELECOM MEDIA GROUP CORP.,Department of Defense,1238999.5,35,2008,2018,award
TELECOM MEDIA GROUP CORP.,Department of Homeland Security,4946.0,1,2017,2017,award
"TELECOMUNICACIONES DE PUERTO RICO, INC",Department of Defense,6018350.17,35,2005,2012,award
"TELECOMUNICACIONES DE PUERTO RICO, INC",Department of Education,10713.37,4,2006,2010,award
"TELECOMUNICACIONES DE PUERTO RICO, INC",Department of Homeland Security,13615.0,1,2006,2006,award
"TELECOMUNICACIONES DE PUERTO RICO, INC",Department of Justice,32626.48,8,2007,2008,award
"TELECOMUNICACIONES DE PUERTO RICO, INC",Department of Labor,720.0,1,2008,2008,award
"TELECOMUNICACIONES DE PUERTO RICO, INC",Department of Veterans Affairs,101590.12,1,2006,2006,award
"TELECOMUNICACIONES DE PUERTO RICO, INC",Department of the Interior,5003.57,1,2011,2011,award
"TELECOMUNICACIONES DE PUERTO RICO, INC",Office of Personnel Management,895.45,1,2008,2008,award
"TELEDYNE FLIR DEFENSE, INC.",Department of Homeland Security,263486.0,2,2023,2025,award
"TELEDYNE FLIR DEFENSE, INC.",Department of Transportation,21838.16,1,2023,2023,award
"TELEFONICA LARGA DISTANCIA DE PUERTO RICO, INC.",Department of Defense,45654.6,5,2008,2010,award
TELEMUNDO OF PUERTO RICO LLC,Department of Justice,87914.88,5,2022,2026,award
"TELEMUNDO OF PUERTO RICO, INC",Department of Defense,8500.0,2,2009,2009,award
"TELEMUNDO OF PUERTO RICO, INC",Department of Health and Human Services,1300.0,1,2008,2008,award
"TELEMUNDO OF PUERTO RICO, INC",Department of Justice,165403.56,14,2008,2021,award
TELEPHONICS CORP,Department of Defense,473194.0,1,2018,2018,award
TELEPRO CARIBE INC,Department of Defense,19182.76,3,2008,2008,award
TELEPRO CARIBE INC,Department of Homeland Security,4044.88,2,2007,2008,award
TENNANT SALES AND SERVICE COMPANY,Department of Homeland Security,17943.76,1,2021,2021,award
TENNSCO CORP.,Department of Justice,11429.99,1,2018,2018,award
TERA CONSULTING INC.,Department of Agriculture,12568.0,1,2024,2024,award
TERACAI CORPORATION,Department of the Interior,34102.77,2,2022,2022,award
TERESA NAZARIO DELGADO,Department of Veterans Affairs,800.0,1,2008,2008,award
TERRA LANDSCAPE LLC,Department of Agriculture,69900.0,1,2024,2024,award
TERRANEAR PMC LLC,Department of Defense,251987.1,1,2012,2012,award
"TERRESTRIS, LLC",Department of Agriculture,251908.84,1,2025,2025,award
"TERRESTRIS, LLC",Department of Defense,1762.5,2,2025,2025,award
"TERRESTRIS, LLC",Department of Justice,29133.2,1,2024,2024,award
TERUMO BCT INC,Department of Veterans Affairs,43353.57,2,2016,2021,award
"TESELTA, LLC",Department of Defense,33869.0,3,2008,2015,award
"TESELTA, LLC",Department of Homeland Security,2237097.38,15,2006,2023,award
"TESELTA, LLC",Department of Veterans Affairs,911116.07,13,2008,2025,award
"TESELTA, LLC",Department of the Interior,29500.0,1,2008,2008,award
TESSCO INCORPORATED,Department of Homeland Security,135228.42,1,2018,2018,award
TESSCO TECHNOLOGIES INC,Department of Justice,5041.96,1,2020,2020,award
"TESTFORCE USA, INC.",Department of Defense,45951.38,1,2020,2020,award
"TETRA TECH EC, INC.",Department of Defense,6493642.5,1,2011,2011,award
TETRA TECH INC,Department of Defense,2460997.34,5,2009,2014,award
"TETRA TECH NUS, INC.",Department of Defense,134857.97,1,2012,2012,award
"TETRA TECH, INC.",Department of Defense,676952.4,5,2004,2008,award
"TETRA TECH, INC.",Department of Homeland Security,918228.57,2,2018,2023,award
TETRA TECH-STANLEY JV,Department of Defense,434302.48,2,2021,2022,award
TEXAS A&M AGRILIFE RESEARCH,Department of Agriculture,30328.0,2,2023,2024,award
TEXTAINER EQUIPMENT MANAGEMENT (U.S.) LIMITED,Department of Defense,121212.0,1,2025,2025,award
TEYA SERVICES LLC,Department of Agriculture,187793.0,1,2019,2019,award
THE AKANA GROUP INC.,Department of Veterans Affairs,124621.49,2,2021,2022,award
"THE BALDWIN SCHOOL OF PUERTO RICO, INC.",Department of Homeland Security,47627.07,2,2007,2009,award
THE CLOSET SHOP C.L. AND MORE... CORP.,Department of Defense,9425.0,1,2008,2008,award
"THE CONSOLIDATED REHAB GROUP, INC.",Department of Veterans Affairs,3672.0,4,2017,2019,award
THE CORPORATE SOURCE INCORPORATED,Department of Homeland Security,250038.96,1,2007,2007,award
THE DEVEREUX FOUNDATION,Department of Defense,974169.27,1,2017,2017,award
"THE ENTERTAINMENT MARKETING GROUP, INC.",Department of Homeland Security,16500.0,2,2019,2019,award
THE FAIRBANK CORPORATION,Department of Homeland Security,27620.0,1,2009,2009,award
THE FAIRBANK CORPORATION,Department of Justice,115178.48,9,2011,2025,award
THE FAIRBANK CORPORATION,Department of Veterans Affairs,17546.5,11,2008,2008,award
THE GLOCOMS GROUP INC,Department of Homeland Security,412190.0,2,2020,2021,award
"THE GORDIAN GROUP, INC.",Department of Homeland Security,2618654.0,13,2021,2025,award
"THE GPS STORE, INC",Department of Agriculture,0.0,1,2018,2018,award
"THE HANOVER INSURANCE GROUP, INC.",Department of Defense,26385400.86,1,2009,2009,award
THE HILLER COMPANIES LLC,Department of Defense,172036.0,3,2019,2020,award
THE HOLIDAY INN,Department of Homeland Security,28200.0,1,2020,2020,award
THE JANZ CORP,Department of Homeland Security,13808.4,1,2019,2019,award
THE JANZ CORP,Department of Veterans Affairs,81777.87,2,2019,2019,award
"THE JOHNSON-MCADAMS FIRM, P.A.",Department of Agriculture,651234.68,5,2019,2020,award
"THE JOHNSON-MCADAMS FIRM, P.A.",Department of Homeland Security,882916.04,4,2016,2021,award
"THE JOHNSON-MCADAMS FIRM, P.A.",Department of Labor,373773.13,1,2020,2020,award
"THE JOHNSON-MCADAMS FIRM, P.A.",Department of the Interior,0.0,1,2018,2018,award
THE JONESZYLON COMPANY LLC,Department of Justice,196744.44,5,2018,2023,award
THE KINETIC GROUP SALES LLC,Department of Justice,224965.8,16,2018,2025,award
THE LANDMARK GROUP INC,Department of Veterans Affairs,10127.61,1,2018,2018,award
"THE LANGUAGE DOCTORS, INC",Department of Defense,9758.75,3,2021,2022,award
"THE LANGUAGE DOCTORS, INC",Department of Health and Human Services,617330.1,2,2021,2022,award
"THE LANGUAGE DOCTORS, INC",Department of Homeland Security,82509.6,4,2021,2022,award
"THE LANGUAGE DOCTORS, INC",Department of Justice,5520.0,1,2021,2021,award
"THE LANGUAGE DOCTORS, INC",Department of the Interior,15581.84,2,2021,2022,award
"THE LANGUAGE DOCTORS, INC",Department of the Treasury,62750.29,4,2019,2021,award
"THE LIPSKI GROUP, INC",General Services Administration,96648.2,1,2025,2025,award
THE MASON & HANGER GROUP INC.,Department of Defense,6612262.01,6,2017,2022,award
"THE MMM GROUP, INC.",Department of Veterans Affairs,59875.0,1,2019,2019,award
THE NATIONAL CENTER FOR MISSING AND EXPLOITED CHILDREN,Department of Homeland Security,124609.41,1,2017,2017,award
"THE OTTERY GROUP, INC",Department of the Interior,163602.48,1,2025,2025,award
"THE PAN AMERICAN GUN CLUB, INC.",Department of Homeland Security,179084.96,9,2005,2013,award
"THE PAN AMERICAN GUN CLUB, INC.",Department of Justice,37300.0,9,2015,2025,award
"THE POWER PLACE, INC.",Department of Defense,29456.0,3,2010,2016,award
"THE POWER PLACE, INC.",Department of Homeland Security,73940.5,7,2006,2020,award
"THE POWER PLACE, INC.",Department of the Treasury,6700.0,1,2014,2014,award
THE PROMETHEUS GROUP OF NEW HAMPSHIRE LIMITED,Department of Veterans Affairs,15338.72,1,2018,2018,award
THE RAND CORPORATION,Department of Homeland Security,73469940.57,6,2018,2024,award
THE REMI GROUP LLC,Department of Health and Human Services,1593854.07,2,2019,2024,award
"THE ROBINSON SCHOOL, INCORPORATED",Department of Justice,109194.0,6,2012,2025,award
THE SECURITY GROUP CORP,Department of Homeland Security,61197.44,3,2008,2009,award
THE SECURITY GROUP CORP,Department of Justice,14349.08,1,2018,2018,award
THE SHERWIN-WILLIAMS COMPANY,Department of Justice,4242.1,1,2008,2008,award
THE SHERWIN-WILLIAMS COMPANY,Department of Veterans Affairs,7154.09,4,2008,2008,award
THE TARGET SHOP LLC,Department of Justice,492.35,1,2022,2022,award
"THE TITLE SECURITY GROUP, LLC",Department of Defense,0.0,1,2020,2020,award
THE TRUSTEES OF COLUMBIA UNIVERSITY IN THE CITY OF NEW YORK,Department of the Interior,250646.86,1,2023,2023,award
"THE URBAN COLLABORATIVE, LLC: MASTER PLANNING, URBAN DESIGN, AND ARCHITECTURE",Department of Defense,99073.0,1,2014,2014,award
"THE WHITESTONE GROUP, INC.",Department of Homeland Security,0.0,1,2017,2017,award
"THE WOODS HOLE GROUP, INC.",Department of Homeland Security,15180.0,1,2023,2023,award
THE WORKERS CORP,Department of Defense,41954.86,1,2008,2008,award
THERMO SCIENTIFIC PORTABLE ANALYTICAL INSTRUMENTS INC.,Department of Justice,1305.0,1,2019,2019,award
THINKFORM DESIGN ARCHITECT LLC,Department of Veterans Affairs,226567.96,1,2023,2023,award
THOMAS E BLANCHARD & ASSO INC,Department of Defense,0.0,1,2015,2015,award
THOMAS ENVIRONMENTAL WATER SAMPLING LLC,Department of Agriculture,0.0,1,2023,2023,award
THOMAS L MINCKLER,Department of Defense,11053.0,1,2010,2010,award
"THOMPSON & LITTLE, INC.",Department of Justice,15503.1,1,2019,2019,award
THOMPSON CONSTRUCTION GROUP INC,Department of Homeland Security,303050.92,8,2020,2021,award
"THOMPSON PUMP AND MANUFACTURING COMPANY, INC.",Department of Defense,12549497.75,3,2018,2019,award
THREE O LLC,Department of Defense,8608253.34,2,2015,2019,award
THREE O LLC,Department of Homeland Security,2400798.47,5,2019,2024,award
THREE O LLC,General Services Administration,1961182.0,5,2019,2020,award
"THUNDER CONTRACTING, INC.",Department of Transportation,558866.96,1,2015,2015,award
"THUNDERCAT TECHNOLOGY, LLC",Department of Veterans Affairs,1048844.04,2,2021,2022,award
"THYSSENKRUPP ELEVATOR, INC.",Department of Agriculture,4728.0,2,2012,2013,award
"THYSSENKRUPP ELEVATOR, INC.",Department of Transportation,294200.0,1,2010,2010,award
"TIBER HEALTH, PUBLIC BENEFIT CORPORATION",Department of Defense,584579.96,8,2022,2025,award
"TIBER HEALTH, PUBLIC BENEFIT CORPORATION",Department of Health and Human Services,163200.0,2,2016,2018,award
"TICATOVE, INC",Department of the Interior,30000.0,2,2011,2012,award
"TICKNOR, CAMMY C",Department of Defense,588033.8,1,2011,2011,award
"TICKNOR, CAMMY C",Department of the Interior,82468.71,1,2014,2014,award
"TICS CONSTRUCTION, INC",Department of Defense,57550.0,1,2011,2011,award
"TICS CONSTRUCTION, INC",Department of the Interior,29500.0,1,2010,2010,award
"TIDEWATER CONTRACTORS, INC",Department of Transportation,1684357.9,1,2019,2019,award
"TIDEWATER SCALE AND BUTCHER SUPPLIES, INC.",Department of Defense,786163.0,168,2018,2023,award
"TIDEWATER, INC.",Department of Defense,609614.61,1,2024,2024,award
"TIERRA LINDA LANDSCAPING, INC.",Department of Agriculture,560221.49,3,2012,2024,award
"TIERRA LINDA LANDSCAPING, INC.",Department of Defense,169653.16,1,2014,2014,award
"TIERRA LINDA LANDSCAPING, INC.",Department of Homeland Security,46939.95,1,2019,2019,award
"TIERRA LINDA LANDSCAPING, INC.",Department of the Interior,71413.35,2,2019,2020,award
"TIFCO INDUSTRIES, INC.",Department of Homeland Security,763971.55,1,2019,2019,award
TIME BASE CORP,Department of Homeland Security,99839.85,1,2023,2023,award
TIMMY ORTIZ,Department of Homeland Security,7621.34,1,2007,2007,award
TIMMY ORTIZ,Department of Veterans Affairs,484905.23,5,2004,2008,award
TIP TOP CONSTRUCTION CORP,Department of Defense,28683055.0,2,2005,2025,award
"TIRADO, IRIS L",Department of Agriculture,26980.0,3,2013,2014,award
TITAN ASSOCIATES GROUP INC.,Department of Defense,109352.5,1,2023,2023,award
"TITANIUM LOGISTIC SERVICES, LLC",Department of Commerce,22983.66,1,2024,2024,award
TITLE SOLUTIONS CORP,Department of Defense,9044.85,1,2020,2020,award
"TITUS, LLC",Department of Defense,1073737.14,1,2011,2011,award
TK ELEVATOR CORPORATION,Department of Agriculture,3025.44,1,2016,2016,award
"TL SERVICES, INC.",Department of Veterans Affairs,44420.75,1,2018,2018,award
TLG MANAGEMENT CORP,Department of Defense,21125.0,2,2011,2011,award
TLG MANAGEMENT CORP,General Services Administration,729908.76,32,2008,2011,award
TMG/FSE JV LLC,Department of Agriculture,923213.92,8,2018,2018,award
"TMJ SOLUTIONS, INC.",Department of Veterans Affairs,16900.0,1,2018,2018,award
TO-RICOS LTD,Department of Defense,3474223.98,19,2008,2012,award
"TOBAR, JASON M",Department of Veterans Affairs,2000.0,1,2010,2010,award
TOBY FELDMAN INC,Department of the Treasury,0.0,1,2023,2023,award
TODAY PLUMBING SERVICES CORP.,Department of Veterans Affairs,14450.0,3,2010,2013,award
"TOEROEK ASSOCIATES, INC.",Environmental Protection Agency,87113.27,2,2023,2023,award
"TOGAR GLOBAL, INC",Department of Defense,5463.5,1,2018,2018,award
"TOGAR GLOBAL, INC",Department of Homeland Security,1370372.85,9,2018,2018,award
"TOGAR GLOBAL, INC",Department of Justice,51761.62,7,2018,2020,award
"TOGAR GLOBAL, INC",Department of the Interior,2900.0,1,2014,2014,award
"TOLAND & MIZELL ARCHITECTS, INC.",Department of Defense,174770.06,1,2014,2014,award
TOLAND MIZELL MOLNAR LLC,Department of Veterans Affairs,4848803.95,9,2018,2023,award
TOLEDO ENGINEERING CORP,Department of Defense,493465.0,2,2006,2010,award
TOLEDO ENGINEERING LLC,Department of Defense,826270.0,4,2018,2021,award
TOLEDO ENGINEERING LLC,Department of Transportation,476367.2,2,2015,2017,award
TOLL REMOTE LOGISTICS PTY LTD,Department of Defense,541435.89,3,2022,2023,award
"TOLLINCHE, GLORIA",Department of Homeland Security,8180.0,1,2012,2012,award
TOLM GROUP INC,Department of Transportation,865243.78,1,2017,2017,award
TOM SMITH FIRE EQUIPMENT CO INC,Department of Defense,43840.0,1,2020,2020,award
TOMCAS WORK & SAFETY SHOE CORP,Department of Justice,126643.05,5,2021,2025,award
TOMCAS WORK & SAFETY SHOE CORP,Department of Veterans Affairs,282526.13,10,2008,2013,award
TOMCAS WORK & SAFETY SHOE CORP,Department of the Interior,14000.0,1,2017,2017,award
"TONER PLUS OF PUERTO RICO, INC",Department of Justice,4774.0,1,2018,2018,award
TONERINKS R US CORP,Department of Defense,5900.0,1,2010,2010,award
TONY ELECTRICAL SERVICES & CONTRACTOR'S INC.,Department of Agriculture,14420.0,1,2015,2015,award
"TOOLS MAN, INC., THE",Department of Defense,174743.94,1,2018,2018,award
"TOOLS MAN, INC., THE",Department of Justice,17648.0,1,2020,2020,award
"TOP CUISINE CATERING, INC.",Department of Defense,44146.5,7,2014,2015,award
TOP ROOFING CONTRACTORS INC,Department of Defense,131776.0,1,2006,2006,award
TOPAC DE PUERTO RICO INC.,Department of Defense,1480.0,1,2008,2008,award
TOPAC DE PUERTO RICO INC.,Department of Homeland Security,3187.8,1,2009,2009,award
TOPAC DE PUERTO RICO INC.,Department of Justice,24066.57,52,2007,2010,award
TOPAC DE PUERTO RICO INC.,Department of Veterans Affairs,244015.95,6,2007,2010,award
TOPAC DE PUERTO RICO INC.,Department of the Treasury,355766.8,11,2007,2012,award
TOR-COL TRANSPORT INC,Department of Homeland Security,770182.5,1,2018,2018,award
TORNIER INC,Department of Veterans Affairs,96152.0,4,2020,2020,award
TORO COMPANY (THE),Department of the Interior,94848.85,1,2023,2023,award
TORRE CHARDON S E,General Services Administration,9495317.58,145,2008,2015,award
TORRES AIR CONDITIONING,Department of Defense,26080.0,1,2011,2011,award
TORRES AIR CONDITIONING,Department of the Interior,13841.0,1,2011,2011,award
TORRES FERRER JOSE,Department of Commerce,367587.54,8,2008,2025,award
"TORRES PEREZ, VICTOR",Department of State,22712.09,1,2008,2008,award
"TORRES SANTIAGO, ALEJANDRA",Department of the Interior,11604.0,1,2015,2015,award
"TORRES, IRIS",Department of Agriculture,29240.0,4,2009,2013,award
"TORRES, JENARO MARCIAL",Department of Homeland Security,4220.0,3,2005,2007,award
"TORRES, LUIS A",Department of Agriculture,4550.0,1,2008,2008,award
"TORRES, MARIA M",Department of Defense,46120.0,1,2010,2010,award
"TORRES, MAYRA",Department of Health and Human Services,23400.0,1,2008,2008,award
"TORRES, RAMON",Department of Health and Human Services,28372.5,1,2009,2009,award
"TORRES, WILSON",Department of State,3755.37,1,2008,2008,award
TORRES-COLON & ASSOCIATES LLC,Department of Defense,2005786.43,21,2008,2015,award
"TORRESOLA, ELIO",Department of Agriculture,42545.0,2,2010,2011,award
"TORT SOLA MEDICAL PRODUCTS, INC.",Department of Veterans Affairs,5824.5,6,2008,2008,award
"TOSADO ALGARIN, EMILIO",Department of Defense,561150.0,2,2008,2010,award
"TOSOH BIOSCIENCE, INC.",Department of Veterans Affairs,528564.0,3,2015,2025,award
TOTAL SHRED SOLUTIONS LLC,Department of Veterans Affairs,20026.69,2,2017,2019,award
TOTALENERGIES MARKETING PUERTO RICO CORP.,Department of Defense,47022605.16,1386,2009,2025,award
TOTALENERGIES MARKETING PUERTO RICO CORP.,Department of Justice,1887351.1,22,2010,2019,award
TOTALENERGIES MARKETING PUERTO RICO CORP.,Department of Veterans Affairs,1285451.64,8,2009,2017,award
"TOTE MARITIME ALASKA, LLC",Department of Defense,0.0,2,2011,2011,award
"TOTE MARITIME PUERTO RICO, LLC",Department of Defense,110549987.27,226,2005,2025,award
"TOTE SERVICES, LLC",Department of Transportation,1796342.27,2,2017,2017,award
"TOYOTA TSUSHO MATERIAL HANDLING AMERICA, INC.",Department of Defense,45205.0,1,2014,2014,award
"TRACE SYSTEMS, INC.",Department of Defense,52901.24,24,2018,2020,award
"TRACE3 GOVERNMENT, LLC",Department of Defense,214500.0,1,2022,2022,award
"TRADEBE ENVIRONMENTAL SERVICES, LLC",Department of Defense,6243.68,1,2024,2024,award
"TRADEBE TREATMENT AND RECYCLING, LLC",Department of Defense,2167271.11,269,2010,2011,award
TRADES UNLIMITED OF PUERTO RICO INC,Department of Agriculture,10685.34,2,2020,2023,award
"TRADEWIND AVIATION, LLC",Department of Justice,848729.2,1,2013,2013,award
TRADEWINDS MECHANICAL L.L.C,Department of Homeland Security,1473106.77,10,2019,2025,award
"TRAFFIC & PARKING CONTROL CO., LLC",Department of Defense,6652.2,1,2019,2019,award
TRAFON GROUP INC,Department of Defense,2763276.06,272,2008,2016,award
TRAFON GROUP INC,Department of Homeland Security,114723.71,1,2018,2018,award
TRAFON GROUP INC,Department of Justice,519565.45,23,2008,2012,award
"TRAFON GROUP, INC",Department of Defense,80433.18,6,2008,2008,award
"TRAILBOSS ENTERPRISES, INC.",Department of Homeland Security,235280.71,1,2019,2019,award
TRAILER BRIDGE INC,Department of Defense,8943352.22,26,2011,2023,award
TRAILER-VAN CORP,Department of Homeland Security,100800.0,3,2006,2008,award
"TRAILERS UNLIMITED, INC.",Department of Agriculture,3532.0,1,2010,2010,award
"TRAILERS UNLIMITED, INC.",Department of Homeland Security,5245.0,1,2011,2011,award
"TRAILERS UNLIMITED, INC.",Department of Veterans Affairs,54625.0,3,2010,2010,award
TRAINING ZONE INC.,Department of Homeland Security,4000.0,1,2012,2012,award
TRANE PUERTO RICO INC.,Department of Agriculture,15650.0,2,2008,2008,award
TRANE PUERTO RICO INC.,Department of Defense,5800.0,2,2008,2008,award
TRANE PUERTO RICO INC.,Department of Homeland Security,3865.0,1,2008,2008,award
TRANE PUERTO RICO INC.,Department of Veterans Affairs,567342.53,15,2005,2010,award
TRANS AD PUERTO RICO INC,Department of Commerce,18385.0,1,2007,2007,award
TRANS UNION LLC,Department of the Treasury,4273.5,1,2025,2025,award
TRANSLATION SOLUTIONS CORP,Department of Agriculture,5760.0,2,2020,2020,award
TRANSNOW INC.,Department of Agriculture,5675077.5,1229,2023,2027,award
TRANSOURCE SERVICES CORP.,Department of Defense,33607.96,2,2018,2024,award
TRANSOURCE SERVICES CORP.,Department of Homeland Security,5550.0,1,2018,2018,award
TRANSPACIFIC COMMUNICATIONS LLC,Department of Agriculture,34720.9,1,2023,2023,award
"TRANSPORTE HECTOR L RODRIGUEZ, INC.",Department of Defense,389235.18,18,2008,2013,award
TRANSPORTE RODRIGUEZ ASFALTO INC,Department of Commerce,13961.25,1,2014,2014,award
TRANSPORTE SONNELL LLC,Department of Homeland Security,13062.54,1,2019,2019,award
TRANSYSTEMS CORPORATION,Department of Homeland Security,3115677.92,4,2019,2022,award
"TRASLADOS MEDICOS DE PUERTO RICO, INC",Department of Justice,7000.0,1,2014,2014,award
TRAVEL LODGING GROUP LLC,Department of Defense,22668.0,1,2025,2025,award
"TRAVELCAMP, LLC",Department of Homeland Security,127918.0,1,2019,2019,award
"TREASURE COAST PROSTHETICS AND ORTHOTICS SERVICES, INC.",Department of Veterans Affairs,41378.17,2,2024,2024,award
TRENDWAY CORPORATION,Department of Labor,31818.0,1,2019,2019,award
TRENDWAY CORPORATION,Department of Transportation,25650.13,1,2015,2015,award
TRG THE RESPONSE GROUP LLC,Department of Homeland Security,378610.26,1,2018,2018,award
TRI ISLAND ENERGY LLC,General Services Administration,0.0,1,2017,2017,award
"TRI-CITY INDUSTRIAL, LLC",Environmental Protection Agency,68863.6,1,2020,2020,award
TRI-STATE CAMERA EXCH. INC.,Department of Defense,27251.92,1,2020,2020,award
TRI-STATE GOVERNMENT SERVICES INC,Department of Defense,129953.14,3,2017,2020,award
"TRI-TECH FORENSICS, INC.",Department of Justice,21093.0,1,2018,2018,award
TRI-TECHNOLOGIES INC.,Department of Defense,6777.1,1,2014,2014,award
"TRIANGLE SOLUTIONS, LLC",Department of Defense,240931.02,2,2025,2025,award
TRIBALCO LLC,Department of Defense,264724.15,3,2018,2025,award
TRIBE LRR LLC,Department of Homeland Security,315863.52,7,2020,2020,award
"TRIBUNE PUBLISHING COMPANY, LLC",Department of Homeland Security,2520.0,1,2018,2018,award
"TRIBUTE CONTRACTING, LLC",Department of Homeland Security,255000.0,1,2018,2018,award
"TRIDENT E&P, LLC",Department of Defense,7557.0,1,2026,2026,award
TRILLAMED LLC,Department of Veterans Affairs,758491.59,5,2018,2020,award
TRIMBLE INC,Department of Agriculture,383677.64,8,2019,2024,award
TRINITY METAL ROOF & STEEL STRUCTURE CORP,Department of Defense,21491.6,1,2013,2013,award
TRINITY METAL ROOF & STEEL STRUCTURE CORP,General Services Administration,36237.0,1,2021,2021,award
TRIPLE CANOPY INC,Department of Homeland Security,73224203.57,15,2017,2025,award
"TRIPLE J RENTALS (GUAM), INC.",Department of Defense,11435.0,1,2022,2022,award
TRITON CONTAINER INTERNATIONAL LIMITED,Department of Defense,0.0,1,2025,2025,award
"TRIUMVIRATE ENVIRONMENTAL, LLC",Department of Health and Human Services,301694.2,3,2020,2023,award
TROFIMA CORPORATION,Department of Defense,563710.99,12,2010,2012,award
TROPICAL AVIATION CORP,Department of Justice,70400.0,4,2008,2010,award
TROPICAL CITY INDUSTRIES INC,Department of Defense,377939.0,12,2008,2016,award
"TROPIGAS DE PUERTO RICO, INC",Department of Defense,874663.48,20,2007,2016,award
"TROPIGAS DE PUERTO RICO, INC",Department of Homeland Security,5499.23,3,2018,2020,award
"TROPIGAS DE PUERTO RICO, INC",Department of Justice,707384.91,54,2008,2018,award
"TROPIGAS DE PUERTO RICO, INC",Department of Veterans Affairs,11420.9,3,2008,2011,award
TROPITECH INC,Department of Defense,14591584.41,163,2010,2025,award
TROPITECH INC,Department of Homeland Security,516631.26,1,2006,2006,award
TRP SAN JUAN OWNER LLC,Department of Defense,104408.03,2,2018,2021,award
TRP SAN JUAN OWNER LLC,Department of Homeland Security,1114930.89,1,2018,2018,award
TRUE EXCELLENCE GROUP LLC,Department of Commerce,63840.0,1,2018,2018,award
TRUE EXCELLENCE GROUP LLC,Department of Homeland Security,18966599.21,18,2017,2020,award
"TRULY NOLEN PEST CONTROL & PREVENTION, INC.",Department of Homeland Security,14380.0,2,2012,2018,award
TRUSTED TRANSLATIONS INC,Department of Defense,24140.0,1,2018,2018,award
"TRYCON ENTERPRISES, L.L.C.",Department of Defense,71548.4,1,2019,2019,award
"TSAY PROFESSIONAL SERVICES, INC.",Department of Defense,8179614.1,1,2016,2016,award
TUBOASIS MANUFACTURER,Department of Homeland Security,27636.17,9,2014,2016,award
"TUCKER COMMUNICATION SERVICES, LLC",Department of Homeland Security,3773.0,1,2022,2022,award
TULK LLC,Department of Agriculture,41793.99,1,2024,2024,award
"TULLAHOMA INDUSTRIES, LLC",Department of Defense,28228072.8,5,2017,2018,award
"TUNISON, ROBERT P",Department of Agriculture,27000.0,1,2019,2019,award
TUNNELL SPANGLER & ASSOCIATES INC,Department of Agriculture,327693.33,1,2019,2019,award
TURF INNOVATIONS L.L.C.,Department of Veterans Affairs,234212.39,3,2019,2019,award
"TURNER & TOWNSEND HEERY, LLC",General Services Administration,5740233.42,2,2020,2025,award
TURNER CONSTRUCTION COMPANY,Department of Defense,0.0,1,2017,2017,award
TUTOR PERINI CORPORATION,Department of Homeland Security,226591558.58,5,2013,2025,award
TWINS LANDSCAPING LLC,Department of Agriculture,111650.5,2,2015,2016,award
TWINS LANDSCAPING LLC,Department of Defense,2322933.23,2,2014,2015,award
TWINS LANDSCAPING LLC,Department of Homeland Security,2531300.0,4,2015,2015,award
TWINS LANDSCAPING LLC,Department of Transportation,127777.2,1,2012,2012,award
TWINS LANDSCAPING LLC,General Services Administration,28900.0,1,2014,2014,award
TYBRIN CORPORATION,Department of Defense,4900.0,1,2010,2010,award
TYPING.COM LLC,Department of Defense,206149.0,3,2023,2025,award
"TYTO ATHENE, LLC",Department of Defense,4666522.88,2,2009,2012,award
"UBINAS, LETICIA MD",Social Security Administration,22220.0,3,2011,2013,award
UH STRUCTURES INC,Department of Agriculture,28135.0,1,2023,2023,award
UH STRUCTURES INC,Department of Justice,150564.8,1,2019,2019,award
ULINE INC,Department of Homeland Security,32285.0,1,2021,2021,award
"ULTIMATE TRAINING MUNITIONS, INC.",Department of Defense,102707.1,2,2024,2024,award
ULTRA CLEAN INC,Department of the Interior,215316.89,5,2010,2020,award
UMECO INC,Department of Defense,3150.0,1,2010,2010,award
UMECO INC,Department of Veterans Affairs,315363.31,34,2011,2015,award
UNDERWATER MECHANIX SERVICES LLC,Department of Homeland Security,4946082.0,1,2021,2021,award
"UNDERWOOD, ANOUK",Department of Justice,22350.0,9,2011,2012,award
UNICO LLC,National Science Foundation,2020099.72,1,2026,2026,award
UNIFIED BUSINESS SOLUTIONS LLC,Department of Agriculture,546313.77,6,2022,2025,award
UNIFIED GLOBAL SOLUTIONS CORP,Department of Homeland Security,19842.95,1,2018,2018,award
UNIFORMS OUTLET INC,Department of Veterans Affairs,0.0,1,2022,2022,award
UNIMEC INC,Department of Agriculture,155624.2,8,2015,2025,award
UNIMEC INC,Department of Defense,569324.22,7,2012,2015,award
UNIMEC INC,Department of Homeland Security,611437.0,3,2014,2016,award
UNIMEC INC,Department of Justice,2014051.9,2,2021,2025,award
UNIMEC INC,General Services Administration,969953.72,3,2016,2020,award
UNION DE INVERSIONES INC,General Services Administration,1866420.44,52,2008,2011,award
"UNION SUPPLY GROUP, INC.",Department of Justice,15084.88,1,2020,2020,award
UNISOURCE CONTRACT INC,Department of Defense,25757.6,1,2012,2012,award
UNISOURCE CONTRACT INC,Department of Homeland Security,27463.04,2,2008,2009,award
"UNITED AIRLINES, INC.",Department of Defense,861000.0,5,2018,2023,award
"UNITED FORMS & GRAPHICS, INC.",Department of Defense,9820.0,2,2014,2014,award
UNITED PARCEL SERVICE CO.,Department of Defense,25897183.58,32,2015,2024,award
UNITED PARCEL SERVICE CO.,Department of Homeland Security,267924.12,20,2018,2025,award
UNITED PARCEL SERVICE CO.,Department of Justice,74153.15,5,2018,2021,award
UNITED PARCEL SERVICE CO.,Department of Veterans Affairs,1854513.28,15,2018,2025,award
"UNITED PARCEL SERVICE, INC.",Department of Homeland Security,19281.73,1,2017,2017,award
"UNITED PARCEL SERVICE, INC.",Department of Housing and Urban Development,501112.1,3,2015,2016,award
"UNITED PARCEL SERVICE, INC.",Department of Veterans Affairs,258805.86,2,2016,2017,award
"UNITED RENTALS, INC.",Department of Defense,24775.0,1,2019,2019,award
"UNITED RENTALS, INC.",General Services Administration,114606.75,5,2021,2023,award
UNITED STATES POSTAL SERVICE,Department of Defense,10000.0,3,2008,2010,award
UNITED STATES POSTAL SERVICE,Department of Justice,5293.0,11,2018,2025,award
UNITED STATES POSTAL SERVICE,Department of Veterans Affairs,120000.0,1,2010,2010,award
"UNITED STATES TOWER SERVICES, LIMITED",Department of Transportation,23224.0,1,2019,2019,award
UNITED SURETY & INDEMNITY COMPANY,Department of Agriculture,179788.89,1,2012,2012,award
"UNITED TACTICAL SYSTEMS, LLC",Department of Justice,3810.71,1,2018,2018,award
UNITHAI SHIPYARD & ENGINEERING LIMITED - BRANCH,Department of Defense,2979714.0,2,2024,2025,award
"UNITY GROVE SERVICES, INC.",Department of Agriculture,42172.43,1,2017,2017,award
UNIVERSAL CARE CORP,Department of Justice,23442.4,1,2016,2016,award
UNIVERSAL CARE CORP,Department of Veterans Affairs,336176.71,89,2008,2023,award
UNIVERSAL EQUIPMENT SALES AND SERVICE CORPORATION,Department of Agriculture,3075.0,1,2015,2015,award
UNIVERSAL EQUIPMENT SALES AND SERVICE CORPORATION,Department of Commerce,15730.0,1,2015,2015,award
UNIVERSAL EQUIPMENT SALES AND SERVICE CORPORATION,Department of Homeland Security,48437.45,5,2005,2020,award
UNIVERSAL EQUIPMENT SALES AND SERVICE CORPORATION,Department of Veterans Affairs,6170.0,1,2014,2014,award
UNIVERSAL FILING SYSTEMS INC,Department of Defense,8913.19,1,2008,2008,award
UNIVERSAL FILING SYSTEMS INC,Department of Health and Human Services,14000.0,1,2016,2016,award
UNIVERSAL FILING SYSTEMS INC,Department of the Interior,51730.0,2,2008,2010,award
UNIVERSAL FIRE SPRINKLER COMPANY INC,General Services Administration,27927.46,1,2015,2015,award
"UNIVERSAL FITNESS EQUIPMENT, INC",Department of Justice,79428.87,7,2014,2021,award
"UNIVERSAL PROFESSIONAL SERVICES, INC",Department of Homeland Security,9167.0,2,2018,2018,award
UNIVERSAL PROTECTION & MAINTENANCE CORP,Department of Defense,74720.8,3,2005,2012,award
UNIVERSAL PROTECTION & MAINTENANCE CORP,Department of Homeland Security,163571.0,3,2012,2016,award
UNIVERSAL PROTECTION & MAINTENANCE CORP,Department of Veterans Affairs,935.0,2,2008,2008,award
UNIVERSAL PROTECTION & MAINTENANCE CORP,Department of the Treasury,23880.0,3,2014,2015,award
UNIVERSAL PROTECTION & MAINTENANCE CORP,General Services Administration,12124.0,1,2014,2014,award
"UNIVERSAL PROTECTION SERVICE, LIMITED PARTNERSHIP",Department of Homeland Security,34984927.64,1,2025,2025,award
UNIVERSAL SPARTAN LLC,Department of Veterans Affairs,26960.0,1,2018,2018,award
UNIVERSAL WIRELESS INC.,Department of Homeland Security,7300.0,1,2008,2008,award
"UNIVERSIDAD CENTRAL DEL CARIBE, INC",Department of Defense,227545.34,12,2006,2025,award
"UNIVERSIDAD CENTRAL DEL CARIBE, INC",Department of Veterans Affairs,10000.0,1,2013,2013,award
UNIVERSIDAD DE PUERTO RICO EN AGUADILLA,Department of Defense,0.0,1,2017,2017,award
UNIVERSIDAD DE PUERTO RICO EN AGUADILLA,Department of Health and Human Services,235912.0,1,2022,2022,award
"UNIVERSIDAD DEL SAGRADO CORAZON, INC.",Department of Veterans Affairs,236.9,2,2008,2008,award
"UNIVERSIDAD POLITECNICA DE PUERTO RICO, INC.",Department of Commerce,14000.0,1,2012,2012,award
"UNIVERSIDAD POLITECNICA DE PUERTO RICO, INC.",Department of Defense,22550.0,3,2006,2013,award
"UNIVERSIDAD POLITECNICA DE PUERTO RICO, INC.",Department of Homeland Security,11200.0,2,2021,2022,award
"UNIVERSIDAD POLITECNICA DE PUERTO RICO, INC.",Nuclear Regulatory Commission,1774.8,1,2010,2010,award
"UNIVERSITY OF CENTRAL FLORIDA FOUNDATION, INCORPORATED",Department of Veterans Affairs,9746.5,1,2018,2018,award
UNIVERSITY OF PUERTO RICO,Department of Agriculture,195682.5,5,2007,2015,award
UNIVERSITY OF PUERTO RICO,Department of Commerce,5050702.59,20,2005,2023,award
UNIVERSITY OF PUERTO RICO,Department of Defense,10359766.48,205,2001,2025,award
UNIVERSITY OF PUERTO RICO,Department of Health and Human Services,67500.0,4,2010,2022,award
UNIVERSITY OF PUERTO RICO,Department of Homeland Security,138300.0,1,2018,2018,award
UNIVERSITY OF PUERTO RICO,Department of the Interior,42833.59,4,2008,2016,award
UNIVERSITY OF PUERTO RICO,National Aeronautics and Space Administration,5000.0,1,2010,2010,award
UNIVERSITY OF PUERTO RICO,Smithsonian Institution,100000.0,1,2011,2011,award
UNIVERSITY OF PUERTO RICO AT CAROLINA,Department of Homeland Security,5900.0,1,2009,2009,award
UNIVERSITY OF PUERTO RICO MEDICAL SCIENCES CAMPUS,Department of Defense,122243.0,5,2007,2025,award
UNIVERSITY OF PUERTO RICO MEDICAL SCIENCES CAMPUS,Department of Health and Human Services,1950137.83,24,2004,2023,award
UNIVERSITY OF PUERTO RICO MEDICAL SCIENCES CAMPUS,Environmental Protection Agency,162391.22,2,2016,2021,award
"UNIVERSITY OF PUERTO RICO, ESTACION EXPERIMENTAL AGRICOLA",Department of Agriculture,292214.0,6,2011,2019,award
UNIVERSITY OF WISCONSIN SYSTEM,Department of Agriculture,29365.0,1,2021,2021,award
"UNLIMITED CONTRACTORS, INC",Department of Homeland Security,165623.57,1,2004,2004,award
UNLIMITED GROUP CORPORATION,Department of Agriculture,14300.0,1,2018,2018,award
UNLIMITED GROUP CORPORATION,Department of Veterans Affairs,289.58,3,2008,2008,award
"UNLIMITED STORAGE, LLC",Department of Homeland Security,473486.58,4,2006,2013,award
UP-SIDE MANAGEMENT CO,Department of Defense,4573128.52,12,2015,2019,award
"URBAN ELECTRIC, INC",Department of Transportation,158782.69,2,2018,2024,award
"URBAN ENGINEERS, INC",Department of Transportation,1791697.0,2,2020,2025,award
"URBANICA, P.C.",Department of Agriculture,123535.0,4,2013,2019,award
UROTECH INC,Department of Veterans Affairs,1769374.79,151,2008,2017,award
"URS GROUP, INC.",Department of Agriculture,59332.46,2,2018,2018,award
US COAST GUARD AIR STATION BORINQUEN MORALE FUND,Department of Homeland Security,260250.0,4,2014,2018,award
US COAST GUARD NAFA MWR BORINQUEN,Department of Homeland Security,82125.0,1,2025,2025,award
US DIVERSIFIED CONTRACTING SERVICES INC.,Department of Veterans Affairs,118841.4,1,2020,2020,award
US FLAG SUPPLY CO.,Department of Defense,15267.6,1,2018,2018,award
US PREMIER SECURITY SERVICES INC,Department of Homeland Security,2630988.97,8,2003,2004,award
US SUPPLY LLC,Department of Defense,411284.64,1,2025,2025,award
US21 INC,Department of Defense,11394.5,1,2019,2019,award
US21 INC,Department of Homeland Security,26169.0,1,2018,2018,award
"USA ENVIRONMENTAL, INC.",Department of Defense,197766098.68,20,2009,2024,award
USA JET AIRLINES INC,Department of Defense,868.5,1,2020,2020,award
"USA STEEL & SUPPLIES, LLC",Department of Homeland Security,2210.88,1,2020,2020,award
USGOV.SHOP LLC,Department of State,12360.2,1,2025,2025,award
UTECH PRODUCTS INC,Department of Veterans Affairs,62469.62,1,2024,2024,award
V A WASTE MANAGEMENT CORP,Department of Veterans Affairs,45702.5,2,2005,2008,award
V L GROUP INC,Department of Defense,1251423.62,12,2008,2020,award
V PAVKOV CONTRACTING CO INC,Department of Transportation,3679599.26,3,2014,2016,award
V SUAREZ & CO INC,Department of Defense,3477224.29,18,2008,2012,award
V SUAREZ & CO INC,Department of Homeland Security,11190.0,1,2019,2019,award
"V&A ROOFING, INC.",Department of Agriculture,15220.09,1,2016,2016,award
V&C GENERAL CONTRACTOR LLC,Department of Veterans Affairs,4257412.37,3,2025,2025,award
V.M.R. CONSULTING LLC,Department of Agriculture,71036.7,1,2024,2024,award
"V3 GATE TEAM, LLP",Department of Homeland Security,488735.2,1,2018,2018,award
"V3GATE, LLC",Department of Veterans Affairs,658451.42,2,2019,2022,award
VACA BRAVA OLD SAN JUAN LLC,Department of Defense,11170.5,2,2014,2014,award
"VACHIER VAZQUEZ, JOSE ANTONIO",Department of Agriculture,12088.0,2,2016,2018,award
"VACHIER VAZQUEZ, JOSE ANTONIO",Department of Defense,15000.0,1,2016,2016,award
VAG TRANSPORTATION ENGINEERING CONSULTANTS PSC,Department of Agriculture,93734.41,2,2013,2015,award
"VALDES, ENITH M",Department of Justice,0.0,1,2021,2021,award
"VALDEZ MENA, JUAN",Department of Agriculture,370264.25,2,2011,2012,award
"VALE AVILES, MARGARITA",Department of Homeland Security,45080.0,3,2013,2015,award
VALI COOPER INTERNATIONAL LLC,Department of Agriculture,485250.96,1,2025,2025,award
VALI COOPER INTERNATIONAL LLC,Department of Defense,71525.02,3,2019,2020,award
VALI COOPER INTERNATIONAL LLC,Department of Veterans Affairs,8170615.76,3,2020,2022,award
VALIANT GOVERNMENT SERVICES LLC,Department of Defense,0.0,2,2014,2015,award
"VALKYRIE ENTERPRISES, LLC",Department of Homeland Security,36469.19,1,2013,2013,award
VALLEJO & VALLEJO,Department of Agriculture,27500.0,3,2016,2018,award
VALLEY FOODS INC,Department of Defense,0.0,1,2024,2024,award
"VALLEY INDUSTRIAL BATTERY, LLC",Department of Defense,56991.12,1,2019,2019,award
"VALOR CONSTRUCTION MANAGEMENT, LLC",Department of Veterans Affairs,26673709.65,14,2012,2019,award
"VALOR CONSTRUCTION, LLC",Department of Veterans Affairs,88323.0,2,2018,2018,award
"VALOR NETWORK, INC.",Department of Homeland Security,0.0,1,2022,2022,award
"VALUE MANAGEMENT STRATEGIES, INC.",Department of Defense,63484.0,1,2018,2018,award
"VAN BEUSEKOM, ASHLEY ELIZABETH",Department of Agriculture,242400.27,3,2019,2021,award
"VAN CLEVE & ASSOCIATES, INC.",Department of Justice,24207.0,1,2021,2021,award
VAN DU ZEE INC,Department of Veterans Affairs,843128.88,1,2011,2011,award
VANGUARD CARIBE INC,Department of Agriculture,97269.0,3,2011,2019,award
VANGUARD CARIBE INC,Department of Defense,1174348.3,5,2010,2019,award
VANGUARD CARIBE INC,Department of Homeland Security,11691.14,1,2014,2014,award
VANGUARD CARIBE INC,Department of Transportation,114761.0,2,2015,2019,award
VANGUARD CARIBE INC,Department of the Interior,51931.0,2,2011,2015,award
VANGUARD CARIBE INC,General Services Administration,359106.08,6,2015,2019,award
VANGUARD CONTRACTORS LLC,Department of Defense,279425.0,1,2006,2006,award
VANGUARD EMERGENCY MANAGEMENT HOUSING INSPECTION SERVICES,Department of Homeland Security,78828214.95,2,2017,2018,award
VANGUARD INSPECTION SERVICES,Department of Homeland Security,13758873.59,2,2020,2022,award
VANTOR PUERTO RICO INC.,General Services Administration,0.0,2,2013,2022,award
VAQUERIA TRES MONJITAS INC,Department of Defense,358279.34,927,2014,2025,award
VAQUERIA TRES MONJITAS INC,Department of Justice,3726006.47,58,2008,2025,award
VAQUERIA TRES MONJITAS INC,Department of Veterans Affairs,1510522.21,17,2010,2025,award
VAR COMMUNICATION INC.,Department of Homeland Security,37550.0,2,2013,2014,award
VAR COMMUNICATIONS LLC,Department of Homeland Security,14868.0,1,2018,2018,award
"VARGAS SERRANO, KATELEEN",Department of the Interior,3721.78,1,2016,2016,award
"VARGAS, OMAR",Department of Agriculture,2480.0,1,2013,2013,award
"VARIAN MEDICAL SYSTEMS, INC",Department of Veterans Affairs,1658374.75,4,2020,2024,award
"VARIDESK, LLC",Department of Justice,335.75,1,2018,2018,award
"VARIDESK, LLC",Social Security Administration,8236.0,1,2018,2018,award
"VAZQUEZ GRACIA, JOSE C",Department of Justice,108645.0,1,2019,2019,award
"VAZQUEZ, GERARDO",Department of the Interior,2490.0,1,2015,2015,award
"VAZQUEZ, IRIS",Social Security Administration,4236.0,2,2011,2012,award
"VAZQUEZ, VICTOR M",Department of Agriculture,172300.0,16,2008,2017,award
"VAZQUEZ, VICTOR M",Department of Defense,30846.0,2,2008,2008,award
VCI GROUP,Department of Veterans Affairs,2435.0,1,2009,2009,award
VCI INC,Department of Agriculture,20119.0,2,2011,2022,award
VCI INC,Department of Defense,3450.0,1,2013,2013,award
VCI INC,Department of Health and Human Services,111526.69,5,2011,2023,award
"VCIN GENERAL CONTRACTOR, LLC",Department of Veterans Affairs,4013111.02,2,2025,2025,award
VDS SOLUTIONS LLC,Department of Defense,22247.22,1,2021,2021,award
VECTOR CONTROLS INC,Department of Homeland Security,13185.0,1,2025,2025,award
"VECTOR DISEASE CONTROL INTERNATIONAL, LLC",Department of Health and Human Services,2572503.0,1,2016,2016,award
"VEGA, LUIS A",Department of Agriculture,7140.0,1,2011,2011,award
"VEHICLE LEASING ASSOCIATES, LLC",Department of Homeland Security,476088.27,1,2019,2019,award
VELACOL CORP,Department of Defense,876429.1,1,2022,2022,award
"VELAZQUEZ HYDRAULIC SERVICE, INC.",Department of Defense,5168.88,2,2012,2019,award
"VELAZQUEZ HYDRAULIC SERVICE, INC.",Department of Homeland Security,6626.25,1,2010,2010,award
"VELAZQUEZ, JORGE L",Department of Agriculture,10842.9,1,2008,2008,award
"VELEZ BARTOLOMEI, JOSE G",Department of Defense,63000.0,1,2015,2015,award
VELEZ CONSULTING SERVICES,Department of the Treasury,95486.0,11,2008,2008,award
"VELEZ, JOSE LUIS",Department of the Interior,2000.0,1,2014,2014,award
"VELEZ, MARITZA",Department of Defense,276125.58,17,2017,2019,award
"VELEZ, REY",Department of Homeland Security,0.0,1,2014,2014,award
"VELEZ, ROLANDO",Department of Agriculture,196314.0,10,2008,2019,award
"VELEZ, ROLANDO",Department of the Interior,64200.0,5,2008,2019,award
VELOCICHARGE LLC,General Services Administration,48716.64,1,2022,2022,award
VENEGAS CONSTRUCTION CORP,Department of Defense,51599987.83,5,2014,2021,award
VENEGAS CONSTRUCTION CORP,Department of Justice,20000.0,1,2014,2014,award
VENEGAS JV,Department of Defense,2500.0,2,2020,2020,award
VENERGY GROUP LLC,Department of Defense,15099.99,1,2017,2017,award
VENERGY GROUP LLC,Department of Homeland Security,21636.48,1,2017,2017,award
VENERGY GROUP LLC,Department of Veterans Affairs,28890219.17,26,2016,2025,award
VENT-ALARM CORPORATION,Department of Veterans Affairs,223669.0,1,2010,2010,award
VENTOR CORPORATION,Department of Defense,19116.92,2,2013,2014,award
VENTOR CORPORATION,Department of Veterans Affairs,402532.7,4,2008,2018,award
VEOLIA ES TECHNICAL SOLUTIONS LLC,Department of Agriculture,9394.5,1,2026,2026,award
VERACITY ENGINEERING LLC,Department of Transportation,10811.88,1,2017,2017,award
VERATHON INC,Department of Veterans Affairs,86743.84,1,2018,2018,award
"VERATO, INC.",Department of Justice,1872.87,5,2018,2022,award
VERBATIM REPORTING PUERTO RICO,Department of Homeland Security,17716.0,3,2020,2024,award
VERBATIM REPORTING PUERTO RICO,Department of Justice,26071.25,6,2011,2025,award
VERBATIM REPORTING PUERTO RICO,Department of the Treasury,6840.8,3,2014,2016,award
VERDEGRAMA INC,Department of Agriculture,57520.0,2,2020,2021,award
VERDI CONSULTING INC,Department of Agriculture,700.0,3,2020,2020,award
VERIZON BUSINESS NETWORK SERVICES LLC,Department of Defense,1584933.08,3,2010,2019,award
VERIZON FEDERAL INC.,Department of Homeland Security,5868115.08,61,2017,2020,award
VERIZON WIRELESS PUERTO RICO INCORPORATED,Department of Homeland Security,12750.3,1,2006,2006,award
VERJAS NUEVO MILENIO INC,Department of Agriculture,194414.0,4,2010,2020,award
VERJAS NUEVO MILENIO INC,Department of Defense,19705.0,2,2010,2012,award
VERJAS NUEVO MILENIO INC,Department of Justice,12645.0,1,2012,2012,award
VERJAS NUEVO MILENIO INC,Department of the Interior,28064.0,3,2008,2023,award
VERSA INTEGRATED SOLUTIONS INC,Department of Health and Human Services,557512.0,1,2015,2015,award
VERSA PRODUCTS,Department of Agriculture,19536.0,1,2020,2020,award
"VERSAR SECURITY SYSTEMS, LLC",Department of Transportation,129767.63,1,2023,2023,award
"VERSAR, INC.",Department of Defense,0.0,1,2015,2015,award
VERTICOLOR MANUFACTURING,Department of Defense,30425.73,1,2012,2012,award
VERTICOLOR MANUFACTURING,Department of Homeland Security,12000.0,1,2018,2018,award
VETERAN SYSTEMS LLC,Department of Defense,225270.95,1,2017,2017,award
VETERAN TECHNOLOGY PARTNERS II LLC,Department of Homeland Security,67999.99,1,2018,2018,award
VETERANS HEALTH ADMINISTRATION,Department of Veterans Affairs,22506.0,6,2008,2008,award
"VETERANS HEALTHCARE SUPPLY SOLUTIONS, INC",Department of Veterans Affairs,1743589.51,10,2017,2023,award
VETERANS MEDICAL SUPPLY INC,Department of Veterans Affairs,11072.5,1,2018,2018,award
VETS ACCESS LLC,Department of Veterans Affairs,160388.5,11,2022,2025,award
"VF IMAGEWEAR, INC.",Department of Homeland Security,158543.2,3,2018,2018,award
"VG CONSTRUCTION SERVICES, INC",Department of the Interior,13862.0,1,2008,2008,award
VHARD INC,Department of Defense,1476954.09,24,2016,2018,award
VHARD INC,Department of Homeland Security,71632.0,4,2015,2016,award
VI GOVERNMENT HOSPITAL AND HEALTH FACILITIES CORPORATION,Department of Veterans Affairs,7394.5,1,2017,2017,award
VIBRANALYSIS INC,Department of Homeland Security,10067.35,1,2008,2008,award
VIBRANALYSIS INC,Department of Veterans Affairs,109680.0,1,2005,2005,award
VICMAR CATERING INC,Department of Defense,1007732.0,127,2007,2018,award
VICTOR CUADRADO LANDRAU,Department of Agriculture,698559.08,13,2011,2022,award
VICTOR R. ISIDOR,Department of Agriculture,315225.0,54,2010,2023,award
VICTORY DISTRIBUTING CO INC,Department of Defense,12855.76,1,2012,2012,award
"VICTORY TACTICAL GEAR, LLC",Department of Justice,46392.0,1,2021,2021,award
"VIDAL, CARLOS J.",Department of Defense,2650.0,2,2008,2008,award
"VIEQUES OFFICE PARK, INC",General Services Administration,486477.79,58,2008,2011,award
"VIEQUES, MUNICIPALITY OF",Department of the Interior,206867.39,7,2011,2023,award
VIKEN DETECTION CORPORATION,Department of Justice,35200.0,1,2020,2020,award
"VIKING CONTRACTORS, INC.",Department of Defense,0.0,1,2005,2005,award
"VILLA MARIA CARE CENTER, LLC",Department of Veterans Affairs,915008.44,14,2019,2022,award
VILLALBA CANNING COMPANY,Department of Agriculture,1171103.6,6,2008,2008,award
"VILLAMIL, OSBERT",Social Security Administration,12456.0,1,2016,2016,award
"VILLANUEVA MATIAS, ADIEREN",Department of the Interior,26676.8,4,2015,2018,award
"VIRGIN ISLANDS MONTESSORI SCHOOL, INC.",Department of Justice,10670.0,1,2018,2018,award
VIRGIN ISLANDS PAVING INC,Department of Transportation,17571666.77,1,2020,2020,award
VIRGINIA POLYTECHNIC INSTITUTE & STATE UNIVERSITY,Department of Transportation,302665.3,3,2014,2024,award
"VIRGINIAN 32, INC.",Department of Defense,4257636.94,8,2022,2023,award
"VIRUET, ENRIQUE",Department of Defense,67080.0,2,2008,2009,award
"VISION POINT SYSTEMS, INC.",Department of Defense,193954.98,1,2023,2023,award
VISION RT INC,Department of Veterans Affairs,123760.0,1,2022,2022,award
VISIONARY CONSTRUCTION INC,Department of Agriculture,2889394.03,3,2022,2024,award
VISIONARY CONSTRUCTION INC,Department of Defense,208819.88,1,2022,2022,award
VISIPLEX INC.,Department of Defense,117943.06,1,2015,2015,award
"VISITING NURSE ASSOCIATION GREGORIA AUFFANT, INC",Department of Veterans Affairs,10927.05,1,2016,2016,award
VISTAMAR BAKERY,Department of Defense,3052.0,1,2008,2008,award
VITALIFE INC,Department of Veterans Affairs,637504.6,164,2006,2024,award
VIVA CARPETS CORPORATION,Department of Homeland Security,10354.04,1,2010,2010,award
VIVA CARPETS CORPORATION,Department of Veterans Affairs,34777.0,1,2013,2013,award
VIVA CARPETS CORPORATION,General Services Administration,10034.0,1,2014,2014,award
"VIVALDI & ASSOCIATES, INC.",General Services Administration,221550.0,1,2010,2010,award
VIVIAN FEBUS MERCADO,Department of Defense,249313.5,33,2008,2013,award
VIZOCOM ICT LLC,Department of Defense,525515.56,2,2018,2019,award
VIZOCOM ICT LLC,Department of Homeland Security,0.0,1,2018,2018,award
VMC AUTO LLC,Department of Veterans Affairs,3786.51,1,2022,2022,award
VOICELAN GROUP CORPORATION,Department of Defense,131115.0,4,2008,2008,award
VOLUNTEERS OF AMERICA INC,Department of Justice,406626.0,1,2008,2008,award
VOLUNTEERS OF AMERICA PUERTO RICO RRC INC,Department of Justice,56714099.16,26,2010,2025,award
"VOUND COLORADO, LTD.",Department of Homeland Security,5555.0,1,2018,2018,award
VP COMMERCIAL EQUIPMENTS INC,Department of Homeland Security,25659.35,3,2009,2010,award
"VPC DEVELOPMENT MANAGEMENT GROUP, P.S.C",Department of Homeland Security,377795.32,1,2018,2018,award
"VSGI SOLUTIONZ, LLC",Department of Veterans Affairs,16725.0,1,2019,2019,award
VSS LOGISTICS LLC,Department of Defense,29610.87,1,2023,2023,award
"VWR ADVANCED INSTRUMENTS, LLC",Department of Agriculture,18842.0,1,2009,2009,award
"VWR ADVANCED INSTRUMENTS, LLC",Department of Health and Human Services,0.0,1,2009,2009,award
"VWR ADVANCED INSTRUMENTS, LLC",Department of State,12792.26,2,2011,2011,award
VWR INTERNATIONAL LLC,Department of Health and Human Services,117115.11,6,2018,2023,award
VWR INTERNATIONAL LLC,General Services Administration,624276.59,1,2017,2017,award
W S DARLEY & CO,Department of Defense,54387.01,1,2021,2021,award
W-CITY VIEW PR LLC,Department of Homeland Security,143633.97,4,2019,2020,award
W-CITY VIEW PR LLC,Department of the Treasury,4399.91,1,2019,2019,award
W-CITY VIEW PR LLC,General Services Administration,950.91,1,2022,2022,award
"W. & O. SUPPLY, INC",Department of Homeland Security,8468.83,1,2019,2019,award
"W.W. GRAINGER, INC.",Department of Defense,74955.26,2,2018,2018,award
"W.W. GRAINGER, INC.",Department of Homeland Security,192984.26,4,2018,2019,award
"W.W. GRAINGER, INC.",Department of Justice,25097.72,2,2018,2020,award
"W.W. GRAINGER, INC.",Department of Veterans Affairs,98873.34,1,2018,2018,award
W/A SOUTH LANDSCAPING SERVICES INC,Department of Defense,15750.0,1,2016,2016,award
W00Q NATIONAL GUARD BUREAU,Department of Defense,32775.0,1,2025,2025,award
W1H1 USAG FT BUCHANAN,Department of Defense,8000.0,2,2019,2019,award
W1H1 USAG FT BUCHANAN,Department of Justice,1600.0,1,2022,2022,award
"WAGNER CONSTRUCTION, INC",Department of Transportation,41511546.0,1,2023,2023,award
"WALD, MICHAEL",Department of Defense,4973.86,1,2016,2016,award
"WALKER FEDERAL SERVICES, LLC.",Department of Veterans Affairs,68887.81,1,2020,2020,award
WALKER WELL DRILLING CORP,Department of the Interior,13987.0,1,2007,2007,award
"WALLER, TODD & SADLER, A WOOLPERT COMPANY, LLC",Department of Defense,106463.0,1,2011,2011,award
"WALSH PUERTO RICO, LLC",Department of Veterans Affairs,106334249.41,1,2016,2016,award
"WALSH PUERTO RICO, LLC",General Services Administration,81661584.68,1,2016,2016,award
WALT DE TREUX,Department of the Treasury,0.0,1,2024,2024,award
WALTER J GARCIA,Department of Homeland Security,1786.9,1,2010,2010,award
WALTER P MOORE & ASSOCIATES INC,General Services Administration,855950.0,2,2021,2023,award
"WANCO, INC.",Department of Homeland Security,405360.6,2,2018,2018,award
"WANCO, INC.",Department of Justice,78802.23,3,2018,2019,award
WARCOGROUP CORP,Department of Defense,121012.0,2,2004,2008,award
WARCOGROUP CORP,Department of Homeland Security,216.32,2,2019,2021,award
WARCOGROUP CORP,Department of Veterans Affairs,761907.64,7,2004,2023,award
WARDEN CONSTRUCTION CORPORATION,Department of Defense,0.0,1,2005,2005,award
WARRIOR SERVICE COMPANY LLC,Department of Veterans Affairs,26770.0,2,2023,2023,award
"WASHINGTON OCCUPATIONAL HEALTH ASSOCIATES, INC",Department of Justice,118932.24,1,2014,2014,award
WASHINGTON OFFICE INTERIORS LLC,Department of Homeland Security,25940.9,1,2019,2019,award
WATER MISSIONS INTERNATIONAL,Department of Homeland Security,17000.0,1,2018,2018,award
WATER TREATMENT SPECIALISTS INC.,Department of Veterans Affairs,3481370.55,52,2005,2023,award
WATERS CORPORATION,Department of Health and Human Services,9335.29,1,2019,2019,award
WATERS TECHNOLOGIES CORPORATION,Department of Health and Human Services,356353.83,6,2015,2024,award
WAYPOINT LLC,Department of Defense,8402463.54,57,2021,2025,award
WAYPOINT LLC,Department of Homeland Security,2765.0,1,2019,2019,award
WDC PUERTO RICO INC,Department of Veterans Affairs,6300.0,1,2010,2010,award
WEAR TECH INC,Department of Defense,4515867.71,20,2008,2012,award
"WEBCO DENTAL AND MEDICAL SUPPLIES, INC.",Department of Veterans Affairs,160783.0,2,2018,2018,award
"WEEKS MARINE, INC.",Department of Defense,6548412.0,1,2020,2020,award
"WELCH ALLYN, INC.",Department of Veterans Affairs,0.0,1,2015,2015,award
"WELLNESS AGE, LLC, THE",Department of Veterans Affairs,15179289.4,76,2008,2020,award
"WELLS GLOBAL, LLC",Department of Transportation,6478400.46,15,2018,2022,award
WEST FIRE & SAFETY EQUIPMENT INC,Department of Homeland Security,37664.0,3,2015,2021,award
WEST INDIA MANUFACTURING & SERVICE COMPANY INC,Department of Defense,5039.85,1,2011,2011,award
WEST INDIA MANUFACTURING & SERVICE COMPANY INC,Department of Homeland Security,30300.0,1,2006,2006,award
WEST INDIA MANUFACTURING & SERVICE COMPANY INC,Department of Justice,8016.83,1,2008,2008,award
WEST INDIA MANUFACTURING & SERVICE COMPANY INC,Department of Veterans Affairs,10584.74,1,2008,2008,award
"WEST JANITORIAL SERVICES,INC",Department of Justice,18000.0,3,2012,2013,award
"WEST POINT APPAREL GROUP, INC",Department of Defense,6233210.0,7,2007,2008,award
WEST POINT ENGINEERS LLC,Department of Veterans Affairs,445355.62,1,2025,2025,award
WEST PUBLISHING CORPORATION,Department of Justice,35808920.0,1,2012,2012,award
WEST SANITATION SERVICES INC,Department of Veterans Affairs,63583.63,2,2017,2018,award
WESTERN AVIATION SERVICE CORP,Department of Defense,414787.45,7,2008,2013,award
WESTERN AVIATION SERVICE CORP,Department of Justice,44000.0,1,2008,2008,award
WESTERN CONSTRUCTION INC,Department of Transportation,10628654.54,1,2016,2016,award
WESTERN ELEVATOR LLC,Department of Justice,242760.0,1,2023,2023,award
"WESTERN MAIL COMPANY, LLC",Department of Veterans Affairs,3973.51,1,2010,2010,award
WESTERN MEDICAL WASTE AND ENVIRONMENTAL SERVICE INC,Department of Veterans Affairs,2264505.55,5,2006,2011,award
WESTERN PRODUCTS AND SERVICES LLC,Department of the Interior,5900.0,1,2016,2016,award
"WESTERN SPORTS AND RECREATION EQUIPMENT, INC.",Department of Homeland Security,23800.0,2,2011,2012,award
"WESTEX GROUP, INC",Department of Agriculture,50609.61,1,2025,2025,award
WESTMOR FLUID SOLUTIONS LLC,Department of Homeland Security,16246.04,1,2019,2019,award
WESTON SOLUTIONS INC,Department of Defense,1616214708.38,5,2015,2024,award
WESTON SOLUTIONS INC,Department of the Interior,0.0,1,2011,2011,award
WESTON SOLUTIONS INC,Environmental Protection Agency,7401331.07,2,2022,2023,award
WF COMPUTER SERVICES INC,Department of Homeland Security,73461.0,1,2018,2018,award
"WHARTON ASPHALT, LLC",Department of Transportation,2814433.32,1,2018,2018,award
WHEELABRATOR SOUTH BROWARD INC,Department of Justice,4805.52,2,2025,2025,award
WHITE GLACIER MANUFACTURING CORP,Department of Commerce,21330.37,1,2023,2023,award
WHOLESALE ELECTRIC CARIBE INC,Department of Defense,3032033.91,10,2010,2019,award
WHOLESALE ELECTRIC CARIBE INC,Department of Homeland Security,371451.0,2,2018,2018,award
WHOLESALE ELECTRIC CARIBE INC,Department of the Interior,24325.0,1,2010,2010,award
WIDEPOINT INTEGRATED SOLUTIONS CORP,Department of Homeland Security,1303526.27,9,2018,2025,award
WILBUR ENTERPRISES INC.,Department of Justice,47653.36,2,2019,2019,award
"WILDFLOWER INTERNATIONAL, LTD.",Department of Defense,245838.68,4,2020,2024,award
"WILEY & WILSON, INC.",Department of Transportation,259996.0,2,2019,2023,award
WILLIAM FREDDY MEJIA GARCIA,Department of Agriculture,29523.0,1,2021,2021,award
WILLIAM N BURCH,Department of Defense,7519.0,2,2008,2009,award
WILLIAM RODRIGUEZ,Department of Agriculture,1600.0,1,2012,2012,award
WILLIAM VEGA COLON,Department of Homeland Security,3469.54,1,2009,2009,award
WILLIAM VEGA COLON,General Services Administration,112029.79,21,2018,2025,award
"WILLIAM, HARRY",Department of Homeland Security,104826.76,1,2006,2006,award
"WILLIAMS CIVIL CONSTRUCTION, INC.",Department of Transportation,2792950.56,2,2016,2024,award
WILLIAMS CONSULTING LLC,Social Security Administration,10000.0,1,2023,2023,award
WILLIAMS ELECTRIC CO INC,Department of Defense,5003713.23,3,2012,2019,award
"WILLIAMSON LANDSCAPE ARCHITECTURE, LLC",Department of the Interior,145000.0,1,2025,2025,award
WILLIE'S BBQ INC.,Department of Defense,23983.5,8,2015,2016,award
WILSON BONILLA,Department of Agriculture,214570.0,17,2010,2015,award
WIMAT ENTERPRISES INC,Department of Defense,184105.0,10,2008,2016,award
WIMAT ENTERPRISES INC,Department of Homeland Security,32553.0,2,2010,2011,award
WIMAT ENTERPRISES INC,Department of Justice,4545.0,1,2012,2012,award
WIMAT ENTERPRISES INC,Department of Veterans Affairs,11085.0,1,2012,2012,award
WIMAT ENTERPRISES INC,Department of the Interior,6495.0,1,2016,2016,award
WINERGY LLC,Department of Veterans Affairs,412662.0,6,2021,2025,award
WINSTON-SALEM INDUSTRIES FOR THE BLIND INC,Department of Defense,554839.25,14,2011,2024,award
WINSTON-SALEM INDUSTRIES FOR THE BLIND INC,Department of Homeland Security,40639.16,2,2018,2020,award
WINSTON-SALEM INDUSTRIES FOR THE BLIND INC,Department of Justice,39779.05,3,2018,2024,award
WINSTON-SALEM INDUSTRIES FOR THE BLIND INC,Department of Labor,35219.0,1,2019,2019,award
WINSTON-SALEM INDUSTRIES FOR THE BLIND INC,General Services Administration,66221.38,1,2017,2017,award
"WINSTON-SALEM INDUSTRIES FOR THE BLIND, INC",Department of Transportation,95200.0,1,2024,2024,award
WISCONSIN PHYSICIANS SERVICE INSURANCE CORP.,Department of Defense,0.0,1,2007,2007,award
WISECOM TECHNOLOGIES INC,Department of Homeland Security,32008.28,1,2020,2020,award
WL GORE & ASSOCIATES INC,Department of Veterans Affairs,49089.0,1,2025,2025,award
WOLF CREEK FEDERAL SERVICES LLC,Department of Defense,6431750.0,1,2015,2015,award
"WOOD PRODUCT SIGNS/RECYCLE PLUS, INC.",Department of the Interior,62416.52,1,2018,2018,award
"WOOLPERT, INC.",Department of Defense,602167.0,3,2011,2014,award
WOOLPERT-RS&H LLC,Department of Defense,322219.18,1,2024,2024,award
WORLD BEST 10K CORPORATION,Department of Homeland Security,40000.0,1,2008,2008,award
"WORLD CENTRAL KITCHEN, INCORPORATED",Department of Homeland Security,8228160.0,1,2018,2018,award
"WORLD FUEL SERVICES, INC.",Department of Defense,558785.0,1,2020,2020,award
WORLD WIDE TECHNOLOGY LLC,Department of Defense,184999.66,1,2017,2017,award
WORLDNET TELECOMMUNICATIONS LLC,Department of Defense,2801616.68,23,2007,2025,award
WORLDNET TELECOMMUNICATIONS LLC,Department of Homeland Security,53936.44,2,2021,2024,award
WORLDNET TELECOMMUNICATIONS LLC,Department of Justice,374911.6,26,2008,2025,award
WORLDNET TELECOMMUNICATIONS LLC,Department of Transportation,179815.67,5,2021,2025,award
WORLDNET TELECOMMUNICATIONS LLC,Department of Veterans Affairs,5085898.47,13,2007,2024,award
WORLDNET TELECOMMUNICATIONS LLC,Department of the Interior,88421.21,4,2022,2025,award
WORLDNET TELECOMMUNICATIONS LLC,General Services Administration,16371.92,3,2016,2018,award
WORLDWIDE INDUSTRY TRAINING SOLUTIONS LLC,Department of Defense,13850.0,1,2020,2020,award
WORRELL CONTRACTING CO INC,Department of Veterans Affairs,60576.2,1,2020,2020,award
"WORTH INDUSTRIES, INC.",Department of Defense,115740.0,1,2019,2019,award
WPR LA CERAMICA LP SE,Department of Veterans Affairs,1378463.04,3,2005,2005,award
WR CONSTRUCTION LLC,Department of Transportation,1952194.59,1,2024,2024,award
WRG FIRE TRAINING SIMULATION SYSTEMS INC.,Department of Defense,7539.49,1,2022,2022,award
WRIGGLESWORTH ENTERPRISES INC,Department of Defense,22020.75,1,2023,2023,award
WRIGGLESWORTH ENTERPRISES INC,Department of Homeland Security,70633.88,2,2018,2024,award
"WRIGHT MEDICAL TECHNOLOGY, INC.",Department of Veterans Affairs,328775.67,13,2018,2022,award
"WRIGHT, DEBRA R",Department of Defense,55136.56,1,2014,2014,award
WS ACQUISITION LLC,Department of Homeland Security,65743.82,2,2020,2025,award
WS ACQUISITION LLC,Department of Veterans Affairs,54272.23,1,2019,2019,award
WSP E&IS - HDR JOINT VENTURE,Department of Homeland Security,213863.0,1,2020,2020,award
WSP USA ENVIRONMENT & INFRASTRUCTURE INC.,Department of Defense,5354849.67,2,2012,2013,award
WSP USA ENVIRONMENT & INFRASTRUCTURE INC.,Department of Homeland Security,580824.19,2,2022,2024,award
WSP USA INC,Department of Transportation,167997.27,2,2019,2020,award
WSP USA INC.,Department of Transportation,7070679.06,6,2019,2025,award
WSP USA SERVICES INC.,Department of Homeland Security,128956489.57,4,2017,2022,award
WSP USA SOLUTIONS INC,Department of Defense,657288120.93,20,2015,2025,award
WSP USA SOLUTIONS INC,Department of Homeland Security,768214.21,2,2021,2022,award
WSP-VERSAR JV,Department of Defense,2722905.05,1,2023,2023,award
WV VACATION BUSINESS LLC,Department of Defense,42120.0,1,2025,2025,award
WW MANUFACTURING CO INC,Department of Agriculture,139500.0,1,2025,2025,award
WWW SINERGY CORPORATION,Department of Justice,104633.0,8,2008,2018,award
"WYETH PUERTO RICO, INC.",Department of Veterans Affairs,24333.1,1,2008,2008,award
WYNNPRO LLC,Department of Homeland Security,23488.24,1,2020,2020,award
X-STEEL BODY SHOP INC,Department of Justice,17992.72,2,2014,2016,award
"XACT WAREHOUSE SOLUTIONS, LLC",Department of Homeland Security,1706345.6,1,2021,2021,award
XAVIER A. GARCIA LOPEZ,Department of the Interior,9047.36,1,2022,2022,award
XENON TECHNICAL SERVICES LLC,Department of Veterans Affairs,18591.41,2,2018,2020,award
XENTURIS LLC,Department of Defense,300115.0,2,2025,2025,award
XEROX CORP,Department of Defense,190613.63,5,2014,2018,award
XEROX CORP,Department of Justice,12834.47,6,2016,2025,award
XEROX CORPORATION,Department of Agriculture,24967.46,4,2016,2022,award
XEROX CORPORATION,Department of Defense,103017.18,5,2006,2014,award
XEROX CORPORATION,Department of Homeland Security,194122.08,7,2008,2018,award
XEROX CORPORATION,Department of Justice,20695.02,7,2017,2025,award
XEROX CORPORATION,Department of Veterans Affairs,62342.29,1,2017,2017,award
XEROX CORPORATION,Department of the Interior,62601.6,3,2019,2023,award
XEROX IT SOLUTIONS LLC,Department of Homeland Security,40760.66,1,2018,2018,award
"XFS GLOBAL, LLC",General Services Administration,33011.79,1,2020,2020,award
XPAC CORPORATION,Department of Homeland Security,34320.0,1,2022,2022,award
XPERT'S LLC,Department of Defense,183583973.65,6,2008,2020,award
XPERT'S LLC,Department of the Interior,198490.0,1,2021,2021,award
"XPRESS MEDICAL TRANSPORT, CORP.",Department of Agriculture,19550.0,2,2018,2018,award
"YACHT GARAGE, INC THE",Department of Defense,100000.0,1,2014,2014,award
"YATES CO, THE",Department of Homeland Security,854.0,1,2015,2015,award
"YATES CO, THE",Department of Veterans Affairs,26730.19,2,2011,2014,award
YELLOW BRIDGE LLC,Department of Agriculture,55951.68,1,2021,2021,award
YELLOW MEDIA GROUP INC,Department of Defense,89903.2,2,2013,2013,award
"YELLOWTRANS, LLC",Department of Homeland Security,14265.5,2,2021,2022,award
YES INC,Department of Homeland Security,2475.0,2,2019,2020,award
"YESCOMM TECHNOLOGIES, CORP",Department of Defense,100243.44,9,2014,2020,award
"YODICE, ALEXANDER",Department of Justice,42385.0,7,2019,2026,award
"YOKOHAMA ENGINEERING WORKS, LTD.",Department of Defense,164644.73,1,2023,2023,award
YOLANDA LABOY,Department of Defense,65980.8,1,2010,2010,award
YORKSHIRE INDUSTRIES LLC,Department of Transportation,3214889.86,1,2025,2025,award
YOUNG & RUBICAM LLC,Department of Defense,205500.0,1,2022,2022,award
"YOUR RECRUITING COMPANY, INC.",Department of Agriculture,0.0,1,2013,2013,award
YSI INC,Department of the Interior,12443.49,1,2018,2018,award
"Z ELECTRIC SALES, INC.",Department of Veterans Affairs,9725.0,1,2016,2016,award
"ZAYAS HERNANDEZ, RAUL",General Services Administration,1015385.51,33,2008,2011,award
"ZENEN CLEANING SERVICES, INC.",Department of Defense,6944.0,1,2011,2011,award
ZENKODER LLC,Department of Defense,1163.5,1,2024,2024,award
ZERO MEDICAL WASTE CORP.,Department of Agriculture,18332.0,1,2022,2022,award
ZF MARINE PROPULSION SYSTEMS MIRAMAR LLC,Department of Homeland Security,5528.5,1,2020,2020,award
"ZHU, XIAOLIN",Department of Agriculture,12000.0,1,2021,2021,award
ZIMMER US INC,Department of Veterans Affairs,12272.88,1,2018,2018,award
"ZIMMETRY ENVIRONMENTAL MANAGEMENT, CORP",Department of Defense,13650.0,2,2019,2023,award
"ZIMMETRY ENVIRONMENTAL MANAGEMENT, CORP",Department of Homeland Security,25455.0,3,2020,2021,award
"ZIMMETRY ENVIRONMENTAL MANAGEMENT, CORP",Department of Justice,1200.0,1,2020,2020,award
"ZIMMETRY ENVIRONMENTAL MANAGEMENT, CORP",Department of Transportation,2850.0,1,2017,2017,award
"ZIMMETRY ENVIRONMENTAL MANAGEMENT, CORP",General Services Administration,17510.0,4,2020,2024,award
"ZODIAC OF NORTH AMERICA, INC.",Department of Homeland Security,259574.3,1,2019,2019,award
ZONA ELECTRICA INC,Department of Veterans Affairs,3217.5,1,2010,2010,award
"ZONE CONSTRUCTION & ENGINEERING, CORPORATION",Department of Justice,11676.0,1,2016,2016,award
ZORZAL TERMITE EXTERMINATING CORP,Department of Agriculture,21791.5,2,2021,2026,award
ZORZAL TERMITE EXTERMINATING CORP,Department of Homeland Security,16032.59,4,2018,2025,award
ZORZAL TERMITE EXTERMINATING CORP,Department of Transportation,93919.7,3,2019,2025,award
ENT_AGENCY_125b538f289a4708,ENT_AGENCY_1c1ee3c0f0c85d23,1.0,0,,,control
ENT_AGENCY_125b538f289a4708,ENT_AGENCY_8d511bc1aaa048d4,1.0,0,,,control
ENT_AGENCY_125b538f289a4708,ENT_AGENCY_6c1d858c1babe390,1.0,0,,,control
ENT_AGENCY_125b538f289a4708,ENT_AGENCY_c5fb8a7f44e8ff18,1.0,0,,,control
ENT_AGENCY_125b538f289a4708,ENT_AGENCY_b182f85acf46f69b,1.0,0,,,control
ENT_AGENCY_125b538f289a4708,ENT_ORG_5204a3d8f84bbfcd,1.0,0,,,control
ENT_AGENCY_125b538f289a4708,ENT_AGENCY_d363e4ddf2ce6a5d,1.0,0,,,control
ENT_AGENCY_125b538f289a4708,ENT_AGENCY_67880db21dd281cd,1.0,0,,,control
ENT_AGENCY_125b538f289a4708,ENT_AGENCY_42ffd9ad9ab45e6a,1.0,0,,,control
ENT_AGENCY_125b538f289a4708,ENT_AGENCY_7cf79ff780fb8279,1.0,0,,,control
ENT_AGENCY_125b538f289a4708,ENT_AGENCY_c6aa8887d7248228,1.0,0,,,control
ENT_AGENCY_125b538f289a4708,ENT_AGENCY_5f99300da364ea64,1.0,0,,,control
ENT_AGENCY_125b538f289a4708,ENT_AGENCY_cc41784f4b40b6ff,1.0,0,,,control
ENT_AGENCY_125b538f289a4708,ENT_AGENCY_2c16f9ae54df7e1e,1.0,0,,,control
ENT_AGENCY_125b538f289a4708,ENT_AGENCY_efcec09764306ade,1.0,0,,,control
ENT_AGENCY_125b538f289a4708,ENT_ORG_b14376987d82d5ee,1.0,0,,,control
ENT_AGENCY_125b538f289a4708,ENT_AGENCY_e73c9879d715653a,1.0,0,,,control
ENT_AGENCY_6c1d858c1babe390,ENT_ORG_299e165490469537,1.0,0,,,control
ENT_AGENCY_6c1d858c1babe390,ENT_ORG_0f8f1789b2c687ed,1.0,0,,,control
ENT_AGENCY_b182f85acf46f69b,ENT_ORG_3719113e87688e83,1.0,0,,,control
