filing_uuid,filing_year,filing_type,period_of_report,registrant_id,registrant_name,registrant_state,client_id,client_name,client_state,client_description,income,expenses,general_issue_codes,issue_descriptions,lobbyist_names,dt_posted,_income_num,_expenses_num
e110040b-c484-4096-b7a2-a88ef83262a7,1999,RR,,46860,"MORGAN MEGUIRE, LLC",DC,154329,PUERTO RICO ELECTRIC POWER AUTHORITY,PR,,,,Energy/Nuclear,,,1999-02-18T00:00:00-05:00,0.0,0.0
84800e9a-7d87-4147-9f61-f1ba62307644,1999,RA,,46860,"MORGAN MEGUIRE, LLC",DC,154329,PUERTO RICO ELECTRIC POWER AUTHORITY,PR,,,,Energy/Nuclear,,,1999-03-23T00:00:00-05:00,0.0,0.0
1e9e6286-5ae1-42a9-9ff1-9c55cef894e5,1999,RR,,4208,ARENTFOX SCHIFF LLP,DC,104054,FRANCISCO DE JESUS SCHUCK,PR,,,,Constitution,,,1999-04-12T00:00:00-04:00,0.0,0.0
9f62a6ed-2e65-4396-80ec-bb24cd6143a4,1999,RR,,49726,SYMMS & HADDOW,DC,156688,CONSERVATION TRUST FUND OF PUERTO RICO,PR,,,,Taxation/Internal Revenue Code,,,1999-04-19T00:00:00-04:00,0.0,0.0
17b09a3a-f4d6-4d1e-adf0-cc709d09bf78,1999,RR,,49566,OLDAKER & HARRIS,DC,156234,GOVERNMENT DEVELOPMENT BANK OF PUERTO RICO,PR,,,,Government Issues,,,1999-06-14T00:00:00-04:00,0.0,0.0
114efc13-0b98-4e5b-bf07-dff8661a1e36,1999,MM,,46860,"MORGAN MEGUIRE, LLC",DC,154329,PUERTO RICO ELECTRIC POWER AUTHORITY,PR,,,,Energy/Nuclear,,,1999-07-22T00:00:00-04:00,0.0,0.0
e69f9182-b26f-40da-84c3-22efcbe51091,1999,MM,,33795,THE ROTH GROUP,VA,142109,CITY OF SAN JUAN,PR,,40000.00,,Transportation,,,1999-07-26T00:00:00-04:00,40000.0,0.0
3dac26a6-7ca7-426b-a41f-425866b5cdb5,1999,MM,,49726,SYMMS & HADDOW,DC,156688,CONSERVATION TRUST FUND OF PUERTO RICO,PR,,30000.00,,,,,1999-07-29T00:00:00-04:00,30000.0,0.0
b6fa8dbd-3052-4d5d-a513-96fcc4eaf39b,1999,RR,,8316,CARMEN GROUP INCORPORATED,DC,111425,CITIZENS EDUCATIONAL FOUNDATION OF PUERTO RICO,PR,,,,Civil Rights/Civil Liberties|Government Issues,,,1999-08-03T00:00:00-04:00,0.0,0.0
b9e50269-4e30-4d98-8b5a-5933ab6f6198,1999,RA,,49566,OLDAKER & HARRIS,DC,156234,GOVERNMENT DEVELOPMENT BANK OF PUERTO RICO,PR,,,,Economics/Economic Development,,,1999-08-05T00:00:00-04:00,0.0,0.0
a5f1cef2-0528-49e9-99e3-76b213403385,1999,RR,,49566,OLDAKER & HARRIS,DC,156239,SENATE OF PUERTO RICO,PR,,,,Government Issues,,,1999-08-06T00:00:00-04:00,0.0,0.0
5b1c0fec-6189-4fe4-8565-6c94fde571df,1999,RA,,49726,SYMMS & HADDOW,DC,156688,CONSERVATION TRUST FUND OF PUERTO RICO,PR,,,,Taxation/Internal Revenue Code,,,1999-08-09T00:00:00-04:00,0.0,0.0
0158c8bf-1170-4eea-8e8d-dcd47d92af44,1999,MM,,7268,BROYDRICK & ASSOCIATES,DC,110356,MILWAUKEE METROPOLITAN SEWERAGE DISTRICT,PR,Municipality in Puerto Rico,37508.00,,Budget/Appropriations|Environment/Superfund|Clean Air and Water (quality),,,1999-08-10T00:00:00-04:00,37508.0,0.0
d959db38-fd25-4a8b-ac46-274d620d99a2,1999,MT,,39974,VERNER LIIPFERT BERNHARD MCPHERSON & HAND,DC,149178,CLEAR COMM,PR,,,,Telecommunications,,,1999-08-11T00:00:00-04:00,0.0,0.0
c6f91ba8-eb25-4109-9058-0ab5a56b45d4,1999,RR,,21506,KESSLER & ASSOCIATES BUSINESS SERVICES,DC,128021,FRANCO HERMAN,PR,,,,Taxation/Internal Revenue Code,,,1999-08-12T00:00:00-04:00,0.0,0.0
405712ec-181d-4947-8db9-80d069338cf2,1999,RR,,21632,KING & SPALDING LLP,DC,128277,GOVERNMENT OF PUERTO RICO,PR,,,,Government Issues,,,1999-08-13T00:00:00-04:00,0.0,0.0
a1b2bc52-41e6-40cd-8475-677adb2df162,1999,MMY,,30906,SQUIRE PATTON BOGGS,DC,136354,GOVERNMENT OF PUERTO RICO,PR,Government entity (not foreign),,,,,,1999-08-13T00:00:00-04:00,0.0,0.0
75970c63-32a3-47e4-8b22-81790a8cc757,1999,MM,,49566,OLDAKER & HARRIS,DC,156234,GOVERNMENT DEVELOPMENT BANK OF PUERTO RICO,PR,,40000.00,,Economics/Economic Development,,,1999-08-13T00:00:00-04:00,40000.0,0.0
0a2bc759-604e-4e5d-a481-661acc4cf876,1999,RA,,8316,CARMEN GROUP INCORPORATED,DC,111425,CITIZENS EDUCATIONAL FOUNDATION OF PUERTO RICO,PR,,,,Civil Rights/Civil Liberties,,,1999-08-16T00:00:00-04:00,0.0,0.0
b153d20e-1a17-4968-817a-b07362b42875,1999,MM,,26318,MWW GROUP,NY,133970,OFFICE OF SENATE PRESIDENT SENATE OF PUERTO RICO,PR,,40000.00,,Government Issues,,,1999-08-16T00:00:00-04:00,40000.0,0.0
7b1c4fb6-4845-46b8-97cd-2c57a3d12b6d,1999,MM,,4208,ARENTFOX SCHIFF LLP,DC,104054,FRANCISCO DE JESUS SCHUCK,PR,,40000.00,,Constitution,,,1999-08-16T00:00:00-04:00,40000.0,0.0
b38e58dd-f611-4898-97b3-33705bebeeca,1999,MTY,,10764,PRICEWATERHOUSECOOPERS,DC,114421,GOVERNMENT DEVELOPMENT BANK OF PUERTO RICO,PR,,,,,,,1999-08-18T00:00:00-04:00,0.0,0.0
f10bb2b2-1701-4619-bd33-3e918216a18b,1999,MA,,49726,SYMMS & HADDOW,DC,156688,CONSERVATION TRUST FUND OF PUERTO RICO,PR,,30000.00,,Taxation/Internal Revenue Code,,,1999-09-13T00:00:00-04:00,30000.0,0.0
fd05bd39-2991-45d2-9987-b853f31716cc,1999,RR,,682,AKIN GUMP STRAUSS HAUER & FELD,DC,100625,PUEBLO INTL,PR,,,,Agriculture,,,1999-09-23T00:00:00-04:00,0.0,0.0
99c944d0-648c-4ae8-9e49-d68eaa959524,1999,MM,,35707,SMITH GARSON,DC,144318,CITY OF CAROLINA PUERTO RICO,PR,,20000.00,,Budget/Appropriations,,,1999-11-24T00:00:00-05:00,20000.0,0.0
c2fd79ae-00b0-466b-bb17-f7b3198fd98e,2000,RR,,6291,BKSH & ASSOCIATES,DC,108138,M-UNIT,PR,,,,Budget/Appropriations,,,2000-02-07T00:00:00-05:00,0.0,0.0
c9948237-74fe-4144-9a1d-cdd91d043e3f,1999,YY,,21506,KESSLER & ASSOCIATES BUSINESS SERVICES,DC,128021,FRANCO HERMAN,PR,,,,Taxation/Internal Revenue Code,,,2000-02-08T00:00:00-05:00,0.0,0.0
65849a3f-cd42-4cee-b36b-b0fd0ad8e20d,1999,YY,,49726,SYMMS & HADDOW,DC,156688,CONSERVATION TRUST FUND OF PUERTO RICO,PR,,30000.00,,Taxation/Internal Revenue Code,,,2000-02-10T00:00:00-05:00,30000.0,0.0
406de9cb-03ce-4059-9dc9-c1ab853b62b7,1999,YY,,7268,BROYDRICK & ASSOCIATES,DC,110356,MILWAUKEE METROPOLITAN SEWERAGE DISTRICT,PR,Municipality in Puerto Rico,25367.00,,Budget/Appropriations|Environment/Superfund|Clean Air and Water (quality),,,2000-02-10T00:00:00-05:00,25367.0,0.0
8ea1313c-7546-4760-9689-22cabd2a9276,1999,YY,,26318,MWW GROUP,NY,133970,OFFICE OF SENATE PRESIDENT SENATE OF PUERTO RICO,PR,,20000.00,,Government Issues,,,2000-02-14T00:00:00-05:00,20000.0,0.0
5baed519-f2bf-452f-82cb-08d739de8b83,1999,YY,,682,AKIN GUMP STRAUSS HAUER & FELD,DC,100625,PUEBLO INTL,PR,,80000.00,,Agriculture,,,2000-02-14T00:00:00-05:00,80000.0,0.0
7020241e-db2b-4288-962c-434bd73ff737,1999,YY,,4208,ARENTFOX SCHIFF LLP,DC,104054,FRANCISCO DE JESUS SCHUCK,PR,,20000.00,,Constitution,,,2000-02-14T00:00:00-05:00,20000.0,0.0
0fee5a5d-ac13-4dca-ba95-d27b2673f1c2,1999,YYY,,30906,SQUIRE PATTON BOGGS,DC,136354,GOVERNMENT OF PUERTO RICO,PR,Government entity (not foreign),,,,,,2000-02-14T00:00:00-05:00,0.0,0.0
50b0d4eb-ab60-43fd-adfa-6bb10684384e,1999,YY,,8316,CARMEN GROUP INCORPORATED,DC,111425,CITIZENS EDUCATIONAL FOUNDATION OF PUERTO RICO,PR,,40000.00,,Civil Rights/Civil Liberties,,,2000-02-15T00:00:00-05:00,40000.0,0.0
a70376f4-a226-4b1e-a79f-018196f788f1,1999,YT,,21632,KING & SPALDING LLP,DC,128277,GOVERNMENT OF PUERTO RICO,PR,,,,Government Issues,,,2000-02-17T00:00:00-05:00,0.0,0.0
59d97a88-518d-4c71-8661-9982638ec7b8,1999,YY,,33795,THE ROTH GROUP,VA,142109,CITY OF SAN JUAN,PR,,40000.00,,Transportation,,,2000-02-17T00:00:00-05:00,40000.0,0.0
54673f0d-1419-4b4f-83fa-28f239234480,1999,YYY,,46860,"MORGAN MEGUIRE, LLC",DC,154329,PUERTO RICO ELECTRIC POWER AUTHORITY,PR,,,,,,,2000-02-22T00:00:00-05:00,0.0,0.0
158c3294-63d3-47cc-a926-ea9d03fa6d94,1999,YY,,49566,OLDAKER & HARRIS,DC,156239,SENATE OF PUERTO RICO,PR,,60000.00,,Government Issues,,,2000-02-23T00:00:00-05:00,60000.0,0.0
a716bf3a-2ea8-42ae-a632-873f86ad18a0,1999,YA,,8316,CARMEN GROUP INCORPORATED,DC,111425,CITIZENS EDUCATIONAL FOUNDATION OF PUERTO RICO,PR,,60000.00,,Civil Rights/Civil Liberties,,,2000-02-25T00:00:00-05:00,60000.0,0.0
1779ab69-4786-4a2c-9846-da4d5f3207d2,2000,RR,,21528,KETCHUM PUBLIC RELATIONS,DC,128073,PUERTO RICO INDUSTRIAL DEV CO,PR,,,,Trade (domestic/foreign)|Taxation/Internal Revenue Code|Government Issues,,,2000-05-17T00:00:00-04:00,0.0,0.0
adbfdb36-4e19-4ce1-870a-4555a35148e1,2000,RR,,8453,"CASSIDY & ASSOCIATES, INC.",DC,112040,UNIV OF PUERTO RICO,PR,,,,Health Issues|Budget/Appropriations|Education|Medical/Disease Research/Clinical Labs,,,2000-05-30T00:00:00-04:00,0.0,0.0
b0894a7c-6f2f-4200-8460-6d4c674b58bd,1999,YY,,35707,SMITH GARSON,DC,144318,CITY OF CAROLINA PUERTO RICO,PR,,20000.00,,,,,2000-06-16T00:00:00-04:00,20000.0,0.0
14c7f6c1-858a-4f02-b30e-ba76ac98e70e,2000,RA,,21528,KETCHUM PUBLIC RELATIONS,DC,128073,PUERTO RICO INDUSTRIAL DEV CO,PR,,,,Trade (domestic/foreign)|Taxation/Internal Revenue Code|Government Issues,,,2000-06-23T00:00:00-04:00,0.0,0.0
3766a321-11c0-48b8-bedd-268af9e87949,2000,MM,,33795,THE ROTH GROUP,VA,142109,CITY OF SAN JUAN,PR,,40000.00,,Transportation,,,2000-07-17T00:00:00-04:00,40000.0,0.0
4ac0586a-e6c6-4958-96e0-46b33650695a,1999,YA,,8316,CARMEN GROUP INCORPORATED,DC,111425,CITIZENS EDUCATIONAL FOUNDATION OF PUERTO RICO,PR,,60000.00,,Civil Rights/Civil Liberties,,,2000-07-17T00:00:00-04:00,60000.0,0.0
9f3cb250-b7ba-4c88-b605-8a5413bbb82f,2000,MM,,21506,KESSLER & ASSOCIATES BUSINESS SERVICES,DC,128021,FRANCO HERMAN,PR,,20000.00,,Taxation/Internal Revenue Code,,,2000-07-24T00:00:00-04:00,20000.0,0.0
044af4bf-8375-48cd-a0c1-c486eada5675,2000,MM,,49726,SYMMS & HADDOW,DC,156688,CONSERVATION TRUST FUND OF PUERTO RICO,PR,,30000.00,,Taxation/Internal Revenue Code|Environment/Superfund|Animals,,,2000-08-08T00:00:00-04:00,30000.0,0.0
65f3093d-19f6-4737-9e54-dee9aea1ad73,2000,MM,,8453,"CASSIDY & ASSOCIATES, INC.",DC,112040,UNIV OF PUERTO RICO,PR,,40000.00,,Health Issues|Education|Medical/Disease Research/Clinical Labs,,,2000-08-09T00:00:00-04:00,40000.0,0.0
534d1c47-0847-497c-b4ed-acc930594a7d,2000,MT,,6291,BKSH & ASSOCIATES,DC,108138,M-UNIT,PR,,20000.00,,Budget/Appropriations,,,2000-08-10T00:00:00-04:00,20000.0,0.0
1bf4e3a1-cb72-4115-b740-576866dfd230,2000,MTY,,4208,ARENTFOX SCHIFF LLP,DC,104054,FRANCISCO DE JESUS SCHUCK,PR,,,,Gaming/Gambling/Casino|Foreign Relations|Environment/Superfund,,,2000-08-11T00:00:00-04:00,0.0,0.0
a6b38b27-7505-42ea-ba7b-be6f8b368657,2000,MM,,682,AKIN GUMP STRAUSS HAUER & FELD,DC,100625,PUEBLO INTL,PR,,60000.00,,Agriculture,,,2000-08-11T00:00:00-04:00,60000.0,0.0
7fcd5639-dcd9-41cb-84a1-e7a112eb9955,2000,MMY,,30906,SQUIRE PATTON BOGGS,DC,136354,GOVERNMENT OF PUERTO RICO,PR,Government entity (not foreign),,,,,,2000-08-14T00:00:00-04:00,0.0,0.0
0231469c-a5db-4b4b-9f71-a3ff50555974,2000,MMY,,46860,"MORGAN MEGUIRE, LLC",DC,154329,PUERTO RICO ELECTRIC POWER AUTHORITY,PR,,,,,,,2000-08-14T00:00:00-04:00,0.0,0.0
7d60d76e-0baf-4511-b700-9667462cc8a1,2000,RR,,49566,OLDAKER & HARRIS,DC,156245,MUNICIPALITY OF GUAYNABO,PR,,,,Urban Development/Municipalities|Transportation,,,2000-08-14T00:00:00-04:00,0.0,0.0
1e097ac6-797a-4ebd-bffa-168af0a2ca85,2000,RR,,49566,OLDAKER & HARRIS,DC,156247,MUNICIPALITY OF FAJARDO,PR,,,,Urban Development/Municipalities|Transportation|Telecommunications,,,2000-08-14T00:00:00-04:00,0.0,0.0
fee72e25-6e3c-451a-a8db-b7d2c31af9ce,2000,MM,,7268,BROYDRICK & ASSOCIATES,DC,110356,MILWAUKEE METROPOLITAN SEWERAGE DISTRICT,PR,Municipality in Puerto Rico,28178.00,,Budget/Appropriations|Environment/Superfund|Clean Air and Water (quality),,,2000-08-14T00:00:00-04:00,28178.0,0.0
c562c67b-830c-4779-879a-8afe7aa83962,2000,MMY,,8316,CARMEN GROUP INCORPORATED,DC,111425,CITIZENS EDUCATIONAL FOUNDATION OF PUERTO RICO,PR,,,,,,,2000-08-14T00:00:00-04:00,0.0,0.0
f49ea653-1660-4581-befc-c7cdf466d190,2000,MM,,49566,OLDAKER & HARRIS,DC,156239,SENATE OF PUERTO RICO,PR,,120000.00,,Government Issues,,,2000-08-14T00:00:00-04:00,120000.0,0.0
d4181706-8a1f-4b03-8f0f-036d6b8d2159,2000,MM,,26318,MWW GROUP,NY,133970,OFFICE OF SENATE PRESIDENT SENATE OF PUERTO RICO,PR,,20000.00,,Government Issues,,,2000-08-15T00:00:00-04:00,20000.0,0.0
8dd5934e-49f5-41f3-ab99-4846856f395f,2000,M@,,6291,BKSH & ASSOCIATES,DC,108138,M-UNIT,PR,,20000.00,,Budget/Appropriations,,,2000-09-25T00:00:00-04:00,20000.0,0.0
5981d043-df36-41fa-afc6-f7b15aedb59f,2000,MMY,,35707,SMITH GARSON,DC,144318,CITY OF CAROLINA PUERTO RICO,PR,,,,,,,2000-10-23T00:00:00-04:00,0.0,0.0
701cc701-ac1c-44c1-a23c-e2ad01b0ee3b,2000,RR,,46860,"MORGAN MEGUIRE, LLC",DC,154352,ENERGY AFFAIRS ADMINISTRATION,PR,,,,Energy/Nuclear,,,2000-10-31T00:00:00-05:00,0.0,0.0
82edd052-a513-4ace-90a1-c4573a5b8eda,2000,MM,,21528,KETCHUM PUBLIC RELATIONS,DC,128073,PUERTO RICO INDUSTRIAL DEV CO,PR,,60000.00,,Trade (domestic/foreign)|Taxation/Internal Revenue Code|Economics/Economic Development|Government Issues,,,2000-11-02T00:00:00-05:00,60000.0,0.0
c36fb8d9-8ea1-495e-97ef-9d5b6573e4dc,2000,YT,,33795,THE ROTH GROUP,VA,142109,CITY OF SAN JUAN,PR,,30000.00,,Transportation,,,2001-01-24T00:00:00-05:00,30000.0,0.0
924c34c8-9cd7-4add-a087-21e5e0016b29,2000,YY,,21506,KESSLER & ASSOCIATES BUSINESS SERVICES,DC,128021,FRANCO HERMAN,PR,,20000.00,,Taxation/Internal Revenue Code,,,2001-01-25T00:00:00-05:00,20000.0,0.0
5ee7bffd-620d-488e-94eb-c4ebe21b8e0b,2000,YY,,682,AKIN GUMP STRAUSS HAUER & FELD,DC,100625,PUEBLO INTL,PR,,80000.00,,Agriculture,,,2001-02-14T00:00:00-05:00,80000.0,0.0
98f7e8c1-4e6a-4154-b183-c95b65b70520,2000,YY,,7268,BROYDRICK & ASSOCIATES,DC,110356,MILWAUKEE METROPOLITAN SEWERAGE DISTRICT,PR,Municipality in Puerto Rico,24840.00,,Budget/Appropriations|Environment/Superfund|Clean Air and Water (quality),,,2001-02-14T00:00:00-05:00,24840.0,0.0
9957de14-2765-4504-9f40-dd2dfc9c2e46,2000,YYY,,30906,SQUIRE PATTON BOGGS,DC,136354,GOVERNMENT OF PUERTO RICO,PR,Government entity (not foreign),0.00,,,,,2001-02-14T00:00:00-05:00,0.0,0.0
a0c22dd6-6637-4e8d-84eb-73bde54abd30,2000,YTY,,8316,CARMEN GROUP INCORPORATED,DC,111425,CITIZENS EDUCATIONAL FOUNDATION OF PUERTO RICO,PR,,0.00,,,,,2001-02-14T00:00:00-05:00,0.0,0.0
009383c3-4bd2-4eba-ad2f-dc0c3f0d9898,2000,YY,,8453,"CASSIDY & ASSOCIATES, INC.",DC,112040,UNIV OF PUERTO RICO,PR,,40000.00,,Budget/Appropriations,,,2001-02-14T00:00:00-05:00,40000.0,0.0
7cf13a87-cd5e-4055-8870-62f1c4829d61,2000,YY,,26318,MWW GROUP,NY,133970,OFFICE OF SENATE PRESIDENT SENATE OF PUERTO RICO,PR,,20000.00,,Government Issues,,,2001-02-14T00:00:00-05:00,20000.0,0.0
57eadb37-24fc-4629-b267-5b12097598c0,2000,YY,,46860,"MORGAN MEGUIRE, LLC",DC,154352,ENERGY AFFAIRS ADMINISTRATION,PR,,40000.00,,Energy/Nuclear,,,2001-02-15T00:00:00-05:00,40000.0,0.0
de8d9ae8-5470-4dee-ae7c-b7f48f1a3bf2,2000,YY,,46860,"MORGAN MEGUIRE, LLC",DC,154329,PUERTO RICO ELECTRIC POWER AUTHORITY,PR,,20000.00,,Energy/Nuclear,,,2001-02-15T00:00:00-05:00,20000.0,0.0
b06923ef-d273-4184-9e19-74534ca93d0b,2000,YT,,49726,SYMMS & HADDOW,DC,156688,CONSERVATION TRUST FUND OF PUERTO RICO,PR,,15000.00,,Taxation/Internal Revenue Code,,,2001-02-16T00:00:00-05:00,15000.0,0.0
6c6485c8-a513-40c3-88b2-3ea69b0bc737,2001,RA,,35707,SMITH GARSON,DC,144318,CITY OF CAROLINA PUERTO RICO,PR,,,,Clean Air and Water (quality)|Transportation|Economics/Economic Development|Housing,,,2001-04-27T00:00:00-04:00,0.0,0.0
308bac9c-599f-49e3-98dc-b120c6e7f860,2001,RR,,62836,DEN-GLO ASSOC,PR,162106,DEN-GLO ASSOC,PR,,,,Disaster Planning/Emergencies|Veterans|Medicare/Medicaid|Transportation|Railroads|Defense|Roads/Highway|Housing|Government Issues|Apparel/Clothing Industry/Textiles,,,2001-05-02T00:00:00-04:00,0.0,0.0
f484cc0f-53f8-48c9-bdb5-034f9c090ee6,2001,RR,,46860,"MORGAN MEGUIRE, LLC",DC,154353,FEDERATION OF MUNICIPALITIES OF PUERTO RICO,PR,,,,Government Issues,,,2001-05-14T00:00:00-04:00,0.0,0.0
2748124b-7088-4939-8389-ad9ea8bf317e,2001,RR,,61573,MS. KAREN JOHNSON,TX,161851,BEHAR-YBARRA AND ASSOCIATES,PR,,,,Transportation,,,2001-05-14T00:00:00-04:00,0.0,0.0
5a4719ae-2390-4c15-9f1c-23d32d7e7add,2001,RA,,35707,SMITH GARSON,DC,144318,CITY OF CAROLINA PUERTO RICO,PR,,,,Transportation|Economics/Economic Development|Housing|Clean Air and Water (quality),,,2001-05-31T00:00:00-04:00,0.0,0.0
da3e7c15-c0f0-47b2-acbe-a236f90aef36,2001,MM,,61573,MS. KAREN JOHNSON,TX,161851,BEHAR-YBARRA AND ASSOCIATES,PR,,10000.00,,Transportation,,,2001-08-02T00:00:00-04:00,10000.0,0.0
8bda17a0-e226-411a-90d8-6e26a6545f55,2001,MT,,46860,"MORGAN MEGUIRE, LLC",DC,154329,PUERTO RICO ELECTRIC POWER AUTHORITY,PR,,0.00,,Energy/Nuclear,,,2001-08-06T00:00:00-04:00,0.0,0.0
91ab8b80-3701-4687-bf4c-763ce4742589,2001,MT,,46860,"MORGAN MEGUIRE, LLC",DC,154352,ENERGY AFFAIRS ADMINISTRATION,PR,,40000.00,,Energy/Nuclear,,,2001-08-06T00:00:00-04:00,40000.0,0.0
73b836b7-cf7e-458d-a22e-f2b14de5f5e0,2001,MM,,7268,BROYDRICK & ASSOCIATES,DC,110356,MILWAUKEE METROPOLITAN SEWERAGE DISTRICT,PR,Municipality in Puerto Rico,18731.00,,Budget/Appropriations|Environment/Superfund|Clean Air and Water (quality),"Funding for interceptor sewerage replacement and repair program
Authorization of Lincoln Creek environmental restoratio|Funding of interceptor sewerage replacement and repair program.
Authorization of Lincoln Creek environmental restoratio|Funding of interceptor sewerage replacement and repair program.
Authorization of Lincoln Creek environmental restoratio",,2001-08-08T00:00:00-04:00,18731.0,0.0
84bc18ad-bbac-4900-b53c-b5a11355cec8,2001,MM,,21506,KESSLER & ASSOCIATES BUSINESS SERVICES,DC,128021,FRANCO HERMAN,PR,,20000.00,,Taxation/Internal Revenue Code,Tax advocacy on behalf of Puerto Rico,,2001-08-09T00:00:00-04:00,20000.0,0.0
70fa7373-0c91-4832-8038-0b9c29fa394c,2001,MTY,,26318,MWW GROUP,NY,133970,OFFICE OF SENATE PRESIDENT SENATE OF PUERTO RICO,PR,,0.00,,,,,2001-08-10T00:00:00-04:00,0.0,0.0
5ebfbffe-dd4a-4597-a37a-616b8935820d,2001,MT,,8453,"CASSIDY & ASSOCIATES, INC.",DC,112040,UNIV OF PUERTO RICO,PR,,40000.00,,,,,2001-08-13T00:00:00-04:00,40000.0,0.0
413ee520-c876-4e07-b83a-4983f2ef1319,2001,MT,,46860,"MORGAN MEGUIRE, LLC",DC,154353,FEDERATION OF MUNICIPALITIES OF PUERTO RICO,PR,,20000.00,,,,,2001-08-14T00:00:00-04:00,20000.0,0.0
0df2ead5-a6f6-4243-8658-4c36110b2aa5,2001,MMY,,30906,SQUIRE PATTON BOGGS,DC,136354,GOVERNMENT OF PUERTO RICO,PR,Government entity (not foreign),0.00,,,,,2001-08-14T00:00:00-04:00,0.0,0.0
e36d0b31-43ce-4b11-9262-cb8acabbb40d,2001,MM,,682,AKIN GUMP STRAUSS HAUER & FELD,DC,100625,PUEBLO INTL,PR,,20000.00,,Agriculture,,,2001-08-14T00:00:00-04:00,20000.0,0.0
a4ca6512-f6b6-4f65-a264-d5a668a2c3cc,2001,MM,,32932,REED SMITH LLP,DC,140959,FEDERATION OF MUNICIPALITIES OF PUERTO RICO,PR,,20000.00,,Housing|Government Issues|Education|Arts/Entertainment|Labor Issues/Antitrust/Workplace,,,2001-08-15T00:00:00-04:00,20000.0,0.0
0690b093-049a-4eec-8f6a-78b693a87a6f,2001,RR,,32932,REED SMITH LLP,DC,140959,FEDERATION OF MUNICIPALITIES OF PUERTO RICO,PR,,,,Labor Issues/Antitrust/Workplace|Housing|Government Issues|Education|Arts/Entertainment,,,2001-08-16T00:00:00-04:00,0.0,0.0
2a65c0fd-e216-482d-847c-c35e10898b75,2001,MM,,49566,OLDAKER & HARRIS,DC,156247,MUNICIPALITY OF FAJARDO,PR,,25000.00,,Economics/Economic Development,,,2001-09-20T00:00:00-04:00,25000.0,0.0
9a46fc3f-5dca-4a47-acea-117a1ad6e818,2001,MTY,,21528,KETCHUM PUBLIC RELATIONS,DC,128073,PUERTO RICO INDUSTRIAL DEV CO,PR,,0.00,,,,,2001-11-21T00:00:00-05:00,0.0,0.0
7360ce55-4cda-477b-b2bd-dbc2deccdbff,2001,RR,,4208,ARENTFOX SCHIFF LLP,DC,104158,GOVERNMENT DEVELOPMENT BANK FOR PUERTO RICO,PR,,,,Urban Development/Municipalities|Budget/Appropriations|Education,,,2001-12-27T00:00:00-05:00,0.0,0.0
3d752a6d-08cd-4738-ab40-62ecded1a60f,2001,MM,,47688,LEGACY GROUP,DC,154843,CITY OF SAN JUAN PUERTO RICO,PR,,30000.00,,Urban Development/Municipalities,,,2001-12-27T00:00:00-05:00,30000.0,0.0
2f261cc2-5713-41c3-b124-ef8df9a953d5,2001,RR,,47688,LEGACY GROUP,DC,154843,CITY OF SAN JUAN PUERTO RICO,PR,,,,Urban Development/Municipalities|Economics/Economic Development|Housing|Government Issues,,,2001-12-27T00:00:00-05:00,0.0,0.0
925f1eae-a18c-43de-8a94-1594d818abb3,2001,YY,,21506,KESSLER & ASSOCIATES BUSINESS SERVICES,DC,128021,FRANCO HERMAN,PR,,12000.00,,,,,2002-01-17T00:00:00-05:00,12000.0,0.0
68f5338b-fa0e-4d5b-b84c-aece191c9d63,2001,MT,,35707,SMITH GARSON,DC,144318,CITY OF CAROLINA PUERTO RICO,PR,,0.00,,,,,2002-02-05T00:00:00-05:00,0.0,0.0
ed11c73c-9c92-468c-9d39-e9b81e9155ff,2001,YY,,4208,ARENTFOX SCHIFF LLP,DC,104158,GOVERNMENT DEVELOPMENT BANK FOR PUERTO RICO,PR,,60000.00,,Education,,,2002-02-13T00:00:00-05:00,60000.0,0.0
383afcba-4b6f-4255-bb6a-3ad15ce734e8,2001,YY,,7268,BROYDRICK & ASSOCIATES,DC,110356,MILWAUKEE METROPOLITAN SEWERAGE DISTRICT,PR,Municipality in Puerto Rico,14648.00,,Environment/Superfund|Budget/Appropriations|Clean Air and Water (quality),"Funding of interceptor sewage replacement and repair program
County grounds|Funding of interceptor sewage replacement and repair program
County grounds|Funding of interceptor sewage replacement and repair program
County grounds",,2002-02-14T00:00:00-05:00,14648.0,0.0
e5bc20de-4e36-40bc-a8dd-e78df7d4dd57,2001,YTY,,30906,SQUIRE PATTON BOGGS,DC,136354,GOVERNMENT OF PUERTO RICO,PR,Government entity (not foreign),0.00,,,,,2002-02-14T00:00:00-05:00,0.0,0.0
09617627-cf81-4cf7-b758-3d9fa3e3302f,2002,RR,,18978,HUNTON ANDREWS KURTH LLP,DC,125949,CITY OF SAN JUAN PUERTO RICO,PR,,,,Urban Development/Municipalities|Transportation|Disaster Planning/Emergencies|Small Business|Housing|Environment/Superfund|Government Issues|Education|Law Enforcement/Crime/Criminal Justice,,,2002-02-14T00:00:00-05:00,0.0,0.0
7c72451a-9248-47d1-a358-5f0e71e72afe,2001,YTY,,682,AKIN GUMP STRAUSS HAUER & FELD,DC,100625,PUEBLO INTL,PR,,0.00,,,,,2002-02-14T00:00:00-05:00,0.0,0.0
831ec79b-ac0e-4960-9bf7-42643b640ae2,2002,RR,,32008,"POWERS PYLES SUTTER & VERVILLE, P.C.",DC,139495,SISTEMA UNIVERSITARIO ANA G MENDEZ,PR,,,,Budget/Appropriations,,,2002-02-20T00:00:00-05:00,0.0,0.0
e1bd0137-6327-4785-943d-49047581c858,2001,YYY,,61573,MS. KAREN JOHNSON,TX,161851,BEHAR-YBARRA AND ASSOCIATES,PR,,0.00,,Transportation,,,2002-02-26T00:00:00-05:00,0.0,0.0
63f6a105-8572-42de-8c70-af0ebc31c5c7,2002,RR,,32008,"POWERS PYLES SUTTER & VERVILLE, P.C.",DC,139495,SISTEMA UNIVERSITARIO ANA G MENDEZ,PR,,,,Education,,,2002-03-15T00:00:00-05:00,0.0,0.0
616a4071-207a-4d6c-a6c5-746072064f1d,2000,YA,,49566,OLDAKER & HARRIS,DC,156247,MUNICIPALITY OF FAJARDO,PR,,10000.00,,Government Issues,,,2002-03-25T00:00:00-05:00,10000.0,0.0
9e9c6e4f-c2f9-469d-87bf-85770bcdc89e,2000,YA,,49566,OLDAKER & HARRIS,DC,156245,MUNICIPALITY OF GUAYNABO,PR,,40000.00,,Government Issues,,,2002-03-25T00:00:00-05:00,40000.0,0.0
03da2d9a-9fda-4a0e-97f1-d79daa9b5bd1,2000,Y@,,49566,OLDAKER & HARRIS,DC,156239,SENATE OF PUERTO RICO,PR,,60000.00,,Government Issues,,,2002-03-25T00:00:00-05:00,60000.0,0.0
891863f9-767d-432f-934b-fbe41ff3e32f,2001,YT,,35707,SMITH GARSON,DC,144318,CITY OF CAROLINA PUERTO RICO,PR,,0.00,,Agriculture|Budget/Appropriations,,,2002-03-28T00:00:00-05:00,0.0,0.0
df88995a-cba6-4f12-8ab4-8b80b37b4cb6,2001,YY,,47688,LEGACY GROUP,DC,154843,CITY OF SAN JUAN PUERTO RICO,PR,,0.00,,Urban Development/Municipalities,,,2002-04-01T00:00:00-05:00,0.0,0.0
d07b254b-5253-4350-8c1e-79b08d21e528,2002,RR,,38825,US STRATEGIES,FL,146998,PUERTO RICO INDUSTRIAL DEVELOPMENT COMPANY,PR,,,,Transportation|Taxation/Internal Revenue Code|Medicare/Medicaid|Housing|Labor Issues/Antitrust/Workplace|Welfare|Clean Air and Water (quality)|Agriculture,,,2002-05-15T00:00:00-04:00,0.0,0.0
27a26427-7df7-471b-a93d-150eda70a36e,2002,RA,,38825,US STRATEGIES,FL,146998,PUERTO RICO INDUSTRIAL DEVELOPMENT COMPANY,PR,,,,Agriculture|Transportation|Taxation/Internal Revenue Code|Medicare/Medicaid|Housing|Labor Issues/Antitrust/Workplace|Welfare|Clean Air and Water (quality),,,2002-05-21T00:00:00-04:00,0.0,0.0
14c91ca9-7231-4381-94b8-91f26b462847,2002,MM,,32008,"POWERS PYLES SUTTER & VERVILLE, P.C.",DC,139495,SISTEMA UNIVERSITARIO ANA G MENDEZ,PR,,,,Budget/Appropriations,Appropriation funding and NIH meetings.,,2002-07-25T00:00:00-04:00,0.0,0.0
6e4b3e07-6b8e-4f8d-8dac-4c4dc75b7419,2002,RR,,32932,REED SMITH LLP,DC,140985,PEREGRINE MANAGEMENT,PR,,,,Housing,,,2002-08-01T00:00:00-04:00,0.0,0.0
c1e3ea62-5544-4ab1-adc1-577a6eb16260,2002,MM,,32932,REED SMITH LLP,DC,140985,PEREGRINE MANAGEMENT,PR,,0.00,,Housing,,,2002-08-08T00:00:00-04:00,0.0,0.0
f96938d6-954f-4e6c-8c2d-fa775862cee8,2002,MM,,4208,ARENTFOX SCHIFF LLP,DC,104158,GOVERNMENT DEVELOPMENT BANK FOR PUERTO RICO,PR,,120000.00,,Defense|Agriculture|Education|Welfare,,,2002-08-09T00:00:00-04:00,120000.0,0.0
0d7b2940-fc41-4855-986e-e7bc4cbf37a8,2002,MM,,18978,HUNTON ANDREWS KURTH LLP,DC,125949,CITY OF SAN JUAN PUERTO RICO,PR,,0.00,,Urban Development/Municipalities,,,2002-08-12T00:00:00-04:00,0.0,0.0
1929ea21-04a4-470c-9a79-901cd46b0fb8,2002,MM,,7268,BROYDRICK & ASSOCIATES,DC,110356,MILWAUKEE METROPOLITAN SEWERAGE DISTRICT,PR,Municipality in Puerto Rico,20000.00,,Clean Air and Water (quality)|Budget/Appropriations|Environment/Superfund,"Funding of interceptor sewage replacement and repair program
County grounds|Funding of interceptor sewage replacement and repair program
County grounds|Funding of interceptor sewage replacement and repair program
County grounds",,2002-08-13T00:00:00-04:00,20000.0,0.0
da295e3a-6dc8-4417-90c6-cb9409d31fb2,2002,MMY,,21506,KESSLER & ASSOCIATES BUSINESS SERVICES,DC,128021,FRANCO HERMAN,PR,,,,,,,2002-08-13T00:00:00-04:00,0.0,0.0
08be9dd9-16c4-4e98-a4d5-723db09404e2,2002,MM,,61573,MS. KAREN JOHNSON,TX,161851,BEHAR-YBARRA AND ASSOCIATES,PR,,0.00,,Transportation|Health Issues|Aviation/Airlines/Airports,,,2002-08-16T00:00:00-04:00,0.0,0.0
fe3515b6-5db9-43f7-a068-8076a875bf7c,2002,MM,,38825,US STRATEGIES,FL,146998,PUERTO RICO INDUSTRIAL DEVELOPMENT COMPANY,PR,,20000.00,,Agriculture|Taxation/Internal Revenue Code|Government Issues|Education,,,2002-08-21T00:00:00-04:00,20000.0,0.0
ed0030db-f485-4aa6-9ec2-5453a1b4183b,2002,MM,,49566,OLDAKER & HARRIS,DC,156247,MUNICIPALITY OF FAJARDO,PR,,40000.00,,Economics/Economic Development,,,2002-08-26T00:00:00-04:00,40000.0,0.0
12c696c5-158a-44bc-8702-c58868d0ad01,2002,MM,,47688,LEGACY GROUP,DC,154843,CITY OF SAN JUAN PUERTO RICO,PR,,50000.00,,Urban Development/Municipalities,,,2002-09-26T00:00:00-04:00,50000.0,0.0
262a7563-25e0-4267-b8af-4551470df698,2002,MA,,18978,HUNTON ANDREWS KURTH LLP,DC,125949,CITY OF SAN JUAN PUERTO RICO,PR,,120000.00,,,,,2002-12-16T00:00:00-05:00,120000.0,0.0
0495885b-a6a7-4edb-afcb-d2d518f5117f,2002,YY,,4208,ARENTFOX SCHIFF LLP,DC,104158,GOVERNMENT DEVELOPMENT BANK FOR PUERTO RICO,PR,,120000.00,,Defense|Agriculture|Medicare/Medicaid|Budget/Appropriations|Government Issues|Education|Labor Issues/Antitrust/Workplace|Welfare,,,2003-02-05T00:00:00-05:00,120000.0,0.0
a53e3cc1-00d6-430b-9aa8-dcc40d51de53,2002,YT,,32008,"POWERS PYLES SUTTER & VERVILLE, P.C.",DC,139495,SISTEMA UNIVERSITARIO ANA G MENDEZ,PR,,40000.00,,,,,2003-02-11T00:00:00-05:00,40000.0,0.0
f0c4fee3-dcfb-4888-a004-a749cbc65d3d,2002,YY,,32008,"POWERS PYLES SUTTER & VERVILLE, P.C.",DC,139495,SISTEMA UNIVERSITARIO ANA G MENDEZ,PR,,40000.00,,Budget/Appropriations,Appropriations funding and NIH meetings.,,2003-02-11T00:00:00-05:00,40000.0,0.0
1c1321bc-4754-4f08-8a75-e0254c393783,2002,YY,,7268,BROYDRICK & ASSOCIATES,DC,110356,MILWAUKEE METROPOLITAN SEWERAGE DISTRICT,PR,Municipality in Puerto Rico,20000.00,,Clean Air and Water (quality)|Budget/Appropriations|Environment/Superfund,"Funding of interceptor sewage replacement and repair program
County grounds|Funding for interceptor sewge replacement and repair program
County grounds|Funding of interceptor sewage replacement and repair program
County grounds",,2003-02-12T00:00:00-05:00,20000.0,0.0
b6a49dfa-b29a-4f49-a54c-b943cbe23cea,2002,YY,,61573,MS. KAREN JOHNSON,TX,161851,BEHAR-YBARRA AND ASSOCIATES,PR,,0.00,,Transportation,,,2003-02-13T00:00:00-05:00,0.0,0.0
3402a74a-1bba-4eaa-bdf3-63e054153e89,2002,RR,,39941,VENABLE LLP,DC,148753,PUERTO RICO HIGHWAYS AND TRANSPORTATION AUTHORITY,PR,,,,Transportation,,,2003-02-14T00:00:00-05:00,0.0,0.0
e7f2f42a-00a3-4f1b-84a7-9ae7de10968a,2002,YY,,21506,KESSLER & ASSOCIATES BUSINESS SERVICES,DC,128021,FRANCO HERMAN,PR,,,,,,,2003-02-14T00:00:00-05:00,0.0,0.0
51345104-cc21-4523-b334-385a0bf47c12,2002,YT,,49566,OLDAKER & HARRIS,DC,156247,MUNICIPALITY OF FAJARDO,PR,,0.00,,Economics/Economic Development,,,2003-02-14T00:00:00-05:00,0.0,0.0
46648f07-1c4b-4df1-a077-62bf84128cec,2002,MM,,39941,VENABLE LLP,DC,148753,PUERTO RICO HIGHWAYS AND TRANSPORTATION AUTHORITY,PR,,0.00,,Transportation,,,2003-02-14T00:00:00-05:00,0.0,0.0
3bceb697-e919-44ea-8eea-734cb909f6c1,2003,YY,,38825,US STRATEGIES,FL,146998,PUERTO RICO INDUSTRIAL DEVELOPMENT COMPANY,PR,,140000.00,,Defense|Agriculture|Taxation/Internal Revenue Code|Education,,,2003-02-24T00:00:00-05:00,140000.0,0.0
46f13acc-93cc-420a-9f93-4973977140e9,2002,YY,,38825,US STRATEGIES,FL,146998,PUERTO RICO INDUSTRIAL DEVELOPMENT COMPANY,PR,,20000.00,,Taxation/Internal Revenue Code|Agriculture|Education,,,2003-02-25T00:00:00-05:00,20000.0,0.0
e025cc16-cba4-4b41-ba2b-00a879d5c4fa,2002,YT,,32932,REED SMITH LLP,DC,140985,PEREGRINE MANAGEMENT,PR,,0.00,,Housing,,,2003-03-13T00:00:00-05:00,0.0,0.0
e0a04600-b31d-4cab-9104-fb2f97f0571f,2002,YT,,47688,LEGACY GROUP,DC,154843,CITY OF SAN JUAN PUERTO RICO,PR,,0.00,,,,,2003-03-21T00:00:00-05:00,0.0,0.0
96793be7-2bb4-405d-b8a3-401470db07bd,2003,RR,,37232,SULLIVAN & CROMWELL LLP,DC,146158,"POPULAR, INC",PR,Commercial bank.,,,Banking|Financial Institutions/Investments/Securities,,,2003-03-26T00:00:00-05:00,0.0,0.0
45406b2a-cdf9-431f-bcf1-a34115549aab,2002,YY,,18978,HUNTON ANDREWS KURTH LLP,DC,125949,CITY OF SAN JUAN PUERTO RICO,PR,,120000.00,,Urban Development/Municipalities|Transportation|Government Issues|Education|Law Enforcement/Crime/Criminal Justice|Disaster Planning/Emergencies|Small Business|Housing|Environment/Superfund,,,2003-04-14T00:00:00-04:00,120000.0,0.0
7c7d1954-d8e3-40d3-b874-8b8974553b80,2003,RR,,57475,ERNST & YOUNG LLP (WASHINGTON COUNCIL ERNST & YOUNG),DC,160112,POPULAR,PR,,,,Taxation/Internal Revenue Code,,,2003-04-29T00:00:00-04:00,0.0,0.0
7b7da4ed-9681-4722-bb9c-61ea90f696ec,2002,Y@Y,,47688,LEGACY GROUP,DC,154843,CITY OF SAN JUAN PUERTO RICO,PR,,0.00,,,,,2003-05-22T00:00:00-04:00,0.0,0.0
643eb772-b779-49e1-901b-e43d6e3c974a,2003,MM,,57475,ERNST & YOUNG LLP (WASHINGTON COUNCIL ERNST & YOUNG),DC,160112,POPULAR,PR,,40000.00,,Taxation/Internal Revenue Code,,,2003-07-29T00:00:00-04:00,40000.0,0.0
f2beb8ca-c8e9-4756-b426-d4e08f7df049,2003,MMY,,21506,KESSLER & ASSOCIATES BUSINESS SERVICES,DC,128021,FRANCO HERMAN,PR,,,,,,,2003-08-01T00:00:00-04:00,0.0,0.0
f181e025-3f80-43c6-8cf5-c05077a3e0d3,2003,MM,,4208,ARENTFOX SCHIFF LLP,DC,104158,GOVERNMENT DEVELOPMENT BANK FOR PUERTO RICO,PR,,120000.00,,Defense|Taxation/Internal Revenue Code|Budget/Appropriations|Education|Medicare/Medicaid|Labor Issues/Antitrust/Workplace,,,2003-08-04T00:00:00-04:00,120000.0,0.0
8adf3e8d-a0d3-425b-9d1a-6d1b702503ab,2003,MM,,7268,BROYDRICK & ASSOCIATES,DC,110356,MILWAUKEE METROPOLITAN SEWERAGE DISTRICT,PR,Municipality in Puerto Rico,20000.00,,Budget/Appropriations|Environment/Superfund|Clean Air and Water (quality),"Funding for interceptor sewage replacement and repair program
County grounds|Funding for interceptor sewage replacement and repair program
County grounds|Funding for interceptor sewage replacement and repair program
County grounds",,2003-08-05T00:00:00-04:00,20000.0,0.0
c8529a6d-07a0-41bf-9352-e65cbc4383ef,2003,MA,,38825,US STRATEGIES,FL,146998,PUERTO RICO INDUSTRIAL DEVELOPMENT COMPANY,PR,,140000.00,,Agriculture|Taxation/Internal Revenue Code|Education,,,2003-08-13T00:00:00-04:00,140000.0,0.0
3cc58d62-5cc3-4545-8c8d-4050ceebb4d1,2003,MM,,37232,SULLIVAN & CROMWELL LLP,DC,146158,"POPULAR, INC",PR,Commercial bank.,160000.00,,Banking|Financial Institutions/Investments/Securities,,,2003-08-14T00:00:00-04:00,160000.0,0.0
db1c41e8-7931-4f58-9229-bf7a76ecf600,2003,MM,,39941,VENABLE LLP,DC,148753,PUERTO RICO HIGHWAYS AND TRANSPORTATION AUTHORITY,PR,,20000.00,,Transportation,,,2003-08-14T00:00:00-04:00,20000.0,0.0
03f148b2-ed3a-414f-be6b-5e2516aaf001,2003,MM,,61573,MS. KAREN JOHNSON,TX,161851,BEHAR-YBARRA AND ASSOCIATES,PR,,0.00,,Transportation,,,2003-08-21T00:00:00-04:00,0.0,0.0
f1ae53b9-138e-495f-9dcd-698cad9fcf93,2003,RR,,18978,HUNTON ANDREWS KURTH LLP,DC,125976,CITY OF SAN JUAN HEALTH DEPT,PR,,,,Urban Development/Municipalities|Transportation|Disaster Planning/Emergencies|Small Business|Housing|Environment/Superfund|Government Issues|Education|Law Enforcement/Crime/Criminal Justice,,,2003-08-21T00:00:00-04:00,0.0,0.0
645083c0-0153-4043-9d09-e37b8f2d0025,2003,MM,,18978,HUNTON ANDREWS KURTH LLP,DC,125949,CITY OF SAN JUAN PUERTO RICO,PR,,120000.00,,Urban Development/Municipalities,,,2003-08-21T00:00:00-04:00,120000.0,0.0
bb11f3f4-a5e9-422d-b5aa-597b714dea4b,2003,RR,,18422,HOGAN LOVELLS US LLP,DC,124201,NESCO,PR,,,,Government Issues,,,2003-10-21T00:00:00-04:00,0.0,0.0
51ee9477-9902-43cc-98b8-b5daa6b7d678,2003,RR,,54197,QGA PUBLIC AFFAIRS (FORMERLY QUINN GILLESPIE & ASSOCIATES),DC,158682,CONSERVATION TRUST OF PUERTO RICO,PR,Protection and Enhancement of Natural Resources of Puerto Rico,,,Environment/Superfund,,,2003-10-29T00:00:00-05:00,0.0,0.0
d5b853de-5663-4997-adf0-ab5395562a08,2002,Y@Y,,18978,HUNTON ANDREWS KURTH LLP,DC,125949,CITY OF SAN JUAN PUERTO RICO,PR,,120000.00,,Small Business|Housing|Environment/Superfund|Government Issues|Education|Law Enforcement/Crime/Criminal Justice|Urban Development/Municipalities|Transportation|Disaster Planning/Emergencies,,,2004-01-13T00:00:00-05:00,120000.0,0.0
c685b87b-0f3f-426a-b907-ae99cd63db76,2003,YY,,57475,ERNST & YOUNG LLP (WASHINGTON COUNCIL ERNST & YOUNG),DC,160112,POPULAR,PR,,80000.00,,Taxation/Internal Revenue Code,,,2004-02-02T00:00:00-05:00,80000.0,0.0
5b5990a1-1289-48dd-b544-0d56e2d20445,2003,YYY,,21506,KESSLER & ASSOCIATES BUSINESS SERVICES,DC,128021,FRANCO HERMAN,PR,,,,,,,2004-02-04T00:00:00-05:00,0.0,0.0
1d9d5025-a108-4f3d-bba8-2ed13678c468,2003,YY,,4208,ARENTFOX SCHIFF LLP,DC,104158,GOVERNMENT DEVELOPMENT BANK FOR PUERTO RICO,PR,,,,,,,2004-02-13T00:00:00-05:00,0.0,0.0
106da19f-7e84-46dc-9176-2d59af4f388d,2003,YY,,7268,BROYDRICK & ASSOCIATES,DC,110356,MILWAUKEE METROPOLITAN SEWERAGE DISTRICT,PR,Municipality in Puerto Rico,20000.00,,Budget/Appropriations|Clean Air and Water (quality)|Environment/Superfund,"funding for interceptor sewage replacement and repair program
County grounds|funding for interceptor sewage replacement and repair program
County grounds|funding for interceptor sewage replacement and repair program
County grounds",,2004-02-13T00:00:00-05:00,20000.0,0.0
8cbab545-cae9-437e-8bcc-8393a39863b3,2004,RR,,32008,"POWERS PYLES SUTTER & VERVILLE, P.C.",DC,139495,SISTEMA UNIVERSITARIO ANA G MENDEZ,PR,,,,Education,,,2004-02-13T00:00:00-05:00,0.0,0.0
c3bb0c5b-5124-4a8a-bb6f-d0be70314298,2003,YY,,18422,HOGAN LOVELLS US LLP,DC,124201,NESCO,PR,,60000.00,,Transportation,,,2004-02-17T00:00:00-05:00,60000.0,0.0
1f4054ac-3f5f-4a1f-ac05-70460bcdd7cb,2003,YY,,54197,QGA PUBLIC AFFAIRS (FORMERLY QUINN GILLESPIE & ASSOCIATES),DC,158682,CONSERVATION TRUST OF PUERTO RICO,PR,Protection and Enhancement of Natural Resources of Puerto Rico,60000.00,,Environment/Superfund,,,2004-02-17T00:00:00-05:00,60000.0,0.0
cd32f16d-9517-4ee1-b473-4771e5b5dd29,2003,YY,,37232,SULLIVAN & CROMWELL LLP,DC,146158,"POPULAR, INC",PR,Commercial bank.,,,Banking|Financial Institutions/Investments/Securities,Issues and legislation affecting the financial services industry.|Issues and legislation affecting the financial services industry.,,2004-02-17T00:00:00-05:00,0.0,0.0
acbd923e-422a-4f60-bb62-977fc2169382,2004,RR,,6291,BKSH & ASSOCIATES,DC,108228,CONSERVATION TRUST OF PUERTO RICO,PR,Conservation and land use issues,,,Taxation/Internal Revenue Code|Environment/Superfund|Real Estate/Land Use/Conservation,,,2004-03-04T00:00:00-05:00,0.0,0.0
4fcbf77b-d13f-4622-8c3d-82e77eb44d61,2003,YYY,,61573,MS. KAREN JOHNSON,TX,161851,BEHAR-YBARRA AND ASSOCIATES,PR,,0.00,,,,,2004-04-13T00:00:00-04:00,0.0,0.0
de2abedd-1e9b-4529-86e9-bb38a1b5bb82,2003,YY,,39941,VENABLE LLP,DC,148753,PUERTO RICO HIGHWAYS AND TRANSPORTATION AUTHORITY,PR,,20000.00,,Transportation,,,2004-04-16T00:00:00-04:00,20000.0,0.0
928391b9-ea6a-4802-9af4-00a872841a9b,1999,YT,,49566,OLDAKER & HARRIS,DC,156234,GOVERNMENT DEVELOPMENT BANK OF PUERTO RICO,PR,,0.00,,,,,2004-05-04T00:00:00-04:00,0.0,0.0
bdbbda78-35cf-4ef8-b524-e069c73a8351,2003,YA,,61573,MS. KAREN JOHNSON,TX,161851,BEHAR-YBARRA AND ASSOCIATES,PR,,0.00,,Transportation,,,2004-07-20T00:00:00-04:00,0.0,0.0
8a98835b-149c-4421-8c89-302b2bfcee22,2003,MT,,49566,OLDAKER & HARRIS,DC,156245,MUNICIPALITY OF GUAYNABO,PR,,0.00,,"Food Industry (safety, labeling, etc.)",,,2004-07-22T00:00:00-04:00,0.0,0.0
e7d179c4-b605-49a4-a05f-72aea7d6d9a0,2003,YT,,49566,OLDAKER & HARRIS,DC,156245,MUNICIPALITY OF GUAYNABO,PR,,0.00,,"Food Industry (safety, labeling, etc.)",,,2004-07-22T00:00:00-04:00,0.0,0.0
7612dd97-18a3-40a5-833d-13eaec1dff56,2003,YY,,49566,OLDAKER & HARRIS,DC,156245,MUNICIPALITY OF GUAYNABO,PR,,,,,,,2004-07-22T00:00:00-04:00,0.0,0.0
9d26515e-0b40-483e-93fa-861f25bb0151,2004,MM,,37232,SULLIVAN & CROMWELL LLP,DC,146158,"POPULAR, INC",PR,Commercial bank.,20000.00,,Financial Institutions/Investments/Securities|Banking,Issues and legislation affecting the financial services industry.|Issues and legislation affecting the financial services industry.,,2004-07-30T00:00:00-04:00,20000.0,0.0
3e6993d6-4b10-4b09-9d2d-44eff95e6f6b,2004,MMY,,21506,KESSLER & ASSOCIATES BUSINESS SERVICES,DC,128021,FRANCO HERMAN,PR,,,,,,,2004-08-02T00:00:00-04:00,0.0,0.0
017bf996-ce01-41d6-b01a-6c0f80e4838e,2004,MM,,18422,HOGAN LOVELLS US LLP,DC,124201,NESCO,PR,,80000.00,,Transportation,,,2004-08-06T00:00:00-04:00,80000.0,0.0
0801e4cf-eaab-4626-921c-3288e415509a,2004,MMY,,61573,MS. KAREN JOHNSON,TX,161851,BEHAR-YBARRA AND ASSOCIATES,PR,,0.00,,,,,2004-08-09T00:00:00-04:00,0.0,0.0
6dea42a4-3c27-4895-aa0e-90eb8e5a6b48,2004,MM,,4208,ARENTFOX SCHIFF LLP,DC,104158,GOVERNMENT DEVELOPMENT BANK FOR PUERTO RICO,PR,,180000.00,,Taxation/Internal Revenue Code|Telecommunications|Medicare/Medicaid|Budget/Appropriations|Education|Welfare,,,2004-08-10T00:00:00-04:00,180000.0,0.0
c1b9b2d7-42ad-4566-920b-db2df78f682c,2004,MM,,7268,BROYDRICK & ASSOCIATES,DC,110356,MILWAUKEE METROPOLITAN SEWERAGE DISTRICT,PR,Municipality in Puerto Rico,,,Clean Air and Water (quality)|Budget/Appropriations|Environment/Superfund,"funding for interceptor sewage replacement and repair program
County grounds|funding for interceptor sewage replacement and repair program
County grounds|funding for interceptor sewage replacement and repair program
County grounds",,2004-08-10T00:00:00-04:00,0.0,0.0
f6a1090c-7348-4443-b3aa-b9e527fcfaaa,2004,MM,,38825,US STRATEGIES,FL,146998,PUERTO RICO INDUSTRIAL DEVELOPMENT COMPANY,PR,,140000.00,,Defense|Taxation/Internal Revenue Code|Health Issues|Budget/Appropriations|Education,,,2004-08-13T00:00:00-04:00,140000.0,0.0
cf49c28a-9326-4ef5-ba6b-bc29458f6103,2004,RR,,41408,WILEY REIN LLP,DC,150958,PUERTO RICO TELEPHONE COMPANY,PR,Telecommunications,,,Telecommunications,,,2004-08-13T00:00:00-04:00,0.0,0.0
11766324-fdab-49fc-a04d-898d72857ded,2004,MM,,57475,ERNST & YOUNG LLP (WASHINGTON COUNCIL ERNST & YOUNG),DC,160112,POPULAR,PR,,80000.00,,Taxation/Internal Revenue Code,,,2004-08-16T00:00:00-04:00,80000.0,0.0
08612dd7-659b-40d8-9f97-7af86b20cabc,2004,RR,,290970,"POPULAR, INC.",PR,177725,POPULAR INC,PR,,,,Banking|Financial Institutions/Investments/Securities|Taxation/Internal Revenue Code,,,2004-08-16T00:00:00-04:00,0.0,0.0
934ecf8a-7259-4e6e-a6f1-5eca5e0a2735,2004,MM,,54197,QGA PUBLIC AFFAIRS (FORMERLY QUINN GILLESPIE & ASSOCIATES),DC,158682,CONSERVATION TRUST OF PUERTO RICO,PR,Protection and Enhancement of Natural Resources of Puerto Rico,100000.00,,Environment/Superfund,,,2004-08-16T00:00:00-04:00,100000.0,0.0
b62564bb-3835-41b0-b936-562ba09c3ab6,2004,MM,,6291,BKSH & ASSOCIATES,DC,108228,CONSERVATION TRUST OF PUERTO RICO,PR,Conservation and land use issues,40000.00,,Taxation/Internal Revenue Code,,,2004-08-16T00:00:00-04:00,40000.0,0.0
d2543955-c8c9-4deb-9463-2fe5c24c8525,2004,MM,,39941,VENABLE LLP,DC,148753,PUERTO RICO HIGHWAYS AND TRANSPORTATION AUTHORITY,PR,,20000.00,,Transportation,,,2004-08-16T00:00:00-04:00,20000.0,0.0
61539e0e-f8c5-4d63-950a-a18ed39f66ec,2004,MM,,32008,"POWERS PYLES SUTTER & VERVILLE, P.C.",DC,139495,SISTEMA UNIVERSITARIO ANA G MENDEZ,PR,,0.00,,Education,,,2004-08-18T00:00:00-04:00,0.0,0.0
1201d673-c977-475d-8dbd-143187707050,2004,RR,,30906,SQUIRE PATTON BOGGS,DC,136947,MUNICIPALITY OF YABUCOA,PR,,,,Transportation|Economics/Economic Development|Housing|Sports/Athletics|Government Issues,,,2004-09-22T00:00:00-04:00,0.0,0.0
eee6ffed-b18c-4dd4-94e6-b1bb0e1211d1,2004,RR,,682,AKIN GUMP STRAUSS HAUER & FELD,DC,100772,INTER-AMERICAN UNIVERSITY OF PUERTO RICO,PR,,,,Education,,,2004-09-24T00:00:00-04:00,0.0,0.0
5f7684d2-9e56-4852-9da8-a08f2f6816a2,2004,YY,,6291,BKSH & ASSOCIATES,DC,108228,CONSERVATION TRUST OF PUERTO RICO,PR,Conservation and land use issues,40000.00,,Taxation/Internal Revenue Code,Land conservation issues,,2005-02-01T00:00:00-05:00,40000.0,0.0
2b9ea5e9-10ea-4b1b-a2c7-270e244eaf50,2005,RR,,23521,THE PMA GROUP,VA,130472,NUVANT SYSTEMS INC,PR,,,,Budget/Appropriations,,,2005-02-04T00:00:00-05:00,0.0,0.0
b14e8886-a432-4838-8507-53375397d771,2004,YY,,57475,ERNST & YOUNG LLP (WASHINGTON COUNCIL ERNST & YOUNG),DC,160112,POPULAR,PR,,120000.00,,Taxation/Internal Revenue Code,,,2005-02-04T00:00:00-05:00,120000.0,0.0
47884583-4804-429c-8758-f7fc4356775a,2004,YYY,,21506,KESSLER & ASSOCIATES BUSINESS SERVICES,DC,128021,FRANCO HERMAN,PR,,,,,,,2005-02-04T00:00:00-05:00,0.0,0.0
36fa197a-100a-413b-90d8-cafdd1ca3715,2004,YYY,,61573,MS. KAREN JOHNSON,TX,161851,BEHAR-YBARRA AND ASSOCIATES,PR,,0.00,,,,,2005-02-09T00:00:00-05:00,0.0,0.0
313ea006-fbc5-41b7-b845-ae84f6507106,2004,YY,,54197,QGA PUBLIC AFFAIRS (FORMERLY QUINN GILLESPIE & ASSOCIATES),DC,158682,CONSERVATION TRUST OF PUERTO RICO,PR,Protection and Enhancement of Natural Resources of Puerto Rico,100000.00,,Environment/Superfund,,,2005-02-11T00:00:00-05:00,100000.0,0.0
a3337b3a-31f1-4d95-8560-bae2d2be1562,2004,YY,,18422,HOGAN LOVELLS US LLP,DC,124201,NESCO,PR,,20000.00,,Transportation,,,2005-02-11T00:00:00-05:00,20000.0,0.0
101a7db1-eb11-431c-b8f8-b9a229e5b1f6,2004,YY,,38825,US STRATEGIES,FL,146998,PUERTO RICO INDUSTRIAL DEVELOPMENT COMPANY,PR,,140000.00,,Education|Defense|Taxation/Internal Revenue Code|Health Issues|Budget/Appropriations,,,2005-02-11T00:00:00-05:00,140000.0,0.0
2eea433d-7ff7-49c0-9f46-3da755bee4e6,2004,YY,,7268,BROYDRICK & ASSOCIATES,DC,110356,MILWAUKEE METROPOLITAN SEWERAGE DISTRICT,PR,Municipality in Puerto Rico,40000.00,,Environment/Superfund|Budget/Appropriations|Clean Air and Water (quality),"Funding for interceptor sewage replacement and repair program
County grounds|Funding for interceptor sewage replacement and repair program
County grounds|Funding for interceptor sewage replacement and repair program
County grounds",,2005-02-14T00:00:00-05:00,40000.0,0.0
c39a2a9c-2e64-4f6a-867a-a4c114aec64a,2004,YY,,39941,VENABLE LLP,DC,148753,PUERTO RICO HIGHWAYS AND TRANSPORTATION AUTHORITY,PR,,20000.00,,Transportation,,,2005-02-14T00:00:00-05:00,20000.0,0.0
efb4de8f-ce86-4405-9664-e1a133a1ff50,2004,YY,,30906,SQUIRE PATTON BOGGS,DC,136947,MUNICIPALITY OF YABUCOA,PR,,20000.00,,Economics/Economic Development|Urban Development/Municipalities|Housing,,,2005-02-14T00:00:00-05:00,20000.0,0.0
205ac3ce-031e-46e9-9c8b-c1416abf045f,2004,YY,,37232,SULLIVAN & CROMWELL LLP,DC,146158,"POPULAR, INC",PR,Commercial bank.,,,Banking|Financial Institutions/Investments/Securities,Issues and legislation affecting the financial services industry.|Issues and legislation affecting the financial services industry.,,2005-02-14T00:00:00-05:00,0.0,0.0
0715bc62-7225-4775-969c-d20f2fba41dd,2004,YY,,32932,REED SMITH LLP,DC,141017,UNIVERSAL INSURANCE CO,PR,,0.00,,Taxation/Internal Revenue Code,,,2005-02-14T00:00:00-05:00,0.0,0.0
460dfa3e-1fbb-4e55-897e-0995f80864fa,2005,RR,,32932,REED SMITH LLP,DC,141017,UNIVERSAL INSURANCE CO,PR,,,,Taxation/Internal Revenue Code,,,2005-02-14T00:00:00-05:00,0.0,0.0
fd22ffb8-9917-46da-b937-ddd9d302915d,2004,YY,,682,AKIN GUMP STRAUSS HAUER & FELD,DC,100772,INTER-AMERICAN UNIVERSITY OF PUERTO RICO,PR,,140000.00,,Education,,,2005-02-15T00:00:00-05:00,140000.0,0.0
d9a590c5-312e-46cb-b7f1-9f0896466ff8,2004,YYY,,32008,"POWERS PYLES SUTTER & VERVILLE, P.C.",DC,139495,SISTEMA UNIVERSITARIO ANA G MENDEZ,PR,,0.00,,,,,2005-02-28T00:00:00-05:00,0.0,0.0
b805e557-9e1d-4452-bb3e-fd405c1cf8d0,2005,RR,,295270,MORGAN CASNER ASSOCIATES,DC,179140,"SENATE OF PUERTO RICO, FEDERAL AFFAIRS COMMITTEE",PR,,,,Government Issues,,,2005-04-07T00:00:00-04:00,0.0,0.0
b5f36613-1618-4140-895f-6b79216748d2,2005,RR,,295350,MG GROUP,VA,179164,PUERTO RICO HOSPITAL ASSOCIATION,PR,,,,Medicare/Medicaid,,,2005-04-08T00:00:00-04:00,0.0,0.0
b0744dc3-a83a-4cfa-a0a0-672028552fba,2004,Y@Y,,18978,HUNTON ANDREWS KURTH LLP,DC,125976,CITY OF SAN JUAN HEALTH DEPT,PR,,0.00,,,,,2005-04-29T00:00:00-04:00,0.0,0.0
3560cd11-4293-4dd5-966f-39caed4bef76,2004,YTY,,18978,HUNTON ANDREWS KURTH LLP,DC,125976,CITY OF SAN JUAN HEALTH DEPT,PR,,,,,,,2005-05-02T00:00:00-04:00,0.0,0.0
7cf61d0d-92e4-46e4-9f10-5d8da4ac25e8,2003,YYY,,18978,HUNTON ANDREWS KURTH LLP,DC,125976,CITY OF SAN JUAN HEALTH DEPT,PR,,,,,,,2005-05-02T00:00:00-04:00,0.0,0.0
a7e6b24a-1ff7-401a-bff2-afaa60ccf91a,2004,MMY,,18978,HUNTON ANDREWS KURTH LLP,DC,125976,CITY OF SAN JUAN HEALTH DEPT,PR,,20000.00,,,,,2005-05-02T00:00:00-04:00,20000.0,0.0
5a64a20d-49bd-449d-b9f5-d8f2eb2f21ad,2005,RR,,33795,THE ROTH GROUP,VA,142128,MUNICIPALITY OF PONCE,PR,,,,Health Issues|Housing|Budget/Appropriations|Homeland Security,,,2005-05-25T00:00:00-04:00,0.0,0.0
69839f21-5ca2-4451-bcf2-4ee8fc747bdb,2004,RR,,32008,"POWERS PYLES SUTTER & VERVILLE, P.C.",DC,139495,SISTEMA UNIVERSITARIO ANA G MENDEZ,PR,,,,Education,,,2005-06-13T00:00:00-04:00,0.0,0.0
40c654e3-865b-4949-bed4-184eedbc409a,2005,MM,,7268,BROYDRICK & ASSOCIATES,DC,110356,MILWAUKEE METROPOLITAN SEWERAGE DISTRICT,PR,Municipality in Puerto Rico,20000.00,,Environment/Superfund|Budget/Appropriations|Clean Air and Water (quality),"Funding for interceptor sewage replacement and repair program
County grounds|Funding for interceptor sewage replacement and repair program
County grounds|Funding for interceptor sewage replacement and repair program
County grounds",,2005-07-08T00:00:00-04:00,20000.0,0.0
93f370da-a9c8-4ba1-89b9-a2d79b9b3a42,2005,MM,,4208,ARENTFOX SCHIFF LLP,DC,104158,GOVERNMENT DEVELOPMENT BANK FOR PUERTO RICO,PR,,180000.00,,Taxation/Internal Revenue Code|Telecommunications|Medicare/Medicaid|Budget/Appropriations|Education|Welfare,,,2005-07-15T00:00:00-04:00,180000.0,0.0
4e6af82a-3a89-4430-bb4b-bff4882ebf23,2005,MM,,6291,BKSH & ASSOCIATES,DC,108228,CONSERVATION TRUST OF PUERTO RICO,PR,Conservation and land use issues,40000.00,,Taxation/Internal Revenue Code,Land conservation issues,,2005-07-20T00:00:00-04:00,40000.0,0.0
4085743d-fb5c-42cd-9f51-7ce3a3530cf7,2005,MM,,37232,SULLIVAN & CROMWELL LLP,DC,146158,"POPULAR, INC",PR,Commercial bank.,,,Banking|Financial Institutions/Investments/Securities,Issues and legislation affecting the financial services industry.|Issues and legislation affecting the financial services industry.,,2005-07-27T00:00:00-04:00,0.0,0.0
569d648e-fa74-463b-85ff-7cee38aa3e3f,2005,MM,,18422,HOGAN LOVELLS US LLP,DC,124201,NESCO,PR,,0.00,,Transportation,,,2005-08-04T00:00:00-04:00,0.0,0.0
44cb6e2b-99c9-4f80-9ea4-b57714168111,2005,MMY,,61573,MS. KAREN JOHNSON,TX,161851,BEHAR-YBARRA AND ASSOCIATES,PR,,0.00,,,,,2005-08-04T00:00:00-04:00,0.0,0.0
92d78b69-e6af-43a9-894e-a4ef758f5af5,2005,RR,,32932,REED SMITH LLP,DC,141019,HOUSE OF REPRESENTATIVES/PUERTO RICO,PR,,,,Defense|Taxation/Internal Revenue Code|Retirement|Government Issues|Homeland Security,,,2005-08-05T00:00:00-04:00,0.0,0.0
018e45d1-2c36-4770-953b-a749fd96ad0e,2005,RR,,32932,REED SMITH LLP,DC,141016,MUNICIPALITY OF TOA BAJA,PR,,,,Transportation|Economics/Economic Development|Defense|Housing|Government Issues|Law Enforcement/Crime/Criminal Justice,,,2005-08-05T00:00:00-04:00,0.0,0.0
d76790c5-ce45-4ca5-a762-84eaa7f6713c,2005,MM,,32932,REED SMITH LLP,DC,141016,MUNICIPALITY OF TOA BAJA,PR,,0.00,,Defense|Transportation|Economics/Economic Development|Housing|Government Issues,,,2005-08-09T00:00:00-04:00,0.0,0.0
a9330524-3aeb-4b7b-9de1-c2c087fca342,2005,MM,,57475,ERNST & YOUNG LLP (WASHINGTON COUNCIL ERNST & YOUNG),DC,160112,POPULAR,PR,,120000.00,,Taxation/Internal Revenue Code,,,2005-08-09T00:00:00-04:00,120000.0,0.0
cf1548d9-45ff-4e4e-937a-dd5d992b6339,2005,MM,,32932,REED SMITH LLP,DC,141017,UNIVERSAL INSURANCE CO,PR,,60000.00,,Taxation/Internal Revenue Code,,,2005-08-09T00:00:00-04:00,60000.0,0.0
43fc11d6-2807-4ace-b82b-99447bd82a57,2005,MM,,32932,REED SMITH LLP,DC,141019,HOUSE OF REPRESENTATIVES/PUERTO RICO,PR,,20000.00,,Defense|Taxation/Internal Revenue Code|Retirement|Government Issues|Homeland Security,,,2005-08-09T00:00:00-04:00,20000.0,0.0
a0c697e0-76fc-4e6f-ab9f-2b794c4158c0,2005,MM,,33795,THE ROTH GROUP,VA,142128,MUNICIPALITY OF PONCE,PR,,20000.00,,Budget/Appropriations,,,2005-08-10T00:00:00-04:00,20000.0,0.0
3660dda5-4cfd-4cc7-8e04-58f21cc9bdf0,2005,RR,,10764,PRICEWATERHOUSECOOPERS,DC,114593,UNIVERSAL INSURANCE GROUP,PR,,,,Taxation/Internal Revenue Code,,,2005-08-11T00:00:00-04:00,0.0,0.0
c3591944-1836-411d-b2d9-48205d5c04e7,2005,MM,,8453,"CASSIDY & ASSOCIATES, INC.",DC,112307,CONSERVATION TRUST OF PUERTO RICO,PR,,100000.00,,Government Issues|Real Estate/Land Use/Conservation,,,2005-08-12T00:00:00-04:00,100000.0,0.0
1d150bc1-57bb-4bad-901f-8cc2d07ee7e9,2005,MMY,,39941,VENABLE LLP,DC,148753,PUERTO RICO HIGHWAYS AND TRANSPORTATION AUTHORITY,PR,,0.00,,,,,2005-08-12T00:00:00-04:00,0.0,0.0
53fa9a0f-ed7b-40a8-bba8-cad0c28166e9,2005,MM,,54197,QGA PUBLIC AFFAIRS (FORMERLY QUINN GILLESPIE & ASSOCIATES),DC,158682,CONSERVATION TRUST OF PUERTO RICO,PR,Protection and Enhancement of Natural Resources of Puerto Rico,100000.00,,Environment/Superfund,"Historic preservation of wetlands.
Federal government opportunities. 
BRAC monitoring.",,2005-08-12T00:00:00-04:00,100000.0,0.0
32a2a0ce-7718-4323-9412-369739d3a9df,2005,RR,,8453,"CASSIDY & ASSOCIATES, INC.",DC,112307,CONSERVATION TRUST OF PUERTO RICO,PR,,,,Government Issues|Real Estate/Land Use/Conservation,,,2005-08-12T00:00:00-04:00,0.0,0.0
784cf787-0542-4d4c-b17c-b475187dc99d,2005,MM,,26318,MWW GROUP,NY,133970,OFFICE OF SENATE PRESIDENT SENATE OF PUERTO RICO,PR,,60000.00,,Taxation/Internal Revenue Code|Government Issues|Education,,,2005-08-15T00:00:00-04:00,60000.0,0.0
4ebc8d57-aa08-4198-9b68-ce386d016b48,2005,RA,,26318,MWW GROUP,NY,133970,OFFICE OF SENATE PRESIDENT SENATE OF PUERTO RICO,PR,,,,Banking|Taxation/Internal Revenue Code|Education,,,2005-08-15T00:00:00-04:00,0.0,0.0
fe487a69-4f8c-40a7-8e24-2916c8592a8e,2005,MM,,23521,THE PMA GROUP,VA,130472,NUVANT SYSTEMS INC,PR,,60000.00,,Budget/Appropriations,,,2005-08-15T00:00:00-04:00,60000.0,0.0
a66ad352-47ff-4f03-840e-dc8f85286cbb,2005,MM,,41408,WILEY REIN LLP,DC,150958,PUERTO RICO TELEPHONE COMPANY,PR,Telecommunications,20000.00,,Telecommunications,,,2005-08-15T00:00:00-04:00,20000.0,0.0
f2ba4d90-8fee-48fb-beb9-1471561d8e4f,2005,MMY,,32008,"POWERS PYLES SUTTER & VERVILLE, P.C.",DC,139495,SISTEMA UNIVERSITARIO ANA G MENDEZ,PR,,0.00,,,,,2005-08-16T00:00:00-04:00,0.0,0.0
893c3c92-d2fa-4347-a0ef-30649d75ff40,2005,MM,,30906,SQUIRE PATTON BOGGS,DC,136947,MUNICIPALITY OF YABUCOA,PR,,40000.00,,Economics/Economic Development,,,2005-08-16T00:00:00-04:00,40000.0,0.0
d234f0ad-2a83-4c64-a117-ae1f7cb8c1b0,2005,MM,,10764,PRICEWATERHOUSECOOPERS,DC,114593,UNIVERSAL INSURANCE GROUP,PR,,10000.00,,Taxation/Internal Revenue Code,,,2005-08-17T00:00:00-04:00,10000.0,0.0
8845168e-ea93-4084-b794-c5b4758048c3,2005,MM,,295270,MORGAN CASNER ASSOCIATES,DC,179140,"SENATE OF PUERTO RICO, FEDERAL AFFAIRS COMMITTEE",PR,,0.00,,Government Issues,,,2005-08-19T00:00:00-04:00,0.0,0.0
9a78e675-7d78-459b-8c37-8c4214d6ba63,2005,MM,,682,AKIN GUMP STRAUSS HAUER & FELD,DC,100772,INTER-AMERICAN UNIVERSITY OF PUERTO RICO,PR,,200000.00,,Education,,,2005-08-22T00:00:00-04:00,200000.0,0.0
b6dbd0ed-db86-47f1-9e4d-b500637feada,2005,MMY,,32008,"POWERS PYLES SUTTER & VERVILLE, P.C.",DC,139495,SISTEMA UNIVERSITARIO ANA G MENDEZ,PR,,0.00,,,,,2005-08-23T00:00:00-04:00,0.0,0.0
16e58968-a8e2-428d-99eb-b28a8e062d3e,2005,MM,,295350,MG GROUP,VA,179164,PUERTO RICO HOSPITAL ASSOCIATION,PR,,20000.00,,Medicare/Medicaid,,,2005-09-07T00:00:00-04:00,20000.0,0.0
ac1c2f1f-bd45-4fa6-83b6-4e92cd3cc372,2005,MTY,,38825,US STRATEGIES,FL,146998,PUERTO RICO INDUSTRIAL DEVELOPMENT COMPANY,PR,,0.00,,,,,2005-09-09T00:00:00-04:00,0.0,0.0
5abc5070-4b28-4116-b39e-3fe9482e909e,2005,MMY,,32008,"POWERS PYLES SUTTER & VERVILLE, P.C.",DC,139495,SISTEMA UNIVERSITARIO ANA G MENDEZ,PR,,0.00,,,,,2005-11-03T00:00:00-05:00,0.0,0.0
8acc8e84-c6b3-49a6-ab4f-1b77e2783cad,2005,RR,,6303,"HUSCH BLACKWELL, LLP",DC,108352,KINGFISHER AIR SERVICES AIR SAFARI INC,PR,,,,Transportation|Foreign Relations|Aviation/Airlines/Airports,,,2005-12-02T00:00:00-05:00,0.0,0.0
de07a3e7-9aa4-44ec-846d-cb7bdbce0867,2005,RR,,288715,MCPHERSON GROUP LLP,DC,177234,DEPARTMENTO DE LA VIVIENDA,PR,Department of Housing for the Government of Puerto Rico,,,Housing,,,2005-12-08T00:00:00-05:00,0.0,0.0
98d2a537-a903-408c-94b1-0632c2333b42,2005,YY,,295270,MORGAN CASNER ASSOCIATES,DC,179140,"SENATE OF PUERTO RICO, FEDERAL AFFAIRS COMMITTEE",PR,,0.00,,Government Issues,,,2006-01-06T00:00:00-05:00,0.0,0.0
984e6cb5-e161-4dd1-80c3-491d576ecaa8,2005,YYY,,21506,KESSLER & ASSOCIATES BUSINESS SERVICES,DC,128021,FRANCO HERMAN,PR,,20000.00,,,,,2006-01-23T00:00:00-05:00,20000.0,0.0
047c89f5-1f12-4b04-b6e9-71e1e2705550,2005,YY,,4208,ARENTFOX SCHIFF LLP,DC,104158,GOVERNMENT DEVELOPMENT BANK FOR PUERTO RICO,PR,,260000.00,,Health Issues|Education|Medicare/Medicaid|Taxation/Internal Revenue Code|Telecommunications|Budget/Appropriations|Welfare,"Eligibility for grants for high risk health insurance pools|Education funding|Family Opportunity Act
Medicaid reimbursement formulas|FSC/ETI tax preference
Child care tax credit
Economic development tax incentives|E-Rate issues
Legislation concerning Universal Service Fund",,2006-02-02T00:00:00-05:00,260000.0,0.0
0da1b9c5-a302-48a4-bd42-72afa41f5488,2005,YTY,,39941,VENABLE LLP,DC,148753,PUERTO RICO HIGHWAYS AND TRANSPORTATION AUTHORITY,PR,,,,,,,2006-02-02T00:00:00-05:00,0.0,0.0
c50ef721-22f5-4ae4-93f9-5859769c665e,2005,YTY,,18422,HOGAN LOVELLS US LLP,DC,124201,NESCO,PR,,,,Transportation,"Federal Transit Administration
Finding for NeTren Urbano Project of the Highway and Transit Administration Puerto Rico",,2006-02-03T00:00:00-05:00,0.0,0.0
4546ece8-a853-4937-8ae6-74f8946c03c8,2005,YY,,288715,MCPHERSON GROUP LLP,DC,177234,DEPARTMENTO DE LA VIVIENDA,PR,Department of Housing for the Government of Puerto Rico,40000.00,,Housing,,,2006-02-07T00:00:00-05:00,40000.0,0.0
580ad985-8e15-4cae-9a1f-a87b6c3ad25b,2005,YY,,57475,ERNST & YOUNG LLP (WASHINGTON COUNCIL ERNST & YOUNG),DC,160112,POPULAR,PR,,94000.00,,Taxation/Internal Revenue Code,,,2006-02-07T00:00:00-05:00,94000.0,0.0
42b421ee-e565-4149-b473-db71c85e35d4,2005,YY,,54197,QGA PUBLIC AFFAIRS (FORMERLY QUINN GILLESPIE & ASSOCIATES),DC,158682,CONSERVATION TRUST OF PUERTO RICO,PR,Protection and Enhancement of Natural Resources of Puerto Rico,100000.00,,Environment/Superfund,,,2006-02-09T00:00:00-05:00,100000.0,0.0
eb7800ac-2638-4587-9458-1476e1580b76,2004,YY,,290970,"POPULAR, INC.",PR,177725,POPULAR INC,PR,,,200000.00,Banking|Financial Institutions/Investments/Securities|Taxation/Internal Revenue Code,,,2006-02-13T00:00:00-05:00,0.0,200000.0
03c605f0-1115-46df-b065-fff8b52ce719,2005,MM,,290970,"POPULAR, INC.",PR,177725,POPULAR INC,PR,,,240000.00,Financial Institutions/Investments/Securities|Banking|Taxation/Internal Revenue Code,,,2006-02-13T00:00:00-05:00,0.0,240000.0
fff79703-99f5-44de-bf1a-443e74104d7c,2005,YY,,41408,WILEY REIN LLP,DC,150958,PUERTO RICO TELEPHONE COMPANY,PR,Telecommunications,20000.00,,Telecommunications,,,2006-02-13T00:00:00-05:00,20000.0,0.0
bc6ec7b6-d9c3-4776-8f7e-05571ace4cc7,2005,YY,,682,AKIN GUMP STRAUSS HAUER & FELD,DC,100772,INTER-AMERICAN UNIVERSITY OF PUERTO RICO,PR,,200000.00,,Education,Higher education issues,,2006-02-13T00:00:00-05:00,200000.0,0.0
bc4b0ebc-359a-4c61-87d8-4ad21af52197,2005,YY,,10764,PRICEWATERHOUSECOOPERS,DC,114593,UNIVERSAL INSURANCE GROUP,PR,,0.00,,Taxation/Internal Revenue Code,,,2006-02-13T00:00:00-05:00,0.0,0.0
dc196874-63b4-42ab-bf1f-e0d0358bcd14,2005,YY,,37232,SULLIVAN & CROMWELL LLP,DC,146158,"POPULAR, INC",PR,Commercial bank.,0.00,,Banking|Financial Institutions/Investments/Securities,,,2006-02-13T00:00:00-05:00,0.0,0.0
04024937-e73c-4550-8639-acce9617777b,2005,YY,,30906,SQUIRE PATTON BOGGS,DC,136947,MUNICIPALITY OF YABUCOA,PR,,40000.00,,Economics/Economic Development,,,2006-02-13T00:00:00-05:00,40000.0,0.0
a8fb36ee-5e7c-400a-b6e9-01358b12ffd8,2005,YY,,33795,THE ROTH GROUP,VA,142128,MUNICIPALITY OF PONCE,PR,,80000.00,,Budget/Appropriations,,,2006-02-13T00:00:00-05:00,80000.0,0.0
9365beb5-0b97-4276-b25b-0431dadf41cd,2005,YY,,6303,"HUSCH BLACKWELL, LLP",DC,108352,KINGFISHER AIR SERVICES AIR SAFARI INC,PR,,0.00,,Aviation/Airlines/Airports,,,2006-02-14T00:00:00-05:00,0.0,0.0
22453a60-c401-4632-992b-71f155acaa97,2005,YY,,26318,MWW GROUP,NY,133970,OFFICE OF SENATE PRESIDENT SENATE OF PUERTO RICO,PR,,120000.00,,Taxation/Internal Revenue Code,,,2006-02-14T00:00:00-05:00,120000.0,0.0
4ae6d92e-2bc9-42e1-93e1-9495f7ee33ae,2005,YY,,32932,REED SMITH LLP,DC,141016,MUNICIPALITY OF TOA BAJA,PR,,20000.00,,Defense|Transportation|Government Issues|Economics/Economic Development|Housing,,,2006-02-14T00:00:00-05:00,20000.0,0.0
9f3f0cce-9129-441f-a207-77f7612733c7,2005,YY,,8453,"CASSIDY & ASSOCIATES, INC.",DC,112307,CONSERVATION TRUST OF PUERTO RICO,PR,,100000.00,,Environment/Superfund|Natural Resources|Real Estate/Land Use/Conservation,,,2006-02-14T00:00:00-05:00,100000.0,0.0
5d03ef84-7fd0-4b85-a942-bfd537fb07ea,2005,YY,,32932,REED SMITH LLP,DC,141019,HOUSE OF REPRESENTATIVES/PUERTO RICO,PR,,60000.00,,Defense|Homeland Security|Taxation/Internal Revenue Code|Retirement|Government Issues,,,2006-02-14T00:00:00-05:00,60000.0,0.0
1264df14-4ad9-4bbd-aa69-94c2b86404a6,2005,YY,,23521,THE PMA GROUP,VA,130472,NUVANT SYSTEMS INC,PR,,40000.00,,Budget/Appropriations,,,2006-02-14T00:00:00-05:00,40000.0,0.0
ee5d3cb5-f65e-4b96-88e3-c9c5e9c28c05,2006,RR,,39837,VAN SCOYOC ASSOCIATES,DC,148113,PORT COMMISSION OF MAYAGUEZ PR,PR,Commission,,,Transportation|Budget/Appropriations,,,2006-02-14T00:00:00-05:00,0.0,0.0
95f88954-a923-46d0-9577-9ce7e2b8ff04,2005,YY,,32932,REED SMITH LLP,DC,141017,UNIVERSAL INSURANCE CO,PR,,80000.00,,Taxation/Internal Revenue Code,,,2006-02-14T00:00:00-05:00,80000.0,0.0
722dbcd8-2b21-4e85-b56a-64f865229365,2006,RR,,35800,"THE SMITH-FREE GROUP, LLC",DC,144592,LUIS A FERRE FOUNDATION INC (MUSEO DE ARTE DE PONCE),PR,"Non-profit  organization promoting cultural, artistic, literary, and educational",,,Budget/Appropriations|Arts/Entertainment,,,2006-02-14T00:00:00-05:00,0.0,0.0
ebc710f2-f762-4eaf-b251-eb68c0bd7987,2005,YYY,,32008,"POWERS PYLES SUTTER & VERVILLE, P.C.",DC,139495,SISTEMA UNIVERSITARIO ANA G MENDEZ,PR,,0.00,,,,,2006-02-14T00:00:00-05:00,0.0,0.0
3c25b274-379f-4629-b728-328ee59141e4,2005,YY,,6291,BKSH & ASSOCIATES,DC,108228,CONSERVATION TRUST OF PUERTO RICO,PR,Conservation and land use issues,40000.00,,Taxation/Internal Revenue Code,,,2006-02-22T00:00:00-05:00,40000.0,0.0
0ae35ce6-7ec5-4ca8-bb16-767c73476bf4,2005,YY,,7268,BROYDRICK & ASSOCIATES,DC,110356,MILWAUKEE METROPOLITAN SEWERAGE DISTRICT,PR,Municipality in Puerto Rico,20000.00,,Budget/Appropriations|Environment/Superfund,,,2006-02-23T00:00:00-05:00,20000.0,0.0
d901d63b-bfc3-48f4-9581-ef7a8315eed2,2006,M@Y,,21506,KESSLER & ASSOCIATES BUSINESS SERVICES,DC,128021,FRANCO HERMAN,PR,,0.00,,,,,2006-02-24T00:00:00-05:00,0.0,0.0
6594a95a-a166-4b22-b383-a5cf80308538,2006,MTY,,57475,ERNST & YOUNG LLP (WASHINGTON COUNCIL ERNST & YOUNG),DC,160112,POPULAR,PR,,0.00,,,,,2006-03-06T00:00:00-05:00,0.0,0.0
91dfbb1b-e8e4-4e09-be57-e0a885edb76f,2005,YY,,295350,MG GROUP,VA,179164,PUERTO RICO HOSPITAL ASSOCIATION,PR,,20000.00,,Medicare/Medicaid,,,2006-03-08T00:00:00-05:00,20000.0,0.0
b66f11f3-4db5-4f05-a7c9-b89679ca45f1,2005,YY,,290970,"POPULAR, INC.",PR,177725,POPULAR INC,PR,,,300000.00,Taxation/Internal Revenue Code|Banking|Financial Institutions/Investments/Securities,,,2006-03-17T00:00:00-05:00,0.0,300000.0
860285c0-4fb8-47f9-acf8-335310024e19,2006,RR,,72177,IBARRA STRATEGY GROUP,DC,165850,PUERTO RICO SENATE,PR,Puerto Rico Senate,,,Civil Rights/Civil Liberties|Taxation/Internal Revenue Code|Economics/Economic Development|Medicare/Medicaid,,,2006-04-05T00:00:00-04:00,0.0,0.0
39d58327-dd14-44b3-b5f4-b416a8110947,2006,MTY,,21506,KESSLER & ASSOCIATES BUSINESS SERVICES,DC,128021,FRANCO HERMAN,PR,,0.00,,,,,2006-04-10T00:00:00-04:00,0.0,0.0
9cac1822-d69f-4414-9c20-fdb02c889d39,2005,MMY,,21506,KESSLER & ASSOCIATES BUSINESS SERVICES,DC,128021,FRANCO HERMAN,PR,,0.00,,,,,2006-04-10T00:00:00-04:00,0.0,0.0
be93565f-7de8-4232-a812-20a2df5d87a6,2006,RR,,12868,"DUTKO WORLDWIDE, LLC",DC,118198,AMERICANS FOR DEMOCRACY INC,PR,,,,Government Issues,,,2006-04-21T00:00:00-04:00,0.0,0.0
8a88fe0c-8105-4039-9d1d-211d5edd2311,2006,RR,,287270,AKERMAN LLP,DC,176684,UNIVERSAL INSURANCE COMPANY,PR,Insurance provider,,,Taxation/Internal Revenue Code,,,2006-05-11T00:00:00-04:00,0.0,0.0
c35b8ec1-3a78-4a9e-8abd-88483b6f07f5,2006,RR,,287270,AKERMAN LLP,DC,176685,HOUSE OF REPRESENTATIVES OF PUERTO RICO,PR,Legislative Branch of Puerto Rican government,,,Defense|Taxation/Internal Revenue Code|Retirement|Government Issues|Homeland Security,,,2006-05-11T00:00:00-04:00,0.0,0.0
fc62f829-d0b1-4f54-988c-d0f05538d348,2005,RR,,12868,"DUTKO WORLDWIDE, LLC",DC,118198,AMERICANS FOR DEMOCRACY INC,PR,,,,Government Issues,,,2006-06-08T00:00:00-04:00,0.0,0.0
f988bba6-eb42-4beb-af71-25f8625b08ca,2006,MM,,287270,AKERMAN LLP,DC,176685,HOUSE OF REPRESENTATIVES OF PUERTO RICO,PR,Legislative Branch of Puerto Rican government,0.00,,Defense|Taxation/Internal Revenue Code|Retirement|Budget/Appropriations,,,2006-07-07T00:00:00-04:00,0.0,0.0
51101ab3-1d3f-45e0-a70c-be2be610ddab,2006,MM,,287270,AKERMAN LLP,DC,176684,UNIVERSAL INSURANCE COMPANY,PR,Insurance provider,0.00,,Taxation/Internal Revenue Code,,,2006-07-07T00:00:00-04:00,0.0,0.0
136b7ea7-e0fa-42a6-86a8-85106d3e257f,2006,MM,,39837,VAN SCOYOC ASSOCIATES,DC,148113,PORT COMMISSION OF MAYAGUEZ PR,PR,Commission,20000.00,,Budget/Appropriations,,,2006-07-07T00:00:00-04:00,20000.0,0.0
dfd6c567-f1fe-4ac8-a053-e4543265d230,2006,MM,,288715,MCPHERSON GROUP LLP,DC,177234,DEPARTMENTO DE LA VIVIENDA,PR,Department of Housing for the Government of Puerto Rico,40000.00,,Housing,,,2006-07-17T00:00:00-04:00,40000.0,0.0
0a4edb20-14c5-4e8e-89a8-b6545d395791,2006,MM,,7268,BROYDRICK & ASSOCIATES,DC,110356,MILWAUKEE METROPOLITAN SEWERAGE DISTRICT,PR,Municipality in Puerto Rico,40000.00,,Budget/Appropriations|Environment/Superfund|Clean Air and Water (quality),,,2006-07-21T00:00:00-04:00,40000.0,0.0
fdf54f13-027a-46e3-b0fc-cfe36c825a07,2006,MM,,8453,"CASSIDY & ASSOCIATES, INC.",DC,112307,CONSERVATION TRUST OF PUERTO RICO,PR,,100000.00,,Taxation/Internal Revenue Code|Environment/Superfund|Natural Resources|Real Estate/Land Use/Conservation,,,2006-07-24T00:00:00-04:00,100000.0,0.0
8515b8aa-9d31-4acd-9cb9-164ca90618af,2006,MM,,41408,WILEY REIN LLP,DC,150958,PUERTO RICO TELEPHONE COMPANY,PR,Telecommunications,20000.00,,Telecommunications,,,2006-07-31T00:00:00-04:00,20000.0,0.0
abc94b0a-aaf5-4105-89b0-27e66c056b6e,2006,MM,,12540,DOW LOHNES PLLC,DC,117235,ANA G MENDEZ UNIVERSITY SYSTEM,PR,University,60000.00,,Communications/Broadcasting/Radio/TV,,,2006-08-02T00:00:00-04:00,60000.0,0.0
d27044b0-1c50-45f6-af9b-2e6993183db7,2006,MMY,,10764,PRICEWATERHOUSECOOPERS,DC,114593,UNIVERSAL INSURANCE GROUP,PR,,0.00,,,,,2006-08-02T00:00:00-04:00,0.0,0.0
8b3720a8-64f0-4c03-b05d-ed0072626a64,2006,RR,,12540,DOW LOHNES PLLC,DC,117235,ANA G MENDEZ UNIVERSITY SYSTEM,PR,University,,,Communications/Broadcasting/Radio/TV,,,2006-08-03T00:00:00-04:00,0.0,0.0
7c321092-8a11-4b03-8ede-b6c53afe7763,2006,MM,,12540,DOW LOHNES PLLC,DC,117235,ANA G MENDEZ UNIVERSITY SYSTEM,PR,University,60000.00,,Communications/Broadcasting/Radio/TV,DTV Tower Issues,,2006-08-03T00:00:00-04:00,60000.0,0.0
8287e73e-c432-417b-881b-6b1c48f3d6ee,2006,MM,,33795,THE ROTH GROUP,VA,142128,MUNICIPALITY OF PONCE,PR,,100000.00,,Budget/Appropriations,,,2006-08-04T00:00:00-04:00,100000.0,0.0
1bf65e54-cf8e-4711-b9b2-8cc3f00aace4,2006,MM,,12868,"DUTKO WORLDWIDE, LLC",DC,118198,AMERICANS FOR DEMOCRACY INC,PR,,0.00,,Government Issues,,,2006-08-04T00:00:00-04:00,0.0,0.0
cc301744-efb3-4ac0-9c1d-39816360f680,2006,RR,,287270,AKERMAN LLP,DC,176693,MUNICIPALITY OF TOA BAJA,PR,Local unit of government,,,Defense|Transportation|Economics/Economic Development|Housing|Government Issues,,,2006-08-07T00:00:00-04:00,0.0,0.0
716b252b-c120-4f6f-a9f4-e9c32f9944b6,2006,RR,,287270,AKERMAN LLP,DC,176694,MUNICIPALITY OF GUAYNABO,PR,Local unit of government,,,Defense|Economics/Economic Development|Housing|Government Issues|Education,,,2006-08-07T00:00:00-04:00,0.0,0.0
276d3409-9354-4d6a-9e87-f7581068d9bd,2006,RR,,287270,AKERMAN LLP,DC,176697,MUNICIPALITY OF BAYAMON,PR,Local unit of government,,,Defense|Transportation|Economics/Economic Development|Housing|Government Issues|Education,,,2006-08-07T00:00:00-04:00,0.0,0.0
bf0f5ad0-1eab-4df8-aebe-6c7584becc79,2006,MM,,37232,SULLIVAN & CROMWELL LLP,DC,146158,"POPULAR, INC",PR,Commercial bank.,20000.00,,Banking|Financial Institutions/Investments/Securities,,,2006-08-08T00:00:00-04:00,20000.0,0.0
8bb4d664-3135-4f43-9175-dee9b201a2f8,2006,MM,,4208,ARENTFOX SCHIFF LLP,DC,104158,GOVERNMENT DEVELOPMENT BANK FOR PUERTO RICO,PR,,280000.00,,Medicare/Medicaid|Budget/Appropriations|Government Issues|Taxation/Internal Revenue Code|Telecommunications|Health Issues|Education|Welfare,,,2006-08-08T00:00:00-04:00,280000.0,0.0
ebfc805d-92f6-4f42-8962-acfb3ec3a110,2006,MM,,23521,THE PMA GROUP,VA,130472,NUVANT SYSTEMS INC,PR,,100000.00,,Budget/Appropriations,,,2006-08-08T00:00:00-04:00,100000.0,0.0
aae5f15b-651b-40b1-ac33-0797df22cf48,2006,MM,,54197,QGA PUBLIC AFFAIRS (FORMERLY QUINN GILLESPIE & ASSOCIATES),DC,158682,CONSERVATION TRUST OF PUERTO RICO,PR,Protection and Enhancement of Natural Resources of Puerto Rico,100000.00,,Environment/Superfund,,,2006-08-08T00:00:00-04:00,100000.0,0.0
10748f80-09be-4b15-9d85-e3b8a59be3cd,2006,MT,,32932,REED SMITH LLP,DC,141017,UNIVERSAL INSURANCE CO,PR,,20000.00,,Taxation/Internal Revenue Code,,,2006-08-09T00:00:00-04:00,20000.0,0.0
c84e1b07-cfa4-4cd5-82b9-c231de81b26d,2006,MT,,32932,REED SMITH LLP,DC,141019,HOUSE OF REPRESENTATIVES/PUERTO RICO,PR,,20000.00,,Defense|Taxation/Internal Revenue Code|Retirement|Government Issues|Homeland Security,,,2006-08-09T00:00:00-04:00,20000.0,0.0
e716739c-63e5-49f0-949d-95645c7326b5,2006,MM,,682,AKIN GUMP STRAUSS HAUER & FELD,DC,100772,INTER-AMERICAN UNIVERSITY OF PUERTO RICO,PR,,200000.00,,Education,,,2006-08-09T00:00:00-04:00,200000.0,0.0
57676534-1ae5-4dea-b962-4c40f04ce319,2006,MM,,6291,BKSH & ASSOCIATES,DC,108228,CONSERVATION TRUST OF PUERTO RICO,PR,Conservation and land use issues,40000.00,,Taxation/Internal Revenue Code,,,2006-08-10T00:00:00-04:00,40000.0,0.0
b2d44644-257b-4a0b-8baa-dd4002332957,2006,MT,,32932,REED SMITH LLP,DC,141016,MUNICIPALITY OF TOA BAJA,PR,,0.00,,Defense|Transportation|Economics/Economic Development|Housing|Government Issues,,,2006-08-10T00:00:00-04:00,0.0,0.0
98218e35-49bf-48e1-990b-b01647702f7b,2006,MM,,26318,MWW GROUP,NY,133970,OFFICE OF SENATE PRESIDENT SENATE OF PUERTO RICO,PR,,120000.00,,Taxation/Internal Revenue Code,,,2006-08-11T00:00:00-04:00,120000.0,0.0
18fc8dce-d8ea-4cb1-bffd-120cd416857b,2006,MTY,,6303,"HUSCH BLACKWELL, LLP",DC,108352,KINGFISHER AIR SERVICES AIR SAFARI INC,PR,,0.00,,,,,2006-08-11T00:00:00-04:00,0.0,0.0
7b0bfbd9-cabe-469e-b4ae-c3ecad1232f3,2006,MMY,,32008,"POWERS PYLES SUTTER & VERVILLE, P.C.",DC,139495,SISTEMA UNIVERSITARIO ANA G MENDEZ,PR,,0.00,,,,,2006-08-11T00:00:00-04:00,0.0,0.0
e8cd01f7-dc4c-47f7-808a-581e29a879fd,2006,MM,,30906,SQUIRE PATTON BOGGS,DC,136947,MUNICIPALITY OF YABUCOA,PR,,20000.00,,Economics/Economic Development,,,2006-08-11T00:00:00-04:00,20000.0,0.0
83e1463f-0a85-4914-8c2c-3e3cf6cd0a76,2006,MM,,35800,"THE SMITH-FREE GROUP, LLC",DC,144592,LUIS A FERRE FOUNDATION INC (MUSEO DE ARTE DE PONCE),PR,"Non-profit  organization promoting cultural, artistic, literary, and educational",40000.00,,Economics/Economic Development,,,2006-08-14T00:00:00-04:00,40000.0,0.0
c238a804-bf72-49fc-a7f7-971da0fd2e2f,2006,MTY,,61573,MS. KAREN JOHNSON,TX,161851,BEHAR-YBARRA AND ASSOCIATES,PR,,0.00,,,,,2006-08-14T00:00:00-04:00,0.0,0.0
548726c9-a6e2-4bc6-b34a-ec8da49c9cc4,2006,RR,,311212,YOUTHFUL MISSIONARY BROTHERHOOD/FRATERNIDAD MISIONERA JUVENIL,PR,183767,YOUTHFUL MISSIONARY BROTHERHOOD/FRATERNIDAD MISIONERA JUVENIL,PR,,,,Religion|Education|Unemployment|Health Issues|Alcohol and Drug Abuse|Civil Rights/Civil Liberties|Foreign Relations|Government Issues,,,2006-08-14T00:00:00-04:00,0.0,0.0
3369f9e5-5030-4a5d-8cbd-e28be2c87d7a,2006,MM,,290970,"POPULAR, INC.",PR,177725,POPULAR INC,PR,,,180000.00,Banking|Financial Institutions/Investments/Securities|Taxation/Internal Revenue Code,,,2006-08-14T00:00:00-04:00,0.0,180000.0
20c38c32-1026-40d6-8648-ff84a5d3cc5b,2006,MM,,72177,IBARRA STRATEGY GROUP,DC,165850,PUERTO RICO SENATE,PR,Puerto Rico Senate,16000.00,,Civil Rights/Civil Liberties,,,2006-08-21T00:00:00-04:00,16000.0,0.0
3d7b2a9b-afac-4924-a215-dbecc0e380b4,2006,RR,,18444,HOLLAND & HART LLP,DC,124721,AMERICANS FOR DEMOCRACY,PR,,,,Government Issues,,,2006-08-30T00:00:00-04:00,0.0,0.0
4e58d7fc-b79c-487a-b1ae-13312b3e8045,2005,YA,,54197,QGA PUBLIC AFFAIRS (FORMERLY QUINN GILLESPIE & ASSOCIATES),DC,158682,CONSERVATION TRUST OF PUERTO RICO,PR,Protection and Enhancement of Natural Resources of Puerto Rico,,,,,,2006-09-19T00:00:00-04:00,0.0,0.0
ed5167a7-9bad-4a3f-9631-487f8472c383,2006,MM,,295350,MG GROUP,VA,179164,PUERTO RICO HOSPITAL ASSOCIATION,PR,,20000.00,,Medicare/Medicaid,,,2006-09-22T00:00:00-04:00,20000.0,0.0
5711e347-2816-4e44-882a-5b11f165c1ac,2006,RR,,38825,US STRATEGIES,FL,147009,BARED GROUP,PR,,,,Homeland Security,,,2006-10-19T00:00:00-04:00,0.0,0.0
736ceb2a-50b4-446f-8861-d510bab2cd80,2006,RA,,72177,IBARRA STRATEGY GROUP,DC,165850,PUERTO RICO SENATE,PR,Puerto Rico Senate,,,Civil Rights/Civil Liberties|Taxation/Internal Revenue Code|Economics/Economic Development|Medicare/Medicaid,,,2006-11-01T00:00:00-05:00,0.0,0.0
f39c78f3-0ecd-4ee1-8140-7524d64b091f,2006,YY,,39837,VAN SCOYOC ASSOCIATES,DC,148113,PORT COMMISSION OF MAYAGUEZ PR,PR,Commission,40000.00,,Budget/Appropriations,,,2007-01-22T00:00:00-05:00,40000.0,0.0
71b4e63b-296a-4402-99df-b94581f629d2,2006,YY,,288715,MCPHERSON GROUP LLP,DC,177234,DEPARTMENTO DE LA VIVIENDA,PR,Department of Housing for the Government of Puerto Rico,40000.00,,Housing,"No specific legislation -- housing issues relating to Puerto Rico, particularly HUD issues.",,2007-01-23T16:53:00-05:00,40000.0,0.0
9d685168-55df-40d1-979c-b03c8bb17f7a,2006,YY,,12540,DOW LOHNES PLLC,DC,117235,ANA G MENDEZ UNIVERSITY SYSTEM,PR,University,,,Communications/Broadcasting/Radio/TV,DTV Issues,,2007-01-31T15:13:15-05:00,0.0,0.0
82ad4eb2-1a79-4da4-beb8-2ed76a78d2a7,2006,YA,,12540,DOW LOHNES PLLC,DC,117235,ANA G MENDEZ UNIVERSITY SYSTEM,PR,University,,,Communications/Broadcasting/Radio/TV,DTV Issues,,2007-01-31T16:18:55-05:00,0.0,0.0
54e3ba86-99a9-4303-8de5-596120abca51,2006,YY,,41408,WILEY REIN LLP,DC,150958,PUERTO RICO TELEPHONE COMPANY,PR,Telecommunications,20000.00,,Telecommunications,Universal Service Fund,,2007-02-06T14:05:53-05:00,20000.0,0.0
54c0013a-2d0f-408e-8471-ca70c6f48860,2006,YY,,4208,ARENTFOX SCHIFF LLP,DC,104158,GOVERNMENT DEVELOPMENT BANK FOR PUERTO RICO,PR,,140000.00,,Health Issues|Telecommunications|Medicare/Medicaid|Government Issues|Welfare|Taxation/Internal Revenue Code|Budget/Appropriations|Education,"Eligibility for grants for high risk health insurance pools
State Childrens' Health Insurance Program (SCHIP)|E-Rate issues
Legislation concerning Universal Service Fund|Family Opportunity Act
Medicaid reimbursement formulas|Insular affairs|TANF reauthorization",,2007-02-09T12:39:36-05:00,140000.0,0.0
9d7d01ba-363f-4128-a512-efb4fe62ac62,2006,YY,,8453,"CASSIDY & ASSOCIATES, INC.",DC,112307,CONSERVATION TRUST OF PUERTO RICO,PR,,80000.00,,Taxation/Internal Revenue Code|Environment/Superfund|Natural Resources|Real Estate/Land Use/Conservation,"Raise visibility of Conservation Trust of Puerto Rico in Washington, DC with Administration officials in pertinent agenc|Raise visibility of Conservation Trust of Puerto Rico in Washington, DC with Administration officials in pertinent agenc|Raise visibility of Conservation Trust of Puerto Rico in Washington, DC with Administration officials in pertinent agenc",,2007-02-09T12:40:46-05:00,80000.0,0.0
de55b45a-e65b-43ca-917d-a097d7eafc21,2006,YY,,12868,"DUTKO WORLDWIDE, LLC",DC,118198,AMERICANS FOR DEMOCRACY INC,PR,,234000.00,,Government Issues,Strategic and legislative assistance on issues related to Puerto Rican self determination.,,2007-02-09T14:46:34-05:00,234000.0,0.0
2e89d8c0-0f49-4d67-832d-9f1d4db85986,2006,YY,,295270,MORGAN CASNER ASSOCIATES,DC,179140,"SENATE OF PUERTO RICO, FEDERAL AFFAIRS COMMITTEE",PR,,,,Government Issues,General surveillance and counsel of intergovernmental issues.,,2007-02-11T15:59:33-05:00,0.0,0.0
bace8320-8628-497a-ba99-e5176ecd685a,2006,YY,,33795,THE ROTH GROUP,VA,142128,MUNICIPALITY OF PONCE,PR,,100000.00,,Budget/Appropriations,,,2007-02-12T00:00:00-05:00,100000.0,0.0
a716da8c-2d37-474d-9ddd-a43c22070ae7,2006,YY,,54197,QGA PUBLIC AFFAIRS (FORMERLY QUINN GILLESPIE & ASSOCIATES),DC,158682,CONSERVATION TRUST OF PUERTO RICO,PR,Protection and Enhancement of Natural Resources of Puerto Rico,100000.00,,Environment/Superfund,"Historic Preservation of Wetlands
Federal Government Opportunities
BRAC Monitoring
Rum Tax",,2007-02-12T12:33:53-05:00,100000.0,0.0
bc8fbc80-2106-42df-bdf8-80f41a51bfe9,2006,YYY,,10764,PRICEWATERHOUSECOOPERS,DC,114593,UNIVERSAL INSURANCE GROUP,PR,,,,,,,2007-02-12T16:01:09-05:00,0.0,0.0
5feb6bc9-73fe-442c-b43b-092f57881a51,2006,YY,,682,AKIN GUMP STRAUSS HAUER & FELD,DC,100772,INTER-AMERICAN UNIVERSITY OF PUERTO RICO,PR,,160000.00,,Education,Higher education issues,,2007-02-13T12:07:33-05:00,160000.0,0.0
d1912e6d-d72b-406c-9500-de1d1969811e,2006,YY,,287270,AKERMAN LLP,DC,176697,MUNICIPALITY OF BAYAMON,PR,Local unit of government,10000.00,,Economics/Economic Development,Legislation and policy of the U.S. Government affecting the interests on municipalities in Puerto Rico including funding,,2007-02-13T12:28:58-05:00,10000.0,0.0
134682a3-6115-4b81-8a3f-72faf43cd8da,2006,YY,,287270,AKERMAN LLP,DC,176693,MUNICIPALITY OF TOA BAJA,PR,Local unit of government,,,Defense,"Appropriations for housing, law enforcement, transportation and infrastructure.",,2007-02-13T12:37:02-05:00,0.0,0.0
bb7b1c88-4f48-4089-99b2-765fe643a99f,2006,YYY,,32008,"POWERS PYLES SUTTER & VERVILLE, P.C.",DC,139495,SISTEMA UNIVERSITARIO ANA G MENDEZ,PR,,,,,,,2007-02-13T14:58:48-05:00,0.0,0.0
a0ba4a1a-1f01-4e81-8463-05536b7e325f,2006,YTY,,26318,MWW GROUP,NY,133970,OFFICE OF SENATE PRESIDENT SENATE OF PUERTO RICO,PR,,,,,,,2007-02-13T15:04:22-05:00,0.0,0.0
2b81286e-42b6-4f38-9b2c-6375ee1ac777,2006,YY,,23521,THE PMA GROUP,VA,130472,NUVANT SYSTEMS INC,PR,,40000.00,,Defense,"H.R. 5122/S.2507, National Defense Authorization Act for FY 2007, R&D 
H.R. 5631/S.0000, Department of Defense Appropria",,2007-02-13T22:40:25-05:00,40000.0,0.0
0b42c791-a7ad-4f70-9839-8e6f26119fd3,2006,YY,,6291,BKSH & ASSOCIATES,DC,108228,CONSERVATION TRUST OF PUERTO RICO,PR,Conservation and land use issues,40000.00,,Taxation/Internal Revenue Code,Land Conservation Issues,,2007-02-14T11:56:29-05:00,40000.0,0.0
f95a0cb6-f37d-43f9-b036-f57fdeb40f51,2006,YY,,30906,SQUIRE PATTON BOGGS,DC,136947,MUNICIPALITY OF YABUCOA,PR,,20000.00,,Economics/Economic Development,"Energy and Water Development Appropriations Act, 2007, Corps of Engineers flood control project.",,2007-02-14T15:16:50-05:00,20000.0,0.0
ae102d63-cac2-4fa2-a731-37efac53c434,2006,YTY,,287270,AKERMAN LLP,DC,176684,UNIVERSAL INSURANCE COMPANY,PR,Insurance provider,,,,,,2007-02-14T15:29:24-05:00,0.0,0.0
b88eb7c4-a841-4942-a09e-cca91f2a747c,2006,YTY,,287270,AKERMAN LLP,DC,176694,MUNICIPALITY OF GUAYNABO,PR,Local unit of government,,,,,,2007-02-14T16:19:04-05:00,0.0,0.0
c8ced85a-8eb6-46a6-ab18-343d01fc10a4,2006,YTY,,287270,AKERMAN LLP,DC,176685,HOUSE OF REPRESENTATIVES OF PUERTO RICO,PR,Legislative Branch of Puerto Rican government,,,,,,2007-02-14T16:35:32-05:00,0.0,0.0
11512ab9-47f0-4358-b216-a605e48f92be,2006,YY,,37232,SULLIVAN & CROMWELL LLP,DC,146158,"POPULAR, INC",PR,Commercial bank.,20000.00,,Banking|Financial Institutions/Investments/Securities,Issues and legislation affecting the financial services industry.|Issues and legislation affecting the financial services industry.,,2007-02-14T19:48:09-05:00,20000.0,0.0
256a9e04-058d-451e-a14c-95b6698c2cba,2006,YY,,290970,"POPULAR, INC.",PR,177725,POPULAR INC,PR,,,280000.00,Banking|Financial Institutions/Investments/Securities|Taxation/Internal Revenue Code,Financial services issues and related legislation.|Financial services issues and related legislation.|Exclusion from employment taxes for residents of Puerto Rico for payments made under a cafeteria plan which are excludab,,2007-02-14T20:49:44-05:00,0.0,280000.0
05512a06-5606-4c51-b28c-da0eafc64689,2006,YTY,,35800,"THE SMITH-FREE GROUP, LLC",DC,144592,LUIS A FERRE FOUNDATION INC (MUSEO DE ARTE DE PONCE),PR,"Non-profit  organization promoting cultural, artistic, literary, and educational",,,,,,2007-02-15T14:34:24-05:00,0.0,0.0
537a802a-eade-43c1-b5a4-eeba14ea0ec9,2006,YA,,290970,"POPULAR, INC.",PR,177725,POPULAR INC,PR,,,340000.00,Taxation/Internal Revenue Code|Banking|Financial Institutions/Investments/Securities,Exclusion from employment taxes for residents of Puerto Rico for payments made under a cafeteria plan which are excludab|Financial services issues and related legislation.|Financial services issues and related legislation.,,2007-02-15T17:50:41-05:00,0.0,340000.0
48cbe787-8675-4bbb-b493-464b2631e2eb,2006,YT,,6291,BKSH & ASSOCIATES,DC,108228,CONSERVATION TRUST OF PUERTO RICO,PR,Conservation and land use issues,40000.00,,Taxation/Internal Revenue Code,Land Conservation Issues,,2007-02-16T14:57:09-05:00,40000.0,0.0
5cb08bfa-5541-44bd-93fd-ee6effec1e9b,2006,YY,,72177,IBARRA STRATEGY GROUP,DC,165850,PUERTO RICO SENATE,PR,Puerto Rico Senate,16000.00,,Civil Rights/Civil Liberties,"Puerto Rico Democracy Act of 2006
Economic Development",,2007-02-16T18:57:29-05:00,16000.0,0.0
31a61b2b-f5b8-49b9-b89c-fe323fd77bf4,2006,YY,,7268,BROYDRICK & ASSOCIATES,DC,110356,MILWAUKEE METROPOLITAN SEWERAGE DISTRICT,PR,Municipality in Puerto Rico,50538.00,,Budget/Appropriations,,,2007-02-20T00:00:00-05:00,50538.0,0.0
15aeb9c6-f673-4beb-b86c-01bd73a6f10f,2006,YY,,38825,US STRATEGIES,FL,147009,BARED GROUP,PR,,20000.00,,Homeland Security,,,2007-02-20T00:00:00-05:00,20000.0,0.0
3cfaef16-3a06-48db-b29a-d8b100a6dbd6,2006,YY,,295350,MG GROUP,VA,179164,PUERTO RICO HOSPITAL ASSOCIATION,PR,,20000.00,,Medicare/Medicaid,"PPS Reimbursement Formula
DSH Payments",,2007-03-05T12:00:49-05:00,20000.0,0.0
8b3f5e1e-467c-4a31-92c3-965e0d7901ab,2006,YY,,72177,IBARRA STRATEGY GROUP,DC,165850,PUERTO RICO SENATE,PR,Puerto Rico Senate,16000.00,,Civil Rights/Civil Liberties,"Puerto Rico Democracy Act of 2006
Economic Development",,2007-03-29T16:32:44-04:00,16000.0,0.0
8ea74c1b-b7cc-4cd6-937a-08259522a88d,2006,M@,,287270,AKERMAN LLP,DC,176694,MUNICIPALITY OF GUAYNABO,PR,Local unit of government,,,,,,2007-04-24T16:11:18-04:00,0.0,0.0
ae44c97a-f3fa-44be-9ce0-0b8739e6723d,2006,Y@Y,,287270,AKERMAN LLP,DC,176684,UNIVERSAL INSURANCE COMPANY,PR,Insurance provider,,,,,,2007-04-24T16:17:20-04:00,0.0,0.0
508cc665-d9f2-4d6a-aa1e-7bdc6496a49f,2007,MT,,287270,AKERMAN LLP,DC,176697,MUNICIPALITY OF BAYAMON,PR,Local unit of government,,,Economics/Economic Development,Legislation and policy of the U.S. Government affecting the interests on municipalities in Puerto Rico including funding,,2007-04-27T13:17:05-04:00,0.0,0.0
09a7a001-a569-457f-be7a-69e851b1e05e,2007,MT,,287270,AKERMAN LLP,DC,176693,MUNICIPALITY OF TOA BAJA,PR,Local unit of government,,,,,,2007-04-27T13:23:06-04:00,0.0,0.0
b529e770-3e80-4f2b-b7a7-79785c07f80c,2007,RR,,22198,"LASA, MONROIG & VEVE",DC,129014,MUNICIPALITY OF SALINAS,PR,,,,Roads/Highway|Urban Development/Municipalities|Transportation|Economics/Economic Development|Housing|Environment/Superfund|Travel/Tourism|Small Business,,,2007-05-03T00:00:00-04:00,0.0,0.0
09e5ad85-cb8f-4e91-b007-53d7532d928b,2006,YA,,8453,"CASSIDY & ASSOCIATES, INC.",DC,112307,CONSERVATION TRUST OF PUERTO RICO,PR,,80000.00,,Taxation/Internal Revenue Code|Environment/Superfund|Natural Resources|Real Estate/Land Use/Conservation,"Raise visibility of Conservation Trust of Puerto Rico in Washington, DC with Administration officials in pertinent agenc|Raise visibility of Conservation Trust of Puerto Rico in Washington, DC with Administration officials in pertinent agenc|Raise visibility of Conservation Trust of Puerto Rico in Washington, DC with Administration officials in pertinent agenc",,2007-05-30T17:18:27-04:00,80000.0,0.0
4a1dafe3-51bd-43ad-919e-b9fe21c38090,2007,RR,,317355,JOSE FUENTES,DC,186008,MUNICIPALITY OF TOA BAJA,PR,,,,Transportation|Defense|Economics/Economic Development|Housing|Government Issues,,,2007-06-01T00:00:00-04:00,0.0,0.0
289a133d-71a9-4875-aa1d-49a3f4167490,2007,RR,,317355,JOSE FUENTES,DC,186006,MUNICIPALITY OF BAYAMON,PR,,,,Defense|Transportation|Economics/Economic Development|Housing|Government Issues|Education,,,2007-06-01T00:00:00-04:00,0.0,0.0
596b8acf-ca8e-42e5-a2eb-980526d9c528,2006,YY,,18444,HOLLAND & HART LLP,DC,124721,AMERICANS FOR DEMOCRACY,PR,,,,Government Issues,Status of the Commonwealth of Puerto Rico,,2007-06-21T15:17:16-04:00,0.0,0.0
8fb46caa-f231-48fb-9b03-e90050fe9852,2007,M@,,287270,AKERMAN LLP,DC,176697,MUNICIPALITY OF BAYAMON,PR,Local unit of government,,,Economics/Economic Development,Legislation and policy of the U.S. Government affecting the interests on municipalities in Puerto Rico including funding,,2007-07-26T11:25:31-04:00,0.0,0.0
0936bf4d-2d72-4eb8-b728-aa0390c93990,2007,MM,,288715,MCPHERSON GROUP LLP,DC,177234,DEPARTMENTO DE LA VIVIENDA,PR,Department of Housing for the Government of Puerto Rico,,,Housing,"No specific legislation -- housing issues relating to Puerto Rico, particularly HUD issues.",,2007-07-26T14:09:16-04:00,0.0,0.0
395684e8-690f-4423-9b01-1951acd2a503,2007,MM,,33795,THE ROTH GROUP,VA,142128,MUNICIPALITY OF PONCE,PR,,100000.00,,Budget/Appropriations,,,2007-07-31T00:00:00-04:00,100000.0,0.0
c31d031d-9be1-4144-94bc-2aee66bfe9e1,2007,MM,,317355,JOSE FUENTES,DC,186008,MUNICIPALITY OF TOA BAJA,PR,,,,Defense,"Appropriations for housing, law enforcement, transportation and infrastructure.",,2007-07-31T12:23:55-04:00,0.0,0.0
ebc158f2-2fe6-42d0-9225-b630998d755e,2007,MM,,317355,JOSE FUENTES,DC,186006,MUNICIPALITY OF BAYAMON,PR,,,,Economics/Economic Development,Legislation and policy of the U.S. Government affecting the interests of municipalities in Puerto Rico including funding,,2007-07-31T12:37:21-04:00,0.0,0.0
ce383e04-4d2b-4424-b023-d418c2fac17d,2007,MA,,317355,JOSE FUENTES,DC,186008,MUNICIPALITY OF TOA BAJA,PR,,,,Housing|Defense|Economics/Economic Development|Transportation|Government Issues|Natural Resources,"Appropriations for housing, law enforcement, transportation and infrastructure; Housing and Urban Development and CDBG p|Appropriations for housing, law enforcement, transportation and infrastructure; BRAC and base relations.|Appropriations for housing, law enforcement, transportation and infrastructure; Economic development.|Appropriations for housing, law enforcement, transportation and infrastructure; Mass transport and road development.|Appropriations for housing, law enforcement, transportation and infrastructure; Coordinate intergovernmental relations.",,2007-07-31T14:52:49-04:00,0.0,0.0
17abbd9a-f7a4-44bc-bb0b-8b899e338362,2007,MM,,41408,WILEY REIN LLP,DC,150958,PUERTO RICO TELEPHONE COMPANY,PR,Telecommunications,,,,,,2007-07-31T15:10:22-04:00,0.0,0.0
b99538c2-3ef9-42a7-8fc7-ed532b5a8515,2007,MM,,39837,VAN SCOYOC ASSOCIATES,DC,148113,PORT COMMISSION OF MAYAGUEZ PR,PR,Commission,20000.00,,Budget/Appropriations,"H.R.2641,  Energy and Water Development Appropriations Act, FY2008, Harbor development issues.",,2007-07-31T15:26:05-04:00,20000.0,0.0
48b53aac-9e8e-420f-b389-b90435f38e40,2007,MA,,317355,JOSE FUENTES,DC,186006,MUNICIPALITY OF BAYAMON,PR,,,,Defense|Transportation|Economics/Economic Development|Housing|Government Issues,BRAC and base relations.|Legislation and policy of the U.S. Government affecting the interests of municipalities in Puerto Rico including funding|Legislation and policy of the U.S. Government affecting the interests of municipalities in Puerto Rico including funding|Legislation and policy of the U.S. Government affecting the interests of municipalities in Puerto Rico including funding|Legislation and policy of the U.S. Government affecting the interests of municipalities in Puerto Rico including funding,,2007-07-31T15:44:02-04:00,0.0,0.0
d771e4df-0deb-4242-8f58-95ed89d10d9c,2007,MM,,72177,IBARRA STRATEGY GROUP,DC,165850,PUERTO RICO SENATE,PR,Puerto Rico Senate,150000.00,,Immigration,,,2007-08-01T00:00:00-04:00,150000.0,0.0
f39f85f2-f826-4681-8204-f182a2449949,2007,MT,,10764,PRICEWATERHOUSECOOPERS,DC,114593,UNIVERSAL INSURANCE GROUP,PR,,,,,,,2007-08-01T16:31:32-04:00,0.0,0.0
510a01ed-4128-4dfe-9ca6-1e9500b3a1f8,2007,MM,,4208,ARENTFOX SCHIFF LLP,DC,104158,GOVERNMENT DEVELOPMENT BANK FOR PUERTO RICO,PR,,180000.00,,Agriculture|Taxation/Internal Revenue Code|Government Issues|Budget/Appropriations|Health Issues|Medicare/Medicaid|Education,"Farm Bill reauthorization
Nutrition Assistance Program|Economic development tax incentives
Earned income tax credit
Small business tax credits|Insular affairs|Homeland security funding
Energy and water projects appropriations
Agriculture appropriations|State Childrens' Health Insurance Program (SCHIP)
Ryan White CARE Act",,2007-08-02T10:36:19-04:00,180000.0,0.0
58cd8a7b-4279-4442-add0-feb9d2e7bf85,2007,MM,,295350,MG GROUP,VA,179164,PUERTO RICO HOSPITAL ASSOCIATION,PR,,20000.00,,Medicare/Medicaid,"PPS Reimbursement Formula
DSH Payments",,2007-08-02T22:52:36-04:00,20000.0,0.0
c12d1903-7b0b-4db7-9f86-063d9f5c918c,2007,MT,,30906,SQUIRE PATTON BOGGS,DC,136947,MUNICIPALITY OF YABUCOA,PR,,,,,,,2007-08-03T12:53:27-04:00,0.0,0.0
df1405a9-ef42-4b3b-8d0d-63e1c2dc5f60,2007,MM,,12868,"DUTKO WORLDWIDE, LLC",DC,118198,AMERICANS FOR DEMOCRACY INC,PR,,175000.00,,Government Issues,Strategic and legislative assistance on issues related to Puerto Rican self determination,,2007-08-03T18:32:56-04:00,175000.0,0.0
79951f17-de9d-4e91-8073-5fd462c1a4f5,2007,MT,,38825,US STRATEGIES,FL,147009,BARED GROUP,PR,,,,,,,2007-08-06T12:52:59-04:00,0.0,0.0
9adfa790-2e9b-4ef4-82d9-55998f1270a9,2007,MM,,37232,SULLIVAN & CROMWELL LLP,DC,146158,"POPULAR, INC",PR,Commercial bank.,20000.00,,Financial Institutions/Investments/Securities|Banking,Issues and legislation affecting the financial services industry.|Issues and legislation affecting the financial services industry.,,2007-08-09T10:30:22-04:00,20000.0,0.0
180089bd-a924-48ef-a5b0-5cff38897ff9,2007,MM,,290970,"POPULAR, INC.",PR,177725,POPULAR INC,PR,,,340000.00,Financial Institutions/Investments/Securities|Banking|Taxation/Internal Revenue Code,Financial services and related legislation.|Financial services issues and related legislation.|Exemption from social security and unemployment taxes for residents of Puerto Rico for payments made under cafeteria pla,,2007-08-09T10:34:35-04:00,0.0,340000.0
3326bd17-a27a-44b2-841d-c3b7dfa9e323,2007,MM,,8453,"CASSIDY & ASSOCIATES, INC.",DC,112307,CONSERVATION TRUST OF PUERTO RICO,PR,,80000.00,,Real Estate/Land Use/Conservation|Environment/Superfund|Natural Resources,"Improve existing relationship with Department of the Interior
Focus on transfer of lighthouse|Improve relationships between 3 bodies
Improve existing relationship with the Department of the Interior|.Improve existing relationship with Department of the Interior",,2007-08-09T14:46:29-04:00,80000.0,0.0
acd692bb-21b1-4358-be27-a0b52aa1bd15,2007,MM,,18444,HOLLAND & HART LLP,DC,124721,AMERICANS FOR DEMOCRACY,PR,,40000.00,,Government Issues,Status of the Commonwealth of Puerto Rico,,2007-08-10T12:03:29-04:00,40000.0,0.0
4d35d7ed-24f1-4d92-b7fd-8273bdd68b0b,2007,RR,,313715,CAPITOL COUNSEL LLC,DC,184393,ASOCIACION DE HOSPITALES DE PUERTO RICO,PR,Representative of hospitals in Puerto Rico,,,Health Issues|Medicare/Medicaid,Health issues and Medicare reimbursement.|Health issues and Medicare reimbursement.,,2007-08-13T08:32:59-04:00,0.0,0.0
379d039e-dac8-4392-8753-3d9592a9c93d,2007,MM,,313715,CAPITOL COUNSEL LLC,DC,184393,ASOCIACION DE HOSPITALES DE PUERTO RICO,PR,Representative of hospitals in Puerto Rico,20000.00,,Health Issues,Health Issues and Medicare reimbursement.,,2007-08-13T09:32:30-04:00,20000.0,0.0
ea9e6f40-e215-4bfd-ad43-1109638d5c36,2007,MM,,313715,CAPITOL COUNSEL LLC,DC,184393,ASOCIACION DE HOSPITALES DE PUERTO RICO,PR,Representative of hospitals in Puerto Rico,20000.00,,Health Issues,Health Issues and Medicare reimbursement.,,2007-08-13T09:32:31-04:00,20000.0,0.0
498c86d4-6ed7-454a-b781-3e13df4774fe,2007,MM,,12540,DOW LOHNES PLLC,DC,117235,ANA G MENDEZ UNIVERSITY SYSTEM,PR,University,,,Communications/Broadcasting/Radio/TV,Approval of permit to construct a DTV tower in El Yunque National Forest,,2007-08-13T09:55:12-04:00,0.0,0.0
2f5eee48-a394-4f83-8d74-42309007a80b,2007,MM,,23521,THE PMA GROUP,VA,130472,NUVANT SYSTEMS INC,PR,,40000.00,,Budget/Appropriations,"H.1585/S.1547, National Defense Authorization Act for FY 2008, R&D 
H.3222/S.0000, Department of Defense Appropriations ",,2007-08-13T10:07:20-04:00,40000.0,0.0
c1deeffb-5635-41de-8628-67e6fc8ac73d,2007,MM,,54197,QGA PUBLIC AFFAIRS (FORMERLY QUINN GILLESPIE & ASSOCIATES),DC,158682,CONSERVATION TRUST OF PUERTO RICO,PR,Protection and Enhancement of Natural Resources of Puerto Rico,80000.00,,Environment/Superfund,"Historic Preservation of Wetlands
Federal Government Opportunities
BRAC Monitoring 
Rum Tax",,2007-08-13T16:42:48-04:00,80000.0,0.0
48c2c3a6-ccd3-47e4-9c4c-4e7318d8b697,2007,MM,,682,AKIN GUMP STRAUSS HAUER & FELD,DC,100772,INTER-AMERICAN UNIVERSITY OF PUERTO RICO,PR,,160000.00,,Education,Higher education issues,,2007-08-13T18:05:54-04:00,160000.0,0.0
7d3e01c4-adbc-4ef0-9d89-3524859f01c0,2007,MM,,32008,"POWERS PYLES SUTTER & VERVILLE, P.C.",DC,139495,SISTEMA UNIVERSITARIO ANA G MENDEZ,PR,,,,Education,Education issues,,2007-08-14T12:11:41-04:00,0.0,0.0
6d4328ef-5acb-4639-9940-31f2931567a0,2007,MM,,295270,MORGAN CASNER ASSOCIATES,DC,179140,"SENATE OF PUERTO RICO, FEDERAL AFFAIRS COMMITTEE",PR,,,,,,,2007-08-14T12:53:18-04:00,0.0,0.0
d90eb74b-c655-4997-a45c-48e456ec12f6,2007,MM,,7268,BROYDRICK & ASSOCIATES,DC,110356,MILWAUKEE METROPOLITAN SEWERAGE DISTRICT,PR,Municipality in Puerto Rico,43270.00,,Budget/Appropriations,,,2007-08-15T00:00:00-04:00,43270.0,0.0
dc9de673-6881-4211-9e2c-05ee58dd05c1,2007,MM,,22198,"LASA, MONROIG & VEVE",DC,129014,MUNICIPALITY OF SALINAS,PR,,20000.00,,Education,,,2007-10-04T00:00:00-04:00,20000.0,0.0
d3eeb877-462f-44f7-ad58-50165546e6d7,2007,MA,,72177,IBARRA STRATEGY GROUP,DC,165850,PUERTO RICO SENATE,PR,Puerto Rico Senate,150000.00,,Civil Rights/Civil Liberties|Economics/Economic Development|Veterans|Medicare/Medicaid,,,2007-10-09T00:00:00-04:00,150000.0,0.0
c170d3fe-35d5-4285-84e7-d04fd55a9d36,2007,YY,,72177,IBARRA STRATEGY GROUP,DC,165850,PUERTO RICO SENATE,PR,Puerto Rico Senate,60000.00,,Economics/Economic Development|Taxation/Internal Revenue Code|Medicare/Medicaid|Government Issues,"Budget, Relevant Authorizing and Appropriations legislation|General tax legislation, Refundable Child Tax Credit, Puerto Rico Import Tax, Supplemental Security Income|Medicaid and Medicare payments to Puerto Rico|Passage of HR 900 and S. 1936, the Puerto Rico Democracy Act of 2007",,2008-01-31T14:48:10.953000-05:00,60000.0,0.0
bfb362f1-8487-485b-89a8-60946922f264,2007,YT,,39837,VAN SCOYOC ASSOCIATES,DC,148113,PORT COMMISSION OF MAYAGUEZ PR,PR,Commission,,,Budget/Appropriations,"H.R.2641/S.1751, Energy and Water Development Appropriations Act, FY2008, Harbor development issues.
PL 110-161, Consold",,2008-02-04T15:17:05.403000-05:00,0.0,0.0
e94ff44b-91b8-4323-9c76-e4a0e12c9a5c,2007,YY,,8453,"CASSIDY & ASSOCIATES, INC.",DC,112307,CONSERVATION TRUST OF PUERTO RICO,PR,,80000.00,,Environment/Superfund|Real Estate/Land Use/Conservation,"Facilitate and advise related to communication and information sharing between the Administration and the Governor of Pu|Facilitate communication and information sharing between the Department of Interior and the Trust
Focus on transfer of L",,2008-02-06T14:57:56.637000-05:00,80000.0,0.0
7db8342a-7a12-49a2-923a-0c76152a105e,2007,YY,,33795,THE ROTH GROUP,VA,142128,MUNICIPALITY OF PONCE,PR,,140000.00,,Transportation|Budget/Appropriations,"Monitored and worked on Port security issues, maritime issues, homeland security issues regarding Port, economic develop|Advocate for Portugues and Bucana Rivers project, housing and HUD issues, funding regarding Autism Center, COPS Interope",,2008-02-07T14:54:58.543000-05:00,140000.0,0.0
0a432466-08aa-453f-a8d9-3029879a6494,2007,YY,,12868,"DUTKO WORLDWIDE, LLC",DC,118198,AMERICANS FOR DEMOCRACY INC,PR,,160000.00,,Government Issues,Strategic and legislative assistance on issue related to Puerto Rican self determination.,,2008-02-07T14:57:03.560000-05:00,160000.0,0.0
a67cfc8f-4dfd-4947-908c-f0707f3ef05d,2007,YY,,317355,JOSE FUENTES,DC,186008,MUNICIPALITY OF TOA BAJA,PR,,,,Budget/Appropriations|Natural Resources,Appropriations for security camera system.  Development of recreational facilities.|Natural resources protection.,,2008-02-08T12:59:09.883000-05:00,0.0,0.0
04092572-5b66-4ae9-94f6-62f1ffc49d00,2007,YY,,317355,JOSE FUENTES,DC,186006,MUNICIPALITY OF BAYAMON,PR,,,,Defense|Budget/Appropriations|Economics/Economic Development,BRAC and base relations.|Appropriations for security camera system.|-Legislation and policy of the U.S. Government affecting the interests of municipalities in Puerto Rico including fundin,,2008-02-08T13:20:37.413000-05:00,0.0,0.0
3bcd762d-3ff0-45c5-905d-76e926bb4889,2007,YYY,,12540,DOW LOHNES PLLC,DC,117235,ANA G MENDEZ UNIVERSITY SYSTEM,PR,University,,,,,,2008-02-11T11:32:45.720000-05:00,0.0,0.0
63fa48fa-0d7d-45f7-93b1-db34e3a0836c,2007,YY,,7268,BROYDRICK & ASSOCIATES,DC,110356,MILWAUKEE METROPOLITAN SEWERAGE DISTRICT,PR,Municipality in Puerto Rico,29567.00,,Budget/Appropriations,"Funding for interceptor sewage replacement and repair program on County grounds
Watershed initiative",,2008-02-11T16:48:29.327000-05:00,29567.0,0.0
74a8f5db-4f9c-4adc-b201-97c59d2c81cd,2007,YY,,288715,MCPHERSON GROUP LLP,DC,177234,DEPARTMENTO DE LA VIVIENDA,PR,Department of Housing for the Government of Puerto Rico,280000.00,,Housing,"No specific legislation -- housing issues relating to Puerto Rico, particularly HUD issues.",,2008-02-13T10:57:14.540000-05:00,280000.0,0.0
3aacb620-3b1b-44d2-a322-d96dcee9db94,2007,YY,,23521,THE PMA GROUP,VA,130472,NUVANT SYSTEMS INC,PR,,40000.00,,Defense,"H. 3222/S. 0000 Department of Defense Appropriations Act for FY2008, R&D",,2008-02-13T13:35:48.660000-05:00,40000.0,0.0
be8291a2-ccf8-4f5a-a055-c67c9e40bdc9,2007,YY,,313715,CAPITOL COUNSEL LLC,DC,184393,ASOCIACION DE HOSPITALES DE PUERTO RICO,PR,Representative of hospitals in Puerto Rico,20000.00,,Health Issues,"Medicare payments to hospitals.
H.R. 3162 Children's Health and Medicare Protection Act of 2007",,2008-02-13T14:58:09.327000-05:00,20000.0,0.0
fd94cebf-5bc1-45a0-9b1a-3d57f70484a0,2007,YTY,,4208,ARENTFOX SCHIFF LLP,DC,104158,GOVERNMENT DEVELOPMENT BANK FOR PUERTO RICO,PR,,,,,,,2008-02-13T16:32:12.500000-05:00,0.0,0.0
88b0b808-8d5e-42e9-ad61-672259673fb5,2007,YYY,,54197,QGA PUBLIC AFFAIRS (FORMERLY QUINN GILLESPIE & ASSOCIATES),DC,158682,CONSERVATION TRUST OF PUERTO RICO,PR,Protection and Enhancement of Natural Resources of Puerto Rico,,,,,,2008-02-13T20:11:33.420000-05:00,0.0,0.0
1b9eeefe-4569-4c6f-8adb-4e5378562ae0,2007,YY,,295350,MG GROUP,VA,179164,PUERTO RICO HOSPITAL ASSOCIATION,PR,,20000.00,,Medicare/Medicaid,"PPS Reimbursement Formula
DSH Payments",,2008-02-13T23:33:08.953000-05:00,20000.0,0.0
e58deb40-685e-4a53-be4e-1761525573a8,2007,YY,,41408,WILEY REIN LLP,DC,150958,PUERTO RICO TELEPHONE COMPANY,PR,Telecommunications,,,Telecommunications,Universal Service,,2008-02-14T10:29:57.330000-05:00,0.0,0.0
2b3151b7-a858-46e4-bd60-fe877d9bdc8b,2007,YY,,682,AKIN GUMP STRAUSS HAUER & FELD,DC,100772,INTER-AMERICAN UNIVERSITY OF PUERTO RICO,PR,,100000.00,,Education,Higher education issues,,2008-02-14T11:06:18-05:00,100000.0,0.0
cde76f14-0555-4f46-aa87-23646916d113,2007,YA,,8453,"CASSIDY & ASSOCIATES, INC.",DC,112307,CONSERVATION TRUST OF PUERTO RICO,PR,,80000.00,,Environment/Superfund|Real Estate/Land Use/Conservation,"Facilitate and advise related to communication and information sharing between the Administration and the Governor of Pu|Facilitate communication and information sharing between the Department of Interior and the Trust
Focus on transfer of L",,2008-02-14T15:32:51.157000-05:00,80000.0,0.0
63b888bc-18e3-4752-af12-470c8b91725f,2007,YYY,,32008,"POWERS PYLES SUTTER & VERVILLE, P.C.",DC,139495,SISTEMA UNIVERSITARIO ANA G MENDEZ,PR,,,,,,,2008-02-14T15:39:23.177000-05:00,0.0,0.0
addd14fb-0410-4c80-8e98-e19e74eac2dd,2007,YY,,290970,"POPULAR, INC.",PR,177725,POPULAR INC,PR,,,340000.00,Taxation/Internal Revenue Code|Banking|Financial Institutions/Investments/Securities,"Exemption from social security and unemployment taxes for residents of Puerto Rico for payments made under cafeteria pla|Reauthorization of 7A and 504 loan programs.|Monitored money service business issue, Bank Secrecy Act, and non-prime mortgages issue.",,2008-02-14T17:10:18.363000-05:00,0.0,340000.0
c8cce610-7766-4c99-af18-30ccc00b2089,2007,YY,,22198,"LASA, MONROIG & VEVE",DC,129014,MUNICIPALITY OF SALINAS,PR,,,,Transportation,"Appropriations related to lower income housing projects, tourism projects, transportation infrastructure and policing. F",,2008-02-14T18:40:25.643000-05:00,0.0,0.0
3cdbc737-15dd-4dca-982b-c598a8fc0e4c,2007,YY,,37232,SULLIVAN & CROMWELL LLP,DC,146158,"POPULAR, INC",PR,Commercial bank.,,,Banking,Issues and legislation affecting the financial services industry.,,2008-02-14T19:23:02.177000-05:00,0.0,0.0
41649a14-f819-4a54-88f7-e1f983db27a3,2007,YA,,72177,IBARRA STRATEGY GROUP,DC,165850,PUERTO RICO SENATE,PR,Puerto Rico Senate,60000.00,,Taxation/Internal Revenue Code|Economics/Economic Development|Medicare/Medicaid|Government Issues,"General tax legislation, Refundable Child Tax Credit, Puerto Rico Import Tax, Supplemental Security Income|Budget, Relevant Authorizing and Appropriations legislation|Medicaid and Medicare payments to Puerto Rico|Passage of HR 900 and S. 1936, the Puerto Rico Democracy Act of 2007",,2008-02-15T12:14:24.187000-05:00,60000.0,0.0
7454f85a-d5c9-4fe7-bad0-8f09e32777ca,2007,YY,,18444,HOLLAND & HART LLP,DC,124721,AMERICANS FOR DEMOCRACY,PR,,40000.00,,Government Issues,Monitor and support legislation for Puerto Rico self determination.,,2008-02-15T12:33:03-05:00,40000.0,0.0
f5fefb91-b55d-4aee-9491-7632ae85a0d8,2007,RA,,72177,IBARRA STRATEGY GROUP,DC,165850,PUERTO RICO SENATE,PR,Puerto Rico Senate,,,Taxation/Internal Revenue Code|Economics/Economic Development|Medicare/Medicaid|Government Issues,"Passage of HR 900 and S. 1936, the Puerto Rico Democracy Act of 2007; Budget, Relevant Authorizing and Appropriations le|Passage of HR 900 and S. 1936, the Puerto Rico Democracy Act of 2007; Budget, Relevant Authorizing and Appropriations le|Passage of HR 900 and S. 1936, the Puerto Rico Democracy Act of 2007; Budget, Relevant Authorizing and Appropriations le|Passage of HR 900 and S. 1936, the Puerto Rico Democracy Act of 2007; Budget, Relevant Authorizing and Appropriations le",,2008-02-15T12:52:01.563000-05:00,0.0,0.0
2624012c-6e3b-4f26-a7e4-eddff8df8b91,2008,RR,,40043343,MCCONNELL VALDES PLLC,DC,188470,BANCO POPULAR DE PUERTO RICO,PR,Bank,,,Taxation/Internal Revenue Code|Transportation,"Cafeteria Plan legislation
San Juan Street Car Project|Cafeteria Plan legislation
San Juan Street Car Project",,2008-03-27T17:51:05-04:00,0.0,0.0
13780a28-40d2-4148-b1dc-ac7bce3628cc,2008,RR,,40043343,MCCONNELL VALDES PLLC,DC,188466,MAYAGUEZ 2010,PR,Organizing Committee for 2010 Central-American Games,,,Sports/Athletics|Immigration|Homeland Security|Budget/Appropriations|Transportation|Health Issues|Foreign Relations,Federal support for Mayaguez 2010 Games|Federal support for Mayaguez 2010 Games|Federal support for Mayaguez 2010 Games|Federal support for Mayaguez 2010 Games|Federal support for Mayaguez 2010 Games,,2008-03-28T12:14:53-04:00,0.0,0.0
1b401d33-2445-400c-a3fc-a37608976249,2008,RR,,40043343,MCCONNELL VALDES PLLC,DC,188466,MAYAGUEZ 2010,PR,Organizing Committee for 2010 Central-American Games,,,Homeland Security|Transportation|Health Issues|Foreign Relations|Budget/Appropriations|Sports/Athletics|Immigration,Federal support for Mayaguez 2010 Games|Federal support for Mayaguez 2010 Games|Federal support for Mayaguez 2010 Games|Federal support for Mayaguez 2010 Games|Federal support for Mayaguez 2010 Games,,2008-03-28T17:50:17-04:00,0.0,0.0
0c3b55bc-3091-4402-8f9a-111bbe51b21d,2008,RR,,40043343,MCCONNELL VALDES PLLC,DC,188468,POLYTECHNIC UNIVERSITY OF PUERTO RICO,PR,University,,,Budget/Appropriations|Education,Appropriations and overall support for University initiatives before Federal Government.|Appropriations and overall support for University initiatives before Federal Government.,,2008-03-31T14:55:28-04:00,0.0,0.0
8029db57-961f-4a7d-94ce-5c83183eaf81,2008,RR,,40043343,MCCONNELL VALDES PLLC,DC,188472,PONTIFICAL CATHOLIC UNIVERSITY OF PUERTO RICO,PR,University,,,Budget/Appropriations|Education,Appropriations and overall support for University initiatives before Federal Government.|Appropriations and overall support for University initiatives before Federal Government.,,2008-03-31T15:01:30-04:00,0.0,0.0
d846e5b6-06bb-470e-b6bc-e5b7a6d9c99c,2008,Q1,,317355,JOSE FUENTES,DC,186008,MUNICIPALITY OF TOA BAJA,PR,,,,Budget/Appropriations,Appropriations for security camera system.,,2008-04-01T14:06:47-04:00,0.0,0.0
2a290e1a-5786-43a6-bf86-fa6f227d9481,2008,Q1,,317355,JOSE FUENTES,DC,186006,MUNICIPALITY OF BAYAMON,PR,,,,Defense|Real Estate/Land Use/Conservation,Process for acquiring surplus facilities under BRAC.|Authorization to exchange conservation and land use.,,2008-04-01T14:21:54-04:00,0.0,0.0
bd61beb6-aef6-4759-9ac5-6b118b7af273,2008,Q1,,12868,"DUTKO WORLDWIDE, LLC",DC,118198,AMERICANS FOR DEMOCRACY INC,PR,,80000.00,,Government Issues,Strategic and legislative assistance on issues related to Puerto Rican self determination. Tracking bill H.R.-900 for cl,,2008-04-03T12:05:17-04:00,80000.0,0.0
9afd327a-1ac6-496f-82ba-b1732a5e967f,2008,Q1,,7268,BROYDRICK & ASSOCIATES,DC,110356,MILWAUKEE METROPOLITAN SEWERAGE DISTRICT,PR,Municipality in Puerto Rico,13302.00,,Budget/Appropriations,Funding for inteceptor  sewage replacement and repair program on County grounds watershed initiative.,,2008-04-08T10:58:59-04:00,13302.0,0.0
2a8d0ca7-49b4-4e92-aa9d-c718b4411da6,2008,1A,,12868,"DUTKO WORLDWIDE, LLC",DC,118198,AMERICANS FOR DEMOCRACY INC,PR,,80000.00,,Government Issues,Strategic and legislative assistance on issues related to Puerto Rican self determination. Tracking bill H.R.-900 for cl,,2008-04-09T16:26:32-04:00,80000.0,0.0
1dfbb273-e01e-47fa-937f-4af816c8a512,2008,Q1Y,,8453,"CASSIDY & ASSOCIATES, INC.",DC,112307,CONSERVATION TRUST OF PUERTO RICO,PR,,,,,,,2008-04-11T15:06:21-04:00,0.0,0.0
c34ec023-e98f-4a8a-a793-be76665624c6,2008,Q1,,18444,HOLLAND & HART LLP,DC,124721,AMERICANS FOR DEMOCRACY,PR,,15000.00,,Government Issues,Monitor and support legislation for Puerto Rico self determination.,,2008-04-14T10:16:10-04:00,15000.0,0.0
f3a68c05-88ad-4240-82c1-387f5bf877cb,2008,Q1,,288715,MCPHERSON GROUP LLP,DC,177234,DEPARTMENTO DE LA VIVIENDA,PR,Department of Housing for the Government of Puerto Rico,70000.00,,Housing,"No specific legislation -- housing issues relating to Puerto Rico, particularly HUD issues.",,2008-04-15T10:43:32-04:00,70000.0,0.0
a60c6925-42b5-4698-a783-e11e75deaa8b,2008,Q1,,40043343,MCCONNELL VALDES PLLC,DC,188470,BANCO POPULAR DE PUERTO RICO,PR,Bank,,,Transportation|Taxation/Internal Revenue Code,"Lobby key Member's of the U.S. House of Representatives in support of the proposed ""San Juan Streetcar"" lightrail system|HR 2238 and S.2373, to ammend the Internal Revenue Code of 1986 to provide for residents of Puerto Rico who participate ",,2008-04-16T14:14:07-04:00,0.0,0.0
3fe8e8e2-f70a-49d3-a9c6-dcd8a2d28a40,2008,Q1,,40043343,MCCONNELL VALDES PLLC,DC,188472,PONTIFICAL CATHOLIC UNIVERSITY OF PUERTO RICO,PR,University,,,Transportation|Budget/Appropriations,"Lobby key Member's of the U.S. House of Representatives in support of the proposed ""San Juan Streetcar"" lightrail system|Lobby key Members of the U.S. House of Representatives and U.S. Department of Education to secure a Congressional earmar",,2008-04-16T16:48:19-04:00,0.0,0.0
a267bd01-c824-4d1c-8bf1-8f2b645da5b2,2008,Q1,,33795,THE ROTH GROUP,VA,142128,MUNICIPALITY OF PONCE,PR,,80000.00,,Transportation|Budget/Appropriations,"Monitored and worked on Port security issues, maritime issues, homeland security issues regarding Port, economic develop|FY 09 appropriations -- advocate for Portugues and Bucana Rivers project, funding regarding Autism Center, Interoperable",,2008-04-16T23:44:52-04:00,80000.0,0.0
18746ffe-be19-4bd8-b34e-32ea4108ffca,2008,RR,,400275288,ROBERT GARCIA ASSOCIATES,VA,188782,PUERTO RICO SENATE,PR,Legislative.,,,Urban Development/Municipalities|Civil Rights/Civil Liberties|Medicare/Medicaid|Government Issues,Keep President of Puerto Rican Senate informed of what is taking place in U.S. Congress.|Keep President of Puerto Rican Senate informed of what is taking place in U.S. Congress.|Keep President of Puerto Rican Senate informed of what is taking place in U.S. Congress.|Keep President of Puerto Rican Senate informed of what is taking place in U.S. Congress.,,2008-04-17T12:10:20-04:00,0.0,0.0
30e225f8-ea1a-4bc8-98c2-2c4c2f643922,2008,Q1,,23521,THE PMA GROUP,VA,130472,NUVANT SYSTEMS INC,PR,,20000.00,,Defense,"H.0000/S.0000 Department of Defense Appropriations Act for FY2009, R&D
H.0000/S.0000 Energy and Water Appropriation Bill",,2008-04-17T14:10:47-04:00,20000.0,0.0
26b7f377-d220-463f-a48e-c16f403b4888,2008,Q1,,40043343,MCCONNELL VALDES PLLC,DC,188466,MAYAGUEZ 2010,PR,Organizing Committee for 2010 Central-American Games,,,Budget/Appropriations|Immigration,"Lobby key Members of Congress and federal agencies for projects related to the 2010 Central-American and Caribbean Games|Met with officials of the Departments of State, Homeland Security, Health and Human Services and the White House to disc",,2008-04-18T09:15:37-04:00,0.0,0.0
0b77c5f5-2ca3-492b-9e4c-48058382e6e1,2008,Q1Y,,41408,WILEY REIN LLP,DC,150958,PUERTO RICO TELEPHONE COMPANY,PR,Telecommunications,,,,,,2008-04-18T13:40:42-04:00,0.0,0.0
f596d0bb-7e62-41e3-9950-3960a4f19039,2008,Q1Y,,12540,DOW LOHNES PLLC,DC,117235,ANA G MENDEZ UNIVERSITY SYSTEM,PR,University,,,,,,2008-04-18T14:22:37-04:00,0.0,0.0
f1d979bb-a7a2-43c8-9a79-1b39f34a5ec4,2008,Q1,,22198,"LASA, MONROIG & VEVE",DC,129014,MUNICIPALITY OF SALINAS,PR,,,,Education,"Infrastructure development, communities programs development, housing development and industries development.",,2008-04-18T17:31:12-04:00,0.0,0.0
665be9d4-cd96-43f4-8952-762e915a0bfc,2008,Q1,,72177,IBARRA STRATEGY GROUP,DC,165850,PUERTO RICO SENATE,PR,Puerto Rico Senate,20000.00,,Economics/Economic Development|Government Issues|Taxation/Internal Revenue Code|Medicare/Medicaid,"Budget, Relevant Authorizing and Appropriations legislation|Passage of HR 900 and S. 1936, the Puerto Rico Democracy Act of 2007|General tax legislation, Refundable Child Tax Credit, Puerto Rico Import Tax, Supplemental Security Income|Medicaid and Medicare payments to Puerto Rico",,2008-04-18T18:11:59-04:00,20000.0,0.0
bc222a0a-4240-4f1c-9b94-a0dc3ee7879e,2008,Q1,,295350,MG GROUP,VA,179164,PUERTO RICO HOSPITAL ASSOCIATION,PR,,12000.00,,Medicare/Medicaid,"PPS Reimbursement Formula
DSH Payments",,2008-04-20T21:12:09-04:00,12000.0,0.0
df741fe6-d11f-4e45-a955-53474b8a9ecb,2008,RR,,15042,FOLEY & LARDNER LLP,DC,120671,PUERTO RICO DEPARTMENT OF LABOR AND HUMAN RESOURCES,PR,Government Labor and Human Resources Department,,,Budget/Appropriations|Health Issues|Labor Issues/Antitrust/Workplace,"Issues regarding Federal labor legislation, various appropriations, and legislation concerning health care and health ca|Issues regarding Federal labor legislation, various appropriations, and legislation concerning health care and health ca|Issues regarding Federal labor legislation, various appropriations, and legislation concerning health care and health ca",,2008-04-21T10:02:03-04:00,0.0,0.0
91405aec-4bf9-4d80-81fa-fc65b4cadd0d,2008,Q1Y,,32008,"POWERS PYLES SUTTER & VERVILLE, P.C.",DC,139495,SISTEMA UNIVERSITARIO ANA G MENDEZ,PR,,,,,,,2008-04-21T10:08:22-04:00,0.0,0.0
b78b4d45-d4f5-4b59-855e-02cc4d217558,2008,Q1,,682,AKIN GUMP STRAUSS HAUER & FELD,DC,100772,INTER-AMERICAN UNIVERSITY OF PUERTO RICO,PR,,10000.00,,Education,Higher education issues,,2008-04-21T11:01:45-04:00,10000.0,0.0
7425914c-e115-4449-b977-0722455b4463,2008,Q1,,400275288,ROBERT GARCIA ASSOCIATES,VA,188782,PUERTO RICO SENATE,PR,Legislative.,10000.00,,Government Issues,Set up meetings for President of Senate with members of Congress.,,2008-04-21T14:45:32-04:00,10000.0,0.0
cf387cd3-039a-46e5-b053-34b8dc689bfe,2008,1TY,,54197,QGA PUBLIC AFFAIRS (FORMERLY QUINN GILLESPIE & ASSOCIATES),DC,158682,CONSERVATION TRUST OF PUERTO RICO,PR,Protection and Enhancement of Natural Resources of Puerto Rico,,,,,,2008-04-21T16:54:23-04:00,0.0,0.0
42bf3884-e98e-429a-9c70-0c467cb0c6b7,2008,Q1,,313715,CAPITOL COUNSEL LLC,DC,184393,ASOCIACION DE HOSPITALES DE PUERTO RICO,PR,Representative of hospitals in Puerto Rico,,,Health Issues,Medicare payments to hospitals; H.R. 3162 Children's Health and Medicare Protection Act of 2007,,2008-04-21T17:43:10-04:00,0.0,0.0
73e71846-b648-4e5a-bb03-edf213e92cde,2008,Q1,,290970,"POPULAR, INC.",PR,177725,POPULAR INC,PR,,,130000.00,Banking|Taxation/Internal Revenue Code|Financial Institutions/Investments/Securities|Transportation,"Reauthorization of 7A and 504 loan programs.|Exemption from social security and unemployment taxes for residents of Puerto Rico for payments made under cafeteria pla|Monitored money service business issue, Bank Secrecy Act, and non-prime mortgages issue.|Development of light rail system for Old San Juan.",,2008-04-21T18:04:27-04:00,0.0,130000.0
80159f26-858a-486d-86d6-825fdbe5ee59,2008,Q1Y,,37232,SULLIVAN & CROMWELL LLP,DC,146158,"POPULAR, INC",PR,Commercial bank.,,,,,,2008-04-21T19:07:44-04:00,0.0,0.0
60d42b11-6366-4f2d-a54f-65fb6b8e8e18,2008,Q1Y,,295270,MORGAN CASNER ASSOCIATES,DC,179140,"SENATE OF PUERTO RICO, FEDERAL AFFAIRS COMMITTEE",PR,,,,,,,2008-04-30T17:59:01-04:00,0.0,0.0
929e95d0-9cf2-4e7b-935f-006d3d7b5755,2007,YYY,,295270,MORGAN CASNER ASSOCIATES,DC,179140,"SENATE OF PUERTO RICO, FEDERAL AFFAIRS COMMITTEE",PR,,,,,,,2008-04-30T18:52:06-04:00,0.0,0.0
6bb306ce-bded-46d3-b1c3-244b057ca7de,2008,1A,,12868,"DUTKO WORLDWIDE, LLC",DC,118198,AMERICANS FOR DEMOCRACY INC,PR,,80000.00,,Government Issues,Strategic and legislative assistance on issues related to Puerto Rican self determination. Tracking bill H.R.-900 for cl,,2008-05-28T12:18:39-04:00,80000.0,0.0
d02de383-b91d-4e15-9deb-b5522a7c5b8a,2008,Q2,,33795,THE ROTH GROUP,VA,142128,MUNICIPALITY OF PONCE,PR,,80000.00,,Agriculture|Transportation|Budget/Appropriations|Health Issues,"H.R. 6124 Farm bill legislation  rural language regarding Puerto Rico|Monitored and worked on Port security issues, maritime issues, homeland security issues regarding Port, economic develop|FY 09 Energy and Water appropriations, FY 09 Labor HHS appropriations
Portugues and Bucana Rivers project funding, fundi|S. 2950 A bill to increase housing, awareness, and navigation demonstration services (HANDS) for individuals with autism",,2008-07-03T11:56:23-04:00,80000.0,0.0
9408bd9e-dc9c-4fa1-bdbc-781e8932264e,2008,Q2,,317355,JOSE FUENTES,DC,186006,MUNICIPALITY OF BAYAMON,PR,,,,Defense|Real Estate/Land Use/Conservation,Process for acquiring surplus facilities under BRAC.|Authorization to exchange conservation and land use.,,2008-07-07T14:00:26-04:00,0.0,0.0
4863aea6-e149-4add-a09e-46e2cdebe4c1,2008,Q2,,317355,JOSE FUENTES,DC,186008,MUNICIPALITY OF TOA BAJA,PR,,,,Budget/Appropriations,Appropriations for security camera system.,,2008-07-07T14:12:31-04:00,0.0,0.0
b1d80cda-54d1-410e-8c6e-b088a81a9983,2008,Q2,,288715,MCPHERSON GROUP LLP,DC,177234,DEPARTMENTO DE LA VIVIENDA,PR,Department of Housing for the Government of Puerto Rico,70000.00,,Housing,"No specific legislation -- housing issues relating to Puerto Rico, particularly HUD issues.",,2008-07-07T14:17:33-04:00,70000.0,0.0
f19878b9-8b12-4bad-812c-88c1c7b8c967,2008,Q2,,12868,"DUTKO WORLDWIDE, LLC",DC,118198,AMERICANS FOR DEMOCRACY INC,PR,,80000.00,,Government Issues,Strategic and legislative assistance on issues related to Puerto Rican self determination. Tracking bill H.R.-900 for cl,,2008-07-08T11:22:37-04:00,80000.0,0.0
cf167e16-c4eb-4670-9a65-ba5f0b9e9836,2008,Q2,,7268,BROYDRICK & ASSOCIATES,DC,110356,MILWAUKEE METROPOLITAN SEWERAGE DISTRICT,PR,Municipality in Puerto Rico,13395.00,,Budget/Appropriations,Funding for inteceptor  sewage replacement and repair program on County grounds watershed initiative.,,2008-07-14T11:31:37-04:00,13395.0,0.0
f9f7738a-4e06-4cef-be37-b6f3e1ad6b7d,2008,Q2Y,,32008,"POWERS PYLES SUTTER & VERVILLE, P.C.",DC,139495,SISTEMA UNIVERSITARIO ANA G MENDEZ,PR,,,,,,,2008-07-14T12:46:14-04:00,0.0,0.0
4364c419-0bb6-4eec-b092-fe287cb8dbcb,2008,Q2,,23521,THE PMA GROUP,VA,130472,NUVANT SYSTEMS INC,PR,,20000.00,,Defense,"H.0000/S.0000 Department of Defense Appropriations Act for FY2009, R&D
H.0000/S.0000 Energy and Water Appropriation Bill",,2008-07-16T10:24:15-04:00,20000.0,0.0
2aad4823-5fe0-438d-870b-9a5f2804a850,2008,Q2Y,,8453,"CASSIDY & ASSOCIATES, INC.",DC,112307,CONSERVATION TRUST OF PUERTO RICO,PR,,,,,,,2008-07-16T17:46:19-04:00,0.0,0.0
94894780-7e46-4e3e-a83b-9288983491e3,2008,RR,,40043343,MCCONNELL VALDES PLLC,DC,188469,EDUK GROUP,PR,Higher Education,,,Education,Support for University initiatives before Federal Government.,,2008-07-18T14:06:25-04:00,0.0,0.0
4c71144f-2025-4f14-b656-89b5ace0d7fa,2008,2A,,8453,"CASSIDY & ASSOCIATES, INC.",DC,112307,CONSERVATION TRUST OF PUERTO RICO,PR,,30000.00,,Taxation/Internal Revenue Code|Budget/Appropriations,Keeping track of Environmental and Conservation Budget and Appropriations Issues being discussed on Capitol Hill and the|Keeping track of Environmental and Conservation Budget and Appropriations Issues being discussed on Capitol Hill and the,,2008-07-18T15:56:27-04:00,30000.0,0.0
9cedb717-3302-46e0-bbb8-581b2d68284e,2008,2A,,8453,"CASSIDY & ASSOCIATES, INC.",DC,112307,CONSERVATION TRUST OF PUERTO RICO,PR,,40000.00,,Taxation/Internal Revenue Code|Budget/Appropriations,Keeping track of Environmental and Conservation Budget and Appropriations Issues being discussed on Capitol Hill and the|Keeping track of Environmental and Conservation Budget and Appropriations Issues being discussed on Capitol Hill and the,,2008-07-18T15:59:41-04:00,40000.0,0.0
ede9680e-2940-4ba6-a7ff-a5afc9ee38c3,2008,Q2,,40043343,MCCONNELL VALDES PLLC,DC,188470,BANCO POPULAR DE PUERTO RICO,PR,Bank,10000.00,,Taxation/Internal Revenue Code,"HR 2238 and S. 2373, to amend the Internal Revenue Code of 1986 to provide for residents of Puerto Rico who participate ",,2008-07-18T16:14:23-04:00,10000.0,0.0
a8b4c28b-da45-4746-bf4e-865dd9761fbe,2008,Q2,,40043343,MCCONNELL VALDES PLLC,DC,188466,MAYAGUEZ 2010,PR,Organizing Committee for 2010 Central-American Games,,,Budget/Appropriations|Immigration,"Lobby key Members of Congress and federal agencies for projects related to the 2010 Central-American and Caribbean Games|Met with officials of the Department of State, Homeland Security, Health and Human Services and the White House to discu",,2008-07-18T16:52:23-04:00,0.0,0.0
dbff78bb-768b-47cc-9050-216047e3ef92,2008,Q2,,72177,IBARRA STRATEGY GROUP,DC,165850,PUERTO RICO SENATE,PR,Puerto Rico Senate,20000.00,,Medicare/Medicaid|Government Issues|Economics/Economic Development|Taxation/Internal Revenue Code,"Medicaid  and Medicare payments to Puerto Rico|Passage of HR 900 and S. 1936, the Puerto Rico Democracy Act|Budget, Relevant Authorizing and Appropriations legislation|General tax legislation, Refundable Child Tax Credit, Puerto Rico Import Tax",,2008-07-18T16:52:53-04:00,20000.0,0.0
cbb02fd6-4e6e-4d11-846d-683c0bb6474a,2008,Q2,,40043343,MCCONNELL VALDES PLLC,DC,188468,POLYTECHNIC UNIVERSITY OF PUERTO RICO,PR,University,10000.00,,Budget/Appropriations,Lobby key Members of the U.S. House of Representatives and U.S. Depatment of Education to secure a Congressional earmark,,2008-07-18T17:10:31-04:00,10000.0,0.0
59edb014-9d1e-40a7-ab3f-ca55c057e615,2008,Q2,,15042,FOLEY & LARDNER LLP,DC,120671,PUERTO RICO DEPARTMENT OF LABOR AND HUMAN RESOURCES,PR,Government Labor and Human Resources Department,40000.00,,Health Issues|Budget/Appropriations|Labor Issues/Antitrust/Workplace,"Issues regarding labor legislation, various appropriations, and legislation concerning health care and health care reimb|Issues regarding labor legislation, various appropriations, and legislation concerning health care and health care reimb|Issues regarding labor legislation, various appropriations, and legislation concerning health care and health care reimb",,2008-07-18T18:57:18-04:00,40000.0,0.0
713b9628-c684-4753-8a21-3f46fa1829d4,2008,Q2,,682,AKIN GUMP STRAUSS HAUER & FELD,DC,100772,INTER-AMERICAN UNIVERSITY OF PUERTO RICO,PR,,90000.00,,Education,Higher education issues,,2008-07-19T19:57:55-04:00,90000.0,0.0
89d648b0-7f70-44f8-af99-3e7c9f9c99e8,2008,Q2,,295350,MG GROUP,VA,179164,PUERTO RICO HOSPITAL ASSOCIATION,PR,,12000.00,,Medicare/Medicaid,"PPS Reimbursement Formula
DSH Payments",,2008-07-21T00:31:53-04:00,12000.0,0.0
0ee4a3a2-a06c-475b-b61c-066fda2a2f24,2008,Q2,,40043343,MCCONNELL VALDES PLLC,DC,188469,EDUK GROUP,PR,Higher Education,10000.00,,Budget/Appropriations,Lobby key Members of the U.S. House of Representatives and U.S. Depatment of Education to secure a Congressional earmark,,2008-07-21T09:16:46-04:00,10000.0,0.0
d4cb73ed-7fca-4447-823a-7e406f4671fc,2008,2A,,40043343,MCCONNELL VALDES PLLC,DC,188472,PONTIFICAL CATHOLIC UNIVERSITY OF PUERTO RICO,PR,University,20000.00,,Budget/Appropriations,Lobby key Members of the House of Representatives and U.S. Department of Education to secure a Congressional earmark for,,2008-07-21T11:03:11-04:00,20000.0,0.0
c2a447fb-aff5-4f2e-9056-e4a26277c1ff,2008,2A,,40043343,MCCONNELL VALDES PLLC,DC,188470,BANCO POPULAR DE PUERTO RICO,PR,Bank,10000.00,,Taxation/Internal Revenue Code|Transportation,"HR 2238 and S. 2373, to amend the Internal Revenue Code of 1986 to provide for residents of Puerto Rico who participate |Lobby key Members of the U.S. House of Representatives in support of the proposed ""San Juan Streetcar"" lightrail system ",,2008-07-21T12:01:05-04:00,10000.0,0.0
f4f50638-b66f-47ee-b792-efab0e3ca17f,2008,Q2,,313715,CAPITOL COUNSEL LLC,DC,184393,ASOCIACION DE HOSPITALES DE PUERTO RICO,PR,Representative of hospitals in Puerto Rico,30000.00,,Health Issues,Medicare payments to hospitals; H.R. 3162 Children's Health and Medicare Protection Act of 2007,,2008-07-21T12:05:32-04:00,30000.0,0.0
ca86555d-9af6-45c0-86fd-622939d4df26,2008,Q2Y,,12540,DOW LOHNES PLLC,DC,117235,ANA G MENDEZ UNIVERSITY SYSTEM,PR,University,,,,,,2008-07-21T14:56:57-04:00,0.0,0.0
cc0a0808-9b91-4422-a891-387a1a6157f2,2008,Q2,,41408,WILEY REIN LLP,DC,150958,PUERTO RICO TELEPHONE COMPANY,PR,Telecommunications,60000.00,,Communications/Broadcasting/Radio/TV,USF Insular Fund,,2008-07-21T15:35:20-04:00,60000.0,0.0
4b30673c-4c09-4e50-bb92-13cad51c6c07,2008,Q2,,290970,"POPULAR, INC.",PR,177725,POPULAR INC,PR,,,110000.00,Transportation|Taxation/Internal Revenue Code|Financial Institutions/Investments/Securities|Banking,"Development of light rail system for Old San Juan.|Exemption from social security and unemployment taxes for residents of Puerto Rico for payments made under cafeteria pla|Monitored money service business, Bank Secrecy Act, non-prime mortgages, arbitration, and credit card issues.|Reauthorization of 7A and 504 loan programs.",,2008-07-21T16:11:31-04:00,0.0,110000.0
015e4575-712d-4707-884a-31d5e192ebdc,2008,Q2,,22198,"LASA, MONROIG & VEVE",DC,129014,MUNICIPALITY OF SALINAS,PR,,,,Economics/Economic Development,"Research on federal grant for infrastructure development, housing development, industrial development, and security deve",,2008-07-21T17:04:20-04:00,0.0,0.0
e2489429-dde8-405b-9242-5ad6b42920b5,2008,Q2,,37232,SULLIVAN & CROMWELL LLP,DC,146158,"POPULAR, INC",PR,Commercial bank.,,,Banking,Issues and legislation affecting the financial services industry.,,2008-07-21T18:48:54-04:00,0.0,0.0
75549409-3285-42dc-8b79-74671bc924d8,2008,RR,,22198,"LASA, MONROIG & VEVE",DC,129020,EL SENADO DE PUERTO RICO,PR,Is a Legislative House (upper) of the Commonwealth of Puerto Rico with legislative powers,,,Veterans|Health Issues|Civil Rights/Civil Liberties|Urban Development/Municipalities|Taxation/Internal Revenue Code|Economics/Economic Development|Government Issues,"Assure the Commonwealth of Puerto Rico compliance with federal laws, rules, regulations, programs and requirements throu|Assure the Commonwealth of Puerto Rico compliance with federal laws, rules, regulations, programs and requirements throu|Assure the Commonwealth of Puerto Rico compliance with federal laws, rules, regulations, programs and requirements throu|Assure the Commonwealth of Puerto Rico compliance with federal laws, rules, regulations, programs and requirements throu|Assure the Commonwealth of Puerto Rico compliance with federal laws, rules, regulations, programs and requirements throu",,2008-07-22T12:20:43-04:00,0.0,0.0
14c4ac05-5fa5-42bf-867f-a2e06d4dd9f7,2008,Q2,,22198,"LASA, MONROIG & VEVE",DC,129020,EL SENADO DE PUERTO RICO,PR,Is a Legislative House (upper) of the Commonwealth of Puerto Rico with legislative powers,10000.00,,Veterans,Research federal programs for veterans.,,2008-07-24T10:18:44-04:00,10000.0,0.0
254106c5-ac5f-4ec4-a7aa-f135003cacc2,2008,Q1Y,,295270,MORGAN CASNER ASSOCIATES,DC,179140,"SENATE OF PUERTO RICO, FEDERAL AFFAIRS COMMITTEE",PR,,,,,,,2008-08-11T15:11:11-04:00,0.0,0.0
a16ed54c-d1d6-4a34-95a4-2f8d1d38c798,2008,Q3,,12868,"DUTKO WORLDWIDE, LLC",DC,118198,AMERICANS FOR DEMOCRACY INC,PR,,80000.00,,Government Issues,Strategic and legislative assistance on issues related to Puerto Rican self determination. Tracking bill H.R.-900 for cl,,2008-10-06T08:02:16-04:00,80000.0,0.0
ce1fc4b6-6c39-4b0b-b0ba-63c93146f29d,2008,Q3,,40043343,MCCONNELL VALDES PLLC,DC,188466,MAYAGUEZ 2010,PR,Organizing Committee for 2010 Central-American Games,,,Budget/Appropriations|Immigration,"Lobby key Members of Congress and federal agencies for projects related to the 2010 Central-American and Caribbean Games|Met with officials of the Departments of State, Homeland Security, Health and Human Services and the White House to disc",,2008-10-07T10:53:19-04:00,0.0,0.0
ff86b4ba-ca30-49a4-8fab-987be7a52ce2,2008,3A,,40043343,MCCONNELL VALDES PLLC,DC,188472,PONTIFICAL CATHOLIC UNIVERSITY OF PUERTO RICO,PR,University,20000.00,,Budget/Appropriations|Education,Lobby key Members of the House of Representatives to secure a Congressional earmark for PUCPR's new Biotechnology Comple|Lobby key Members of Congress and U.S. Department of Education on issues related to PUCPR's FY 2009 Title V grant applic,,2008-10-07T11:12:26-04:00,20000.0,0.0
70883271-59a5-45c4-91c2-f0ec8576d50e,2008,Q3,,40043343,MCCONNELL VALDES PLLC,DC,188468,POLYTECHNIC UNIVERSITY OF PUERTO RICO,PR,University,10000.00,,Budget/Appropriations|Education,Lobby key Members of the House of Representatives to secure a Congressional earmark for PUCPR's new Biotechnology Comple|Lobby key Members of Congress and U.S. Department of Education on issues related to PUCPR's FY 2009 Title V grant applic,,2008-10-07T11:19:29-04:00,10000.0,0.0
823f03e8-b32b-4a90-9f6b-d83a33fd7bd5,2008,3A,,40043343,MCCONNELL VALDES PLLC,DC,188470,BANCO POPULAR DE PUERTO RICO,PR,Bank,10000.00,,Transportation|Taxation/Internal Revenue Code,"Lobby key Members of the U.S. House of Representatives in support of the proposed ""San Juan Streetcar"" lightrail system |H.R. and S. 2373, to amend the Internal Revenue Code of 1986 to provide for residents of Puerto Rico who participate in ",,2008-10-07T11:32:36-04:00,10000.0,0.0
5289238c-aafa-4747-865e-4004314d1fea,2008,Q3,,40043343,MCCONNELL VALDES PLLC,DC,188469,EDUK GROUP,PR,Higher Education,20000.00,,Education,Lobby key Members of the U.S. House of Representatives and U. S. Department of Education for inclusion of Rule 90/10 pro,,2008-10-07T14:40:18-04:00,20000.0,0.0
7cec422d-1c6a-4c09-bfc7-05572bb88f6c,2008,RR,,40043343,MCCONNELL VALDES PLLC,DC,188475,CITY OF MAYAGUEZ,PR,Municipal Government,,,Budget/Appropriations|Government Issues,Lobby key Members of the U.S. House of Representatives and the Federal Executive branch on issues related to the Mayague|Lobby key Members of the U.S. House of Representatives and the Federal Executive branch on issues related to the Mayague,,2008-10-07T15:49:52-04:00,0.0,0.0
3f4fa96a-af3d-44cc-b058-ff3cb1214059,2008,RR,,40043343,MCCONNELL VALDES PLLC,DC,188473,SUPERINTENDENT OF THE CAPITOL,PR,Superintendent of State Capitol,,,Homeland Security|Budget/Appropriations,"Lobby key Membrs of U.S. House of Representatives and Federal Executive branch on issues related to the restoration, rem|Lobby key Membrs of U.S. House of Representatives and Federal Executive branch on issues related to the restoration, rem",,2008-10-07T16:03:58-04:00,0.0,0.0
4266e5c7-3bcd-4cd3-a86d-4385fe722fb6,2008,3TY,,317355,JOSE FUENTES,DC,186008,MUNICIPALITY OF TOA BAJA,PR,,,,,,,2008-10-10T10:19:54-04:00,0.0,0.0
903efa99-1486-48ae-ad5a-d5c647150cf6,2008,Q3,,33795,THE ROTH GROUP,VA,142128,MUNICIPALITY OF PONCE,PR,,80000.00,,Transportation|Budget/Appropriations,"Monitored and worked on Port security issues, maritime issues, homeland security issues regarding Port, economic develop|FY 09 Energy and Water appropriations, FY 09 Labor HHS appropriations
Portugues and Bucana Rivers project funding, fundi",,2008-10-10T12:22:20-04:00,80000.0,0.0
aae8cf88-7192-4b8c-abac-d795120b64a6,2008,Q3,,40043343,MCCONNELL VALDES PLLC,DC,188473,SUPERINTENDENT OF THE CAPITOL,PR,Superintendent of State Capitol,,,Budget/Appropriations|Homeland Security,"Lobby key Members of the U.S. House of Representatives on issues relalted to the restoration, remodeling, and increase s|Lobby key members of the Federal Executive branch on issues related to the restoration, remodeling, and increase securit",,2008-10-14T12:46:15-04:00,0.0,0.0
52321b8c-2054-4455-9639-f58b3ba9a4b7,2008,Q3,,40043343,MCCONNELL VALDES PLLC,DC,188475,CITY OF MAYAGUEZ,PR,Municipal Government,,,Budget/Appropriations|Government Issues,Lobby key Members of the U.S. House of Representatives on issues relalted to the Mayaguez 2010 Central-American and Cari|Lobby key members of the Federal Executive branch on issues related to Mayaguez 2010 Central-american and Caribbean Game,,2008-10-14T12:54:23-04:00,0.0,0.0
6daa5829-b649-4501-9021-c0029ec8a79c,2008,Q3,,288715,MCPHERSON GROUP LLP,DC,177234,DEPARTMENTO DE LA VIVIENDA,PR,Department of Housing for the Government of Puerto Rico,40000.00,,Housing,"No specific legislation -- housing issues relating to Puerto Rico, particularly HUD issues.",,2008-10-15T09:45:02-04:00,40000.0,0.0
96605abd-f206-4a23-9c6b-5310910a4284,2008,Q3Y,,317355,JOSE FUENTES,DC,186006,MUNICIPALITY OF BAYAMON,PR,,,,,,,2008-10-15T11:35:16-04:00,0.0,0.0
bd8e8f7b-ce26-4fc7-85b5-065c7438ade6,2008,Q3,,7268,BROYDRICK & ASSOCIATES,DC,110356,MILWAUKEE METROPOLITAN SEWERAGE DISTRICT,PR,Municipality in Puerto Rico,26606.00,,Budget/Appropriations,Funding for inteceptor  sewage replacement and repair program on County grounds watershed initiative.,,2008-10-15T13:16:06-04:00,26606.0,0.0
4cc46549-952e-4670-895c-0068d5f7176f,2008,Q3,,23521,THE PMA GROUP,VA,130472,NUVANT SYSTEMS INC,PR,,20000.00,,Defense,"HR 2638 - Consolidated Security, Disaster Assistance, and Continuing Appropriations Act for FY2009, R&D
H.0000/S.3258 En",,2008-10-17T08:29:08-04:00,20000.0,0.0
2e94a963-5a67-45e2-8294-62272e443728,2008,Q3,,8453,"CASSIDY & ASSOCIATES, INC.",DC,112307,CONSERVATION TRUST OF PUERTO RICO,PR,,40000.00,,Environment/Superfund|Taxation/Internal Revenue Code|Budget/Appropriations,Monitor environmental and conservation issues being discussed on Capitol Hill and teh Executive Agencies that affect the|Keeping track of Environmental and Conservation Budget and Appropriations Issues being discussed on Capitol Hill and the|Keeping track of Environmental and Conservation Budget and Appropriations Issues being discussed on Capitol Hill and the,,2008-10-17T12:05:40-04:00,40000.0,0.0
287184ef-6467-44e6-901f-abfe970c2ac5,2008,3T,,313715,CAPITOL COUNSEL LLC,DC,184393,ASOCIACION DE HOSPITALES DE PUERTO RICO,PR,Representative of hospitals in Puerto Rico,,,Health Issues,Medicare payments to hospitals; H.R. 3162 Children's Health and Medicare Protection Act of 2007,,2008-10-17T15:40:07-04:00,0.0,0.0
639e41b7-cd37-4646-862b-ad10e0f44535,2008,Q3Y,,12540,DOW LOHNES PLLC,DC,117235,ANA G MENDEZ UNIVERSITY SYSTEM,PR,University,,,,,,2008-10-17T17:01:55-04:00,0.0,0.0
9f9bebd6-97fa-4b89-b472-07249a741984,2008,Q3,,682,AKIN GUMP STRAUSS HAUER & FELD,DC,100772,INTER-AMERICAN UNIVERSITY OF PUERTO RICO,PR,,90000.00,,Education,Higher education issues,,2008-10-19T16:36:39-04:00,90000.0,0.0
e998d1f1-a18f-4389-82d0-e87ac5f2535b,2008,Q3,,295350,MG GROUP,VA,179164,PUERTO RICO HOSPITAL ASSOCIATION,PR,,12000.00,,Medicare/Medicaid,"PPS Reimbursement formula
DSH Payments",,2008-10-20T09:33:01-04:00,12000.0,0.0
814cd2b0-8dd5-4ef6-8f00-61d42fd42c9f,2008,Q3,,41408,WILEY REIN LLP,DC,150958,PUERTO RICO TELEPHONE COMPANY,PR,Telecommunications,,,Communications/Broadcasting/Radio/TV,USF Insular Fund.,,2008-10-20T13:41:30-04:00,0.0,0.0
c8be6539-902b-4f20-be79-f29450634021,2008,Q3Y,,32008,"POWERS PYLES SUTTER & VERVILLE, P.C.",DC,139495,SISTEMA UNIVERSITARIO ANA G MENDEZ,PR,,,,,,,2008-10-20T14:07:45-04:00,0.0,0.0
9f45396f-8323-48b2-93b2-db1b436678e3,2008,Q3,,290970,"POPULAR, INC.",PR,177725,POPULAR INC,PR,,,110000.00,Banking|Financial Institutions/Investments/Securities|Transportation|Taxation/Internal Revenue Code,"Reauthorization of 7A and 504 loan programs.|Monitored money service business, Bank Secrecy Act, non-prime mortgages, arbitration, credit card issues, and H.R.1424.|Development of light rail system for Old San Juan.|Exemption from social security and unemployment taxes for residents of Puerto Rico for payments made under cafeteria pla",,2008-10-20T14:14:37-04:00,0.0,110000.0
e16c7ec2-eb2b-4efc-80d9-de754d324f1a,2008,Q3,,72177,IBARRA STRATEGY GROUP,DC,165850,PUERTO RICO SENATE,PR,Puerto Rico Senate,20000.00,,Taxation/Internal Revenue Code|Medicare/Medicaid|Government Issues|Economics/Economic Development,"General tax legislation, refundable Child Tax Credit, Puerto Rico Import Tax|Medicaid and Medicare payments to Puerto Rico|Passage of HR 900 and S. 1936, the Puerto Rico Democracy Act|Budget, Relevant Authorizing and Appropriations legislation",,2008-10-20T14:34:21-04:00,20000.0,0.0
43be7e3b-d7c7-4777-b155-7b5ee2f98c82,2008,Q3,,15042,FOLEY & LARDNER LLP,DC,120671,PUERTO RICO DEPARTMENT OF LABOR AND HUMAN RESOURCES,PR,Government Labor and Human Resources Department,40000.00,,Health Issues|Budget/Appropriations|Labor Issues/Antitrust/Workplace,"Issues regarding labor legislation, various appropriations, and legislation concerning health care and health care reimb|Issues regarding labor legislation, various appropriations, and legislation concerning health care and health care reimb|Issues regarding labor legislation, various appropriations, and legislation concerning health care and health care reimb",,2008-10-20T16:28:17-04:00,40000.0,0.0
4bb00b4f-4c03-4de0-a7e9-07755519a524,2008,Q3Y,,37232,SULLIVAN & CROMWELL LLP,DC,146158,"POPULAR, INC",PR,Commercial bank.,,,,,,2008-10-20T17:19:52-04:00,0.0,0.0
961be020-bbbc-43cc-9cb2-8cf785810450,2008,Q3,,22198,"LASA, MONROIG & VEVE",DC,129020,EL SENADO DE PUERTO RICO,PR,Is a Legislative House (upper) of the Commonwealth of Puerto Rico with legislative powers,6000.00,,Veterans,Research federal programs for veterans to be implemented in the local government.,,2008-10-20T18:14:28-04:00,6000.0,0.0
8d9c1aa3-6ccb-41ba-87c3-0dd724b2bd99,2008,Q3,,22198,"LASA, MONROIG & VEVE",DC,129014,MUNICIPALITY OF SALINAS,PR,,20000.00,,Economics/Economic Development,"Research on federal grant for infrastructure development, housing development, industrial development, and security deve",,2008-10-20T18:33:56-04:00,20000.0,0.0
00902236-8656-492e-befb-a963228049f8,2008,Q3Y,,295270,MORGAN CASNER ASSOCIATES,DC,179140,"SENATE OF PUERTO RICO, FEDERAL AFFAIRS COMMITTEE",PR,,,,,,,2008-10-25T00:26:52-04:00,0.0,0.0
4179910b-8fc6-475c-9c2c-ce6dc3384443,2008,Q2,,400275288,ROBERT GARCIA ASSOCIATES,VA,188782,PUERTO RICO SENATE,PR,Legislative.,15000.00,,Government Issues,meet with members of the house,,2008-10-30T17:26:08-04:00,15000.0,0.0
9410293e-4c05-4aea-8c11-300c0de0bbc3,2008,Q3,,400275288,ROBERT GARCIA ASSOCIATES,VA,188782,PUERTO RICO SENATE,PR,Legislative.,15000.00,,Government Issues,U.S.House of Representives,,2008-10-30T17:36:09-04:00,15000.0,0.0
a364108e-bfe2-4e3c-9b3d-295fe7b40158,2008,4T,,290970,"POPULAR, INC.",PR,177725,POPULAR INC,PR,,,40000.00,Taxation/Internal Revenue Code|Banking|Financial Institutions/Investments/Securities|Transportation,"H.R. 2238/S.2373, To amend the Internal Revenue Code of 1986 to provide for residents of Puerto Rico who participate in |Reauthorization of  7A and 504 loan programs.|Monitored money service business, Bank Secrecy Act, non-prime mortgages, arbitration, credit card issues and H.R. 1424, |Development of light rail system for Old San Juan.",,2008-11-10T10:47:03-05:00,0.0,40000.0
05234ed4-2d5f-4fd9-a04d-5dd14a3fb05e,2007,MA,,54197,QGA PUBLIC AFFAIRS (FORMERLY QUINN GILLESPIE & ASSOCIATES),DC,158682,CONSERVATION TRUST OF PUERTO RICO,PR,Protection and Enhancement of Natural Resources of Puerto Rico,80000.00,,Environment/Superfund,"Historic Preservation of Wetlands
Federal Government Opportunities
BRAC Monitoring 
Rum Tax",,2008-12-05T15:40:38-05:00,80000.0,0.0
f6b2e64e-c831-43f7-94ec-f9e76e9310a5,2008,Q4Y,,32008,"POWERS PYLES SUTTER & VERVILLE, P.C.",DC,139495,SISTEMA UNIVERSITARIO ANA G MENDEZ,PR,,,,,,,2008-12-24T09:34:20-05:00,0.0,0.0
6e81892b-1429-4b15-9c24-6fd417adf483,2008,Q4,,12868,"DUTKO WORLDWIDE, LLC",DC,118198,AMERICANS FOR DEMOCRACY INC,PR,,80000.00,,Government Issues,Strategic and legislative assistance on issues related to Puerto Rican self determination. Tracking bill H.R.-900 for cl,,2009-01-02T14:39:11-05:00,80000.0,0.0
e116a0e4-387b-4e9e-b390-7cd3a4dfbfe7,2008,4T,,288715,MCPHERSON GROUP LLP,DC,177234,DEPARTMENTO DE LA VIVIENDA,PR,Department of Housing for the Government of Puerto Rico,40000.00,,Housing,"No specific legislation -- housing issues relating to Puerto Rico, particularly HUD issues.",,2009-01-12T09:21:33-05:00,40000.0,0.0
b65ef303-ce1b-416d-b55e-0f1ed9234a58,2008,Q4,,7268,BROYDRICK & ASSOCIATES,DC,110356,MILWAUKEE METROPOLITAN SEWERAGE DISTRICT,PR,Municipality in Puerto Rico,22981.00,,Budget/Appropriations,Funding for inteceptor  sewage replacement and repair program on County grounds watershed initiative.,,2009-01-13T13:36:47-05:00,22981.0,0.0
7a171ad2-3bc9-4184-b431-31f5742be8ee,2008,4T,,33795,THE ROTH GROUP,VA,142128,MUNICIPALITY OF PONCE,PR,,80000.00,,Transportation|Budget/Appropriations,"Monitored and worked on Port Security issues, maritime issues, homeland security issues regarding Port, economic develop|FY 09 Energy and Water Appropriations, FY 09 Labor HHS Appropriations, FY 09 Commerce, Justice, Science Appropriations
P",,2009-01-14T12:52:46-05:00,80000.0,0.0
f358a2bc-2ee8-47fb-aa53-9e0ce196857c,2008,Q4Y,,317355,JOSE FUENTES,DC,186006,MUNICIPALITY OF BAYAMON,PR,,,,,,,2009-01-14T14:31:09-05:00,0.0,0.0
0e1d003d-6e78-4cec-8b64-c7427dbcf4e8,2008,Q4,,23521,THE PMA GROUP,VA,130472,NUVANT SYSTEMS INC,PR,,20000.00,,Defense,"H.0000/S.0000 Department of Defense Appropriations Act for FY2010, R&D
H.0000/S.0000 Energy and Water Appropriation Bill",,2009-01-16T14:25:53-05:00,20000.0,0.0
201de09c-3cff-4a6b-83f6-7b3e9d2ba9bd,2008,Q4Y,,12540,DOW LOHNES PLLC,DC,117235,ANA G MENDEZ UNIVERSITY SYSTEM,PR,University,,,,,,2009-01-16T15:00:36-05:00,0.0,0.0
7fdfd389-9279-4669-907b-2c5cf178e0ee,2008,Q4,,8453,"CASSIDY & ASSOCIATES, INC.",DC,112307,CONSERVATION TRUST OF PUERTO RICO,PR,,40000.00,,Real Estate/Land Use/Conservation|Budget/Appropriations|Taxation/Internal Revenue Code|Environment/Superfund,Adminstration of the Puerto Rico Conservation Trust|Keeping track of Environmental and Conservation Budget and Appropriations Issues being discussed on Capitol Hill and the|Keeping track of Environmental and Conservation Budget and Appropriations Issues being discussed on Capitol Hill and the|Monitor environmental and conservation issues being discussed on Capitol Hill and teh Executive Agencies that affect the,,2009-01-16T17:39:00-05:00,40000.0,0.0
7e671421-eb60-44e1-bbb4-f1f554003df5,2008,Q4,,15042,FOLEY & LARDNER LLP,DC,120671,PUERTO RICO DEPARTMENT OF LABOR AND HUMAN RESOURCES,PR,Government Labor and Human Resources Department,40000.00,,Budget/Appropriations|Health Issues|Labor Issues/Antitrust/Workplace,"Issues regarding labor legislation, various appropriations, and legislation concerning health care and health care reimb|Issues regarding labor legislation, various appropriations, and legislation concerning health care and health care reimb|Issues regarding labor legislation, various appropriations, and legislation concerning health care and health care reimb",,2009-01-16T19:09:46-05:00,40000.0,0.0
a535c513-b1ec-4a43-bd6c-8ec608d58e59,2008,RR,,77754,"OLDAKER & WILLISON, LLP",DC,170074,MUNICIPALITY OF BAYAMON,PR,LOCAL MUNICIPALITY,,,Budget/Appropriations|Urban Development/Municipalities|Economics/Economic Development|Transportation,"Federal Appropriations, Transportation and Infrastructure Funding; Urban development.|Federal Appropriations, Transportation and Infrastructure Funding; Urban development.|Federal Appropriations, Transportation and Infrastructure Funding; Urban development.|Federal Appropriations, Transportation and Infrastructure Funding; Urban development.",,2009-01-20T15:05:25-05:00,0.0,0.0
f6276407-2571-406f-9560-8acaf92aee9b,2008,Q4,,40043343,MCCONNELL VALDES PLLC,DC,188469,EDUK GROUP,PR,Higher Education,20000.00,,Education,Lobby key Members of the U.S. House of Representatives and U. S. Department of Education for inclusion of Rule 90/10 pro,,2009-01-21T11:52:40-05:00,20000.0,0.0
5e7efab7-7054-4af7-8137-b9f78c593c49,2008,Q4,,40043343,MCCONNELL VALDES PLLC,DC,188473,SUPERINTENDENT OF THE CAPITOL,PR,Superintendent of State Capitol,20000.00,,Budget/Appropriations|Homeland Security,"Lobby key Members of the U.S. House of Representatives on issues related to the restoration, remodeling, and increase se|Lobby key members of the Federal Executive Branch on issues related to the restoration, remodeling and increase security",,2009-01-21T12:14:53-05:00,20000.0,0.0
c6cd38ea-9ce3-46d1-99ea-c607b88a0ca1,2008,Q4,,40043343,MCCONNELL VALDES PLLC,DC,188466,MAYAGUEZ 2010,PR,Organizing Committee for 2010 Central-American Games,,,Budget/Appropriations|Immigration,"Lobby key Members of Congress and federal agencies for projects related to the 2010 Central-American and Caribbean Games|Meet with officials of the Department of State, Homeland Security, Health and Human Services and the White House to disc",,2009-01-21T12:27:22-05:00,0.0,0.0
d5883b8c-b737-412c-a6a4-510c7f5b7e4d,2008,Q4,,40043343,MCCONNELL VALDES PLLC,DC,188472,PONTIFICAL CATHOLIC UNIVERSITY OF PUERTO RICO,PR,University,20000.00,,Budget/Appropriations|Education,Lobby key Members of the U.S. House of Representatives to secure a Congressional earmark for PUCPR's new Biotechnology C|Lobby key Members of Congress and U.S. Department of Education on issues related to PUCPR's FY 2009 Title V grant applic,,2009-01-21T12:36:01-05:00,20000.0,0.0
5cfd8ef2-d839-45aa-aeff-edadc7afa1c7,2008,Q4,,40043343,MCCONNELL VALDES PLLC,DC,188468,POLYTECHNIC UNIVERSITY OF PUERTO RICO,PR,University,10000.00,,Budget/Appropriations,Lobby key Members of the U.S. House of Representatives and U.S. Department  of Education to secure a Congressional earma,,2009-01-21T12:43:32-05:00,10000.0,0.0
9ad5000e-8b9b-4d67-9282-958302092fe3,2008,Q4,,40043343,MCCONNELL VALDES PLLC,DC,188475,CITY OF MAYAGUEZ,PR,Municipal Government,30000.00,,Budget/Appropriations|Government Issues,Lobby key Members of the U.S. House of Representatives on issues related to the Mayaguez 2010 Central-American and Carib|Lobby key members of the Federal Executive branch on issues related to Mayaguez 2010 Central-American and Caribbean Game,,2009-01-21T13:04:16-05:00,30000.0,0.0
e436b5b5-2d4b-4056-b757-116adc96c944,2008,Q4,,40043343,MCCONNELL VALDES PLLC,DC,188470,BANCO POPULAR DE PUERTO RICO,PR,Bank,,,Animals,None during this period..,,2009-01-21T13:18:16-05:00,0.0,0.0
a4ad7f5b-bd60-4561-aa82-b0876cd993a2,2008,4AY,,40043343,MCCONNELL VALDES PLLC,DC,188470,BANCO POPULAR DE PUERTO RICO,PR,Bank,,,,,,2009-01-21T13:30:01-05:00,0.0,0.0
626b45e3-c635-452a-a2c6-0eb230092395,2008,4T,,72177,IBARRA STRATEGY GROUP,DC,165850,PUERTO RICO SENATE,PR,Puerto Rico Senate,80000.00,,Government Issues|Medicare/Medicaid|Economics/Economic Development|Taxation/Internal Revenue Code,"Passage of HR 900 and S. 1936, the Puerto Rico Democracy Act|Medicaid and Medicare payments to Puerto Rico|Budget, Relevant Authorizing and Appropriations legislation|General tax legislation, refundable Child Tax Credit, Puerto Rico Import Tax",,2009-01-21T13:53:21-05:00,80000.0,0.0
96ff949d-cd6e-43f4-b720-81a3ccca72a6,2008,Q4,,682,AKIN GUMP STRAUSS HAUER & FELD,DC,100772,INTER-AMERICAN UNIVERSITY OF PUERTO RICO,PR,,90000.00,,Education,Higher education issues,,2009-01-21T17:21:43-05:00,90000.0,0.0
641578fd-74bc-4058-933b-7316187fdaef,2008,Q4,,41408,WILEY REIN LLP,DC,150958,PUERTO RICO TELEPHONE COMPANY,PR,Telecommunications,,,Communications/Broadcasting/Radio/TV,Universal Service Fund,,2009-01-21T17:23:00-05:00,0.0,0.0
82193a6a-b4ff-4a9b-9f48-af0209f41d55,2008,4T,,22198,"LASA, MONROIG & VEVE",DC,129020,EL SENADO DE PUERTO RICO,PR,Is a Legislative House (upper) of the Commonwealth of Puerto Rico with legislative powers,10000.00,,Veterans,Research federal programs for veterans.,,2009-01-21T17:59:45-05:00,10000.0,0.0
2898f26a-7c6f-48ce-bf6f-e775c9908f4d,2008,Q4,,22198,"LASA, MONROIG & VEVE",DC,129014,MUNICIPALITY OF SALINAS,PR,,,,Economics/Economic Development,"Research on federal grant for infrastructure development, housing development, industrial development, and security deve",,2009-01-21T18:13:42-05:00,0.0,0.0
79071c9e-bf11-4fa0-9075-6a406b37f299,2008,Q4Y,,37232,SULLIVAN & CROMWELL LLP,DC,146158,"POPULAR, INC",PR,Commercial bank.,,,,,,2009-01-21T18:42:20-05:00,0.0,0.0
f1b7b0ee-f71b-4672-8f1d-5d3cf8492a61,2008,Q4,,295350,MG GROUP,VA,179164,PUERTO RICO HOSPITAL ASSOCIATION,PR,,12000.00,,Medicare/Medicaid,"PPS Reimbursement formula
DSH Payments/Medicare",,2009-01-21T21:25:51-05:00,12000.0,0.0
17516944-df89-49b1-9f1e-f89598a5f768,2008,Q4,,77754,"OLDAKER & WILLISON, LLP",DC,170074,MUNICIPALITY OF BAYAMON,PR,LOCAL MUNICIPALITY,10000.00,,Budget/Appropriations,H.R. 598 ECONOMIC RECOVERY BILL - State Government Funding Provision.,,2009-01-22T17:33:32-05:00,10000.0,0.0
8b6eaee1-fb43-47c1-a5a6-1d4c37eb3829,2008,4TY,,400275288,ROBERT GARCIA ASSOCIATES,VA,188782,PUERTO RICO SENATE,PR,Legislative.,12000.00,,,,,2009-01-28T16:29:19-05:00,12000.0,0.0
a06c1350-2c69-400e-a9cc-7dddf18edf20,2008,4TY,,295270,MORGAN CASNER ASSOCIATES,DC,179140,"SENATE OF PUERTO RICO, FEDERAL AFFAIRS COMMITTEE",PR,,,,,,,2009-02-09T11:15:24-05:00,0.0,0.0
e63ab839-14c0-4cb4-98bb-3e46a84a7396,2008,Q1,,40043343,MCCONNELL VALDES PLLC,DC,188468,POLYTECHNIC UNIVERSITY OF PUERTO RICO,PR,University,,,Budget/Appropriations,Lobby key Members of the U.S. House of Representatives and U.S. Department of Education to secure a Congressional earmar,,2009-02-24T12:34:49-05:00,0.0,0.0
61b7276d-c148-460b-b1f4-676db3e9fd3a,2009,RR,,73134,O'NEILL AND ASSOCIATES,MA,166589,"PG ENGINEERING SOLUTIONS, P.S.C.",PR,Mass transit systems,,,Transportation,Providing assistance in tren urbano train system extension.  No specific legislation.,,2009-03-13T16:04:46-04:00,0.0,0.0
424965bf-14e5-458c-adcb-ab9828a5fe9a,2008,2TY,,18444,HOLLAND & HART LLP,DC,124721,AMERICANS FOR DEMOCRACY,PR,,,,,,,2009-03-16T10:13:37-04:00,0.0,0.0
f314bc10-618e-4ed2-8f8e-5bea8c95213c,2009,Q1,,12868,"DUTKO WORLDWIDE, LLC",DC,118198,AMERICANS FOR DEMOCRACY INC,PR,,30000.00,,Government Issues,Strategic and legislative assistance on issues related to Puerto Rican self-determination.,,2009-04-08T12:47:16-04:00,30000.0,0.0
a81bb1c9-e569-4463-8784-a916fe64f2d6,2009,RR,,317355,JOSE FUENTES,DC,186009,"EMPRESAS FONALLEDAS, INC.",PR,Real estate development company.,,,Taxation/Internal Revenue Code|Health Issues|Transportation,"Highway funding, child tax credit extension, lifting cap on Medicaid, earned income tax credit extension to Puerto Rico.|Highway funding, child tax credit extension, lifting cap on Medicaid, earned income tax credit extension to Puerto Rico.|Highway funding, child tax credit extension, lifting cap on Medicaid, earned income tax credit extension to Puerto Rico.",,2009-04-14T16:35:16-04:00,0.0,0.0
f260cd51-890a-4c56-ad4f-1b48c5cdd31e,2009,Q1Y,,317355,JOSE FUENTES,DC,186006,MUNICIPALITY OF BAYAMON,PR,,,,,,,2009-04-15T10:00:53-04:00,0.0,0.0
c2f6e469-2199-4321-a425-b6672c37924f,2009,Q1,,317355,JOSE FUENTES,DC,186009,"EMPRESAS FONALLEDAS, INC.",PR,Real estate development company.,30000.00,,Transportation|Taxation/Internal Revenue Code|Health Issues,Highway funding.|Child tax credit extension; Earned income tax credit extension to Puerto Rico.|Lifting cap on Medicaid.,,2009-04-15T14:32:13-04:00,30000.0,0.0
d93bf273-e690-43b2-8a0a-9b816f987b62,2009,1T,,15042,FOLEY & LARDNER LLP,DC,120671,PUERTO RICO DEPARTMENT OF LABOR AND HUMAN RESOURCES,PR,Government Labor and Human Resources Department,10000.00,,Health Issues|Budget/Appropriations|Labor Issues/Antitrust/Workplace,"Issues regarding labor legislation, various appropriations, and legislation concerning health care and health care reimb|Issues regarding labor legislation, various appropriations, and legislation concerning health care and health care reimb|Issues regarding labor legislation, various appropriations, and legislation concerning health care and health care reimb",,2009-04-15T15:56:30-04:00,10000.0,0.0
376230ec-bef3-49aa-967f-3f23ef8a6b6b,2009,1@Y,,12868,"DUTKO WORLDWIDE, LLC",DC,118198,AMERICANS FOR DEMOCRACY INC,PR,,,,,,,2009-04-15T17:49:11-04:00,0.0,0.0
a1deea49-12e1-403a-a801-01896b6a458e,2009,Q1,,8453,"CASSIDY & ASSOCIATES, INC.",DC,112307,CONSERVATION TRUST OF PUERTO RICO,PR,,30000.00,,Taxation/Internal Revenue Code|Budget/Appropriations|Environment/Superfund|Real Estate/Land Use/Conservation,Keeping track of Environmental and Conservation Budget and Appropriations Issues being discussed on Capitol Hill and the|Keeping track of Environmental and Conservation Budget and Appropriations Issues being discussed on Capitol Hill and the|Monitor environmental and conservation issues being discussed on Capitol Hill and teh Executive Agencies that affect the|Adminstration of the Puerto Rico Conservation Trust,,2009-04-16T10:16:54-04:00,30000.0,0.0
f7bb17e3-3e62-49b6-b414-eab1a655993a,2009,RA,,54197,QGA PUBLIC AFFAIRS (FORMERLY QUINN GILLESPIE & ASSOCIATES),DC,158682,CONSERVATION TRUST OF PUERTO RICO,PR,Protection and Enhancement of Natural Resources of Puerto Rico,,,Environment/Superfund,"Historic Preservation of Wetlands
Federal Government Opportunities",,2009-04-16T12:15:35-04:00,0.0,0.0
c43b1b70-6b0d-4334-ac48-fe36e88d9429,2009,Q1,,73134,O'NEILL AND ASSOCIATES,MA,166589,"PG ENGINEERING SOLUTIONS, P.S.C.",PR,Mass transit systems,30000.00,,Transportation,Highway/Transit Reauthorization,,2009-04-16T15:46:55-04:00,30000.0,0.0
9677ccee-c86c-41ef-9c9b-3b594beb3620,2009,Q1,,7268,BROYDRICK & ASSOCIATES,DC,110356,MILWAUKEE METROPOLITAN SEWERAGE DISTRICT,PR,Municipality in Puerto Rico,18477.00,,Budget/Appropriations,Funding for inteceptor  sewage replacement and repair program on County grounds watershed initiative.,,2009-04-17T12:57:56-04:00,18477.0,0.0
b54dc6d9-7123-48d6-9dec-483b7b1caa32,2009,1A,,73134,O'NEILL AND ASSOCIATES,MA,166589,"PG ENGINEERING SOLUTIONS, P.S.C.",PR,Mass transit systems,30000.00,,Transportation,Highway/Transit Reauthorization,,2009-04-17T16:49:25-04:00,30000.0,0.0
a7798da9-3f5b-4088-9f9b-fb9bd476c07f,2009,RR,,77754,"OLDAKER & WILLISON, LLP",DC,170078,SENATE OF PUERTO RICO,PR,The Senate of Puerto Rico is part of the government of the U.S. territory of Puerto Rico.,,,Civil Rights/Civil Liberties|Urban Development/Municipalities|Transportation|Medicare/Medicaid|Budget/Appropriations|Government Issues,"Appropriations projects for Puerto Rico;
Urban development and transportation and infrastructure;
Parity for Puerto Rica|Appropriations projects for Puerto Rico;
Urban development and transportation and infrastructure;
Parity for Puerto Rica|Appropriations projects for Puerto Rico;
Urban development and transportation and infrastructure;
Parity for Puerto Rica|Appropriations projects for Puerto Rico;
Urban development and transportation and infrastructure;
Parity for Puerto Rica|Appropriations projects for Puerto Rico;
Urban development and transportation and infrastructure;
Parity for Puerto Rica",,2009-04-17T17:52:48-04:00,0.0,0.0
adb1b085-0287-461f-bc88-f3638e0ecc8a,2009,1T,,23521,THE PMA GROUP,VA,130472,NUVANT SYSTEMS INC,PR,,10000.00,,Defense,"H.0000/S.0000 Department of Defense Appropriations Act for FY2010, R&D
H.0000/S.0000 Energy and Water Appropriation Bill",,2009-04-19T16:23:01-04:00,10000.0,0.0
eb38fa54-d514-48e7-b3bf-0d129817fa4f,2009,Q1,,54197,QGA PUBLIC AFFAIRS (FORMERLY QUINN GILLESPIE & ASSOCIATES),DC,158682,CONSERVATION TRUST OF PUERTO RICO,PR,Protection and Enhancement of Natural Resources of Puerto Rico,10000.00,,Taxation/Internal Revenue Code|Government Issues|Real Estate/Land Use/Conservation,Rum Tax|Board of Directors Appointments|Grants and Branding Programs,,2009-04-20T08:17:29-04:00,10000.0,0.0
99d2c1a2-79c4-4406-9837-f965308509ae,2009,Q1,,41408,WILEY REIN LLP,DC,150958,PUERTO RICO TELEPHONE COMPANY,PR,Telecommunications,20000.00,,Communications/Broadcasting/Radio/TV,"Broadband deployment; HR1, American Recovery and Reinvestment Act (stimulus bill) definition of territory.",,2009-04-20T09:12:42-04:00,20000.0,0.0
ca8ed928-ca21-416e-9b4c-bdf7929e6a3d,2009,Q1Y,,12540,DOW LOHNES PLLC,DC,117235,ANA G MENDEZ UNIVERSITY SYSTEM,PR,University,,,,,,2009-04-20T10:28:40-04:00,0.0,0.0
eeb0b471-e4fc-4f25-9e09-98d790fd2871,2009,Q1,,22198,"LASA, MONROIG & VEVE",DC,129014,MUNICIPALITY OF SALINAS,PR,,10000.00,,Economics/Economic Development,"Research on federal grant for infrastructure development, housing development, industrial development, and security deve",,2009-04-20T12:05:29-04:00,10000.0,0.0
9dd15a1e-df17-4fc3-aa35-a81c1706751b,2009,Q1,,682,AKIN GUMP STRAUSS HAUER & FELD,DC,100772,INTER-AMERICAN UNIVERSITY OF PUERTO RICO,PR,,30000.00,,Education,Higher education issues,,2009-04-20T14:18:44-04:00,30000.0,0.0
e0b6c393-2480-482d-8119-eab5338179ce,2009,Q1Y,,32008,"POWERS PYLES SUTTER & VERVILLE, P.C.",DC,139495,SISTEMA UNIVERSITARIO ANA G MENDEZ,PR,,,,,,,2009-04-20T15:10:57-04:00,0.0,0.0
02620f80-d0c9-4f55-b8d1-c7dec51e007f,2009,Q1Y,,37232,SULLIVAN & CROMWELL LLP,DC,146158,"POPULAR, INC",PR,Commercial bank.,,,,,,2009-04-20T17:37:14-04:00,0.0,0.0
9278b743-8b67-424d-b863-5dc2eaaa6879,2009,Q1,,77754,"OLDAKER & WILLISON, LLP",DC,170074,MUNICIPALITY OF BAYAMON,PR,LOCAL MUNICIPALITY,30000.00,,Budget/Appropriations|Housing,"H.R. 1: The American Recovery and Reinvestment Act (PL 111-5) - State Government Funding Provision
FY 2010 Energy & Wate|Family Unification Grant Issue",,2009-04-20T17:59:32-04:00,30000.0,0.0
70aff68b-d627-4785-b2e5-8055da74223e,2009,Q1,,77754,"OLDAKER & WILLISON, LLP",DC,170078,SENATE OF PUERTO RICO,PR,The Senate of Puerto Rico is part of the government of the U.S. territory of Puerto Rico.,40000.00,,Civil Rights/Civil Liberties|Transportation|Medicare/Medicaid|Budget/Appropriations,Puerto Rico Status Issue|General transportation and water infrastructure issues|Medicare/Medicaid and SSI Disability parity in Puerto Rico|FY2010 Interior and Environment Appropriations Bill (Historic Preservation Fund),,2009-04-20T20:04:39-04:00,40000.0,0.0
07d6c3df-0a12-4f4b-864f-f4df93997e1d,2009,Q1,,40043343,MCCONNELL VALDES PLLC,DC,188475,CITY OF MAYAGUEZ,PR,Municipal Government,30000.00,,Budget/Appropriations|Government Issues,Lobby key members of the U.S. House of Representatives on issues related to the MaYaguez 2010 Central-American and Carib|Lobby key Members of the U.S. House of Representatives on issues relalted to the Mayaguez 2010 Central-American and Cari,,2009-04-28T10:15:22-04:00,30000.0,0.0
b6f2775d-c07b-49b6-ad7e-d3f7cffcf32e,2009,Q1,,40043343,MCCONNELL VALDES PLLC,DC,188472,PONTIFICAL CATHOLIC UNIVERSITY OF PUERTO RICO,PR,University,20000.00,,Education|Budget/Appropriations,Lobby key Members of Congress and U.S. Department of Education on issues related to PUCPR's FY 2009 Title V grant applic|Lobby key Members of the U.S. House of Representatives to secure a Congressional earmark for PUCPR's new Biotechnology C,,2009-04-28T10:36:25-04:00,20000.0,0.0
a82a4ca9-6ac7-44c0-95d3-9525bca85d6a,2009,Q1,,40043343,MCCONNELL VALDES PLLC,DC,188473,SUPERINTENDENT OF THE CAPITOL,PR,Superintendent of State Capitol,20000.00,,Homeland Security|Budget/Appropriations,"Lobby key members of the Federal Executive branch on issues related to the restoration, remodeling, and increase securit|Lobby key Members of the U.S. House of Representatives on issues relalted to the restoration, remodeling, and increase s",,2009-04-28T10:42:27-04:00,20000.0,0.0
3ebf4ec8-fab2-4091-9198-48843ce5ef58,2009,Q1,,40043343,MCCONNELL VALDES PLLC,DC,188468,POLYTECHNIC UNIVERSITY OF PUERTO RICO,PR,University,10000.00,,Budget/Appropriations,Lobby key Members of the U.S. House of Representatives and U. S. Department to secure a Congressional earmark for PUPR's,,2009-04-28T10:49:30-04:00,10000.0,0.0
7392d496-ba4d-4138-9e54-e37c24348bed,2009,Q1,,40043343,MCCONNELL VALDES PLLC,DC,188469,EDUK GROUP,PR,Higher Education,20000.00,,Education,Lobby key Members of the U.S. House of Representatives and U. S. Department of Education for inclusion of Rule 90/10 pro,,2009-04-28T11:04:38-04:00,20000.0,0.0
a9127784-16d5-4d99-98f8-8f3dd4795fbf,2009,Q1,,40043343,MCCONNELL VALDES PLLC,DC,188466,MAYAGUEZ 2010,PR,Organizing Committee for 2010 Central-American Games,,,Budget/Appropriations|Immigration,"Lobby key Members of Congress and federal agencies for projects related to the 2010 Central-American and Caribbean Games|Met with officials of the Department of State, Homeland Security, Health and Human Services and the White House to discu",,2009-04-28T11:08:41-04:00,0.0,0.0
58171a5f-72a1-4a39-8d04-098102437ea7,2009,Q1,,40043343,MCCONNELL VALDES PLLC,DC,188470,BANCO POPULAR DE PUERTO RICO,PR,Bank,,,Education,None during this period,,2009-04-28T11:18:47-04:00,0.0,0.0
4c5c0de8-b604-4d42-b3bd-b6343410fa42,2009,Q1,,295350,MG GROUP,VA,179164,PUERTO RICO HOSPITAL ASSOCIATION,PR,,12000.00,,Medicare/Medicaid,"PPS Reimbursement formula
DSH Payments/ Medicare",,2009-05-06T09:34:57-04:00,12000.0,0.0
68748e9c-379b-4298-bc7b-3a8e8b82b233,2007,MA,,8453,"CASSIDY & ASSOCIATES, INC.",DC,112307,CONSERVATION TRUST OF PUERTO RICO,PR,,80000.00,,Real Estate/Land Use/Conservation|Environment/Superfund|Natural Resources,"Improve existing relationship with the Department of the Interior
Focus on transfer of lighthouse|Improve relations between 3 bodies
Improve existing relationship with Department of the Interior|Improve existing relationship with the Department of the Interior",,2009-05-07T10:23:43-04:00,80000.0,0.0
13cebac9-9de6-4f32-af78-dd9849503a8d,2009,RR,,315717,GEPHARDT GROUP GOVERNMENT AFFAIRS,DC,185464,MEDICAID AND MEDICARE ADVANTAGE PRODUCTS ASSOCIATION,PR,coalition of insurers offering Medicare advantage plans in Puerto Rico,,,Health Issues|Medicare/Medicaid,Medicare payment for Medicare advantage plans in Puerto Rico|Medicare payment for Medicare advantage plans in Puerto Rico,,2009-05-08T14:56:54-04:00,0.0,0.0
528f9ff7-14d4-4942-a7dc-beb9209a6295,2009,RR,,33795,THE ROTH GROUP,VA,142129,MUNICIPALITY OF YAUCO,PR,Municipality,,,Budget/Appropriations,Appropriations and federal funding issues,,2009-06-09T14:45:22-04:00,0.0,0.0
cd0c4f00-2a3b-4e28-b2b5-a590e2b22689,2009,RR,,33795,THE ROTH GROUP,VA,142133,MUNICIPALITY OF VILLALBA,PR,Municipality,,,Transportation|Budget/Appropriations,"Appropriations and federal funding issues
Transportation funding for Municipality|Appropriations and federal funding issues
Transportation funding for Municipality",,2009-06-09T15:12:23-04:00,0.0,0.0
be374fc8-6ba0-46e9-b0c7-2b0de2b2e3de,2009,RA,,313715,CAPITOL COUNSEL LLC,DC,184393,ASOCIACION DE HOSPITALES DE PUERTO RICO,PR,Representative of hospitals in Puerto Rico,,,Health Issues|Medicare/Medicaid,Legislative issues relating to Medicare reimbursement payments to hospitals; Health Care Reform|Legislative issues relating to Medicare reimbursement payments to hospitals; Health Care Reform,,2009-06-25T17:31:06-04:00,0.0,0.0
4801ae34-45e7-42d4-848b-f35c952ec798,2009,Q2,,313715,CAPITOL COUNSEL LLC,DC,184393,ASOCIACION DE HOSPITALES DE PUERTO RICO,PR,Representative of hospitals in Puerto Rico,30000.00,,Health Issues|Medicare/Medicaid,Legislative issues relating to medicare reimbursement payments to hospitals and Health Care Reform|Legislative issues relating to medicare reimbursement payments to hospitals and Health Care Reform,,2009-06-30T14:50:23-04:00,30000.0,0.0
60c8f6df-ee5c-4b2e-b999-c659086df13e,2009,2T,,8453,"CASSIDY & ASSOCIATES, INC.",DC,112307,CONSERVATION TRUST OF PUERTO RICO,PR,,50000.00,,Budget/Appropriations|Environment/Superfund|Real Estate/Land Use/Conservation|Taxation/Internal Revenue Code,Keeping track of Environmental and Conservation Budget and Appropriations Issues being discussed on Capitol Hill and the|Monitor environmental and conservation issues being discussed on Capitol Hill and the Executive Agencies that affect the|Adminstration of the Puerto Rico Conservation Trust|Keeping track of Environmental and Conservation Budget and Appropriations Issues being discussed on Capitol Hill and the,,2009-07-10T09:57:25-04:00,50000.0,0.0
95fb60ce-a991-4645-84c9-8a8a3c23e315,2009,Q2,,40043343,MCCONNELL VALDES PLLC,DC,188470,BANCO POPULAR DE PUERTO RICO,PR,Bank,,,Education,None during this period,,2009-07-13T10:29:32-04:00,0.0,0.0
bc8ad625-cf70-4450-8538-6865c2cdca68,2009,Q2,,40043343,MCCONNELL VALDES PLLC,DC,188472,PONTIFICAL CATHOLIC UNIVERSITY OF PUERTO RICO,PR,University,20000.00,,Budget/Appropriations|Education,Lobby key Members of the U.S. House of Representatives to secure a Congressional earmark for PUCPR's new Biotechnology C|Lobby key Members of Congress and U.S. Department of Education on issues related to PUCPR's FY 2009 Title V grant applic,,2009-07-13T10:34:34-04:00,20000.0,0.0
2055e711-5ef3-4a2c-b7ee-9ab51663e6a7,2009,Q2,,40043343,MCCONNELL VALDES PLLC,DC,188468,POLYTECHNIC UNIVERSITY OF PUERTO RICO,PR,University,10000.00,,Budget/Appropriations,Lobby key Members of the U.S. House of Representatives and U. S. Department to secure a Congressional earmark for PUPR's,,2009-07-13T10:42:38-04:00,10000.0,0.0
58a42fd6-12e4-4e8b-a31e-bef24cc0e8ea,2009,Q2,,40043343,MCCONNELL VALDES PLLC,DC,188475,CITY OF MAYAGUEZ,PR,Municipal Government,30000.00,,Budget/Appropriations|Government Issues,Lobby key members of the U.S. House of Representatives on issues related to the MaYaguez 2010 Central-American and Carib|Lobby key Members of the U.S. House of Representatives on issues relalted to the Mayaguez 2010 Central-American and Cari,,2009-07-13T10:58:50-04:00,30000.0,0.0
d0612403-c634-46da-96b9-982322b73a82,2009,Q2,,40043343,MCCONNELL VALDES PLLC,DC,188469,EDUK GROUP,PR,Higher Education,20000.00,,Education,Lobby key Members of the U.S. House of Representatives and U. S. Department of Education for inclusion of Rule 90/10 pro,,2009-07-13T11:02:51-04:00,20000.0,0.0
7de460a1-2bb9-446b-a217-bceadafc6610,2009,Q2,,40043343,MCCONNELL VALDES PLLC,DC,188466,MAYAGUEZ 2010,PR,Organizing Committee for 2010 Central-American Games,,,Budget/Appropriations|Immigration,"Lobby key Members of Congress and federal agencies for projects related to the 2010 Central-American and Caribbean Games|Met with officials of the Department of State, Homeland Security, Health and Human Services and the White House to discu",,2009-07-13T11:08:56-04:00,0.0,0.0
2249499d-9955-4719-8820-17341b1202e6,2009,Q2,,40043343,MCCONNELL VALDES PLLC,DC,188473,SUPERINTENDENT OF THE CAPITOL,PR,Superintendent of State Capitol,20000.00,,Homeland Security|Budget/Appropriations,"Lobby key members of the Federal Executive branch on issues related to the restoration, remodeling, and increase securit|Lobby key Members of the U.S. House of Representatives on issues relalted to the restoration, remodeling, and increase s",,2009-07-13T11:12:59-04:00,20000.0,0.0
3b7ad122-524f-4074-ad55-1b5e946096d4,2009,Q2Y,,317355,JOSE FUENTES,DC,186006,MUNICIPALITY OF BAYAMON,PR,,,,,,,2009-07-13T14:14:36-04:00,0.0,0.0
a30878e4-97fa-425b-aae5-2fe9ff156191,2009,Q2,,317355,JOSE FUENTES,DC,186009,"EMPRESAS FONALLEDAS, INC.",PR,Real estate development company.,30000.00,,Transportation|Taxation/Internal Revenue Code|Health Issues,Highway funding.|Child tax credit extension; Earned income tax credit extension to Puerto Rico.|Lifting cap on Medicaid.,,2009-07-13T14:29:47-04:00,30000.0,0.0
976785b3-3990-4b0d-87a2-15e63ec3b53e,2009,Q2,,315717,GEPHARDT GROUP GOVERNMENT AFFAIRS,DC,185464,MEDICAID AND MEDICARE ADVANTAGE PRODUCTS ASSOCIATION,PR,coalition of insurers offering Medicare advantage plans in Puerto Rico,90000.00,,Medicare/Medicaid,healthcare reform legislation,,2009-07-14T10:49:51-04:00,90000.0,0.0
4baf5854-f730-4402-9f8f-975b8aaae2e8,2009,Q2,,33795,THE ROTH GROUP,VA,142129,MUNICIPALITY OF YAUCO,PR,Municipality,10000.00,,Transportation|Budget/Appropriations,"Monitored Surface Transportation Reauthorization legislation|FY 10 Transportation HUD appropriations -- ADA compliant project
Monitored appropriations process",,2009-07-15T15:54:53-04:00,10000.0,0.0
b5dbd123-b75a-4eb1-84c6-210500fd3214,2009,Q2,,33795,THE ROTH GROUP,VA,142133,MUNICIPALITY OF VILLALBA,PR,Municipality,10000.00,,Transportation|Budget/Appropriations,Surface Transportation Reauthorization  monitored process|FY 10 appropriations  monitored appropriations process and funding initiatives in Congress,,2009-07-15T16:37:18-04:00,10000.0,0.0
aa73f08e-ad4e-4a32-b140-ca4620e59562,2009,Q2,,682,AKIN GUMP STRAUSS HAUER & FELD,DC,100772,INTER-AMERICAN UNIVERSITY OF PUERTO RICO,PR,,30000.00,,Education,Higher education issues,,2009-07-18T12:36:08-04:00,30000.0,0.0
df160b3b-2f42-4df0-9fa5-56016c9c0b63,2009,2A,,73134,O'NEILL AND ASSOCIATES,MA,166589,"PG ENGINEERING SOLUTIONS, P.S.C.",PR,Mass transit systems,5000.00,,Aviation/Airlines/Airports,Aviation issues.,,2009-07-20T08:18:00-04:00,5000.0,0.0
00f03595-68cb-4abe-94fe-07061a55ce73,2009,Q2Y,,22198,"LASA, MONROIG & VEVE",DC,129014,MUNICIPALITY OF SALINAS,PR,,,,,,,2009-07-20T12:12:50-04:00,0.0,0.0
e376cd5b-9d5d-477a-aae8-1e20b621d923,2009,2TY,,12540,DOW LOHNES PLLC,DC,117235,ANA G MENDEZ UNIVERSITY SYSTEM,PR,University,,,,,,2009-07-20T13:09:19-04:00,0.0,0.0
3bb61532-06a7-4ab5-b8a3-87e778b5d35a,2009,Q2,,41408,WILEY REIN LLP,DC,150958,PUERTO RICO TELEPHONE COMPANY,PR,Telecommunications,10000.00,,Communications/Broadcasting/Radio/TV,Universal Service Fund; insular issues.,,2009-07-20T13:35:03-04:00,10000.0,0.0
93a718a0-7df0-4891-aed3-d7a3a28360d3,2009,RR,,400428070,"NATIONAL HEALTH ADVISORS, LLC",DC,190739,MEDICAL CARD SYSTEMS (MCS),PR,Insurance Company,,,Health Issues,Medicare programming within the American Health Choices Act of 2009.,,2009-07-20T15:03:36-04:00,0.0,0.0
c8aa7e55-c464-4e83-b04e-597aec3fc933,2009,1AY,,54197,QGA PUBLIC AFFAIRS (FORMERLY QUINN GILLESPIE & ASSOCIATES),DC,158682,CONSERVATION TRUST OF PUERTO RICO,PR,Protection and Enhancement of Natural Resources of Puerto Rico,,,,,,2009-07-20T15:23:09-04:00,0.0,0.0
8516eef1-2da2-403f-b5e2-536a2550dad8,2009,Q2Y,,32008,"POWERS PYLES SUTTER & VERVILLE, P.C.",DC,139495,SISTEMA UNIVERSITARIO ANA G MENDEZ,PR,,,,,,,2009-07-20T15:29:47-04:00,0.0,0.0
1af4bcb9-5e3b-4251-8174-a43708a63668,2009,2TY,,54197,QGA PUBLIC AFFAIRS (FORMERLY QUINN GILLESPIE & ASSOCIATES),DC,158682,CONSERVATION TRUST OF PUERTO RICO,PR,Protection and Enhancement of Natural Resources of Puerto Rico,,,,,,2009-07-20T16:04:10-04:00,0.0,0.0
441d6750-5899-4a24-9098-e5ac53414eca,2009,Q2Y,,37232,SULLIVAN & CROMWELL LLP,DC,146158,"POPULAR, INC",PR,Commercial bank.,,,,,,2009-07-20T18:40:57-04:00,0.0,0.0
5a280105-f3ba-4733-997e-e100c6e1c3ed,2009,2T,,77754,"OLDAKER & WILLISON, LLP",DC,170078,SENATE OF PUERTO RICO,PR,The Senate of Puerto Rico is part of the government of the U.S. territory of Puerto Rico.,40000.00,,Civil Rights/Civil Liberties|Transportation|Medicare/Medicaid|Budget/Appropriations,Puerto Rico Democracy Act of 2009 (H.R. 2499)|General transportation and water infrastructure issues|America's Affordable Health Choices Act of 2009 (H.R. 3200) -- Medicare/Medicaid and SSI Disability parity in Puerto Ric|FY2010 Interior and Environment Appropriations Bill (Historic Preservation Fund) -- HR 2996,,2009-07-20T18:57:35-04:00,40000.0,0.0
2514b836-08dd-4f72-8652-112cf925746c,2009,Q2,,77754,"OLDAKER & WILLISON, LLP",DC,170074,MUNICIPALITY OF BAYAMON,PR,LOCAL MUNICIPALITY,30000.00,,Budget/Appropriations|Housing,"FY 2010 Transportation / HUD Appropriations Bill (Economic Development Initiative)
FY 2010 Interior and Environment Appr|Family Unification Grant Issue",,2009-07-20T19:39:02-04:00,30000.0,0.0
c85e5a1a-c04f-44e2-abdc-ab3dc0b07c3f,2009,Q2,,295350,MG GROUP,VA,179164,PUERTO RICO HOSPITAL ASSOCIATION,PR,,12000.00,,Medicare/Medicaid,"PPS Reimbursement formula
DSH Payments/ Medicare",,2009-07-20T21:54:42-04:00,12000.0,0.0
7f7b7de7-7e97-49e3-a92b-2657b654c2d5,2009,Q2,,7268,BROYDRICK & ASSOCIATES,DC,110356,MILWAUKEE METROPOLITAN SEWERAGE DISTRICT,PR,Municipality in Puerto Rico,20000.00,,Environment/Superfund,"SRF Clean Water Bill, General Legislation, Watershed Initiative, Appropriations, Proposed Clean Water Trustfund",,2009-07-21T14:38:18-04:00,20000.0,0.0
09a10775-7fc1-4165-af29-d4f4a5cd4fa2,2009,Q2,,400428070,"NATIONAL HEALTH ADVISORS, LLC",DC,190739,MEDICAL CARD SYSTEMS (MCS),PR,Insurance Company,20000.00,,Health Issues,America's Healthy Choices Act,,2009-07-23T14:53:17-04:00,20000.0,0.0
18d0a040-7b84-4442-912e-a1e0f264350f,2009,RR,,73134,O'NEILL AND ASSOCIATES,MA,166589,"PG ENGINEERING SOLUTIONS, P.S.C.",PR,Mass transit systems,,,Education,Adovcate for federal funding and raise prfile through advocacy and outreach to select targets,,2009-10-06T15:56:56-04:00,0.0,0.0
2dcec969-a77c-4db9-92a3-499cf6e4c113,2009,Q3,,33795,THE ROTH GROUP,VA,142129,MUNICIPALITY OF YAUCO,PR,Municipality,20000.00,,Transportation|Government Issues|Budget/Appropriations,"Monitored Surface Transportation Reauthorization legislation|Introduction of Mayor and Municipality to COPS office officials regarding City|FY 10 Transportation HUD appropriations - ADA compliant project
Monitored FY 10 appropriations process
Bridge project fu",,2009-10-15T15:10:41-04:00,20000.0,0.0
0e912e39-ff59-47c2-90b0-45cf3cde5c14,2009,Q3,,317355,JOSE FUENTES,DC,186009,"EMPRESAS FONALLEDAS, INC.",PR,Real estate development company.,30000.00,,Health Issues|Taxation/Internal Revenue Code,Lifting cap on Medicaid.|Child tax credit extension to Puerto Rico.,,2009-10-15T15:12:42-04:00,30000.0,0.0
1c8f5a07-8254-45cd-8d1d-39c924b89780,2009,Q3,,317355,JOSE FUENTES,DC,186006,MUNICIPALITY OF BAYAMON,PR,,,,Roads/Highway|Transportation|Energy/Nuclear,Renovation of main roads.|Renovation of main roads.|Solar canopy funding.,,2009-10-15T16:21:13-04:00,0.0,0.0
2120a5cb-2ad5-44fc-a6a8-153029e21709,2009,Q3,,33795,THE ROTH GROUP,VA,142133,MUNICIPALITY OF VILLALBA,PR,Municipality,20000.00,,Transportation|Budget/Appropriations,"Surface Transportation Reauthorization legislation  monitored legislation|FY 10 appropriations  monitored appropriations process and funding initiatives in Congress
Worked on project proposal fo",,2009-10-16T10:03:52-04:00,20000.0,0.0
fe1ac84d-036f-4d86-a054-6973ecb7b830,2009,Q3Y,,37232,SULLIVAN & CROMWELL LLP,DC,146158,"POPULAR, INC",PR,Commercial bank.,,,,,,2009-10-16T18:13:37-04:00,0.0,0.0
6920809f-94a8-436a-aac1-6213968b40fa,2009,Q3,,682,AKIN GUMP STRAUSS HAUER & FELD,DC,100772,INTER-AMERICAN UNIVERSITY OF PUERTO RICO,PR,,30000.00,,Education,Higher education issues,,2009-10-19T18:25:33-04:00,30000.0,0.0
80cba45e-4c59-43fe-8ee8-6ce6a4ee2e40,2009,Q3,,315717,GEPHARDT GROUP GOVERNMENT AFFAIRS,DC,185464,MEDICAID AND MEDICARE ADVANTAGE PRODUCTS ASSOCIATION,PR,coalition of insurers offering Medicare advantage plans in Puerto Rico,90000.00,,Medicare/Medicaid|Insurance|Health Issues,"Puerto Rico Medicare Advantage plans; H.R. 3200, America's Affordable Health Choices Act; America's Healthy Future Act|Puerto Rico Medicare Advantage plans; H.R. 3200, America's Affordable Health Choices Act; America's Healthy Future Act|Puerto Rico Medicare Advantage plans; H.R. 3200, America's Affordable Health Choices Act; America's Healthy Future Act",,2009-10-20T07:43:00-04:00,90000.0,0.0
0cd46a16-e5f6-4bab-90c1-c92cd65a0fdc,2009,Q3,,73134,O'NEILL AND ASSOCIATES,MA,166589,"PG ENGINEERING SOLUTIONS, P.S.C.",PR,Mass transit systems,30000.00,,Transportation,Pipeline security.,,2009-10-20T12:09:55-04:00,30000.0,0.0
d3ab6758-93f5-4bb0-ab43-3fe46b073f99,2009,Q3,,41408,WILEY REIN LLP,DC,150958,PUERTO RICO TELEPHONE COMPANY,PR,Telecommunications,,,Communications/Broadcasting/Radio/TV,Universal Service Fund; insular issues.,,2009-10-20T12:25:57-04:00,0.0,0.0
6a8a2e3f-dd98-403d-a619-8d6feb7a474b,2009,Q3,,7268,BROYDRICK & ASSOCIATES,DC,110356,MILWAUKEE METROPOLITAN SEWERAGE DISTRICT,PR,Municipality in Puerto Rico,30000.00,,Environment/Superfund,"HR3202, SRF Clean Water bill, clean water trust fund, watershed initiative, appropriations",,2009-10-20T12:42:18-04:00,30000.0,0.0
1082fc76-2006-4fb3-aad9-bb923267b52a,2009,Q3,,40043343,MCCONNELL VALDES PLLC,DC,188466,MAYAGUEZ 2010,PR,Organizing Committee for 2010 Central-American Games,,,Budget/Appropriations|Immigration,"Lobby key Members of Congress and federal agencies for projects related to the 2010 Central-American and Caribbean Games|Met with officials at the Department of Sate, Homeland Security, Health and Human Services and the White House to discus",,2009-10-20T14:15:44-04:00,0.0,0.0
a4b33e91-5771-4ecd-a4d2-26751986a67c,2009,Q3,,40043343,MCCONNELL VALDES PLLC,DC,188475,CITY OF MAYAGUEZ,PR,Municipal Government,30000.00,,Government Issues|Budget/Appropriations,Lobby key Members of the US House of Representatives and the Administration on issues related to the Mayaguez 2010 Centr|Lobby key Members of the U.S. House of Representatives on issues related to the Mayaguez 2010 Central-American and Carib,,2009-10-20T15:02:02-04:00,30000.0,0.0
19890d97-4569-406c-8c3e-946d0060e354,2009,Q3,,400428070,"NATIONAL HEALTH ADVISORS, LLC",DC,190739,MEDICAL CARD SYSTEMS (MCS),PR,Insurance Company,70000.00,,Health Issues,"H.R. 3200; 
America's Healthy Future Act;
Medicare Advantage",,2009-10-20T15:12:35-04:00,70000.0,0.0
93708655-3c4e-486e-99ec-de9188a285cf,2009,Q3,,40043343,MCCONNELL VALDES PLLC,DC,188469,EDUK GROUP,PR,Higher Education,20000.00,,Education,Lobby key Members of the U.S. House of Representatives and U.S. Department of Education for inclusion of Rule 90/10 prov,,2009-10-20T15:20:59-04:00,20000.0,0.0
f2b2f6a4-63bf-4565-9756-e88340a84981,2009,Q3,,40043343,MCCONNELL VALDES PLLC,DC,188470,BANCO POPULAR DE PUERTO RICO,PR,Bank,,,Education,None during this period.,,2009-10-20T15:25:27-04:00,0.0,0.0
e793bc2f-e454-4074-96be-a8c723398fac,2009,Q3,,40043343,MCCONNELL VALDES PLLC,DC,188472,PONTIFICAL CATHOLIC UNIVERSITY OF PUERTO RICO,PR,University,20000.00,,Education|Budget/Appropriations,Lobby key Members of Congress and U.S. Department of Education on issues related to PUCPR's FY 2009 Title V grant applic|Lobby key Members of the US House of Representatives and the Administration to secure a Congressional earmark for PUCPR',,2009-10-20T15:59:34-04:00,20000.0,0.0
f16fb097-8df6-4082-84d1-009d6491a001,2009,Q3,,40043343,MCCONNELL VALDES PLLC,DC,188468,POLYTECHNIC UNIVERSITY OF PUERTO RICO,PR,University,10000.00,,Budget/Appropriations,Lobby key Members of the US House of Representatives and US Department of Education to secure a Congressional earmark fo,,2009-10-20T16:06:40-04:00,10000.0,0.0
a7cf0a1f-3d62-4e2f-9e15-dbbf7d9de405,2009,Q3,,22198,"LASA, MONROIG & VEVE",DC,129014,MUNICIPALITY OF SALINAS,PR,,,,Disaster Planning/Emergencies,The funding for river protective works to disminish the possibility of disaster and flood emergencies.,,2009-10-20T16:09:28-04:00,0.0,0.0
04e5c863-fa7b-4a24-b0d9-956621095023,2009,3T,,40043343,MCCONNELL VALDES PLLC,DC,188473,SUPERINTENDENT OF THE CAPITOL,PR,Superintendent of State Capitol,,,Budget/Appropriations,No lobbying activity,,2009-10-20T16:19:47-04:00,0.0,0.0
1e536b26-11b8-41f7-9365-78e182cda397,2009,Q3Y,,32008,"POWERS PYLES SUTTER & VERVILLE, P.C.",DC,139495,SISTEMA UNIVERSITARIO ANA G MENDEZ,PR,,,,,,,2009-10-20T17:00:57-04:00,0.0,0.0
ddfb725c-1698-47d1-849b-da8762adb0be,2009,Q2,,313715,CAPITOL COUNSEL LLC,DC,184393,ASOCIACION DE HOSPITALES DE PUERTO RICO,PR,Representative of hospitals in Puerto Rico,,,Medicare/Medicaid|Health Issues,"Legislative issues relating to medicare reimbursement payments to hospitals and
HR 3200, America's Affordable Health Cho|Legislative issues relating to medicare reimbursement payments to hospitals and HR 3200, America's Affordable Health Cho",,2009-10-20T17:58:28-04:00,0.0,0.0
f15b9bf2-89a7-46dc-bf9d-d3db2ecf2837,2009,Q3,,313715,CAPITOL COUNSEL LLC,DC,184393,ASOCIACION DE HOSPITALES DE PUERTO RICO,PR,Representative of hospitals in Puerto Rico,,,Health Issues|Medicare/Medicaid,"Legislative issues relating to medicare reimbursement payments to hospitals and HR 3200, America's Affordable Health Cho|Legislative issues relating to medicare reimbursement payments to hospitals and
HR 3200, America's Affordable Health Cho",,2009-10-20T18:19:01-04:00,0.0,0.0
c0c66550-ff93-4f6f-8de8-2ec30ff59cd9,2009,Q3,,77754,"OLDAKER & WILLISON, LLP",DC,170074,MUNICIPALITY OF BAYAMON,PR,LOCAL MUNICIPALITY,,,Budget/Appropriations,"FY 2010 Interior and Environment Approprations Bill (EPA) -- H2996
FY 2010 transportation reauthorization bill",,2009-10-20T18:45:20-04:00,0.0,0.0
e51016cf-ddf1-49f8-8cc7-777bbc1afe32,2009,RR,,40043343,MCCONNELL VALDES PLLC,DC,188476,CITY OF PONCE,PR,Municipal Government,,,Budget/Appropriations|Government Issues,Lobby key Members of the US House of Representatives and the Federal Executive branch on issues related to the city of P|Lobby key Members of the US House of Representatives and the Federal Executive branch on issues related to the city of P,,2009-11-03T14:02:24-05:00,0.0,0.0
e8a15a95-94e9-40fc-843e-32fe7f036544,2009,Q3,,295350,MG GROUP,VA,179164,PUERTO RICO HOSPITAL ASSOCIATION,PR,,12000.00,,Medicare/Medicaid,"IPPS Reimbursement formula
DSH Payments/Medicare",,2009-11-08T08:27:44-05:00,12000.0,0.0
eb24586c-bb66-4515-a7cc-6de0e966d560,2009,RA,,54197,QGA PUBLIC AFFAIRS (FORMERLY QUINN GILLESPIE & ASSOCIATES),DC,158682,CONSERVATION TRUST OF PUERTO RICO,PR,Protection and Enhancement of Natural Resources of Puerto Rico,,,Taxation/Internal Revenue Code|Budget/Appropriations,"Department of Interior Funding
Rum Tax|Department of Interior Funding
Rum Tax",,2009-11-12T16:37:46-05:00,0.0,0.0
1d7783a0-d3a7-4527-810d-e44ef21590eb,2009,RR,,54197,QGA PUBLIC AFFAIRS (FORMERLY QUINN GILLESPIE & ASSOCIATES),DC,158785,THE SENATE OF PUERTO RICO,PR,Legislature of Puerto Rico,,,Taxation/Internal Revenue Code|Health Issues|Medicare/Medicaid,"Rum Tax
Puerto Rico Parity in Entitlement Programs and Health Care Reform|Rum Tax
Puerto Rico Parity in Entitlement Programs and Health Care Reform|Rum Tax
Puerto Rico Parity in Entitlement Programs and Health Care Reform",,2009-11-12T16:39:47-05:00,0.0,0.0
d3961ff1-5a4b-487c-a3eb-33c1f75ffa68,2009,Q3,,40043343,MCCONNELL VALDES PLLC,DC,188476,CITY OF PONCE,PR,Municipal Government,10000.00,,Budget/Appropriations|Government Issues,Lobby key Members of the U.S. House of Representatives and the Federal Executive branch on issues related to the city of|Lobby members of the Federal Executive branch on issues relating to Ponce.,,2009-11-20T15:47:01.677000-05:00,10000.0,0.0
30ae0729-0c71-4fbc-b89e-b18894e45e90,2009,Q4,,33795,THE ROTH GROUP,VA,142129,MUNICIPALITY OF YAUCO,PR,Municipality,20000.00,,Budget/Appropriations,"FY 10 Transportation HUD appropriations - ADA compliant project 
Monitored FY 10 appropriations process
Yauco Bridge pro",,2010-01-11T12:23:44.477000-05:00,20000.0,0.0
8144fda8-94f8-4739-8b55-f77e46431546,2009,Q4,,33795,THE ROTH GROUP,VA,142133,MUNICIPALITY OF VILLALBA,PR,Municipality,20000.00,,Housing|Budget/Appropriations|Government Issues,"Introduction of Mayor and Municipality to HUD staff regarding Housing projects|FY 10 appropriations  monitored appropriations process and funding initiatives in Congress
Villalba By Pass Road project|Introduction of Mayor and Municipality to COPS office officials regarding City",,2010-01-11T14:28:24.543000-05:00,20000.0,0.0
9289e86f-2d44-4225-a0f1-8a4fbaccd7b8,2009,Q4,,40043343,MCCONNELL VALDES PLLC,DC,188466,MAYAGUEZ 2010,PR,Organizing Committee for 2010 Central-American Games,,,Immigration|Budget/Appropriations,"Met with officials at the Department of State, Homeland Security, Health and Human Services and the White House to discu|Lobby key Members of Congress and federal agencies for projects related to the 2010 Central-American and Caribbean Games",,2010-01-14T12:52:34.593000-05:00,0.0,0.0
532200ec-3e74-4e5e-b918-27aa58f76075,2009,Q4,,40043343,MCCONNELL VALDES PLLC,DC,188475,CITY OF MAYAGUEZ,PR,Municipal Government,30000.00,,Government Issues|Budget/Appropriations,Lobby key Members of the US House of Representatives and the Administration on issues related to the Mayaguez 2010 Centr|Lobby key Members of the US House of Representatives on issues related to the Mayaguez 2010 Central-American and Caribbe,,2010-01-14T13:14:02.070000-05:00,30000.0,0.0
f261f802-18d1-417c-a87a-6308aadb4aeb,2009,Q4,,40043343,MCCONNELL VALDES PLLC,DC,188468,POLYTECHNIC UNIVERSITY OF PUERTO RICO,PR,University,10000.00,,Budget/Appropriations,Lobby key Members of the US House of Representatives and US Department of Education to secure a Congressiomal earmark fo,,2010-01-14T14:26:13.057000-05:00,10000.0,0.0
6e11906e-6598-45b4-9cdb-21c99dfe8cc8,2009,Q4,,40043343,MCCONNELL VALDES PLLC,DC,188472,PONTIFICAL CATHOLIC UNIVERSITY OF PUERTO RICO,PR,University,20000.00,,Education|Budget/Appropriations,Lobby key Members of Congress and US Department of Education on issues related to PUCPR's FY 2009 Title V Grant applicat|Lobby key Members of the US House of Representatives and the Administration to secure a Congressional earmark for PUCPR',,2010-01-14T14:41:29.677000-05:00,20000.0,0.0
82caf2b0-c8c2-4312-ad83-a9d2cdbc2bc5,2009,Q4,,40043343,MCCONNELL VALDES PLLC,DC,188476,CITY OF PONCE,PR,Municipal Government,10000.00,,Government Issues|Budget/Appropriations,Lobby key members of the Federal Executive Branch on issues relating to Ponce.|Lobby key Members of the US House of Representatives and the Federal Executive Branch on issues related to the City of P,,2010-01-14T15:11:05.727000-05:00,10000.0,0.0
a289b959-0933-4df7-bfab-094fbd22d26e,2009,RR,,90250,TREMONT STRATEGIES GROUP LLC,MA,174408,BLUEWATER DEFENSE,PR,Deployment Ready Tactical Gear.,,,Defense,Providing product information and company overview for members and staff.,,2010-01-19T10:52:57.500000-05:00,0.0,0.0
5194e098-1dfd-4396-8c87-0f111b2ccff4,2009,Q4,,40043343,MCCONNELL VALDES PLLC,DC,188470,BANCO POPULAR DE PUERTO RICO,PR,Bank,,,Education,None during this period,,2010-01-19T10:57:36.997000-05:00,0.0,0.0
568e4192-0cf6-404c-84d8-248277f7b90b,2009,Q4,,40043343,MCCONNELL VALDES PLLC,DC,188469,EDUK GROUP,PR,Higher Education,,,Education,None during this period,,2010-01-19T11:06:03.730000-05:00,0.0,0.0
74d745af-b0c7-40fc-bc10-f08719e58be0,2009,Q4,,317355,JOSE FUENTES,DC,186006,MUNICIPALITY OF BAYAMON,PR,,,,Roads/Highway|Energy/Nuclear|Transportation,Renovation of main roads.|Solar canopy funding.|Renovation of main roads.,,2010-01-19T15:44:29.687000-05:00,0.0,0.0
f8e4aa6c-c2a0-4d81-8ca2-be9f77f188a7,2009,Q4,,317355,JOSE FUENTES,DC,186009,"EMPRESAS FONALLEDAS, INC.",PR,Real estate development company.,30000.00,,Taxation/Internal Revenue Code|Health Issues,Child tax credit extension to Puerto Rico.|Lifting cap on Medicaid.,,2010-01-19T15:59:58.693000-05:00,30000.0,0.0
50d7c97b-7def-49ac-9b85-b164d7de7c7b,2009,Q4,,315717,GEPHARDT GROUP GOVERNMENT AFFAIRS,DC,185464,MEDICAID AND MEDICARE ADVANTAGE PRODUCTS ASSOCIATION,PR,coalition of insurers offering Medicare advantage plans in Puerto Rico,90000.00,,Health Issues|Medicare/Medicaid,Medicare advantage reform and rate calculation|Medicare advantage reform and rate calculation issues,,2010-01-19T16:51:46.300000-05:00,90000.0,0.0
725b7bf3-c608-47a6-883c-7dee9cd56c5a,2009,Q4,,7268,BROYDRICK & ASSOCIATES,DC,110356,MILWAUKEE METROPOLITAN SEWERAGE DISTRICT,PR,Municipality in Puerto Rico,20000.00,,Environment/Superfund,"SRF Clean Water bill, legislation, watershed initiative, appropriations, Clean Water Trust Fund, Water Resources Develop",,2010-01-19T17:49:59.230000-05:00,20000.0,0.0
144b2d24-2044-48c7-a153-58ed6bc3af30,2009,Q4,,73134,O'NEILL AND ASSOCIATES,MA,166589,"PG ENGINEERING SOLUTIONS, P.S.C.",PR,Mass transit systems,30000.00,,Transportation,Federal transit issues and funding opportunities.,,2010-01-19T19:46:52.737000-05:00,30000.0,0.0
c09f66a7-6e00-487d-9534-3998c6d0040f,2009,Q4,,90250,TREMONT STRATEGIES GROUP LLC,MA,174408,BLUEWATER DEFENSE,PR,Deployment Ready Tactical Gear.,20000.00,,Defense,Providing product information and company overview for members and staff.,,2010-01-20T09:37:59.043000-05:00,20000.0,0.0
52dc706b-d82e-42a3-bc3f-74b4dbfb2512,2009,Q4,,313715,CAPITOL COUNSEL LLC,DC,184393,ASOCIACION DE HOSPITALES DE PUERTO RICO,PR,Representative of hospitals in Puerto Rico,20000.00,,Health Issues|Medicare/Medicaid,"Legislative issues relating to medicare reimbursement payments to hospitals and HR 3200, America's Affordable Health Cho|Legislative issues relating to medicare reimbursement payments to hospitals and HR 3962 - Affordable Health Care for Ame",,2010-01-20T10:15:08.997000-05:00,20000.0,0.0
80f9a9d9-71d2-4b63-ba70-e015a1864214,2009,Q4,,682,AKIN GUMP STRAUSS HAUER & FELD,DC,100772,INTER-AMERICAN UNIVERSITY OF PUERTO RICO,PR,,30000.00,,Education,Higher education issues,,2010-01-20T12:36:43.990000-05:00,30000.0,0.0
925f919b-72d1-413c-ac28-0e32496b4382,2009,4TY,,77754,"OLDAKER & WILLISON, LLP",DC,170074,MUNICIPALITY OF BAYAMON,PR,LOCAL MUNICIPALITY,,,,,,2010-01-20T15:02:53.387000-05:00,0.0,0.0
decd2ae9-b405-4f31-8fdb-570e1d843ecb,2009,Q4Y,,32008,"POWERS PYLES SUTTER & VERVILLE, P.C.",DC,139495,SISTEMA UNIVERSITARIO ANA G MENDEZ,PR,,,,,,,2010-01-20T16:04:28.847000-05:00,0.0,0.0
fd367e0b-2e19-400c-bd79-b8510f55e5dc,2009,Q4,,54197,QGA PUBLIC AFFAIRS (FORMERLY QUINN GILLESPIE & ASSOCIATES),DC,158682,CONSERVATION TRUST OF PUERTO RICO,PR,Protection and Enhancement of Natural Resources of Puerto Rico,30000.00,,Budget/Appropriations|Taxation/Internal Revenue Code,"Interior Funding
HR 2996 Department of the Interior, Environment, and Related Agencies Appropriations Act, 2010|Rum Tax Extenders
Hr 2122 To amend the internal revenue code of 1986 to provide a special rule for allocating the cover ",,2010-01-20T16:47:43.020000-05:00,30000.0,0.0
d2ca016e-cd44-49b9-9c55-0f71ef9268d2,2009,Q4,,41408,WILEY REIN LLP,DC,150958,PUERTO RICO TELEPHONE COMPANY,PR,Telecommunications,,,Communications/Broadcasting/Radio/TV,Universal Service Fund; insular issues.,,2010-01-20T16:55:22.657000-05:00,0.0,0.0
de66ee49-6eae-44c0-97a4-235d68691017,2009,Q4,,54197,QGA PUBLIC AFFAIRS (FORMERLY QUINN GILLESPIE & ASSOCIATES),DC,158785,THE SENATE OF PUERTO RICO,PR,Legislature of Puerto Rico,40000.00,,Taxation/Internal Revenue Code|Health Issues,"Rum Cover Over; Tax Extenders
HR 2122 To amend the Internal Revenue Code of 1986 to provide a special rule for allocatin|Puerto Rico Parity in Entitlement Prgrams
HR 3590 Patient Protection and Affordable Care Act
HR 3962 Affordable Health C",,2010-01-20T17:16:50.307000-05:00,40000.0,0.0
0961d4e9-4490-4d80-b885-427bb1a99f7f,2009,Q4,,22198,"LASA, MONROIG & VEVE",DC,129014,MUNICIPALITY OF SALINAS,PR,,,,Disaster Planning/Emergencies,The funding for river protective works to disminish the possibility of disaster and flood emergencies.,,2010-01-20T17:33:15.410000-05:00,0.0,0.0
472f8c18-a52c-4248-a76b-96e53100d6b9,2009,Q4,,400428070,"NATIONAL HEALTH ADVISORS, LLC",DC,190739,MEDICAL CARD SYSTEMS (MCS),PR,Insurance Company,40000.00,,Health Issues,Medicare Advantage issues related to health reform legislation -- America's Affordable Health Choices Act of 2009 (HR 32,,2010-01-20T18:05:49.600000-05:00,40000.0,0.0
b019958c-5e04-494f-a2ec-63a41a6fc195,2009,Q4,,37232,SULLIVAN & CROMWELL LLP,DC,146158,"POPULAR, INC",PR,Commercial bank.,10000.00,,Banking,"Issues and legislation affecting the financial services industry, including H.R. 4173.",,2010-01-20T19:38:25.703000-05:00,10000.0,0.0
decdee42-bbdb-401b-b9fe-075c7f340e2d,2009,Q4,,295350,MG GROUP,VA,179164,PUERTO RICO HOSPITAL ASSOCIATION,PR,,12000.00,,Medicare/Medicaid,"PPS Reimbursement formula
DSH Payments/Medicare",,2010-01-20T23:11:29.407000-05:00,12000.0,0.0
b87ac9f1-ad53-44e6-967e-bedb7703a74c,2010,RR,,284551,CAUTHEN FORBES & WILLIAMS,DC,175277,CONSERVATION TRUST OF PUERTO RICO,PR,Environmental Protection and Conservation Trust,,,Taxation/Internal Revenue Code,Issues related to rum tax.,,2010-03-10T09:15:44.807000-05:00,0.0,0.0
d0f6f223-b208-4fa7-8b22-26588ebf5ddc,2010,RR,,400568704,"SDA GLOBAL,INC.",PR,192956,MUNICIPIO DE CIDRA,PR,Municipality,,,Urban Development/Municipalities,"Transportation, Homeland Security and Education",,2010-03-30T14:53:31.100000-04:00,0.0,0.0
7df9364f-b4f0-4303-ba0d-3a1300b49d33,2010,RR,,400568704,"SDA GLOBAL,INC.",PR,192958,MUNICIPIO DE BARCELONETA,PR,Municipality,,,Transportation|Health Issues|Science/Technology,"Transportation, Health, Technology|Transportation, Health, Technology|Transportation, Health, Technology",,2010-03-30T15:05:32.003000-04:00,0.0,0.0
dc714987-403a-45a2-ac17-0ab0669d9dc4,2010,Q1,,400568704,"SDA GLOBAL,INC.",PR,192958,MUNICIPIO DE BARCELONETA,PR,Municipality,10000.00,,Urban Development/Municipalities,"Transportation, Health, Technology",,2010-04-12T13:35:40.493000-04:00,10000.0,0.0
13f81497-2992-4841-927a-17ec9d3af8e0,2010,RR,,400568704,"SDA GLOBAL,INC.",PR,192958,MUNICIPIO DE BARCELONETA,PR,Municipality,,,Urban Development/Municipalities|Transportation|Health Issues|Science/Technology,"Transportation, Health, Technology|Transportation, Health, Technology|Transportation, Health, Technology|Transportation, Health, Technology",,2010-04-13T10:06:05.647000-04:00,0.0,0.0
17ce5968-4f68-4594-a4e5-3e7dd747fec4,2010,Q1,,33795,THE ROTH GROUP,VA,142133,MUNICIPALITY OF VILLALBA,PR,Municipality,20000.00,,Budget/Appropriations,"FY 11 appropriations  Transportation projects, Housing projects and infrastructure projects",,2010-04-15T13:32:16.773000-04:00,20000.0,0.0
9f61a908-200c-4c7c-8fe2-4d4425428de3,2010,Q1,,33795,THE ROTH GROUP,VA,142129,MUNICIPALITY OF YAUCO,PR,Municipality,20000.00,,Budget/Appropriations,"FY 11 Appropriations  Bridge projects, economic development projects for Municipality, ADA compliant project and infrast",,2010-04-15T13:46:36.487000-04:00,20000.0,0.0
41609e2d-01f0-4545-8dc9-f25a6a171193,2010,Q1,,313715,CAPITOL COUNSEL LLC,DC,184393,ASOCIACION DE HOSPITALES DE PUERTO RICO,PR,Representative of hospitals in Puerto Rico,,,Medicare/Medicaid|Health Issues,Legislative issues relating to medicare reimbursement payments to hospitals; HR 3590 - Patient Protection and Affordable|Legislative issues relating to medicare reimbursement payments to hospitals; HR 3590 - Patient Protection and Affordable,,2010-04-16T15:54:25.167000-04:00,0.0,0.0
38e2edc6-8991-497b-8900-8f90d274c2d7,2010,Q1,,7268,BROYDRICK & ASSOCIATES,DC,110356,MILWAUKEE METROPOLITAN SEWERAGE DISTRICT,PR,Municipality in Puerto Rico,20000.00,,Clean Air and Water (quality),"Clean Water Bill Trust Fund, Water Resources Development Act, jobs bill, Appropriations under the FY 2011 bill: S1005 Wa",,2010-04-16T17:38:23.517000-04:00,20000.0,0.0
e7d08d2a-4992-4b36-8817-8abcf0a68a2d,2010,Q1,,317355,JOSE FUENTES,DC,186006,MUNICIPALITY OF BAYAMON,PR,,,,Roads/Highway|Urban Development/Municipalities|Transportation|Energy/Nuclear,"Renovation of main roads.|Urban development.|Renovation of main roads.|Solar energy, solar canopy funding.",,2010-04-19T13:08:05.707000-04:00,0.0,0.0
e30cf0bd-cc69-4dcc-b389-35981b28ec7e,2010,Q1Y,,40043343,MCCONNELL VALDES PLLC,DC,188470,BANCO POPULAR DE PUERTO RICO,PR,Bank,,,,,,2010-04-19T13:08:34.807000-04:00,0.0,0.0
f412f2fe-fe79-4364-9caf-2fcff0e0e9ae,2010,Q1,,40043343,MCCONNELL VALDES PLLC,DC,188476,CITY OF PONCE,PR,Municipal Government,10000.00,,Budget/Appropriations|Government Issues,Lobby key Members of the US House of Representatives and the Federal Executive Branch on issues related to the City of P|Lobby key members of the Federal Executive Branch on issues relating to the City of Ponce.,,2010-04-19T13:25:16.910000-04:00,10000.0,0.0
dcf60567-434d-4def-8e64-0b476cee829a,2010,Q1,,317355,JOSE FUENTES,DC,186009,"EMPRESAS FONALLEDAS, INC.",PR,Real estate development company.,40000.00,,Health Issues|Taxation/Internal Revenue Code|Real Estate/Land Use/Conservation,Lifting cap on Medicaid.|Child tax credit extension to Puerto Rico.|Land conservation and flood control.,,2010-04-19T13:34:01.287000-04:00,40000.0,0.0
a90c0843-2c74-463c-ad27-6e60c4dc141b,2010,Q1,,40043343,MCCONNELL VALDES PLLC,DC,188475,CITY OF MAYAGUEZ,PR,Municipal Government,30000.00,,Budget/Appropriations|Government Issues,Lobby key Members of the US House of Representatives on issues related to the Mayaguez 2010 Central-American And Caribbe|Lobby key Members of the US House of Representatives and the Federal executive Branch on issues related to the Mayaguez ,,2010-04-19T13:40:11.420000-04:00,30000.0,0.0
b4532b32-eca5-4ca8-add7-59ec13ed699e,2010,Q1,,40043343,MCCONNELL VALDES PLLC,DC,188466,MAYAGUEZ 2010,PR,Organizing Committee for 2010 Central-American Games,,,Immigration|Budget/Appropriations,"Met with officials at the Department of State, Homeland Security, Health and Human Services and the White House to discu|Lobby key Members of Congress and federal agencies for projects related to the 2010 Central-American and Caribbean Games",,2010-04-19T14:01:17.757000-04:00,0.0,0.0
d1ff7e02-981f-4626-b1f2-c29751370800,2010,Q1,,40043343,MCCONNELL VALDES PLLC,DC,188472,PONTIFICAL CATHOLIC UNIVERSITY OF PUERTO RICO,PR,University,20000.00,,Budget/Appropriations|Education,Lobby key memb ers of the US House of REpresentatives and the Federal Executive Branch to secure a Congressional earmark|Lobby key Members of Congress and US Department of Education on issues related to PUCPR;s FY 2010 Title V Grant applicat,,2010-04-19T14:28:37.870000-04:00,20000.0,0.0
3d0266f7-714e-462c-834c-e8d54a790673,2010,Q1,,40043343,MCCONNELL VALDES PLLC,DC,188468,POLYTECHNIC UNIVERSITY OF PUERTO RICO,PR,University,10000.00,,Budget/Appropriations,Lobby key Members of the US House of Representatives and US Department of Education to secure a Congressional earmark fo,,2010-04-19T14:36:56.507000-04:00,10000.0,0.0
ac953aa6-a490-445b-bf5d-731814211345,2010,1T,,40043343,MCCONNELL VALDES PLLC,DC,188469,EDUK GROUP,PR,Higher Education,,,Education,None during this period,,2010-04-19T15:23:13.597000-04:00,0.0,0.0
0c96f808-6c34-455e-b781-467128f86af4,2010,Q1,,284551,CAUTHEN FORBES & WILLIAMS,DC,175277,CONSERVATION TRUST OF PUERTO RICO,PR,Environmental Protection and Conservation Trust,30000.00,,Taxation/Internal Revenue Code,Issues related to rum tax.,,2010-04-19T15:36:25.687000-04:00,30000.0,0.0
552ec916-cc4b-43f2-9f88-41808a4ad224,2010,RR,,40043343,MCCONNELL VALDES PLLC,DC,188474,PUERTO RICO DEPARTMENT OF CORRECTION AND REHABILITATION,PR,State Government Agency,,,Energy/Nuclear|Law Enforcement/Crime/Criminal Justice|Education|Budget/Appropriations,Support for state agency before Federal Government|Support for state agency before Federal Government|Support for state agency before Federal Government|Support for state agency before Federal Government,,2010-04-19T15:48:36.840000-04:00,0.0,0.0
4d218128-db49-4824-9d48-56df48b8089b,2010,1TY,,315717,GEPHARDT GROUP GOVERNMENT AFFAIRS,DC,185464,MEDICAID AND MEDICARE ADVANTAGE PRODUCTS ASSOCIATION,PR,coalition of insurers offering Medicare advantage plans in Puerto Rico,,,,,,2010-04-19T18:32:42.197000-04:00,0.0,0.0
f5fba3e4-05f9-46a3-86ed-7d39ee40a3a5,2010,Q1,,682,AKIN GUMP STRAUSS HAUER & FELD,DC,100772,INTER-AMERICAN UNIVERSITY OF PUERTO RICO,PR,,30000.00,,Education,Higher education issues,,2010-04-20T09:48:17.940000-04:00,30000.0,0.0
1f17e722-3fa9-4f57-a12f-42dcd884c7b0,2010,Q1,,90250,TREMONT STRATEGIES GROUP LLC,MA,174408,BLUEWATER DEFENSE,PR,Deployment Ready Tactical Gear.,30000.00,,Defense,Providing product information and company overview for members and staff.,,2010-04-20T09:48:28.507000-04:00,30000.0,0.0
7f68ba50-8995-450a-9965-e681adfa7ca0,2010,Q1,,73134,O'NEILL AND ASSOCIATES,MA,166589,"PG ENGINEERING SOLUTIONS, P.S.C.",PR,Mass transit systems,30000.00,,Transportation,Federal transit administration and funding opportunities.,,2010-04-20T13:24:33.767000-04:00,30000.0,0.0
b975d8cc-75aa-4a50-9c11-bf61a7e22e1a,2010,Q1,,54197,QGA PUBLIC AFFAIRS (FORMERLY QUINN GILLESPIE & ASSOCIATES),DC,158682,CONSERVATION TRUST OF PUERTO RICO,PR,Protection and Enhancement of Natural Resources of Puerto Rico,30000.00,,Taxation/Internal Revenue Code|Budget/Appropriations,"Rum Tax Extenders
Hr 2122 To amend the internal revenue code of 1986 to provide a special rule for allocating the cover |Interior Funding
HR 2996 Department of the Interior, Environment, and Related Agencies Appropriations Act, 2010",,2010-04-20T14:27:30.907000-04:00,30000.0,0.0
e1e3e6e2-bd36-4d5b-8fca-fc666cab0cf2,2010,Q1Y,,32008,"POWERS PYLES SUTTER & VERVILLE, P.C.",DC,139495,SISTEMA UNIVERSITARIO ANA G MENDEZ,PR,,,,,,,2010-04-20T14:51:29.650000-04:00,0.0,0.0
41a67a41-c300-47f8-808c-d9ab64756b9e,2010,Q1,,54197,QGA PUBLIC AFFAIRS (FORMERLY QUINN GILLESPIE & ASSOCIATES),DC,158785,THE SENATE OF PUERTO RICO,PR,Legislature of Puerto Rico,60000.00,,Taxation/Internal Revenue Code|Health Issues,"Rum Cover Over; Tax Extenders
HR 2122 To amend the Internal Revenue Code of 1986 to provide a special rule for allocatin|Puerto Rico Parity in Entitlement Prgrams
HR 3590 Patient Protection and Affordable Care Act
HR 3962 Affordable Health C",,2010-04-20T14:53:34.190000-04:00,60000.0,0.0
968b998a-03ac-47a0-897d-e7e1ab275dcc,2010,Q1,,41408,WILEY REIN LLP,DC,150958,PUERTO RICO TELEPHONE COMPANY,PR,Telecommunications,20000.00,,Communications/Broadcasting/Radio/TV,Universal Service Fund; insular issues; FCC insular proceedings.,,2010-04-20T16:20:50.600000-04:00,20000.0,0.0
b6b2e41d-5b3f-40a3-bb22-1bf0232c85ae,2010,Q1,,400428070,"NATIONAL HEALTH ADVISORS, LLC",DC,190739,MEDICAL CARD SYSTEMS (MCS),PR,Insurance Company,80000.00,,Health Issues,Medicare Advantage issues related to health reform legislation -- Patient Protection and Affordable Care Act (PL: 111-14,,2010-04-20T16:29:06.847000-04:00,80000.0,0.0
6e8610f7-4add-456a-9c69-ded3df076a17,2010,Q1Y,,37232,SULLIVAN & CROMWELL LLP,DC,146158,"POPULAR, INC",PR,Commercial bank.,,,,,,2010-04-20T17:35:32.743000-04:00,0.0,0.0
5e6f52bb-f3d2-43b9-8e6b-8fb0ca482eb2,2009,2A,,400428070,"NATIONAL HEALTH ADVISORS, LLC",DC,190739,MEDICAL CARD SYSTEMS (MCS),PR,Insurance Company,50000.00,,Health Issues,America's Healthy Choices Act,,2010-04-23T14:00:58.670000-04:00,50000.0,0.0
20cf9d82-0c8e-4b8e-82f0-e19c466229a5,2009,3A,,400428070,"NATIONAL HEALTH ADVISORS, LLC",DC,190739,MEDICAL CARD SYSTEMS (MCS),PR,Insurance Company,80000.00,,Health Issues,"H.R. 3200; 
America's Healthy Future Act;
Medicare Advantage",,2010-04-23T14:03:59.623000-04:00,80000.0,0.0
f88aeded-9a72-4c33-8abd-74ca88f51b16,2009,4A,,400428070,"NATIONAL HEALTH ADVISORS, LLC",DC,190739,MEDICAL CARD SYSTEMS (MCS),PR,Insurance Company,80000.00,,Health Issues,Medicare Advantage issues related to health reform legislation -- America's Affordable Health Choices Act of 2009 (HR 32,,2010-04-23T14:06:00.763000-04:00,80000.0,0.0
b55ff225-d1d0-4378-a14e-4987e93b3092,2010,Q1Y,,22198,"LASA, MONROIG & VEVE",DC,129014,MUNICIPALITY OF SALINAS,PR,,,,,,,2010-04-26T16:27:20.943000-04:00,0.0,0.0
734e6699-5f7e-4f0a-a299-a0777e4a094a,2010,Q1,,400568704,"SDA GLOBAL,INC.",PR,192956,MUNICIPIO DE CIDRA,PR,Municipality,10000.00,,Roads/Highway,Federal Funds for municipal roads.,,2010-04-27T13:19:04.557000-04:00,10000.0,0.0
1e141a20-4e3a-4a19-80d8-d8a025b8f500,2010,Q1,,400568704,"SDA GLOBAL,INC.",PR,192958,MUNICIPIO DE BARCELONETA,PR,Municipality,35000.00,,Health Issues|Science/Technology,Funds for municipal medical facilities|Science research facility,,2010-04-27T13:39:06.780000-04:00,35000.0,0.0
353fe12a-e706-48dc-8473-6e8d8d2ec025,2010,Q1,,295350,MG GROUP,VA,179164,PUERTO RICO HOSPITAL ASSOCIATION,PR,,12000.00,,Medicare/Medicaid,"PPS Reimbursement formula
DSH Payments/Medicare
EHR incentive payments",,2010-05-05T09:46:04.157000-04:00,12000.0,0.0
a6f3f6fb-0e3a-42b3-aea9-3a8cfb7ea1ae,2010,1A,,73134,O'NEILL AND ASSOCIATES,MA,166589,"PG ENGINEERING SOLUTIONS, P.S.C.",PR,Mass transit systems,30000.00,,Transportation,Federal transit administration and funding opportunities.,,2010-06-15T17:25:17.100000-04:00,30000.0,0.0
a0c104f1-d1c6-40b3-937a-6873c2176544,2010,2A,,7268,BROYDRICK & ASSOCIATES,DC,110356,MILWAUKEE METROPOLITAN SEWERAGE DISTRICT,PR,Municipality in Puerto Rico,20000.00,,Clean Air and Water (quality),"AFFORDABILITY LEGISLATION, S 1005 & ARRA (Buy America Provisions), Trust Fund bill, WRDA (Water Resourced Development Ac",,2010-07-08T12:44:42.967000-04:00,20000.0,0.0
dd7bf674-a56c-4973-8821-4df355e5adde,2010,RR,,400428066,NWG ADVOCACY LLC,FL,190716,"DESTILERIA SERRALLES, INC.",PR,Distiller of Spirits,,,Taxation/Internal Revenue Code,Tax Extenders,,2010-07-13T09:48:39.517000-04:00,0.0,0.0
b7d1ab96-0ee4-4feb-a6ff-d541e9ddc9aa,2010,2TY,,33795,THE ROTH GROUP,VA,142129,MUNICIPALITY OF YAUCO,PR,Municipality,6000.00,,,,,2010-07-13T15:43:50.483000-04:00,6000.0,0.0
0e9f2edc-ada4-42fe-ac56-4b64a6452df0,2010,Q2,,33795,THE ROTH GROUP,VA,142133,MUNICIPALITY OF VILLALBA,PR,Municipality,20000.00,,Budget/Appropriations|Government Issues|Housing,"FY 11 Appropriations -- Villalba By Pass Road project, Housing and infrastructure projects|Public safety issues for Municipality|Housing projects and elderly housing",,2010-07-13T16:31:21.490000-04:00,20000.0,0.0
45dc8900-9b7d-4a85-9093-529c35652265,2010,Q2,,40043343,MCCONNELL VALDES PLLC,DC,188468,POLYTECHNIC UNIVERSITY OF PUERTO RICO,PR,University,10000.00,,Budget/Appropriations,Lobby key members of the U.S. House of Representatives and U.S. Department of Education to secure a Congressional earmar,,2010-07-14T14:48:45.243000-04:00,10000.0,0.0
ac5efe28-0dcf-48f8-825e-c09cfdc0f050,2010,Q2,,40043343,MCCONNELL VALDES PLLC,DC,188470,BANCO POPULAR DE PUERTO RICO,PR,Bank,,,Education,None during this period,,2010-07-14T14:53:50.980000-04:00,0.0,0.0
92752b01-f3bd-4cb9-bc2d-afa0f1142e9e,2010,Q2,,40043343,MCCONNELL VALDES PLLC,DC,188472,PONTIFICAL CATHOLIC UNIVERSITY OF PUERTO RICO,PR,University,20000.00,,Education|Budget/Appropriations,Lobby key Membsers of Congress and US Department of Education on issues related to PUCPR's FY 2010 Title V Grant applica|Lobby key members of the US House of Representatives and the Administration to secure a Congressional earmark for PUCPR',,2010-07-14T15:04:06.637000-04:00,20000.0,0.0
ea8fa375-a4bc-4c7f-afbe-ec17dec081a1,2010,2TY,,40043343,MCCONNELL VALDES PLLC,DC,188466,MAYAGUEZ 2010,PR,Organizing Committee for 2010 Central-American Games,,,,,,2010-07-14T15:17:30.900000-04:00,0.0,0.0
1e1d778e-5185-41c9-9a07-13c87c2b4391,2010,Q2,,40043343,MCCONNELL VALDES PLLC,DC,188475,CITY OF MAYAGUEZ,PR,Municipal Government,30000.00,,Budget/Appropriations|Government Issues,Lobby key members of the US House of Representatives on issues related to the Mayaguez 2010 Central-American and Caribbe|Lobby key members of the US House of Representatives and the Administration on issues related to the Mayaguez 2010 Centr,,2010-07-14T15:28:47.697000-04:00,30000.0,0.0
7982abe9-7ccf-4241-bd73-6d66efa23936,2010,Q2,,40043343,MCCONNELL VALDES PLLC,DC,188476,CITY OF PONCE,PR,Municipal Government,10000.00,,Government Issues|Budget/Appropriations,Lobby key membsers of the Federal Executive Branch on issues relating to Ponce.|Lobby key members of the US House of Representatives and the Federal Executive Branch on issues related to the City of P,,2010-07-14T15:41:07.900000-04:00,10000.0,0.0
d28eaca6-0caf-4539-9adc-753cdf2f39bf,2010,Q2,,40043343,MCCONNELL VALDES PLLC,DC,188474,PUERTO RICO DEPARTMENT OF CORRECTION AND REHABILITATION,PR,State Government Agency,,,Budget/Appropriations|Education|Law Enforcement/Crime/Criminal Justice,"Lobby key members of the US House of Representatives to secure a Congressional earmark in Commerce, Justice and Science |Lobby  the US Department of Education for Inmate Education funding.|Lobby the Federal Executive Branch to assist PR Department of Corrections and Rehabilitatin with grant proposals before ",,2010-07-15T10:45:44.277000-04:00,0.0,0.0
0e0b51b9-0d6d-4923-b994-6a164588a02b,2010,Q2Y,,32008,"POWERS PYLES SUTTER & VERVILLE, P.C.",DC,139495,SISTEMA UNIVERSITARIO ANA G MENDEZ,PR,,,,,,,2010-07-16T10:10:08.937000-04:00,0.0,0.0
697fbb60-6275-4083-a476-9a4ca755ee02,2010,Q2,,682,AKIN GUMP STRAUSS HAUER & FELD,DC,100772,INTER-AMERICAN UNIVERSITY OF PUERTO RICO,PR,,30000.00,,Education,Higher education issues,,2010-07-17T14:09:23.393000-04:00,30000.0,0.0
74def611-5d51-40d8-a97d-b4847ec4ef4e,2010,Q2,,317355,JOSE FUENTES,DC,186006,MUNICIPALITY OF BAYAMON,PR,,,,Budget/Appropriations|Urban Development/Municipalities|Transportation,House appropriations subcommittee on transportation.  Federal highway administration's transportation community and syst|House appropriations subcommittee on transportation.  Federal highway administration's transportation community and syst|Renovation of main roads.,,2010-07-19T14:41:59.023000-04:00,0.0,0.0
d833eddb-76eb-4978-8336-b78e1cee49a9,2010,Q2,,313715,CAPITOL COUNSEL LLC,DC,184393,ASOCIACION DE HOSPITALES DE PUERTO RICO,PR,Representative of hospitals in Puerto Rico,,,Medicare/Medicaid|Health Issues,Legislative issues relating to medicare reimbursement payments to hospitals; HR 3590 - Patient Protection and Affordable|Legislative issues relating to medicare reimbursement payments to hospitals; HR 3590 - Patient Protection and Affordable,,2010-07-19T15:24:17.760000-04:00,0.0,0.0
d0b2ba0f-678b-42e5-8bd2-aa2205191ab8,2010,Q2,,317355,JOSE FUENTES,DC,186009,"EMPRESAS FONALLEDAS, INC.",PR,Real estate development company.,40000.00,,Real Estate/Land Use/Conservation|Taxation/Internal Revenue Code,Land conservation and flood control.|Earned income tax credit (H.R. 2839); child tax credit (H.R. 3718) extension to Puerto Rico.,,2010-07-19T17:05:35.357000-04:00,40000.0,0.0
d272a122-c1b6-44f3-bf54-687fdb14a07d,2010,Q2,,90250,TREMONT STRATEGIES GROUP LLC,MA,174408,BLUEWATER DEFENSE,PR,Deployment Ready Tactical Gear.,30000.00,,Defense,Providing product information and company overview for members and staff.,,2010-07-20T09:15:11.343000-04:00,30000.0,0.0
fe407e79-bd35-490f-9c5d-0655e739cba7,2010,Q2,,284551,CAUTHEN FORBES & WILLIAMS,DC,175277,CONSERVATION TRUST OF PUERTO RICO,PR,Environmental Protection and Conservation Trust,30000.00,,Taxation/Internal Revenue Code,Issues related to rum tax.,,2010-07-20T10:16:42.343000-04:00,30000.0,0.0
8d62db42-4ff6-4eb5-bd8a-ffb212a97719,2010,Q2,,73134,O'NEILL AND ASSOCIATES,MA,166589,"PG ENGINEERING SOLUTIONS, P.S.C.",PR,Mass transit systems,30000.00,,Transportation,Lobbying Federal Transit Administration and exploring funding opportunities,,2010-07-20T10:43:40.003000-04:00,30000.0,0.0
bf55f4c8-f141-40f5-a098-4eb69beffdd6,2010,Q2,,22198,"LASA, MONROIG & VEVE",DC,129014,MUNICIPALITY OF SALINAS,PR,,,,Disaster Planning/Emergencies,Infrastructure- Identifying funding opportunities for protective works to disminish the possibility of disaster and floo,,2010-07-20T11:33:59.860000-04:00,0.0,0.0
dd6b08e3-20ef-4665-86fb-92035ab84991,2010,Q3,,400428066,NWG ADVOCACY LLC,FL,190716,"DESTILERIA SERRALLES, INC.",PR,Distiller of Spirits,45000.00,,Taxation/Internal Revenue Code,Tax Extenders,,2010-07-20T13:10:17.800000-04:00,45000.0,0.0
8bc60505-6242-4a28-9deb-c4c74c9ba77c,2010,Q2,,400428066,NWG ADVOCACY LLC,FL,190716,"DESTILERIA SERRALLES, INC.",PR,Distiller of Spirits,45000.00,,Taxation/Internal Revenue Code,Tax Extenders,,2010-07-20T13:42:26.723000-04:00,45000.0,0.0
dafd2029-5226-484e-8f4a-302c13d36359,2010,Q2,,41408,WILEY REIN LLP,DC,150958,PUERTO RICO TELEPHONE COMPANY,PR,Telecommunications,80000.00,,Communications/Broadcasting/Radio/TV,Universal Service Fund.,,2010-07-20T13:51:29.397000-04:00,80000.0,0.0
3325f32d-5499-4823-88c7-dadd87fc0251,2010,Q2,,54197,QGA PUBLIC AFFAIRS (FORMERLY QUINN GILLESPIE & ASSOCIATES),DC,158682,CONSERVATION TRUST OF PUERTO RICO,PR,Protection and Enhancement of Natural Resources of Puerto Rico,30000.00,,Taxation/Internal Revenue Code|Budget/Appropriations,"Rum Tax Extenders
Hr 2122 To amend the internal revenue code of 1986 to provide a special rule for allocating the cover |Interior Funding
HR 2996 Department of the Interior, Environment, and Related Agencies Appropriations Act, 2010",,2010-07-20T16:09:12.030000-04:00,30000.0,0.0
af1555d4-b057-4b12-9ad3-06a5e3d2899a,2010,Q2Y,,37232,SULLIVAN & CROMWELL LLP,DC,146158,"POPULAR, INC",PR,Commercial bank.,,,,,,2010-07-20T16:49:27.483000-04:00,0.0,0.0
2c7ab526-8e07-4c40-9551-6a2e03f17274,2010,Q2,,54197,QGA PUBLIC AFFAIRS (FORMERLY QUINN GILLESPIE & ASSOCIATES),DC,158785,THE SENATE OF PUERTO RICO,PR,Legislature of Puerto Rico,60000.00,,Foreign Relations|Taxation/Internal Revenue Code,"Puerto Rican Statehood
HR 2499 The Puerto Rico Democracy Act of 2010|Rum Cover Over; Tax Extenders
HR 2122 To amend the Internal Revenue Code of 1986 to provide a special rule for allocatin",,2010-07-20T17:13:38.813000-04:00,60000.0,0.0
7c70f5b1-0c6f-46e6-a761-831c47b8c45d,2010,Q2,,400428070,"NATIONAL HEALTH ADVISORS, LLC",DC,190739,MEDICAL CARD SYSTEMS (MCS),PR,Insurance Company,80000.00,,Health Issues,Medicare Advantage issues related to health reform legislation -- Patient Protection and Affordable Care Act (PL: 111-14,,2010-07-20T18:18:15.303000-04:00,80000.0,0.0
af370f29-d693-49d1-8b1f-2318b1a5dd2d,2010,Q2,,295350,MG GROUP,VA,179164,PUERTO RICO HOSPITAL ASSOCIATION,PR,,12000.00,,Medicare/Medicaid,"Medicare IPPS formula
DSH Payments/ Medicare
HIT/EHR",,2010-07-20T23:51:15.453000-04:00,12000.0,0.0
b7a96b6c-b88d-4c42-b054-81efad7319f8,2010,RR,,88278,"UPSTREAM CONSULTING, INC.",VA,173869,CONSERVATION TRUST FUND OF PUERTO RICO,PR,conservation,,,Taxation/Internal Revenue Code,Issues related to the taxation of rum.,,2010-07-28T14:00:46.517000-04:00,0.0,0.0
4b1e3455-1eec-4677-b408-26c49688c081,2010,Q2,,400568704,"SDA GLOBAL,INC.",PR,192958,MUNICIPIO DE BARCELONETA,PR,Municipality,30000.00,,Transportation,Funds for Municipal roads,,2010-07-29T11:27:59.847000-04:00,30000.0,0.0
63a18467-2f3b-47e8-bf10-d1efd7346582,2010,Q2,,400568704,"SDA GLOBAL,INC.",PR,192956,MUNICIPIO DE CIDRA,PR,Municipality,30000.00,,Transportation,Funds for Municipa roads,,2010-07-29T11:34:01.017000-04:00,30000.0,0.0
44e5125b-457c-4fc5-9770-0df1be4c6bae,2010,RR,,40043343,MCCONNELL VALDES PLLC,DC,188477,CITY OF SAN JUAN,PR,Municipal Government,,,Budget/Appropriations|Government Issues,Lobby key Members of the US House of Representatives and the Federal Executive branch on issues related to the City of S|Lobby key Members of the US House of Representatives and the Federal Executive branch on issues related to the City of S,,2010-10-13T15:17:48.577000-04:00,0.0,0.0
7d576ea4-f8b8-45eb-8eaf-c0ea2ddea0ce,2010,RR,,400532589,PRIME POLICY GROUP,DC,192384,THE CONSERVATION TRUST OF PUERTO RICO,PR,Environmental protection and historic preservation,,,Taxation/Internal Revenue Code,H.R.2122 and S.3208,,2010-10-14T10:52:34.610000-04:00,0.0,0.0
ec021013-8a21-4093-9946-c9a423e64f75,2010,Q3,,40043343,MCCONNELL VALDES PLLC,DC,188476,CITY OF PONCE,PR,Municipal Government,10000.00,,Government Issues|Budget/Appropriations,Lobby key members of the Federal Executive Branch on issues relating to Ponce.|Lobby key members of the US House of Representatives and the Federal Executive Branch on issues related to the City of P,,2010-10-14T14:47:38.843000-04:00,10000.0,0.0
55f1fb6e-1691-4dad-a29a-fc9b65dcdb61,2010,Q3,,40043343,MCCONNELL VALDES PLLC,DC,188472,PONTIFICAL CATHOLIC UNIVERSITY OF PUERTO RICO,PR,University,20000.00,,Education|Budget/Appropriations,"Lobby key members of Congress and US Department of Education on issues related to PUCPR's FY 2010, Title V Grant applica|Lobby key membrs of the US House of Representatives and the Administration to secure a Congressional earmark for PUCPR's",,2010-10-14T15:00:59.403000-04:00,20000.0,0.0
c5744bec-fca7-4dcc-98b6-e5d36ee28065,2010,Q3,,33795,THE ROTH GROUP,VA,142133,MUNICIPALITY OF VILLALBA,PR,Municipality,20000.00,,Budget/Appropriations,"FY 11 Appropriations -- Villalba By Pass Road Project, Housing and Infrastructure projects",,2010-10-14T15:59:00.883000-04:00,20000.0,0.0
bb93d00a-b1c7-4b20-9cca-159ad5e97eea,2010,3A,,33795,THE ROTH GROUP,VA,142133,MUNICIPALITY OF VILLALBA,PR,Municipality,20000.00,,Budget/Appropriations,"FY 11 Appropriations -- Villalba By Pass Road Project, Housing and Infrastructure projects",,2010-10-14T16:07:09.733000-04:00,20000.0,0.0
e216f304-dadd-41f8-b801-f173c3af1df9,2010,Q3,,40043343,MCCONNELL VALDES PLLC,DC,188470,BANCO POPULAR DE PUERTO RICO,PR,Bank,,,Education,None during this period,,2010-10-15T09:52:41.820000-04:00,0.0,0.0
9b696d63-7dad-4431-9627-9b8aae971b74,2010,Q3,,40043343,MCCONNELL VALDES PLLC,DC,188468,POLYTECHNIC UNIVERSITY OF PUERTO RICO,PR,University,,,Budget/Appropriations,Lobby key members of the US House of Representatives and US Department of Education to secure a Congressional earmark fo,,2010-10-15T10:10:53.787000-04:00,0.0,0.0
8b650e57-5bb4-44c2-b973-2794bb2df248,2010,3T,,40043343,MCCONNELL VALDES PLLC,DC,188468,POLYTECHNIC UNIVERSITY OF PUERTO RICO,PR,University,,,Budget/Appropriations,None during this period.,,2010-10-15T10:15:54.743000-04:00,0.0,0.0
39ce8955-c390-40dc-bbad-5d959497849a,2010,Q3,,40043343,MCCONNELL VALDES PLLC,DC,188475,CITY OF MAYAGUEZ,PR,Municipal Government,30000.00,,Budget/Appropriations|Government Issues,Lobby key members of the US House of Representatives and the Federal Executive Branch on issues related to the City of M|Lobby key members of the Federal Executive branch on issues relating to the City of Mayaguez,,2010-10-15T10:33:04.040000-04:00,30000.0,0.0
8e0866d0-d366-4711-a516-86bfd85d7cdd,2010,Q3Y,,40043343,MCCONNELL VALDES PLLC,DC,188474,PUERTO RICO DEPARTMENT OF CORRECTION AND REHABILITATION,PR,State Government Agency,,,,,,2010-10-15T10:36:07.120000-04:00,0.0,0.0
eb0de95e-5941-43ac-90b3-bb72257e878b,2010,Q3,,40043343,MCCONNELL VALDES PLLC,DC,188477,CITY OF SAN JUAN,PR,Municipal Government,30000.00,,Budget/Appropriations|Government Issues,Lobby key members of the US House of Representatives on issues related to the City of San Juan|Lobby key members of the Fedseral Executive Branch on issues relating to the City of San Juan.,,2010-10-15T10:57:53.997000-04:00,30000.0,0.0
863fb862-e66b-40f4-9703-1d07d68688f3,2010,3A,,7268,BROYDRICK & ASSOCIATES,DC,110356,MILWAUKEE METROPOLITAN SEWERAGE DISTRICT,PR,Municipality in Puerto Rico,20000.00,,Clean Air and Water (quality),"AFFORDABILITY LEGISLATION, S 1005 & ARRA (Buy America Provisions), Trust Fund bill, WRDA (Water Resourced Development Ac",,2010-10-15T16:38:47.300000-04:00,20000.0,0.0
0ae253d3-01fa-4bf5-b66a-45d277acb67d,2010,3A,,7268,BROYDRICK & ASSOCIATES,DC,110356,MILWAUKEE METROPOLITAN SEWERAGE DISTRICT,PR,Municipality in Puerto Rico,20000.00,,Clean Air and Water (quality),"AFFORDABILITY LEGISLATION, S 1005 & ARRA (Buy America Provisions), Trust Fund bill, WRDA (Water Resource Development Act",,2010-10-15T16:38:59.083000-04:00,20000.0,0.0
f4dba47b-c226-4745-a666-08088c20cc58,2010,Q3,,88278,"UPSTREAM CONSULTING, INC.",VA,173869,CONSERVATION TRUST FUND OF PUERTO RICO,PR,conservation,30000.00,,Taxation/Internal Revenue Code,Issues related to the taxation of rum.,,2010-10-16T14:00:50-04:00,30000.0,0.0
93ae8158-b119-46d7-aba1-4c8ad4f34779,2010,RR,,7304,BRYAN CAVE LEIGHTON PAISNER LLP,DC,110684,PUERTO RICO PORTS AUTHORITY,PR,Public Corporation to Develop and Operate Ports and Airports in Puerto Rico,,,Aviation/Airlines/Airports|Marine/Maritime/Boating/Fisheries,San Juan Airport procedures for international in-transit passengers|San Juan Airport procedures for international in-transit passengers,,2010-10-18T15:08:08.837000-04:00,0.0,0.0
60a691bd-0a3c-48fe-8a09-69e4315746a5,2010,Q3,,682,AKIN GUMP STRAUSS HAUER & FELD,DC,100772,INTER-AMERICAN UNIVERSITY OF PUERTO RICO,PR,,30000.00,,Education,Higher education issues,,2010-10-19T14:52:12.127000-04:00,30000.0,0.0
cb816d3e-9119-4b11-96ee-daf4d6affda0,2010,Q3,,317355,JOSE FUENTES,DC,186009,"EMPRESAS FONALLEDAS, INC.",PR,Real estate development company.,60000.00,,Taxation/Internal Revenue Code|Real Estate/Land Use/Conservation,Earned income tax credit (H.R. 2839); child tax credit (H.R. 3718) extension to Puerto Rico.|Land conservation and flood control.,,2010-10-19T14:57:43.007000-04:00,60000.0,0.0
500bdba1-cd17-4652-b533-d0af85a1cecf,2010,Q3,,317355,JOSE FUENTES,DC,186006,MUNICIPALITY OF BAYAMON,PR,,,,Urban Development/Municipalities|Transportation|Budget/Appropriations,House appropriations subcommittee on transportation.  Federal highway administration's transportation community and syst|Renovation of main roads.|House appropriations subcommittee on transportation.  Federal highway administration's transportation community and syst,,2010-10-19T15:12:08.770000-04:00,0.0,0.0
2127b1fe-f11d-49e5-860c-9714904d3110,2010,Q3,,400532589,PRIME POLICY GROUP,DC,192384,THE CONSERVATION TRUST OF PUERTO RICO,PR,Environmental protection and historic preservation,30000.00,,Taxation/Internal Revenue Code,H.R.2122 and S.3208,,2010-10-19T16:31:33.540000-04:00,30000.0,0.0
a4d5480e-c2e8-42ef-931b-f72087987b93,2010,Q3,,90250,TREMONT STRATEGIES GROUP LLC,MA,174408,BLUEWATER DEFENSE,PR,Deployment Ready Tactical Gear.,30000.00,,Defense,Providing product information and company overview for members and staff.,,2010-10-20T10:09:48.903000-04:00,30000.0,0.0
0fe86d00-5d59-4237-80c5-787b40f271ac,2010,Q3,,400568704,"SDA GLOBAL,INC.",PR,192958,MUNICIPIO DE BARCELONETA,PR,Municipality,40000.00,,Transportation,Funds for municipal roads,,2010-10-20T10:19:43.447000-04:00,40000.0,0.0
e823d50a-b100-49b8-8063-8a190d0459ee,2010,Q3,,400568704,"SDA GLOBAL,INC.",PR,192956,MUNICIPIO DE CIDRA,PR,Municipality,30000.00,,Transportation,Funds for municipal roads,,2010-10-20T10:37:06.103000-04:00,30000.0,0.0
9625bd45-65a4-427c-90d7-33462ac3d502,2010,Q3,,41408,WILEY REIN LLP,DC,150958,PUERTO RICO TELEPHONE COMPANY,PR,Telecommunications,90000.00,,Communications/Broadcasting/Radio/TV,Universal Service Fund.,,2010-10-20T11:04:36.133000-04:00,90000.0,0.0
b681864b-fb62-46ce-899d-ee7cf637dd82,2010,Q3,,54197,QGA PUBLIC AFFAIRS (FORMERLY QUINN GILLESPIE & ASSOCIATES),DC,158682,CONSERVATION TRUST OF PUERTO RICO,PR,Protection and Enhancement of Natural Resources of Puerto Rico,30000.00,,Taxation/Internal Revenue Code|Budget/Appropriations,"Rum Tax Extenders
Hr 2122 To amend the internal revenue code of 1986 to provide a special rule for allocating the cover |Interior Funding
HR 2996 Department of the Interior, Environment, and Related Agencies Appropriations Act, 2010",,2010-10-20T13:57:41.187000-04:00,30000.0,0.0
43dd2e40-d57a-431e-8511-d89ce4899f94,2010,Q3,,54197,QGA PUBLIC AFFAIRS (FORMERLY QUINN GILLESPIE & ASSOCIATES),DC,158785,THE SENATE OF PUERTO RICO,PR,Legislature of Puerto Rico,,,Natural Resources|Taxation/Internal Revenue Code,"Puerto Rican Statehood
HR 2499 The Puerto Rico Democracy Act of 2010|Rum Cover Over; Tax Extenders
HR 2122 To amend the Internal Revenue Code of 1986 to provide a special rule for allocatin",,2010-10-20T14:39:29.547000-04:00,0.0,0.0
308b738e-cb76-4613-97d0-781d722aad7c,2010,Q3Y,,32008,"POWERS PYLES SUTTER & VERVILLE, P.C.",DC,139495,SISTEMA UNIVERSITARIO ANA G MENDEZ,PR,,,,,,,2010-10-20T14:43:09.557000-04:00,0.0,0.0
91bc1773-353a-49df-8e9c-f8d2476204d0,2010,Q3,,284551,CAUTHEN FORBES & WILLIAMS,DC,175277,CONSERVATION TRUST OF PUERTO RICO,PR,Environmental Protection and Conservation Trust,30000.00,,Taxation/Internal Revenue Code,Issues related to rum tax.,,2010-10-20T15:18:11.463000-04:00,30000.0,0.0
f7b715b3-547c-4562-a4b3-3d01935e8c45,2010,Q3,,400428070,"NATIONAL HEALTH ADVISORS, LLC",DC,190739,MEDICAL CARD SYSTEMS (MCS),PR,Insurance Company,80000.00,,Health Issues,"Implementation by HHS and CMS of Patient Protection and Affordable Care Act (PL: 111-148), Health Care and Education Rec",,2010-10-20T16:03:18.510000-04:00,80000.0,0.0
150a624e-70d2-471d-a3d7-9858df359fd9,2010,Q3Y,,37232,SULLIVAN & CROMWELL LLP,DC,146158,"POPULAR, INC",PR,Commercial bank.,,,,,,2010-10-20T16:03:19.510000-04:00,0.0,0.0
5d8d2076-058f-4fcc-b1f2-3afa7699541c,2010,2@,,313715,CAPITOL COUNSEL LLC,DC,184393,ASOCIACION DE HOSPITALES DE PUERTO RICO,PR,Representative of hospitals in Puerto Rico,,,Medicare/Medicaid|Health Issues,Legislative issues relating to medicare reimbursement payments to hospitals; HR 3590 - Patient Protection and Affordable|Legislative issues relating to medicare reimbursement payments to hospitals; HR 3590 - Patient Protection and Affordable,,2010-10-20T16:47:46.277000-04:00,0.0,0.0
92eba19d-90ba-4d4c-9015-d1eb4341f14c,2010,3T,,73134,O'NEILL AND ASSOCIATES,MA,166589,"PG ENGINEERING SOLUTIONS, P.S.C.",PR,Mass transit systems,,,Transportation,Lobbying Federal Transit Administration and exploring funding opportunities,,2010-10-20T17:48:39.970000-04:00,0.0,0.0
fc74efde-1010-40d4-8e9c-0bf74d5549e4,2010,Q3,,22198,"LASA, MONROIG & VEVE",DC,129014,MUNICIPALITY OF SALINAS,PR,,,,Disaster Planning/Emergencies,Infraestructure- Identifying funding opportunities for protective works to diminish the possibility of disaster and floo,,2010-10-21T10:22:26.570000-04:00,0.0,0.0
9452628d-7282-487b-bfc1-8e1fb30a5118,2010,Q3,,7304,BRYAN CAVE LEIGHTON PAISNER LLP,DC,110684,PUERTO RICO PORTS AUTHORITY,PR,Public Corporation to Develop and Operate Ports and Airports in Puerto Rico,20000.00,,Homeland Security,development of new approaches to airport safety for in-transit foreign airline passengers,,2010-10-21T15:55:13.720000-04:00,20000.0,0.0
745ce63a-3925-4e43-b742-43ae5b8ae2fb,2010,Q3,,295350,MG GROUP,VA,179164,PUERTO RICO HOSPITAL ASSOCIATION,PR,,12000.00,,Medicare/Medicaid,"Medicare IPPS formula
DSH Payments/Medicare
HIT/EHR",,2010-10-28T12:07:49.613000-04:00,12000.0,0.0
8a334b8c-83d7-4cdf-86ff-2108e09a150d,2010,RR,,12631,FAEGRE DRINKER BIDDLE & REATH LLP,DC,117561,"MIDA (CAMARA DE MERCADEO, INDUSTRIA Y DISTRIBUCION DE ALIMENTOS DE PUERTO RICO)",PR,Food Industry,,,"Food Industry (safety, labeling, etc.)",Supplemental Nutrition Assistance Program,,2011-01-06T09:49:19.103000-05:00,0.0,0.0
bc393279-21e3-4b20-9ee1-885fbbaadd30,2010,Q4,,33795,THE ROTH GROUP,VA,142133,MUNICIPALITY OF VILLALBA,PR,Municipality,20000.00,,Budget/Appropriations|Education,"Villalba By Pass Road funding project
Housing and Hospice funding|Monitored Head Start issues for Municipality",,2011-01-13T12:14:44.757000-05:00,20000.0,0.0
5a86afd1-0a24-4574-8292-9794e99ebb90,2010,RR,,40043343,MCCONNELL VALDES PLLC,DC,188479,FHC HEALTH SYSTEMS OF PR,PR,Mental Healthcare Provider,,,Health Issues,Healthcare Reform,,2011-01-13T13:32:57.223000-05:00,0.0,0.0
78ea23c1-0d46-4b75-b8a4-3949c155e529,2010,Q4,,40043343,MCCONNELL VALDES PLLC,DC,188477,CITY OF SAN JUAN,PR,Municipal Government,30000.00,,Budget/Appropriations|Government Issues,Lobby key members of the US House of Representatives on issues related to the City of San Juan.|Lobby key members of the Federal Executive Branch on issues relating to the City of San Juan.,,2011-01-13T13:47:07.037000-05:00,30000.0,0.0
a99d5aaa-b4ab-4fb1-9764-b493ad5b2c1c,2010,4TY,,40043343,MCCONNELL VALDES PLLC,DC,188474,PUERTO RICO DEPARTMENT OF CORRECTION AND REHABILITATION,PR,State Government Agency,,,,,,2011-01-13T13:55:19.317000-05:00,0.0,0.0
aa279dc1-87fb-448b-9b00-af4702dcbb1c,2010,Q4,,40043343,MCCONNELL VALDES PLLC,DC,188475,CITY OF MAYAGUEZ,PR,Municipal Government,30000.00,,Budget/Appropriations|Government Issues,Lobby key members of the US House of Representatives and the Federal Executive Branch on issues related to the City of M|Lobby key members of the Executive Branch on issues relating to the City of Mayaguez.,,2011-01-13T14:04:34.067000-05:00,30000.0,0.0
ca29efb2-6671-4ebf-afac-30076ae87e36,2010,Q4,,40043343,MCCONNELL VALDES PLLC,DC,188470,BANCO POPULAR DE PUERTO RICO,PR,Bank,,,Education,None during this period.,,2011-01-13T14:11:44.677000-05:00,0.0,0.0
8f427937-cd41-4cf8-b0b1-fe3818f3ef49,2010,Q4,,40043343,MCCONNELL VALDES PLLC,DC,188476,CITY OF PONCE,PR,Municipal Government,10000.00,,Budget/Appropriations|Government Issues,Lobby key members of the US House of Representatives and the Federal Executive Brach  on issues related to the City of P|Lobby key members of the Federal Execuive Branch on issues relating to the City of Ponce.,,2011-01-13T14:43:33.927000-05:00,10000.0,0.0
2bf9695c-c181-43f7-ac29-bbdce61f2e6d,2010,Q4,,40043343,MCCONNELL VALDES PLLC,DC,188472,PONTIFICAL CATHOLIC UNIVERSITY OF PUERTO RICO,PR,University,20000.00,,Budget/Appropriations|Education,"Lobby key members of the US House of Representatives and the Administration to secure a Congressional earmark for PUCPR'|Lobby key members of Congress and US Department of Education on issues related to PUCPR's FY 2010, Title V Grant applica",,2011-01-13T14:51:40.520000-05:00,20000.0,0.0
91915e51-ccb1-4e19-a1de-a5ac8b7327a0,2010,Q4,,7268,BROYDRICK & ASSOCIATES,DC,110356,MILWAUKEE METROPOLITAN SEWERAGE DISTRICT,PR,Municipality in Puerto Rico,30000.00,,Clean Air and Water (quality),"AFFORDABILITY LEGISLATION, S 1005 & ARRA (Buy America Provisions), Trust Fund bill, WRDA (Water Resource Development Act",,2011-01-14T10:53:46.973000-05:00,30000.0,0.0
05e4139b-d2d1-40f0-9492-2683b864eaee,2010,Q4,,40043343,MCCONNELL VALDES PLLC,DC,188479,FHC HEALTH SYSTEMS OF PR,PR,Mental Healthcare Provider,10000.00,,Health Issues,Meeting with key members of the US House of Representatives to discuss healthcare reform,,2011-01-14T14:32:21.913000-05:00,10000.0,0.0
48f0d022-7a1a-470b-82a6-5f3000752ab4,2010,Q4Y,,682,AKIN GUMP STRAUSS HAUER & FELD,DC,100772,INTER-AMERICAN UNIVERSITY OF PUERTO RICO,PR,,,,,,,2011-01-16T16:20:12.803000-05:00,0.0,0.0
2517a931-a790-46ae-a65c-e38cf881b726,2010,4T,,400428066,NWG ADVOCACY LLC,FL,190716,"DESTILERIA SERRALLES, INC.",PR,Distiller of Spirits,45000.00,,Taxation/Internal Revenue Code,Tax Extenders,,2011-01-18T11:12:04.227000-05:00,45000.0,0.0
e1268dc7-408c-4d53-9778-2bd29adb584f,2010,Q4,,88278,"UPSTREAM CONSULTING, INC.",VA,173869,CONSERVATION TRUST FUND OF PUERTO RICO,PR,conservation,30000.00,,Taxation/Internal Revenue Code,"H.R.4853, Tax Relief, Unemployment Insurance Reauthorization, and Job Creation Act of 2010; issues related to the taxati",,2011-01-18T14:47:20.320000-05:00,30000.0,0.0
3e03b1ab-a4f9-47d2-bb06-5537ce86b9ae,2010,Q4,,12631,FAEGRE DRINKER BIDDLE & REATH LLP,DC,117561,"MIDA (CAMARA DE MERCADEO, INDUSTRIA Y DISTRIBUCION DE ALIMENTOS DE PUERTO RICO)",PR,Food Industry,10000.00,,"Food Industry (safety, labeling, etc.)",Supplemental Nutrition Assistance Program,,2011-01-18T16:27:20.020000-05:00,10000.0,0.0
e40a9ee1-e7da-4a39-82a9-2635ad52e081,2010,Q4,,400532589,PRIME POLICY GROUP,DC,192384,THE CONSERVATION TRUST OF PUERTO RICO,PR,Environmental protection and historic preservation,30000.00,,Taxation/Internal Revenue Code,H.R.2122 and S.3208,,2011-01-19T10:48:37.973000-05:00,30000.0,0.0
5581bd35-0674-438c-bef3-8dc18bccfcf1,2010,Q4,,7304,BRYAN CAVE LEIGHTON PAISNER LLP,DC,110684,PUERTO RICO PORTS AUTHORITY,PR,Public Corporation to Develop and Operate Ports and Airports in Puerto Rico,20000.00,,Homeland Security,development of new approaches to airport safety for in-transit foreign airline passengers,,2011-01-19T14:02:29.817000-05:00,20000.0,0.0
2fff8795-864f-4083-9091-0853196457c5,2010,Q4,,317355,JOSE FUENTES,DC,186006,MUNICIPALITY OF BAYAMON,PR,,,,Transportation|Urban Development/Municipalities|Budget/Appropriations,Renovation of main roads.|House appropriations subcommittee on transportation.  Federal highway administration's transportation community and syst|House appropriations subcomittee on transportation.  Federal highway administration's transportation community and syste,,2011-01-19T16:38:18.907000-05:00,0.0,0.0
d61a1ff7-c659-4a3a-9230-23c08668633b,2010,Q4,,284551,CAUTHEN FORBES & WILLIAMS,DC,175277,CONSERVATION TRUST OF PUERTO RICO,PR,Environmental Protection and Conservation Trust,30000.00,,Taxation/Internal Revenue Code,Issues related to rum tax.,,2011-01-19T19:34:53.750000-05:00,30000.0,0.0
48c590b4-8412-4e10-a8e5-c8789be1a538,2010,Q4,,90250,TREMONT STRATEGIES GROUP LLC,MA,174408,BLUEWATER DEFENSE,PR,Deployment Ready Tactical Gear.,30000.00,,Defense,Providing product information and company overview for members and staff.,,2011-01-20T11:06:23.733000-05:00,30000.0,0.0
02a13724-14a2-4851-a86c-64100f1d0aa5,2010,Q4Y,,22198,"LASA, MONROIG & VEVE",DC,129014,MUNICIPALITY OF SALINAS,PR,,,,,,,2011-01-20T13:00:50.637000-05:00,0.0,0.0
77136718-3d73-4ad9-aa3d-9b98548ddbfc,2010,Q4,,41408,WILEY REIN LLP,DC,150958,PUERTO RICO TELEPHONE COMPANY,PR,Telecommunications,20000.00,,Communications/Broadcasting/Radio/TV,Universal Service Fund issues before the FCC.,,2011-01-20T13:19:19.293000-05:00,20000.0,0.0
d55fb725-9022-4e53-9228-d47616d6bdbc,2010,4T,,313715,CAPITOL COUNSEL LLC,DC,184393,ASOCIACION DE HOSPITALES DE PUERTO RICO,PR,Representative of hospitals in Puerto Rico,,,Health Issues|Medicare/Medicaid,Legislative issues relating to medicare reimbursement payments to hospitals; HR 3590 - Patient Protection and Affordable|Legislative issues relating to medicare reimbursement payments to hospitals; HR 3590 - Patient Protection and Affordable,,2011-01-20T13:34:49.200000-05:00,0.0,0.0
8cd3f63b-30f0-45df-ad90-17bbb18a50a9,2010,Q4,,317355,JOSE FUENTES,DC,186009,"EMPRESAS FONALLEDAS, INC.",PR,Real estate development company.,60000.00,,Taxation/Internal Revenue Code|Real Estate/Land Use/Conservation,Earned income tax credit (H.R. 2839); child tax credit (H.R. 3718) extension to Puerto Rico.|Land conservation and flood control.,,2011-01-20T14:07:39.893000-05:00,60000.0,0.0
e298b6b3-8831-4288-b9e9-9b0f82d8f2c3,2010,Q4Y,,32008,"POWERS PYLES SUTTER & VERVILLE, P.C.",DC,139495,SISTEMA UNIVERSITARIO ANA G MENDEZ,PR,,,,,,,2011-01-20T14:36:35.377000-05:00,0.0,0.0
565d8d2a-ecf6-43f2-bac7-3655cd198aea,2010,Q4Y,,37232,SULLIVAN & CROMWELL LLP,DC,146158,"POPULAR, INC",PR,Commercial bank.,,,,,,2011-01-20T16:19:12.537000-05:00,0.0,0.0
eb4b2044-a3f6-4fe7-865a-0f21f256d8b8,2010,Q4,,54197,QGA PUBLIC AFFAIRS (FORMERLY QUINN GILLESPIE & ASSOCIATES),DC,158682,CONSERVATION TRUST OF PUERTO RICO,PR,Protection and Enhancement of Natural Resources of Puerto Rico,20000.00,,Taxation/Internal Revenue Code|Budget/Appropriations,"Rum Tax Extenders
Hr 2122 To amend the internal revenue code of 1986 to provide a special rule for allocating the cover |Interior Funding
HR 2996 Department of the Interior, Environment, and Related Agencies Appropriations Act, 2010",,2011-01-20T17:17:25.113000-05:00,20000.0,0.0
38c29213-71e9-42b2-9b03-000a003fd1d5,2010,Q4,,54197,QGA PUBLIC AFFAIRS (FORMERLY QUINN GILLESPIE & ASSOCIATES),DC,158785,THE SENATE OF PUERTO RICO,PR,Legislature of Puerto Rico,,,Taxation/Internal Revenue Code|Natural Resources,"Rum Cover Over; Tax Extenders
HR 2122 To amend the Internal Revenue Code of 1986 to provide a special rule for allocatin|Puerto Rican Statehood
HR 2499 The Puerto Rico Democracy Act of 2010",,2011-01-20T18:05:50.473000-05:00,0.0,0.0
f7b4f7bd-9bd2-4919-9c2d-05bfb6c8cf0d,2010,Q4,,400428070,"NATIONAL HEALTH ADVISORS, LLC",DC,190739,MEDICAL CARD SYSTEMS (MCS),PR,Insurance Company,80000.00,,Health Issues,"Implementation by HHS and CMS of Patient Protection and Affordable Care Act (PL: 111-148), Health Care and Education Rec",,2011-01-20T20:05:53.847000-05:00,80000.0,0.0
9665d9ea-9b0b-4703-8df9-f5b701e632b3,2010,4T,,400568704,"SDA GLOBAL,INC.",PR,192956,MUNICIPIO DE CIDRA,PR,Municipality,30000.00,,Transportation,Funds for  municipal roads,,2011-02-04T08:00:28.303000-05:00,30000.0,0.0
925152fe-002e-400d-90a3-c67790c585ab,2010,Q4,,400568704,"SDA GLOBAL,INC.",PR,192958,MUNICIPIO DE BARCELONETA,PR,Municipality,40000.00,,Transportation,Funds for municipal roads,,2011-02-04T08:07:29.100000-05:00,40000.0,0.0
68c7558e-705d-4d19-901e-76d12229b433,2010,Q4,,295350,MG GROUP,VA,179164,PUERTO RICO HOSPITAL ASSOCIATION,PR,,12000.00,,Medicare/Medicaid,"IPPS Medicare Reimbursement
DHS Payments/Medicare
EHR incentives",,2011-02-04T09:09:29.773000-05:00,12000.0,0.0
f0f1ef6e-45d6-466f-9841-b411d50b58c2,2010,4A,,22198,"LASA, MONROIG & VEVE",DC,129014,MUNICIPALITY OF SALINAS,PR,,,,Urban Development/Municipalities,Begin the request process and strategy for a possible future appropriation of funds to channelize the Rio Nigua in the m,,2011-02-16T11:16:00.353000-05:00,0.0,0.0
d9d2fc64-4111-4598-bf41-e398e3ab37c8,2011,Q1,,7268,BROYDRICK & ASSOCIATES,DC,110356,MILWAUKEE METROPOLITAN SEWERAGE DISTRICT,PR,Municipality in Puerto Rico,,,Clean Air and Water (quality),"Trust Fund bill, WRDA (Water Resource Development Act), Infrastructure Bank, KK Grant, GLRI Grant. Green Infrastructure,",,2011-04-06T15:50:41.020000-04:00,0.0,0.0
62b22247-8449-465f-8ba1-2e638f304f65,2011,Q1,,33795,THE ROTH GROUP,VA,142133,MUNICIPALITY OF VILLALBA,PR,Municipality,20000.00,,Budget/Appropriations,"Advocated for Villalba By Pass Road project, Hospice/HUD funding, Jacaguas River Flood Control Project",,2011-04-12T13:55:17.643000-04:00,20000.0,0.0
8437d92f-690b-480e-94ac-37ca394c19f7,2011,Q1,,88278,"UPSTREAM CONSULTING, INC.",VA,173869,CONSERVATION TRUST FUND OF PUERTO RICO,PR,conservation,30000.00,,Taxation/Internal Revenue Code,Issues related to the taxation of rum.,,2011-04-15T13:42:51-04:00,30000.0,0.0
2273fbd7-89a1-44fa-bb22-19b472f6ec88,2011,Q1,,40043343,MCCONNELL VALDES PLLC,DC,188477,CITY OF SAN JUAN,PR,Municipal Government,30000.00,,Budget/Appropriations|Government Issues,Lobby key members of the US House or Representatives on issues related to the City of Sna Juan.|Lobby key members of the Federal Executive Branch on issues relating to the City of San Juan,,2011-04-18T10:08:48.067000-04:00,30000.0,0.0
62927474-56ed-487e-95e8-82fb2e8e3102,2011,Q1,,40043343,MCCONNELL VALDES PLLC,DC,188479,FHC HEALTH SYSTEMS OF PR,PR,Mental Healthcare Provider,10000.00,,Health Issues,Meeting with key membrs of the US House of Representatives to discuss healthcare reform.,,2011-04-18T10:17:21.583000-04:00,10000.0,0.0
569bdb84-2749-4265-8d4e-58d597d3cc89,2011,Q1,,40043343,MCCONNELL VALDES PLLC,DC,188476,CITY OF PONCE,PR,Municipal Government,20000.00,,Budget/Appropriations|Government Issues,Lobby key members of the US House of Representatives on issues related to the City of Ponce|Lobby key members of the Federal Executive Branch on issues relating to the City of Ponce,,2011-04-18T10:29:14.607000-04:00,20000.0,0.0
a0d192d3-b5b0-43e5-a479-2ff19b2ea100,2011,Q1,,40043343,MCCONNELL VALDES PLLC,DC,188472,PONTIFICAL CATHOLIC UNIVERSITY OF PUERTO RICO,PR,University,20000.00,,Economics/Economic Development|Budget/Appropriations|Education,Lobby key members of the Federal Executive Branch on issues relating to PUCPR.|Lobby key membrs of the US House of Representatives and the Administration on issues relating to PUCPR's New Biotechnolo|Lobby key members of Congress and the US Department of Educatoin on issues related to PUCPR.,,2011-04-18T11:13:41.677000-04:00,20000.0,0.0
e9eef87a-22cb-407d-b36c-0c52307188a0,2011,Q1Y,,40043343,MCCONNELL VALDES PLLC,DC,188475,CITY OF MAYAGUEZ,PR,Municipal Government,,,,,,2011-04-18T11:25:18.833000-04:00,0.0,0.0
05cb67d5-41a3-421c-bd82-4096328b2530,2011,Q1Y,,40043343,MCCONNELL VALDES PLLC,DC,188470,BANCO POPULAR DE PUERTO RICO,PR,Bank,,,,,,2011-04-18T12:10:42.097000-04:00,0.0,0.0
39d2d1b0-68d3-46bc-802a-55f68e5c631f,2011,Q1Y,,40043343,MCCONNELL VALDES PLLC,DC,188475,CITY OF MAYAGUEZ,PR,Municipal Government,,,,,,2011-04-18T12:16:01.317000-04:00,0.0,0.0
a4ea85c6-6adc-4049-8800-74436ac2b018,2011,Q1,,317355,JOSE FUENTES,DC,186009,"EMPRESAS FONALLEDAS, INC.",PR,Real estate development company.,60000.00,,Taxation/Internal Revenue Code|Real Estate/Land Use/Conservation,Earned income tax credit (H.R. 2839); child tax credit (H.R. 3718) extension to Puerto Rico.|Land conservation and flood control.,,2011-04-18T12:32:12.940000-04:00,60000.0,0.0
2082bfc6-ef27-4e75-b296-940b5662f2ca,2011,Q1,,317355,JOSE FUENTES,DC,186006,MUNICIPALITY OF BAYAMON,PR,,,,Transportation|Urban Development/Municipalities|Budget/Appropriations,Renovation of main roads.|House appropriations subcomittee on transportation.  Federal highway administration's transportation community and syste|House appropriations subcomittee on transportation.  Federal highway administration's transportation community and syste,,2011-04-18T12:42:46.473000-04:00,0.0,0.0
48eba17e-6cbf-46ad-99ae-b808c3a0010b,2011,Q1,,284551,CAUTHEN FORBES & WILLIAMS,DC,175277,CONSERVATION TRUST OF PUERTO RICO,PR,Environmental Protection and Conservation Trust,30000.00,,Taxation/Internal Revenue Code,Issues related to rum tax and extenders.,,2011-04-19T16:55:05.110000-04:00,30000.0,0.0
f3476f47-2bda-413a-b244-f3d6fecbee3c,2011,Q1Y,,22198,"LASA, MONROIG & VEVE",DC,129014,MUNICIPALITY OF SALINAS,PR,,,,,,,2011-04-19T16:55:07.110000-04:00,0.0,0.0
2cc2f114-8513-49c3-a753-536f89483568,2011,Q1Y,,682,AKIN GUMP STRAUSS HAUER & FELD,DC,100772,INTER-AMERICAN UNIVERSITY OF PUERTO RICO,PR,,,,,,,2011-04-19T17:06:20.357000-04:00,0.0,0.0
5b3d8d80-71c1-4650-b863-947638f2d5cb,2011,Q1,,90250,TREMONT STRATEGIES GROUP LLC,MA,174408,BLUEWATER DEFENSE,PR,Deployment Ready Tactical Gear.,30000.00,,Defense,Providing product information and company overview for members and staff.,,2011-04-20T09:47:00.623000-04:00,30000.0,0.0
afbfa263-e50d-4b7e-b0dc-007b9d220e86,2011,Q1,,54197,QGA PUBLIC AFFAIRS (FORMERLY QUINN GILLESPIE & ASSOCIATES),DC,158682,CONSERVATION TRUST OF PUERTO RICO,PR,Protection and Enhancement of Natural Resources of Puerto Rico,30000.00,,Taxation/Internal Revenue Code|Budget/Appropriations,Rum Tax Extenders|Interior Funding,,2011-04-20T11:58:09.837000-04:00,30000.0,0.0
ecadeb1c-75dd-4062-a0da-edeb4f10eaae,2011,Q1,,54197,QGA PUBLIC AFFAIRS (FORMERLY QUINN GILLESPIE & ASSOCIATES),DC,158785,THE SENATE OF PUERTO RICO,PR,Legislature of Puerto Rico,,,Taxation/Internal Revenue Code|Natural Resources,Rum Cover Over; Tax Extenders|Puerto Rican Statehood,,2011-04-20T12:12:03.803000-04:00,0.0,0.0
201e7575-2266-4632-a79a-66dc575fdb5d,2011,Q1,,7304,BRYAN CAVE LEIGHTON PAISNER LLP,DC,110684,PUERTO RICO PORTS AUTHORITY,PR,Public Corporation to Develop and Operate Ports and Airports in Puerto Rico,30000.00,,Aviation/Airlines/Airports,Development of new approaches to airport safety for in-transit foreign airline passengers,,2011-04-20T12:34:07.977000-04:00,30000.0,0.0
45fcc9da-dd93-40c8-8aa1-0e9c19ddd0fc,2011,Q1,,400532589,PRIME POLICY GROUP,DC,192384,THE CONSERVATION TRUST OF PUERTO RICO,PR,Environmental protection and historic preservation,30000.00,,Taxation/Internal Revenue Code,H.R.2122 and S.3208,,2011-04-20T13:48:26.397000-04:00,30000.0,0.0
07ee10b5-cce3-437a-b3f6-c9fee26b7202,2011,Q1,,12631,FAEGRE DRINKER BIDDLE & REATH LLP,DC,117561,"MIDA (CAMARA DE MERCADEO, INDUSTRIA Y DISTRIBUCION DE ALIMENTOS DE PUERTO RICO)",PR,Food Industry,20000.00,,"Budget/Appropriations|Food Industry (safety, labeling, etc.)",Supplemental Nutrition Assistance Program|Supplemental Nutrition Assistance Program,,2011-04-20T14:35:26.567000-04:00,20000.0,0.0
164a9075-589d-474b-ba46-0527f17cb29b,2011,Q1,,41408,WILEY REIN LLP,DC,150958,PUERTO RICO TELEPHONE COMPANY,PR,Telecommunications,20000.00,,Communications/Broadcasting/Radio/TV,Universal Service Fund issues before the FCC.,,2011-04-20T16:28:44.550000-04:00,20000.0,0.0
c89af721-b965-426e-88cb-4aecba47d38a,2011,Q1Y,,32008,"POWERS PYLES SUTTER & VERVILLE, P.C.",DC,139495,SISTEMA UNIVERSITARIO ANA G MENDEZ,PR,,,,,,,2011-04-20T16:37:24.113000-04:00,0.0,0.0
55f7673c-454b-4c5f-baab-02436a475224,2011,Q1Y,,37232,SULLIVAN & CROMWELL LLP,DC,146158,"POPULAR, INC",PR,Commercial bank.,,,,,,2011-04-20T16:50:35.647000-04:00,0.0,0.0
4fc3d5bf-de4b-4dd2-ad57-b666b9c23e70,2011,Q1,,400428070,"NATIONAL HEALTH ADVISORS, LLC",DC,190739,MEDICAL CARD SYSTEMS (MCS),PR,Insurance Company,90000.00,,Health Issues,"Implementation by HHS and CMS of Patient Protection and Affordable Care Act (PL: 111-148), Health Care and Education Rec",,2011-04-20T19:19:37.257000-04:00,90000.0,0.0
cf0a3b41-cc6b-4811-b6ef-610dbf07a687,2011,Q1,,295350,MG GROUP,VA,179164,PUERTO RICO HOSPITAL ASSOCIATION,PR,,12000.00,,Medicare/Medicaid,"IPPS Medicare Reimbursements
DSH Payments/Medicare
EHR Incentives/ PR Hospitals",,2011-04-28T10:44:47.650000-04:00,12000.0,0.0
6d0c3ad7-dd6b-4843-a646-c82fae8ebb9f,2011,RR,,7304,BRYAN CAVE LEIGHTON PAISNER LLP,DC,110689,PUERTO RICO ELECTRIC POWER AUTHORITY,PR,Electric Power Authority,,,Energy/Nuclear,"Develop strategic support for green, economical, and related energy projects in Puerto Rico.",,2011-04-28T14:53:27.077000-04:00,0.0,0.0
fe616b8a-4da4-4b1c-b73d-145e89b64205,2009,2A,,400428070,"NATIONAL HEALTH ADVISORS, LLC",DC,190739,MEDICAL CARD SYSTEMS (MCS),PR,Insurance Company,50000.00,,Health Issues,America's Healthy Choices Act,,2011-05-16T17:39:36.903000-04:00,50000.0,0.0
5d69fcc1-0742-40f5-a86e-772178c73186,2011,Q2,,33795,THE ROTH GROUP,VA,142133,MUNICIPALITY OF VILLALBA,PR,Municipality,20000.00,,Budget/Appropriations,"Villalba By Pass road project, Hospice/HUD funding project, Jacaugas River Flood Control project, COPS funding initiativ",,2011-07-07T10:50:45.860000-04:00,20000.0,0.0
735ae19f-6692-484b-9bc4-238d73f8a630,2011,Q2,,400532589,PRIME POLICY GROUP,DC,192384,THE CONSERVATION TRUST OF PUERTO RICO,PR,Environmental protection and historic preservation,30000.00,,Taxation/Internal Revenue Code,H.R.2122 and S.3208,,2011-07-14T13:55:04.463000-04:00,30000.0,0.0
384573ed-c14e-4d25-9a72-dbea185d14f3,2011,Q2,,88278,"UPSTREAM CONSULTING, INC.",VA,173869,CONSERVATION TRUST FUND OF PUERTO RICO,PR,conservation,30000.00,,Taxation/Internal Revenue Code,Issues related to the taxation of rum.,,2011-07-14T15:05:20-04:00,30000.0,0.0
126f7d9b-82a5-44f5-a23c-c2bb5dc60c35,2011,Q2,,40043343,MCCONNELL VALDES PLLC,DC,188472,PONTIFICAL CATHOLIC UNIVERSITY OF PUERTO RICO,PR,University,20000.00,,Budget/Appropriations|Economics/Economic Development|Education,Lobby key members of the US House of Representatives and the Administration on issues relating to PUCPR's New Biotechnol|Lobby key members of the Federal Executive Branch on issues relationg to PUCPR|Lobby key members of Congress and the US Department of Education on issues related to PUCPR.,,2011-07-15T14:54:42.983000-04:00,20000.0,0.0
df755ee6-9dd0-4a27-a3b3-8799c0e29282,2011,Q2,,40043343,MCCONNELL VALDES PLLC,DC,188477,CITY OF SAN JUAN,PR,Municipal Government,30000.00,,Budget/Appropriations|Government Issues,Lobby key membrs of the US House of Representatives on issues related to the City of San Juan.|Lobby key members of the Federal Executive Branch on issues relating to the City of San Juan.,,2011-07-15T15:04:55.497000-04:00,30000.0,0.0
114375f5-6848-4dc5-a994-4c48777d3964,2011,Q2Y,,40043343,MCCONNELL VALDES PLLC,DC,188470,BANCO POPULAR DE PUERTO RICO,PR,Bank,,,,,,2011-07-15T15:14:13.887000-04:00,0.0,0.0
06664b18-a63e-48b3-9a1c-7d60ea280f1c,2011,Q2,,40043343,MCCONNELL VALDES PLLC,DC,188479,FHC HEALTH SYSTEMS OF PR,PR,Mental Healthcare Provider,10000.00,,Health Issues,Meeting with key members of the US House of Representatives to discuss healthcare reform.,,2011-07-15T15:27:28.667000-04:00,10000.0,0.0
6168fcff-b2f7-4d4f-9f66-6891b07ce9f8,2011,Q2Y,,40043343,MCCONNELL VALDES PLLC,DC,188476,CITY OF PONCE,PR,Municipal Government,20000.00,,,,,2011-07-15T15:32:43.903000-04:00,20000.0,0.0
4e1dbf1d-fc9d-4b44-b9f4-0f8a801da4da,2011,2TY,,40043343,MCCONNELL VALDES PLLC,DC,188475,CITY OF MAYAGUEZ,PR,Municipal Government,,,,,,2011-07-15T15:41:55.857000-04:00,0.0,0.0
d6f2f1ed-de5e-4510-b7ac-44da91c34ed5,2011,RR,,400531581,POLICY SOLUTIONS LLC,DC,192115,"FOOD INDUSTRY, MARKETING AND DISTRIBUTION CHAMBER (MIDA)",PR,Food Nutrition Policy &amp; Regulations,,,"Agriculture|Food Industry (safety, labeling, etc.)","Food Nutrition Policy, Regulations|Food Nutrition Policy, Regulations",,2011-07-18T16:55:57.893000-04:00,0.0,0.0
e0f5869c-0438-45b7-b133-33d43ef7a94d,2011,Q2Y,,32008,"POWERS PYLES SUTTER & VERVILLE, P.C.",DC,139495,SISTEMA UNIVERSITARIO ANA G MENDEZ,PR,,,,,,,2011-07-19T09:57:07.517000-04:00,0.0,0.0
a49417a5-8da1-4410-975e-c9ee6062ef9f,2011,Q2Y,,317355,JOSE FUENTES,DC,186006,MUNICIPALITY OF BAYAMON,PR,,,,,,,2011-07-19T11:29:35.087000-04:00,0.0,0.0
bc56ca87-fc33-47d7-871b-6eb3cc4b238a,2011,Q2Y,,682,AKIN GUMP STRAUSS HAUER & FELD,DC,100772,INTER-AMERICAN UNIVERSITY OF PUERTO RICO,PR,,,,,,,2011-07-19T13:51:25.477000-04:00,0.0,0.0
c568d50f-6116-404c-ab4f-9d38347cbfda,2011,Q2,,317355,JOSE FUENTES,DC,186009,"EMPRESAS FONALLEDAS, INC.",PR,Real estate development company.,20000.00,,Taxation/Internal Revenue Code|Agriculture,Tax reform|Agricultural issues (dairy),,2011-07-19T16:01:11.070000-04:00,20000.0,0.0
f394a874-8963-45a6-92b0-e4b55791546a,2011,Q2,,400531581,POLICY SOLUTIONS LLC,DC,192115,"FOOD INDUSTRY, MARKETING AND DISTRIBUTION CHAMBER (MIDA)",PR,Food Nutrition Policy &amp; Regulations,10000.00,,"Food Industry (safety, labeling, etc.)",Food Nutrition Policy & Regulations (no specific bills);,,2011-07-19T16:24:38.743000-04:00,10000.0,0.0
2ba55eb6-6bef-4f88-bc8b-cf3c2e44a691,2011,2T,,284551,CAUTHEN FORBES & WILLIAMS,DC,175277,CONSERVATION TRUST OF PUERTO RICO,PR,Environmental Protection and Conservation Trust,30000.00,,Taxation/Internal Revenue Code,Issues related to rum tax and extenders.,,2011-07-19T17:43:49.617000-04:00,30000.0,0.0
0c75cdce-12d7-49d4-8c50-f7187c1f6b4d,2011,Q2,,7268,BROYDRICK & ASSOCIATES,DC,110356,MILWAUKEE METROPOLITAN SEWERAGE DISTRICT,PR,Municipality in Puerto Rico,10000.00,,Clean Air and Water (quality),"FY2012 Interior-Environment Appropriations, H.R. 1375, the Clean Water Protection Act.",,2011-07-19T19:49:18.533000-04:00,10000.0,0.0
49f26385-c780-49c4-9ec4-b824770dd274,2011,Q2,,90250,TREMONT STRATEGIES GROUP LLC,MA,174408,BLUEWATER DEFENSE,PR,Deployment Ready Tactical Gear.,30000.00,,Defense,Providing product information and company overview for members and staff.,,2011-07-20T09:14:17.097000-04:00,30000.0,0.0
55bcfece-ac97-4cfe-b5c2-ce7aef3d4c49,2011,Q2,,7304,BRYAN CAVE LEIGHTON PAISNER LLP,DC,110689,PUERTO RICO ELECTRIC POWER AUTHORITY,PR,Electric Power Authority,60000.00,,Energy/Nuclear,Support proposal for new natural gas pipeline and expanded liquefied natural gas terminal facilities and other green ene,,2011-07-20T11:10:56.533000-04:00,60000.0,0.0
b58d1a2d-b0fe-423f-a7e6-3166c305b80b,2011,Q2,,12631,FAEGRE DRINKER BIDDLE & REATH LLP,DC,117561,"MIDA (CAMARA DE MERCADEO, INDUSTRIA Y DISTRIBUCION DE ALIMENTOS DE PUERTO RICO)",PR,Food Industry,,,"Budget/Appropriations|Food Industry (safety, labeling, etc.)",Supplemental Nutrition Assistance Program|Supplemental Nutrition Assistance Program,,2011-07-20T11:17:56.847000-04:00,0.0,0.0
0ddd5012-3335-4921-84b5-fca21a76dfc8,2011,Q2,,7304,BRYAN CAVE LEIGHTON PAISNER LLP,DC,110684,PUERTO RICO PORTS AUTHORITY,PR,Public Corporation to Develop and Operate Ports and Airports in Puerto Rico,20000.00,,Aviation/Airlines/Airports,"Expansion of availability of customs processing of charter airline passengers in Puerto Rico
Development of new approach",,2011-07-20T11:35:32.610000-04:00,20000.0,0.0
70ff2767-7121-4f59-8fb5-46efd963c8f8,2011,Q2,,54197,QGA PUBLIC AFFAIRS (FORMERLY QUINN GILLESPIE & ASSOCIATES),DC,158682,CONSERVATION TRUST OF PUERTO RICO,PR,Protection and Enhancement of Natural Resources of Puerto Rico,30000.00,,Taxation/Internal Revenue Code|Budget/Appropriations,Rum Tax Extenders|Interior Funding,,2011-07-20T12:43:19.733000-04:00,30000.0,0.0
780fb00a-cc99-4a66-955b-4756e45aabab,2011,2T,,54197,QGA PUBLIC AFFAIRS (FORMERLY QUINN GILLESPIE & ASSOCIATES),DC,158785,THE SENATE OF PUERTO RICO,PR,Legislature of Puerto Rico,,,Taxation/Internal Revenue Code|Natural Resources,Rum Cover Over; Tax Extenders|Puerto Rican Statehood,,2011-07-20T12:51:27.343000-04:00,0.0,0.0
c6a35864-1fd8-4789-8f10-26abc48b07ea,2011,Q2Y,,22198,"LASA, MONROIG & VEVE",DC,129014,MUNICIPALITY OF SALINAS,PR,,,,,,,2011-07-20T13:24:04.687000-04:00,0.0,0.0
6e322a02-d780-4249-a89b-78609200495d,2011,Q2,,400428070,"NATIONAL HEALTH ADVISORS, LLC",DC,190739,MEDICAL CARD SYSTEMS (MCS),PR,Insurance Company,90000.00,,Health Issues,"Implementation by HHS and CMS of Patient Protection and Affordable Care Act (PL: 111-148), Health Care and Education Rec",,2011-07-20T14:01:22.023000-04:00,90000.0,0.0
de53126e-12ac-4654-acca-1a39863d8621,2011,Q2Y,,41408,WILEY REIN LLP,DC,150958,PUERTO RICO TELEPHONE COMPANY,PR,Telecommunications,,,,,,2011-07-20T15:11:32.400000-04:00,0.0,0.0
088d136d-52fa-4ee1-ab9e-a85314d7ea69,2011,Q2Y,,37232,SULLIVAN & CROMWELL LLP,DC,146158,"POPULAR, INC",PR,Commercial bank.,,,,,,2011-07-20T16:26:12.103000-04:00,0.0,0.0
81c02371-c7d5-4416-9bf4-2624d7bbf150,2011,Q2,,295350,MG GROUP,VA,179164,PUERTO RICO HOSPITAL ASSOCIATION,PR,,12000.00,,Medicare/Medicaid,"IPPS Medicare Reimbursements
DSH Payments/Medicare
EHR Incentives",,2011-07-27T14:51:36.617000-04:00,12000.0,0.0
4a020d2a-1edc-4b38-acba-39ffc0b6983b,2011,Q1,,400568704,"SDA GLOBAL,INC.",PR,192958,MUNICIPIO DE BARCELONETA,PR,Municipality,45000.00,,Transportation,Municipal Roads,,2011-08-04T14:33:23.287000-04:00,45000.0,0.0
d4d49698-2b9b-4e34-b4e2-174b08dca3a7,2011,2T,,400568704,"SDA GLOBAL,INC.",PR,192958,MUNICIPIO DE BARCELONETA,PR,Municipality,45000.00,,Transportation,Municipal Roads,,2011-08-04T14:38:24.020000-04:00,45000.0,0.0
2fb3f4d6-b0ed-4c77-92f1-b850cee36a44,2008,2A,,15042,FOLEY & LARDNER LLP,DC,120671,PUERTO RICO DEPARTMENT OF LABOR AND HUMAN RESOURCES,PR,Government Labor and Human Resources Department,40000.00,,Health Issues|Budget/Appropriations|Labor Issues/Antitrust/Workplace,"Issues regarding labor legislation, various appropriations, and legislation concerning health care and health care reimb|Issues regarding labor legislation, various appropriations, and legislation concerning health care and health care reimb|Issues regarding labor legislation, various appropriations, and legislation concerning health care and health care reimb",,2011-10-04T14:59:30.197000-04:00,40000.0,0.0
7be6be15-e982-4505-b587-1d4b80d14657,2008,3A,,15042,FOLEY & LARDNER LLP,DC,120671,PUERTO RICO DEPARTMENT OF LABOR AND HUMAN RESOURCES,PR,Government Labor and Human Resources Department,40000.00,,Health Issues|Budget/Appropriations|Labor Issues/Antitrust/Workplace,"Issues regarding labor legislation, various appropriations, and legislation concerning health care and health care reimb|Issues regarding labor legislation, various appropriations, and legislation concerning health care and health care reimb|Issues regarding labor legislation, various appropriations, and legislation concerning health care and health care reimb",,2011-10-04T15:01:32.690000-04:00,40000.0,0.0
0eeb3040-fbd2-4e07-8cf8-3e5190e587c0,2008,4A,,15042,FOLEY & LARDNER LLP,DC,120671,PUERTO RICO DEPARTMENT OF LABOR AND HUMAN RESOURCES,PR,Government Labor and Human Resources Department,40000.00,,Health Issues|Budget/Appropriations|Labor Issues/Antitrust/Workplace,"Issues regarding labor legislation, various appropriations, and legislation concerning health care and health care reimb|Issues regarding labor legislation, various appropriations, and legislation concerning health care and health care reimb|Issues regarding labor legislation, various appropriations, and legislation concerning health care and health care reimb",,2011-10-04T15:03:36.860000-04:00,40000.0,0.0
8e489b1e-173b-471e-b044-818c3af9d57e,2009,1@,,15042,FOLEY & LARDNER LLP,DC,120671,PUERTO RICO DEPARTMENT OF LABOR AND HUMAN RESOURCES,PR,Government Labor and Human Resources Department,10000.00,,Health Issues|Labor Issues/Antitrust/Workplace|Budget/Appropriations,"Issues regarding labor legislation, various appropriations, and legislation concerning health care and health care reimb|Issues regarding labor legislation, various appropriations, and legislation concerning health care and health care reimb|Issues regarding labor legislation, various appropriations, and legislation concerning health care and health care reimb",,2011-10-04T15:04:37.940000-04:00,10000.0,0.0
92058528-59f1-4ef8-87f7-2fe5a02bf28a,2011,2A,,40043343,MCCONNELL VALDES PLLC,DC,188477,CITY OF SAN JUAN,PR,Municipal Government,30000.00,,Budget/Appropriations|Government Issues,Lobby key members of the US House of Representatives on issues related to the City of San Juan|Lobby key members of the Federal Executive Branch on issues relating to the City of San Juan,,2011-10-11T12:21:41.583000-04:00,30000.0,0.0
844b604b-04ac-4c15-a68a-b2f3fb0792f5,2011,1A,,40043343,MCCONNELL VALDES PLLC,DC,188477,CITY OF SAN JUAN,PR,Municipal Government,30000.00,,Budget/Appropriations|Government Issues,Lobby key members of the US House of Representatives on issues related to the City of San Juan|Lobby key members of the Federal Executive Branch on issues relating to the City of San Juan,,2011-10-11T12:25:45.880000-04:00,30000.0,0.0
087405d8-2222-4c9e-beeb-dc2ebb5cdd4f,2011,2AY,,40043343,MCCONNELL VALDES PLLC,DC,188476,CITY OF PONCE,PR,Municipal Government,20000.00,,,,,2011-10-11T12:32:54.613000-04:00,20000.0,0.0
560caa07-915d-468a-95eb-6eaa0541008d,2011,1A,,40043343,MCCONNELL VALDES PLLC,DC,188476,CITY OF PONCE,PR,Municipal Government,20000.00,,Budget/Appropriations|Government Issues,Lobby key members of the US HOuse of Representatives on issues related to the City of Ponce|Lobby key members of the Federal Executive Branch on issues related to the City of Ponce,,2011-10-11T12:41:04.083000-04:00,20000.0,0.0
74aefd8e-052e-4531-a2d7-1d5cd625a3bc,2011,Q3,,33795,THE ROTH GROUP,VA,142133,MUNICIPALITY OF VILLALBA,PR,Municipality,20000.00,,Budget/Appropriations,"Villalba By Pass Road project, HUD housing issues and hospice, Broadband funding, Jacaguas River project, COPS funding",,2011-10-11T13:23:27.207000-04:00,20000.0,0.0
11f72894-cad5-4a37-8617-4fa488bafd9f,2011,3TY,,40043343,MCCONNELL VALDES PLLC,DC,188476,CITY OF PONCE,PR,Municipal Government,,,,,,2011-10-14T11:45:31.727000-04:00,0.0,0.0
3d9123af-63f6-4be4-ad8a-48f879be2572,2011,3TY,,40043343,MCCONNELL VALDES PLLC,DC,188472,PONTIFICAL CATHOLIC UNIVERSITY OF PUERTO RICO,PR,University,,,,,,2011-10-14T11:50:35.210000-04:00,0.0,0.0
7fc951f6-665c-4344-a444-ef3f50b75d90,2011,Q3,,40043343,MCCONNELL VALDES PLLC,DC,188477,CITY OF SAN JUAN,PR,Municipal Government,30000.00,,Budget/Appropriations|Government Issues,Lobby key membrs of the US House of Representatives on issues related to the City of San Juan|Lobby key members of the Federal Executive Branch on issues related to the City of San Juan,,2011-10-14T11:59:45.963000-04:00,30000.0,0.0
8322ac6f-dacf-4e80-86bb-7d4b83b2fbee,2011,Q3,,40043343,MCCONNELL VALDES PLLC,DC,188479,FHC HEALTH SYSTEMS OF PR,PR,Mental Healthcare Provider,10000.00,,Health Issues,Meeting with key members f the US House of Representatives to discuss healthcare reform,,2011-10-14T12:11:58.600000-04:00,10000.0,0.0
69ccc123-eb15-49d6-b7d6-af79994f9991,2011,Q3Y,,40043343,MCCONNELL VALDES PLLC,DC,188470,BANCO POPULAR DE PUERTO RICO,PR,Bank,,,,,,2011-10-14T12:20:08.600000-04:00,0.0,0.0
11811c49-3cbb-4b80-96e6-971bd095dd90,2011,Q3Y,,40043343,MCCONNELL VALDES PLLC,DC,188474,PUERTO RICO DEPARTMENT OF CORRECTION AND REHABILITATION,PR,State Government Agency,7000.00,,,,,2011-10-14T13:48:35.337000-04:00,7000.0,0.0
f0135df3-7106-42ad-a93f-7ce9a554f549,2011,Q3Y,,40043343,MCCONNELL VALDES PLLC,DC,188474,PUERTO RICO DEPARTMENT OF CORRECTION AND REHABILITATION,PR,State Government Agency,7000.00,,,,,2011-10-14T15:45:25.830000-04:00,7000.0,0.0
5818a7b2-3b46-49cd-bec6-c8deb3d3d4a8,2011,3A,,7268,BROYDRICK & ASSOCIATES,DC,110356,MILWAUKEE METROPOLITAN SEWERAGE DISTRICT,PR,Municipality in Puerto Rico,10000.00,,Clean Air and Water (quality),"H.R.3145 : Water Quality Protection and Job Creation Act of 2011. FY12 Interior-Environment Appropriations Act, State Re",,2011-10-17T17:48:51.650000-04:00,10000.0,0.0
beb1d0ca-ffb3-47cd-a53d-0391e1429cf2,2011,Q3,,7268,BROYDRICK & ASSOCIATES,DC,110356,MILWAUKEE METROPOLITAN SEWERAGE DISTRICT,PR,Municipality in Puerto Rico,10000.00,,Clean Air and Water (quality),"H.R.3145 : Water Quality Protection and Job Creation Act of 2011. FY12 Interior-Environment Appropriations Act, State Re",,2011-10-17T17:49:25.777000-04:00,10000.0,0.0
aeca49fd-f69f-4b2f-a349-5b469c6e7bb4,2011,Q3,,88278,"UPSTREAM CONSULTING, INC.",VA,173869,CONSERVATION TRUST FUND OF PUERTO RICO,PR,conservation,30000.00,,Taxation/Internal Revenue Code,Issues related to the taxation of rum.,,2011-10-18T11:49:45-04:00,30000.0,0.0
3063778b-5cb1-44bb-818b-7e65a2cfdff8,2011,Q3,,400532589,PRIME POLICY GROUP,DC,192384,THE CONSERVATION TRUST OF PUERTO RICO,PR,Environmental protection and historic preservation,30000.00,,Taxation/Internal Revenue Code,H.R.2122 and S.3208,,2011-10-18T14:37:52.273000-04:00,30000.0,0.0
7e71f2fa-17a4-47fc-8b9f-15cfed7c7b56,2011,Q3,,317355,JOSE FUENTES,DC,186009,"EMPRESAS FONALLEDAS, INC.",PR,Real estate development company.,30000.00,,Agriculture|Taxation/Internal Revenue Code,Agricultural issues (dairy).|Tax reform.,,2011-10-18T15:24:42.850000-04:00,30000.0,0.0
45d574e5-30ec-4c36-a379-946df291b7d5,2011,Q3Y,,317355,JOSE FUENTES,DC,186006,MUNICIPALITY OF BAYAMON,PR,,,,,,,2011-10-18T15:34:32.633000-04:00,0.0,0.0
553dbef6-48c4-4228-81c2-7d4cd94cb5ce,2011,Q3,,400531581,POLICY SOLUTIONS LLC,DC,192115,"FOOD INDUSTRY, MARKETING AND DISTRIBUTION CHAMBER (MIDA)",PR,Food Nutrition Policy &amp; Regulations,10000.00,,"Food Industry (safety, labeling, etc.)",Food Nutrition Policy & Regulations (no specific bills);,,2011-10-19T18:06:15.040000-04:00,10000.0,0.0
12c3a97f-5010-4e5b-bd55-d67c7a10bba9,2011,Q3,,90250,TREMONT STRATEGIES GROUP LLC,MA,174408,BLUEWATER DEFENSE,PR,Deployment Ready Tactical Gear.,30000.00,,Defense,Providing product information and company overview for members and staff.,,2011-10-20T10:08:50.673000-04:00,30000.0,0.0
eeb6845d-2580-43c7-84ad-694502f2e059,2011,Q3Y,,682,AKIN GUMP STRAUSS HAUER & FELD,DC,100772,INTER-AMERICAN UNIVERSITY OF PUERTO RICO,PR,,,,,,,2011-10-20T10:41:28.230000-04:00,0.0,0.0
bae812f9-f59c-4170-9b34-eca8c30c5cd4,2011,3TY,,12631,FAEGRE DRINKER BIDDLE & REATH LLP,DC,117561,"MIDA (CAMARA DE MERCADEO, INDUSTRIA Y DISTRIBUCION DE ALIMENTOS DE PUERTO RICO)",PR,Food Industry,,,,,,2011-10-20T11:18:55.653000-04:00,0.0,0.0
7bd466bf-8a72-4f41-8222-1e881f0fe0be,2011,Q3,,400428070,"NATIONAL HEALTH ADVISORS, LLC",DC,190739,MEDICAL CARD SYSTEMS (MCS),PR,Insurance Company,30000.00,,Health Issues,Implementation by HHS and CMS of Patient Protection and Affordable Care Act (PL: 111-148) and Health Care and Education ,,2011-10-20T12:03:30.240000-04:00,30000.0,0.0
48687ce1-3e39-46a9-9224-497871581c6d,2011,3T,,54197,QGA PUBLIC AFFAIRS (FORMERLY QUINN GILLESPIE & ASSOCIATES),DC,158682,CONSERVATION TRUST OF PUERTO RICO,PR,Protection and Enhancement of Natural Resources of Puerto Rico,,,Taxation/Internal Revenue Code|Budget/Appropriations,Rum Tax Extenders|Interior Funding,,2011-10-20T12:03:46.457000-04:00,0.0,0.0
dfc8e3d2-e15c-4f0b-80be-53efa7760f01,2011,3TY,,32008,"POWERS PYLES SUTTER & VERVILLE, P.C.",DC,139495,SISTEMA UNIVERSITARIO ANA G MENDEZ,PR,,,,,,,2011-10-20T12:59:34.487000-04:00,0.0,0.0
ad9d9cff-9239-4fde-b407-6e080e9a89a4,2011,Q3,,41408,WILEY REIN LLP,DC,150958,PUERTO RICO TELEPHONE COMPANY,PR,Telecommunications,20000.00,,Telecommunications|Communications/Broadcasting/Radio/TV,Universal Service Fund.|Universal Service Fund.,,2011-10-20T15:38:48.787000-04:00,20000.0,0.0
bfa405af-8af2-4003-9328-d02ded566c7b,2011,Q3Y,,22198,"LASA, MONROIG & VEVE",DC,129014,MUNICIPALITY OF SALINAS,PR,,,,,,,2011-10-20T16:17:10.427000-04:00,0.0,0.0
20db2059-9bc5-429e-8a9c-7dabf16c858b,2011,Q3,,7304,BRYAN CAVE LEIGHTON PAISNER LLP,DC,110684,PUERTO RICO PORTS AUTHORITY,PR,Public Corporation to Develop and Operate Ports and Airports in Puerto Rico,10000.00,,Aviation/Airlines/Airports,Development of new approaches to airport safety of intransit foreign airline passengers.,,2011-10-20T17:42:25.890000-04:00,10000.0,0.0
798cad35-0682-4c33-a520-acea78547a63,2011,Q3,,7304,BRYAN CAVE LEIGHTON PAISNER LLP,DC,110689,PUERTO RICO ELECTRIC POWER AUTHORITY,PR,Electric Power Authority,60000.00,,Energy/Nuclear,Support alternative energy projects in Puerto Rico to reduce costs and air emmissions.,,2011-10-20T17:45:43.627000-04:00,60000.0,0.0
e23c96df-e74f-4767-b98a-2f6d12bf3884,2011,Q3Y,,37232,SULLIVAN & CROMWELL LLP,DC,146158,"POPULAR, INC",PR,Commercial bank.,,,,,,2011-10-20T18:02:44.877000-04:00,0.0,0.0
7d7a4e43-6d87-44d3-ab61-d7a555b15341,2011,Q3,,295350,MG GROUP,VA,179164,PUERTO RICO HOSPITAL ASSOCIATION,PR,,12000.00,,Medicare/Medicaid,"IPPS Medicare Reimbursements
DSH Payments/Medicare
EHR Incentives",,2011-11-01T13:51:08.443000-04:00,12000.0,0.0
4e7eeaf8-dc47-4e6e-9ffd-017314d72b7a,2011,RR,,299332,CM GOVERNMENT RELATIONS,MS,180160,"FOOD INDUSTRY, MARKETING AND DISTRIBUTION CHAMBER (MIDA)",PR,Food Nutrition Policy & Regulations,,,"Agriculture|Food Industry (safety, labeling, etc.)","Food Nutrition Policy, Regulations|Food Nutrition Policy, Regulations",,2011-11-07T10:56:24.093000-05:00,0.0,0.0
02cfa883-c287-46c4-8d18-91cba6a019e8,2011,Q4,,33795,THE ROTH GROUP,VA,142133,MUNICIPALITY OF VILLALBA,PR,Municipality,20000.00,,Budget/Appropriations,"Villalba by Pass Road project, HUD Housing issues and hospice, COPS funding issues, general monitoring of funding issues",,2012-01-09T17:10:18-05:00,20000.0,0.0
25f7e1e0-af4b-4bd9-a8c7-f7e2c2da5e79,2011,Q4,,40043343,MCCONNELL VALDES PLLC,DC,188477,CITY OF SAN JUAN,PR,Municipal Government,30000.00,,Budget/Appropriations|Government Issues,Lobby key members of the US House of Representatives on issues related to the City of San Juan.|Lobby key members of the Federal Executive Branch on issues related to the City of San Juan,,2012-01-13T12:19:23-05:00,30000.0,0.0
f705e87e-a796-440c-a5c3-4368c00b2afc,2011,Q4Y,,40043343,MCCONNELL VALDES PLLC,DC,188470,BANCO POPULAR DE PUERTO RICO,PR,Bank,,,,,,2012-01-13T12:34:40-05:00,0.0,0.0
6c705c35-e5b0-4104-abe2-080dc11efd37,2011,Q4,,40043343,MCCONNELL VALDES PLLC,DC,188474,PUERTO RICO DEPARTMENT OF CORRECTION AND REHABILITATION,PR,State Government Agency,7000.00,,Budget/Appropriations,Lobby key members of the Executive Branch on issues related to the Puerto Rico Department of Correction and Rehabilitati,,2012-01-13T12:45:45-05:00,7000.0,0.0
334bcde4-8abe-46ed-bf3b-cdc9c7b0e5d4,2011,Q4Y,,40043343,MCCONNELL VALDES PLLC,DC,188479,FHC HEALTH SYSTEMS OF PR,PR,Mental Healthcare Provider,10000.00,,,,,2012-01-13T14:01:28-05:00,10000.0,0.0
a9123ead-f184-4c1d-a2ad-a7caf062dca8,2011,Q4,,7268,BROYDRICK & ASSOCIATES,DC,110356,MILWAUKEE METROPOLITAN SEWERAGE DISTRICT,PR,Municipality in Puerto Rico,20000.00,,Clean Air and Water (quality),"H.R.3145 : Water Quality Protection and Job Creation Act of 2011. FY12 Interior-Environment Appropriations Act, State Re",,2012-01-13T17:36:01-05:00,20000.0,0.0
29e7e989-6d27-4691-bc18-2a1c8b6577da,2011,Q4,,88278,"UPSTREAM CONSULTING, INC.",VA,173869,CONSERVATION TRUST FUND OF PUERTO RICO,PR,conservation,30000.00,,Taxation/Internal Revenue Code,Issues related to the taxation of rum.,,2012-01-15T21:29:39-05:00,30000.0,0.0
656eaa53-b662-4453-a840-fa01ff3990ec,2011,4T,,400532589,PRIME POLICY GROUP,DC,192384,THE CONSERVATION TRUST OF PUERTO RICO,PR,Environmental protection and historic preservation,,,Taxation/Internal Revenue Code,H.R.2122 and S.3208,,2012-01-17T15:32:20-05:00,0.0,0.0
1d458df9-4ff7-4945-a92a-605ffa99bd72,2011,Q4,,400531581,POLICY SOLUTIONS LLC,DC,192115,"FOOD INDUSTRY, MARKETING AND DISTRIBUTION CHAMBER (MIDA)",PR,Food Nutrition Policy &amp; Regulations,10000.00,,"Food Industry (safety, labeling, etc.)",Food Nutrition Policy & Regulations (no specific bills);,,2012-01-19T15:08:28-05:00,10000.0,0.0
cbe35a5f-b466-4f0d-a5aa-86b8b08d102c,2011,RR,,79450,"NYPROCOA, INC.",NY,170568,PARA LA NATURALEZA INC,PR,Conservation and protection of areas of ecological value in Puerto Rico,,,Taxation/Internal Revenue Code,Conservation Easement Incentive Act of 2011,,2012-01-19T16:28:28-05:00,0.0,0.0
1c303fdc-f6d9-447f-941d-8004507d6299,2011,Q4Y,,682,AKIN GUMP STRAUSS HAUER & FELD,DC,100772,INTER-AMERICAN UNIVERSITY OF PUERTO RICO,PR,,,,,,,2012-01-19T19:06:21.780000-05:00,0.0,0.0
0539001e-6fc5-4343-bc14-5e666258e6f6,2011,Q4,,90250,TREMONT STRATEGIES GROUP LLC,MA,174408,BLUEWATER DEFENSE,PR,Deployment Ready Tactical Gear.,30000.00,,Defense,Providing product information and company overview for members and staff.,,2012-01-20T10:23:49.593000-05:00,30000.0,0.0
ce75f49f-12b1-4acc-b1d5-65f74ab6028b,2011,Q4Y,,317355,JOSE FUENTES,DC,186006,MUNICIPALITY OF BAYAMON,PR,,,,,,,2012-01-20T12:16:04.277000-05:00,0.0,0.0
00da62d8-99f6-4ad8-8ca0-47733509e7d2,2011,Q4Y,,22198,"LASA, MONROIG & VEVE",DC,129014,MUNICIPALITY OF SALINAS,PR,,,,,,,2012-01-20T12:26:04.607000-05:00,0.0,0.0
f6aa7e26-3023-4ece-9650-8371b9344351,2011,Q4,,317355,JOSE FUENTES,DC,186009,"EMPRESAS FONALLEDAS, INC.",PR,Real estate development company.,30000.00,,Agriculture|Taxation/Internal Revenue Code,Agricultural issues (dairy).|Tax reform.,,2012-01-20T12:29:28.950000-05:00,30000.0,0.0
e74e544a-8bcc-4705-92ba-8f984c4b3b30,2011,Q4,,41408,WILEY REIN LLP,DC,150958,PUERTO RICO TELEPHONE COMPANY,PR,Telecommunications,30000.00,,Telecommunications|Communications/Broadcasting/Radio/TV,Universal Service Fund.|Universal Service Fund.,,2012-01-20T13:56:02.507000-05:00,30000.0,0.0
cd141b78-eda9-44cf-b3f1-29da12ac18b6,2011,Q4,,79450,"NYPROCOA, INC.",NY,170568,PARA LA NATURALEZA INC,PR,Conservation and protection of areas of ecological value in Puerto Rico,,,Government Issues,"-Seek Congressional sponsorship for HR 1964, ""Conservation Easement Incentive Act of 2011"".",,2012-01-20T15:32:05.347000-05:00,0.0,0.0
63c2c3cb-285c-4132-8a48-fba68f2863ac,2011,Q4,,79450,"NYPROCOA, INC.",NY,170568,PARA LA NATURALEZA INC,PR,Conservation and protection of areas of ecological value in Puerto Rico,,,Government Issues,"-Seek Congressional sponsorship for HR 1964, ""Conservation Easement Incentive Act of 2011"".",,2012-01-20T15:39:50.913000-05:00,0.0,0.0
a9be278e-02e4-4d60-8ac9-7c3fdbdcb03f,2011,Q4Y,,37232,SULLIVAN & CROMWELL LLP,DC,146158,"POPULAR, INC",PR,Commercial bank.,,,,,,2012-01-20T16:17:45.113000-05:00,0.0,0.0
d3d980c2-6ba3-4a29-a31e-65fbb01d0849,2011,Q4,,7304,BRYAN CAVE LEIGHTON PAISNER LLP,DC,110689,PUERTO RICO ELECTRIC POWER AUTHORITY,PR,Electric Power Authority,,,Energy/Nuclear,Support alternative energy projects in Puerto Rico to reduce costs and air emmissions.,,2012-01-20T17:17:50.160000-05:00,0.0,0.0
b23dfbdb-0169-4bcb-ab60-0ea2b5065ce8,2011,Q4,,7304,BRYAN CAVE LEIGHTON PAISNER LLP,DC,110684,PUERTO RICO PORTS AUTHORITY,PR,Public Corporation to Develop and Operate Ports and Airports in Puerto Rico,,,Aviation/Airlines/Airports,Development of new approaches to airport safety of intransit foreign airline passengers.,,2012-01-20T17:22:37.300000-05:00,0.0,0.0
a505e17d-a63c-438b-90c1-d0b07be34a44,2011,3@Y,,32008,"POWERS PYLES SUTTER & VERVILLE, P.C.",DC,139495,SISTEMA UNIVERSITARIO ANA G MENDEZ,PR,,,,,,,2012-01-26T14:40:02.167000-05:00,0.0,0.0
4049f182-b984-40f3-b6d4-973493bc4e5d,2011,Q4,,295350,MG GROUP,VA,179164,PUERTO RICO HOSPITAL ASSOCIATION,PR,,12000.00,,Medicare/Medicaid,"IPPS Medicare Reimbursements
DSH Payments/Medicare
EHR Incentives",,2012-02-13T09:08:03.187000-05:00,12000.0,0.0
481c8cfe-7a23-46c9-8d5c-48c342edae04,2011,Q4,,400428070,"NATIONAL HEALTH ADVISORS, LLC",DC,190739,MEDICAL CARD SYSTEMS (MCS),PR,Insurance Company,40000.00,,Health Issues,Implementation by HHS and CMS of Patient Protection and Affordable Care Act (PL: 111-148) and Health Care and Education ,,2012-04-03T15:10:34.563000-04:00,40000.0,0.0
019a900a-956a-4690-b88a-e7edb06eeb5e,2012,Q1,,33795,THE ROTH GROUP,VA,142133,MUNICIPALITY OF VILLALBA,PR,Municipality,12000.00,,Budget/Appropriations,"Villalba By Pass Road Project, HUD Housing issues and hospice, COPS funding issues",,2012-04-10T11:05:25.410000-04:00,12000.0,0.0
e2939854-bbbb-4ca3-93dc-71195fb97b41,2012,Q1,,7268,BROYDRICK & ASSOCIATES,DC,110356,MILWAUKEE METROPOLITAN SEWERAGE DISTRICT,PR,Municipality in Puerto Rico,20000.00,,Clean Air and Water (quality),"H.R.3145 : Water Quality Protection and Job Creation Act of 2011. FY12 Interior-Environment Appropriations Act, State Re",,2012-04-12T15:26:27.203000-04:00,20000.0,0.0
74955074-f954-4817-bbb2-0e92656d7d21,2011,4A,,299332,CM GOVERNMENT RELATIONS,MS,180160,"FOOD INDUSTRY, MARKETING AND DISTRIBUTION CHAMBER (MIDA)",PR,Food Nutrition Policy & Regulations,6000.00,,Agriculture,Farm Bill Reauthorization - SNAP,,2012-04-13T10:10:36.580000-04:00,6000.0,0.0
1ca3dd6f-d8f4-4b69-affc-015409869b52,2012,Q1,,299332,CM GOVERNMENT RELATIONS,MS,180160,"FOOD INDUSTRY, MARKETING AND DISTRIBUTION CHAMBER (MIDA)",PR,Food Nutrition Policy & Regulations,10000.00,,Agriculture,Farm Bill - SNAP,,2012-04-13T10:23:01.480000-04:00,10000.0,0.0
1a7210f3-ed80-406f-b5ce-69e83d004ef3,2012,Q1Y,,40043343,MCCONNELL VALDES PLLC,DC,188474,PUERTO RICO DEPARTMENT OF CORRECTION AND REHABILITATION,PR,State Government Agency,7000.00,,,,,2012-04-17T11:47:07.720000-04:00,7000.0,0.0
b8fdd49b-75cf-45b4-8613-e851185ec123,2012,Q1Y,,40043343,MCCONNELL VALDES PLLC,DC,188479,FHC HEALTH SYSTEMS OF PR,PR,Mental Healthcare Provider,10000.00,,,,,2012-04-17T11:50:10.440000-04:00,10000.0,0.0
7a6a0b09-ceea-45b0-b19d-fe8dfeba650b,2012,Q1,,40043343,MCCONNELL VALDES PLLC,DC,188477,CITY OF SAN JUAN,PR,Municipal Government,30000.00,,Budget/Appropriations|Government Issues,Lobby     key members of the US House of Representatives on isues related to the City of San Juan|Lobby key members of the Federal Executive Branch on issues related to the City of San Juan.,,2012-04-17T11:59:27.007000-04:00,30000.0,0.0
592f7c81-c22a-44f4-9f13-74866eeea325,2012,Q1Y,,40043343,MCCONNELL VALDES PLLC,DC,188470,BANCO POPULAR DE PUERTO RICO,PR,Bank,,,,,,2012-04-17T12:06:38.070000-04:00,0.0,0.0
1757d654-f638-417c-8305-efe3ff6c9c29,2012,Q1Y,,317355,JOSE FUENTES,DC,186006,MUNICIPALITY OF BAYAMON,PR,,,,,,,2012-04-18T09:03:03.240000-04:00,0.0,0.0
d35d36a9-3b97-443f-a84f-1f64b1f11a37,2012,Q1,,88278,"UPSTREAM CONSULTING, INC.",VA,173869,CONSERVATION TRUST FUND OF PUERTO RICO,PR,conservation,30000.00,,Taxation/Internal Revenue Code,Issues related to the taxation of rum.,,2012-04-18T15:11:37.653000-04:00,30000.0,0.0
3704a315-f412-43f4-9234-c4f38b00054f,2012,Q1,,317355,JOSE FUENTES,DC,186009,"EMPRESAS FONALLEDAS, INC.",PR,Real estate development company.,30000.00,,Taxation/Internal Revenue Code,Tax reform,,2012-04-19T11:21:56.787000-04:00,30000.0,0.0
a818c355-a2a6-4c6e-98dc-3d6a0149ce28,2012,Q1,,400531581,POLICY SOLUTIONS LLC,DC,192115,"FOOD INDUSTRY, MARKETING AND DISTRIBUTION CHAMBER (MIDA)",PR,Food Nutrition Policy &amp; Regulations,10000.00,,"Food Industry (safety, labeling, etc.)","Nutrition, Funding and other interest areas that are included in the reauthorization of current Farm Bill policy and rel",,2012-04-20T09:58:56.777000-04:00,10000.0,0.0
ad94118e-b2ab-41cf-aa0d-c027230a1e2d,2012,Q1,,7304,BRYAN CAVE LEIGHTON PAISNER LLP,DC,110689,PUERTO RICO ELECTRIC POWER AUTHORITY,PR,Electric Power Authority,60000.00,,Energy/Nuclear,Support alternative energy projects in Puerto Rico to reduce costs and air emmissions.,,2012-04-20T10:23:23.897000-04:00,60000.0,0.0
cf6a5356-0e7d-409a-8bb3-260998f10e9e,2012,Q1,,7304,BRYAN CAVE LEIGHTON PAISNER LLP,DC,110684,PUERTO RICO PORTS AUTHORITY,PR,Public Corporation to Develop and Operate Ports and Airports in Puerto Rico,20000.00,,Aviation/Airlines/Airports,Development of new approaches to airport safety of intransit foreign airline passengers.,,2012-04-20T10:28:01.787000-04:00,20000.0,0.0
50a5bb09-a666-4d5b-8e2d-053fb4121b0c,2012,Q1,,90250,TREMONT STRATEGIES GROUP LLC,MA,174408,BLUEWATER DEFENSE,PR,Deployment Ready Tactical Gear.,30000.00,,Defense,Providing product information and company overview for members and staff.,,2012-04-20T11:15:04.087000-04:00,30000.0,0.0
3ab2ba0e-f4af-46e3-8144-e0b3731b2cc2,2012,Q1Y,,79450,"NYPROCOA, INC.",NY,170568,PARA LA NATURALEZA INC,PR,Conservation and protection of areas of ecological value in Puerto Rico,,,,,,2012-04-20T11:40:37.500000-04:00,0.0,0.0
53fefcf2-c584-444f-9ede-31210974ae3c,2012,Q1Y,,79450,"NYPROCOA, INC.",NY,170568,PARA LA NATURALEZA INC,PR,Conservation and protection of areas of ecological value in Puerto Rico,,,,,,2012-04-20T11:54:18.740000-04:00,0.0,0.0
2a94808f-c75a-4fea-85db-5707066dfb5a,2012,Q1Y,,41408,WILEY REIN LLP,DC,150958,PUERTO RICO TELEPHONE COMPANY,PR,Telecommunications,,,,,,2012-04-20T13:30:58.510000-04:00,0.0,0.0
e11002e4-0645-4248-8984-b843ba7bba89,2012,Q1Y,,682,AKIN GUMP STRAUSS HAUER & FELD,DC,100772,INTER-AMERICAN UNIVERSITY OF PUERTO RICO,PR,,,,,,,2012-04-20T13:50:35.453000-04:00,0.0,0.0
a4b7b6dc-daed-4e79-8028-de4e4f17415b,2012,Q1Y,,22198,"LASA, MONROIG & VEVE",DC,129014,MUNICIPALITY OF SALINAS,PR,,,,,,,2012-04-20T14:55:38.193000-04:00,0.0,0.0
add31cc4-e338-4b77-8db6-32572f43e88c,2012,Q1,,400428070,"NATIONAL HEALTH ADVISORS, LLC",DC,190739,MEDICAL CARD SYSTEMS (MCS),PR,Insurance Company,50000.00,,Health Issues,Implementation by HHS and CMS of Patient Protection and Affordable Care Act (PL: 111-148) and Health Care and Education ,,2012-04-20T15:25:01.743000-04:00,50000.0,0.0
4dc4f27a-6cf2-40d8-a3c4-4c5b87c326fa,2012,Q1Y,,37232,SULLIVAN & CROMWELL LLP,DC,146158,"POPULAR, INC",PR,Commercial bank.,,,,,,2012-04-20T16:42:40.443000-04:00,0.0,0.0
16e41a4f-5197-436b-bb07-70edfdc9e1ab,2010,4A,,7268,BROYDRICK & ASSOCIATES,DC,110356,MILWAUKEE METROPOLITAN SEWERAGE DISTRICT,PR,Municipality in Puerto Rico,20000.00,,Clean Air and Water (quality),"H.R.3145 : Water Quality Protection and Job Creation Act of 2011. FY12 Interior-Environment Appropriations Act, State Re",,2012-05-04T09:44:49.037000-04:00,20000.0,0.0
20ed012b-4bde-4341-8ac3-e9fc70dc24c6,2012,Q1,,295350,MG GROUP,VA,179164,PUERTO RICO HOSPITAL ASSOCIATION,PR,,12000.00,,Medicare/Medicaid,"IPPS Medicare Reimbursements
DSH Medicare
EHR Medicare Incentives 
MDR Program",,2012-07-09T13:35:52.967000-04:00,12000.0,0.0
542d85c1-23f4-4fe5-b7b6-73df4045f5dd,2012,RR,,36710,STEPTOE LLP,DC,145697,GOVERNMENT DEVELOPMENT BANK FOR PUERTO RICO,PR,Financial Services provider,,,Health Issues,"Medicaid funding to U.S. territories, including Puerto Rico.",,2012-07-10T13:10:45.013000-04:00,0.0,0.0
63d8e0ff-6ba2-4376-b1cb-6716462dbf59,2012,Q2Y,,40043343,MCCONNELL VALDES PLLC,DC,188470,BANCO POPULAR DE PUERTO RICO,PR,Bank,,,,,,2012-07-13T11:36:50.413000-04:00,0.0,0.0
72dc7671-a89e-483f-bc25-03577f166b86,2012,Q2Y,,40043343,MCCONNELL VALDES PLLC,DC,188479,FHC HEALTH SYSTEMS OF PR,PR,Mental Healthcare Provider,10000.00,,,,,2012-07-13T15:07:04.187000-04:00,10000.0,0.0
86e5edd5-2900-4a81-9d0a-09fad38f94e1,2012,Q2,,40043343,MCCONNELL VALDES PLLC,DC,188474,PUERTO RICO DEPARTMENT OF CORRECTION AND REHABILITATION,PR,State Government Agency,7000.00,,Budget/Appropriations,Lobby key members of the Executive Branch on issues related to the Puerto Rico Department of Correction and Rehabilitati,,2012-07-13T17:00:50.610000-04:00,7000.0,0.0
fed9fcd4-1d06-49ab-84d6-723b84d2317d,2012,Q2,,33795,THE ROTH GROUP,VA,142133,MUNICIPALITY OF VILLALBA,PR,Municipality,20000.00,,Budget/Appropriations,"Villalba By Pass Road Project, HUD Housing issues and hospice, COPS funding issues",,2012-07-16T10:51:43.693000-04:00,20000.0,0.0
1ef68af9-cf35-4fbb-9975-ab2f6ff98f27,2012,Q2,,7268,BROYDRICK & ASSOCIATES,DC,110356,MILWAUKEE METROPOLITAN SEWERAGE DISTRICT,PR,Municipality in Puerto Rico,10000.00,,Budget/Appropriations|Clean Air and Water (quality),"Federal appropriations for land conservation fund.|H.R.3145 : Water Quality Protection and Job Creation Act of 2011. FY12 Interior-Environment Appropriations Act, State Re",,2012-07-16T22:15:04.003000-04:00,10000.0,0.0
a28aa088-827e-4a05-b27f-3c99445bbf68,2012,Q2,,40043343,MCCONNELL VALDES PLLC,DC,188477,CITY OF SAN JUAN,PR,Municipal Government,90000.00,,Budget/Appropriations,Lobby key members of the US HOuse of Representatives on issues related to the City of San Juan,,2012-07-17T10:06:28.687000-04:00,90000.0,0.0
2653ab1c-3ceb-43d8-887a-070cf9f380ba,2011,4A,,40043343,MCCONNELL VALDES PLLC,DC,188477,CITY OF SAN JUAN,PR,Municipal Government,90000.00,,Budget/Appropriations,Lobby key members of the US HOuse of Representatives on issues related to the City of San Juan,,2012-07-17T10:11:38.700000-04:00,90000.0,0.0
1581fd8c-0563-462f-9fc9-0a09ec2dce8a,2011,3A,,40043343,MCCONNELL VALDES PLLC,DC,188477,CITY OF SAN JUAN,PR,Municipal Government,90000.00,,Budget/Appropriations,Lobby key members of the US HOuse of Representatives on issues related to the City of San Juan,,2012-07-17T10:13:42-04:00,90000.0,0.0
c1c317d7-cdd4-4d48-9485-5cd38b9146d8,2011,2A,,40043343,MCCONNELL VALDES PLLC,DC,188477,CITY OF SAN JUAN,PR,Municipal Government,90000.00,,Budget/Appropriations,Lobby key members of the US HOuse of Representatives on issues related to the City of San Juan,,2012-07-17T10:15:48.393000-04:00,90000.0,0.0
a89d11b0-3f27-4a1b-84bd-28cfe51c23ee,2011,1A,,40043343,MCCONNELL VALDES PLLC,DC,188477,CITY OF SAN JUAN,PR,Municipal Government,90000.00,,Budget/Appropriations,Lobby key members of the US HOuse of Representatives on issues related to the City of San Juan,,2012-07-17T10:18:54.597000-04:00,90000.0,0.0
39ba7fab-3f05-416f-a502-df68ea2fd27e,2010,4A,,40043343,MCCONNELL VALDES PLLC,DC,188477,CITY OF SAN JUAN,PR,Municipal Government,90000.00,,Budget/Appropriations,Lobby key members of the US HOuse of Representatives on issues related to the City of San Juan,,2012-07-17T10:30:10.733000-04:00,90000.0,0.0
f8f1a458-e0aa-4ec6-81ba-d2fd71f9b1d7,2010,3A,,40043343,MCCONNELL VALDES PLLC,DC,188477,CITY OF SAN JUAN,PR,Municipal Government,90000.00,,Budget/Appropriations,Lobby key members of the US HOuse of Representatives on issues related to the City of San Juan,,2012-07-17T10:32:16.743000-04:00,90000.0,0.0
fe9bf1a1-528b-467c-aa5e-cb0db0d509e0,2012,2AY,,40043343,MCCONNELL VALDES PLLC,DC,188479,FHC HEALTH SYSTEMS OF PR,PR,Mental Healthcare Provider,30000.00,,,,,2012-07-17T10:41:34.197000-04:00,30000.0,0.0
03d03d30-445b-44f3-9b9e-7d6638085419,2012,1AY,,40043343,MCCONNELL VALDES PLLC,DC,188479,FHC HEALTH SYSTEMS OF PR,PR,Mental Healthcare Provider,30000.00,,,,,2012-07-17T10:44:38.800000-04:00,30000.0,0.0
f230db42-15e9-4909-a088-4705dcc0d604,2011,4AY,,40043343,MCCONNELL VALDES PLLC,DC,188479,FHC HEALTH SYSTEMS OF PR,PR,Mental Healthcare Provider,30000.00,,,,,2012-07-17T10:48:52.120000-04:00,30000.0,0.0
e44916c3-ab32-4cd6-8891-2bd98a81965d,2011,3AY,,40043343,MCCONNELL VALDES PLLC,DC,188479,FHC HEALTH SYSTEMS OF PR,PR,Mental Healthcare Provider,30000.00,,,,,2012-07-17T10:50:59.990000-04:00,30000.0,0.0
511da4af-3309-4c64-8e66-17ea3e74d020,2011,2AY,,40043343,MCCONNELL VALDES PLLC,DC,188479,FHC HEALTH SYSTEMS OF PR,PR,Mental Healthcare Provider,30000.00,,,,,2012-07-17T10:53:08.267000-04:00,30000.0,0.0
c1ca8d3f-e5d9-444c-ab02-b9ec563293c8,2011,1AY,,40043343,MCCONNELL VALDES PLLC,DC,188479,FHC HEALTH SYSTEMS OF PR,PR,Mental Healthcare Provider,30000.00,,,,,2012-07-17T10:55:22.717000-04:00,30000.0,0.0
f3912a10-873f-470b-a6af-ea01c5daa0bc,2010,4AY,,40043343,MCCONNELL VALDES PLLC,DC,188479,FHC HEALTH SYSTEMS OF PR,PR,Mental Healthcare Provider,30000.00,,,,,2012-07-17T10:59:38.273000-04:00,30000.0,0.0
3d6ac018-dcba-46f3-8a20-3cb8fd14dc20,2012,2AY,,40043343,MCCONNELL VALDES PLLC,DC,188474,PUERTO RICO DEPARTMENT OF CORRECTION AND REHABILITATION,PR,State Government Agency,21000.00,,,,,2012-07-17T11:09:04.253000-04:00,21000.0,0.0
82dbebd7-e40c-47a2-b5fd-e9ffacdbe32a,2012,1AY,,40043343,MCCONNELL VALDES PLLC,DC,188474,PUERTO RICO DEPARTMENT OF CORRECTION AND REHABILITATION,PR,State Government Agency,21000.00,,,,,2012-07-17T11:13:18.963000-04:00,21000.0,0.0
c19838bb-b495-4b26-96b7-419b407f75dc,2011,3AY,,40043343,MCCONNELL VALDES PLLC,DC,188474,PUERTO RICO DEPARTMENT OF CORRECTION AND REHABILITATION,PR,State Government Agency,21000.00,,,,,2012-07-17T11:18:41.767000-04:00,21000.0,0.0
42a805df-fe54-4a1a-9050-45d3539764cc,2012,RR,,400428066,NWG ADVOCACY LLC,FL,190717,HOSPITAL ASSOCIATION OF PUERTO RICO,PR,Serve Puerto Rico's Hospital System and its Members,,,Health Issues|Medicare/Medicaid,HR 1273/S. 688 - Puerto Rico Hospital Medicare HITECH Amendments|HR 1273/S. 688 - Puerto Rico Hospital Medicare HITECH Amendments,,2012-07-17T12:22:53.517000-04:00,0.0,0.0
7e857d1e-3620-40a6-adf6-19e95d6c2fb1,2012,Q2,,299332,CM GOVERNMENT RELATIONS,MS,180160,"FOOD INDUSTRY, MARKETING AND DISTRIBUTION CHAMBER (MIDA)",PR,Food Nutrition Policy & Regulations,10000.00,,Agriculture,Farm Bill Reauthorization -- SNAP funding,,2012-07-18T11:04:53.907000-04:00,10000.0,0.0
5e57033b-67bf-4404-8bee-2e9f4502992e,2012,Q2Y,,317355,JOSE FUENTES,DC,186006,MUNICIPALITY OF BAYAMON,PR,,,,,,,2012-07-18T11:35:42.190000-04:00,0.0,0.0
b4cfa45e-97ca-4cc0-b358-e800e1a2ba0e,2012,Q2,,317355,JOSE FUENTES,DC,186009,"EMPRESAS FONALLEDAS, INC.",PR,Real estate development company.,30000.00,,Taxation/Internal Revenue Code,Tax reform.,,2012-07-18T11:43:06.130000-04:00,30000.0,0.0
1f12865f-ee1d-4b91-acae-444ac6f5218d,2012,Q2,,400531581,POLICY SOLUTIONS LLC,DC,192115,"FOOD INDUSTRY, MARKETING AND DISTRIBUTION CHAMBER (MIDA)",PR,Food Nutrition Policy &amp; Regulations,10000.00,,"Food Industry (safety, labeling, etc.)","Nutrition, Funding and other interest areas that are included in the reauthorization of current Farm Bill policy and rel",,2012-07-18T12:52:40.607000-04:00,10000.0,0.0
f3be87de-d90f-47de-9060-dc19c6339430,2012,RR,,39941,VENABLE LLP,DC,149006,"BASTA YAPR, INC.",PR,"Non-profit corporation/foundation to reduce violence, promote crime prevention.",,,Law Enforcement/Crime/Criminal Justice,Telecommunications software and processes to help citizens report crime incidence to police and other law enforcement ag,,2012-07-18T14:03:15.237000-04:00,0.0,0.0
7119df4b-7799-4522-b68c-fc62a0f227e8,2012,Q2,,88278,"UPSTREAM CONSULTING, INC.",VA,173869,CONSERVATION TRUST FUND OF PUERTO RICO,PR,conservation,30000.00,,Taxation/Internal Revenue Code,Issues related to the taxation of rum.,,2012-07-19T08:59:25.080000-04:00,30000.0,0.0
43970735-d378-4149-bb11-138cfed888b8,2012,Q2,,400428066,NWG ADVOCACY LLC,FL,190717,HOSPITAL ASSOCIATION OF PUERTO RICO,PR,Serve Puerto Rico's Hospital System and its Members,8000.00,,Medicare/Medicaid,HR 1273/S.688 - Puerto Rico hospitals HITECH Act amendment,,2012-07-19T10:25:09.760000-04:00,8000.0,0.0
bc1eda29-06b4-47c4-93e9-9f94d87928b1,2012,Q2,,36710,STEPTOE LLP,DC,145697,GOVERNMENT DEVELOPMENT BANK FOR PUERTO RICO,PR,Financial Services provider,50000.00,,Health Issues,"Issues related to Medicaid funding to U.S. terrirories, including Puerto Rico.",,2012-07-19T16:55:01.277000-04:00,50000.0,0.0
c9b9743d-e046-4d6a-919f-8f75be794ee4,2012,Q2Y,,682,AKIN GUMP STRAUSS HAUER & FELD,DC,100772,INTER-AMERICAN UNIVERSITY OF PUERTO RICO,PR,,,,,,,2012-07-19T23:12:54.497000-04:00,0.0,0.0
f873e2c0-5481-4abc-ba2e-585186411f4f,2012,Q2,,39941,VENABLE LLP,DC,149006,"BASTA YAPR, INC.",PR,"Non-profit corporation/foundation to reduce violence, promote crime prevention.",10000.00,,Law Enforcement/Crime/Criminal Justice,Telecommunications software for law enforcement efforts.,,2012-07-20T09:20:18.213000-04:00,10000.0,0.0
c334d4fa-7fa3-4b0c-b7a4-261af079e5fe,2012,Q2,,79450,"NYPROCOA, INC.",NY,170568,PARA LA NATURALEZA INC,PR,Conservation and protection of areas of ecological value in Puerto Rico,10000.00,,Taxation/Internal Revenue Code,"- HR 1883/ S 986, ""To amend the Internal Revenue Code of 1986 to regulate the subsidies paid to rum producers in Puerto ",,2012-07-20T10:26:35.347000-04:00,10000.0,0.0
28a6f4ec-f748-4a3c-8fd8-407811812bc1,2012,2T,,90250,TREMONT STRATEGIES GROUP LLC,MA,174408,BLUEWATER DEFENSE,PR,Deployment Ready Tactical Gear.,10000.00,,Defense,Providing product information and company overview for members and staff,,2012-07-20T10:47:18.667000-04:00,10000.0,0.0
6755256b-99eb-4212-9038-a1607e95f6f1,2012,Q2Y,,37232,SULLIVAN & CROMWELL LLP,DC,146158,"POPULAR, INC",PR,Commercial bank.,,,,,,2012-07-20T11:02:33.190000-04:00,0.0,0.0
852161cc-450d-4bf5-ba05-2c8e58195db8,2012,Q2,,41408,WILEY REIN LLP,DC,150958,PUERTO RICO TELEPHONE COMPANY,PR,Telecommunications,50000.00,,Communications/Broadcasting/Radio/TV,Univeral Service Fund.,,2012-07-20T12:20:51.557000-04:00,50000.0,0.0
f626709f-557c-47a7-99a2-79cc89edc4b0,2012,Q2Y,,22198,"LASA, MONROIG & VEVE",DC,129014,MUNICIPALITY OF SALINAS,PR,,,,,,,2012-07-20T12:36:29.090000-04:00,0.0,0.0
0b93e2d0-7505-4659-b938-4b52116899e7,2012,Q2,,400428070,"NATIONAL HEALTH ADVISORS, LLC",DC,190739,MEDICAL CARD SYSTEMS (MCS),PR,Insurance Company,50000.00,,Health Issues,Implementation by HHS and CMS of Patient Protection and Affordable Care Act (PL: 111-148) and Health Care and Education ,,2012-07-20T13:38:10.143000-04:00,50000.0,0.0
8d178a59-fed9-4d95-ae3e-06d6ce4b5dce,2012,Q2,,7304,BRYAN CAVE LEIGHTON PAISNER LLP,DC,110689,PUERTO RICO ELECTRIC POWER AUTHORITY,PR,Electric Power Authority,60000.00,,Energy/Nuclear,Support alternative energy projects in Puerto Rico to reduce costs and air emmissions.,,2012-07-20T16:36:31.017000-04:00,60000.0,0.0
84a1a77a-6b9b-4945-ac92-005c4197e1cc,2012,Q2,,7304,BRYAN CAVE LEIGHTON PAISNER LLP,DC,110684,PUERTO RICO PORTS AUTHORITY,PR,Public Corporation to Develop and Operate Ports and Airports in Puerto Rico,20000.00,,Aviation/Airlines/Airports,Development of new approaches to airport safety of intransit foreign airline passengers.,,2012-07-20T16:38:45.540000-04:00,20000.0,0.0
994085ab-1569-4159-8393-37cf51c8dffb,2012,Q2,,295350,MG GROUP,VA,179164,PUERTO RICO HOSPITAL ASSOCIATION,PR,,12000.00,,Medicare/Medicaid,"IPPS Medicare Reimbursements
DSH Medicare
EHR Medicare Incentives",,2012-07-24T09:47:48.980000-04:00,12000.0,0.0
24773235-14b3-4f5b-8c73-4234403466b2,2012,2@Y,,317355,JOSE FUENTES,DC,186006,MUNICIPALITY OF BAYAMON,PR,,,,,,,2012-09-26T11:17:15.007000-04:00,0.0,0.0
40693fde-7ab0-448d-9972-15b741136450,2012,RR,,73134,O'NEILL AND ASSOCIATES,MA,166630,PASEO DEL VALLE,PR,Housing Developer in Puerto Rico,,,Transportation,Federal Highway Administration,,2012-10-04T11:43:45.187000-04:00,0.0,0.0
f9bdaa10-a717-46c5-9e7b-e3228fccabb1,2012,Q3Y,,33795,THE ROTH GROUP,VA,142133,MUNICIPALITY OF VILLALBA,PR,Municipality,,,,,,2012-10-09T12:39:31.430000-04:00,0.0,0.0
ecfea91e-2976-491d-bcc6-962b5fc1430d,2012,Q3,,40043343,MCCONNELL VALDES PLLC,DC,188477,CITY OF SAN JUAN,PR,Municipal Government,90000.00,,Budget/Appropriations,Lobby key members of the US House of Representatives on issues related to the City of San Juan,,2012-10-16T12:51:20.237000-04:00,90000.0,0.0
e1a38830-d96f-4551-8cf1-19d2a2df77d7,2012,Q3Y,,40043343,MCCONNELL VALDES PLLC,DC,188479,FHC HEALTH SYSTEMS OF PR,PR,Mental Healthcare Provider,30000.00,,,,,2012-10-16T13:00:33.710000-04:00,30000.0,0.0
efb1d291-aaf4-45ff-877f-c0d87a566878,2012,Q3,,40043343,MCCONNELL VALDES PLLC,DC,188474,PUERTO RICO DEPARTMENT OF CORRECTION AND REHABILITATION,PR,State Government Agency,20000.00,,Budget/Appropriations,Lobby key members of the Executive Branch on issues related to the Puerto Rico Department of Correction and Rehabilitati,,2012-10-16T13:09:51.167000-04:00,20000.0,0.0
6d4b5ae6-2b20-4e03-bbe1-b0c3e9b417a9,2012,Q3Y,,40043343,MCCONNELL VALDES PLLC,DC,188470,BANCO POPULAR DE PUERTO RICO,PR,Bank,,,,,,2012-10-16T13:15:01.193000-04:00,0.0,0.0
1fd1995e-1bbe-49ac-a04e-fefdddf6cd76,2012,Q3,,400428066,NWG ADVOCACY LLC,FL,190717,HOSPITAL ASSOCIATION OF PUERTO RICO,PR,Serve Puerto Rico's Hospital System and its Members,24000.00,,Medicare/Medicaid,H.R. 1273/S. 688 - Puerto Rico Hospitals HITECH Amendment,,2012-10-16T15:02:46.533000-04:00,24000.0,0.0
fd3955ee-54b7-42b4-921b-c2b15166ceb9,2012,Q3,,7268,BROYDRICK & ASSOCIATES,DC,110356,MILWAUKEE METROPOLITAN SEWERAGE DISTRICT,PR,Municipality in Puerto Rico,,,Budget/Appropriations|Clean Air and Water (quality),"Federal appropriations for land conservation fund.|H.R.3145 : Water Quality Protection and Job Creation Act of 2011. FY12 Interior-Environment Appropriations Act, State Re",,2012-10-17T21:06:37.617000-04:00,0.0,0.0
10f40773-1397-4be8-aac4-d42822785ce4,2012,Q3,,88278,"UPSTREAM CONSULTING, INC.",VA,173869,CONSERVATION TRUST FUND OF PUERTO RICO,PR,conservation,30000.00,,Taxation/Internal Revenue Code,Issues related to the taxation of rum.,,2012-10-18T08:43:00.643000-04:00,30000.0,0.0
ead4376c-a642-4fc1-9ded-1e82c3911382,2012,Q3,,39941,VENABLE LLP,DC,149006,"BASTA YAPR, INC.",PR,"Non-profit corporation/foundation to reduce violence, promote crime prevention.",10000.00,,Law Enforcement/Crime/Criminal Justice,Telecommunications software for law enforcement efforts.,,2012-10-18T11:11:35.510000-04:00,10000.0,0.0
29bb65dc-e2de-4180-97bb-3b422dabcf92,2012,Q2,,73134,O'NEILL AND ASSOCIATES,MA,166630,PASEO DEL VALLE,PR,Housing Developer in Puerto Rico,20000.00,,Transportation,Federal Highway Administration,,2012-10-18T17:26:02.847000-04:00,20000.0,0.0
ccd540f9-ca44-4d89-a110-574f9f1eb8ce,2012,Q3,,400531581,POLICY SOLUTIONS LLC,DC,192115,"FOOD INDUSTRY, MARKETING AND DISTRIBUTION CHAMBER (MIDA)",PR,Food Nutrition Policy &amp; Regulations,10000.00,,"Food Industry (safety, labeling, etc.)","Nutrition, Funding and other interest areas that are included in the reauthorization of current Farm Bill policy and rel",,2012-10-19T09:22:43.960000-04:00,10000.0,0.0
8dc040ae-e49c-40a3-8a24-a7cda1dc42c6,2012,Q3,,36710,STEPTOE LLP,DC,145697,GOVERNMENT DEVELOPMENT BANK FOR PUERTO RICO,PR,Financial Services provider,50000.00,,Health Issues,"Issues related to Medicaid funding to U.S. terrirories, including Puerto Rico.",,2012-10-19T10:35:51.750000-04:00,50000.0,0.0
1060d091-39e8-4d95-a487-e8d5d1e9efca,2012,Q3,,41408,WILEY REIN LLP,DC,150958,PUERTO RICO TELEPHONE COMPANY,PR,Telecommunications,10000.00,,Communications/Broadcasting/Radio/TV,Univeral Service Fund.,,2012-10-19T13:07:17.087000-04:00,10000.0,0.0
3153f5b0-3f11-4458-9b90-bde9eacce24e,2012,Q3,,73134,O'NEILL AND ASSOCIATES,MA,166630,PASEO DEL VALLE,PR,Housing Developer in Puerto Rico,10000.00,,Transportation,Federal Highway Administraion,,2012-10-19T15:37:14.347000-04:00,10000.0,0.0
5ec4b52e-f14b-4d0b-8476-e8c5c2f8084a,2012,Q3Y,,22198,"LASA, MONROIG & VEVE",DC,129014,MUNICIPALITY OF SALINAS,PR,,,,,,,2012-10-20T19:42:58.737000-04:00,0.0,0.0
8a76904b-fa6d-4533-9e68-49e606279e9a,2012,Q3,,299332,CM GOVERNMENT RELATIONS,MS,180160,"FOOD INDUSTRY, MARKETING AND DISTRIBUTION CHAMBER (MIDA)",PR,Food Nutrition Policy & Regulations,10000.00,,Agriculture,Farm Bill reauthorization - SNAP,,2012-10-22T09:40:59.190000-04:00,10000.0,0.0
890e655c-4f65-4cf0-854d-0dfc5242323d,2012,Q3Y,,682,AKIN GUMP STRAUSS HAUER & FELD,DC,100772,INTER-AMERICAN UNIVERSITY OF PUERTO RICO,PR,,,,,,,2012-10-22T10:44:26.477000-04:00,0.0,0.0
2977ec00-3cc7-4019-b81e-682bf2f0d8e1,2012,Q3,,317355,JOSE FUENTES,DC,186009,"EMPRESAS FONALLEDAS, INC.",PR,Real estate development company.,60000.00,,Taxation/Internal Revenue Code,Tax reform.,,2012-10-22T11:03:11.627000-04:00,60000.0,0.0
f766a721-cedc-4c03-98c4-7cc1c3fd0bbd,2012,Q3,,79450,"NYPROCOA, INC.",NY,170568,PARA LA NATURALEZA INC,PR,Conservation and protection of areas of ecological value in Puerto Rico,10000.00,,Taxation/Internal Revenue Code,"- HR 1883/ S 986, ""To amend the Internal Revenue Code of 1986 to regulate the subsidies paid to rum producers in Puerto ",,2012-10-22T11:50:07.747000-04:00,10000.0,0.0
9afda19d-4b79-4b8a-8f01-627b9415fbc1,2012,Q3,,7304,BRYAN CAVE LEIGHTON PAISNER LLP,DC,110689,PUERTO RICO ELECTRIC POWER AUTHORITY,PR,Electric Power Authority,60000.00,,Energy/Nuclear,Support alternative energy projects in Puerto Rico to reduce costs and air emissions.,,2012-10-22T14:53:17.413000-04:00,60000.0,0.0
07681fc5-14e1-4f62-b53f-9b39087848b5,2012,Q3,,7304,BRYAN CAVE LEIGHTON PAISNER LLP,DC,110684,PUERTO RICO PORTS AUTHORITY,PR,Public Corporation to Develop and Operate Ports and Airports in Puerto Rico,20000.00,,Aviation/Airlines/Airports,Development of new approaches to airport safety of in transit foreign airline passengers.,,2012-10-22T14:55:28.177000-04:00,20000.0,0.0
1e18beb6-4f00-4d70-a82a-be5519280c5a,2012,Q3Y,,37232,SULLIVAN & CROMWELL LLP,DC,146158,"POPULAR, INC",PR,Commercial bank.,,,,,,2012-10-22T17:29:44.443000-04:00,0.0,0.0
e7fe3c29-2503-4513-8d5d-0dc0228ffb9b,2012,4AY,,40043343,MCCONNELL VALDES PLLC,DC,188479,FHC HEALTH SYSTEMS OF PR,PR,Mental Healthcare Provider,30000.00,,,,,2012-11-01T15:09:31.693000-04:00,30000.0,0.0
3265d109-a4b0-42d2-bb7b-39b2ec245839,2012,3A,,40043343,MCCONNELL VALDES PLLC,DC,188477,CITY OF SAN JUAN,PR,Municipal Government,90000.00,,Budget/Appropriations,Lobby key members of the US HOuse of Representatives on issues related to the City of San Juan.,,2012-11-01T15:23:37.770000-04:00,90000.0,0.0
b3b8e985-7078-4bef-a92a-bf752db64e9b,2012,4A,,40043343,MCCONNELL VALDES PLLC,DC,188474,PUERTO RICO DEPARTMENT OF CORRECTION AND REHABILITATION,PR,State Government Agency,20000.00,,Budget/Appropriations,Lobby key members of the Executive Brach on issues related to the Puerto Rico Department of Correction and Rehabilitatoi,,2012-11-01T15:30:42.090000-04:00,20000.0,0.0
277e0bae-97be-4671-9020-0fd076472a72,2012,4AY,,40043343,MCCONNELL VALDES PLLC,DC,188470,BANCO POPULAR DE PUERTO RICO,PR,Bank,,,,,,2012-11-01T15:34:44.430000-04:00,0.0,0.0
3a144627-84a0-4190-81a8-b40718ea37ec,2012,RR,,1182,ALSTON & BIRD LLP,DC,102473,AIRPORT SHOPPES CORP,PR,Food service,,,Economics/Economic Development|Defense|Transportation|Foreign Relations|Budget/Appropriations|Aviation/Airlines/Airports|Government Issues|Travel/Tourism|Labor Issues/Antitrust/Workplace|Homeland Security,"Privatization proposal for Luis Munoz Marin International Airport in San Juan, Puerto Rico, (SJU) under Federal Aviation|Privatization proposal for Luis Munoz Marin International Airport in San Juan, Puerto Rico, (SJU) under Federal Aviation|Privatization proposal for Luis Munoz Marin International Airport in San Juan, Puerto Rico, (SJU) under Federal Aviation|Privatization proposal for Luis Munoz Marin International Airport in San Juan, Puerto Rico, (SJU) under Federal Aviation|Privatization proposal for Luis Munoz Marin International Airport in San Juan, Puerto Rico, (SJU) under Federal Aviation",,2012-11-02T16:13:56.930000-04:00,0.0,0.0
f588d61b-1c7b-4a09-8ef0-50833fd9387b,2012,Q3,,295350,MG GROUP,VA,179164,PUERTO RICO HOSPITAL ASSOCIATION,PR,,12000.00,,Medicare/Medicaid,"IPPS Medicare Reimbursements
DSH Medicare
EHR Medicare Incentives",,2012-11-05T09:14:30.890000-05:00,12000.0,0.0
361bd038-1dce-47c2-979e-a8b38ff245ca,2012,Q3,,1182,ALSTON & BIRD LLP,DC,102473,AIRPORT SHOPPES CORP,PR,Food service,50000.00,,Aviation/Airlines/Airports|Travel/Tourism|Homeland Security,"Privatization proposal for Luis Munoz Marin International Airport in San Juan, Puerto Rico, (SJU) under Federal Aviation|Privatization proposal for Luis Munoz Marin International Airport in San Juan, Puerto Rico, (SJU) under Federal Aviation|Privatization proposal for Luis Munoz Marin International Airport in San Juan, Puerto Rico, (SJU) under Federal Aviation",,2012-11-05T19:59:32.920000-05:00,50000.0,0.0
8c121a44-6da7-4c12-8669-9642d4bc9a8c,2012,Q4,,40043343,MCCONNELL VALDES PLLC,DC,188477,CITY OF SAN JUAN,PR,Municipal Government,90000.00,,Budget/Appropriations,Lobby key members of the US House of Representatives on issues related to the City of San Juan,,2013-01-08T15:31:11.037000-05:00,90000.0,0.0
844e61f7-2de8-4907-b946-ba2334cb4b17,2012,Q4,,40043343,MCCONNELL VALDES PLLC,DC,188474,PUERTO RICO DEPARTMENT OF CORRECTION AND REHABILITATION,PR,State Government Agency,20000.00,,Budget/Appropriations,Lobby key members of the Executive Branch on issues related to the Puerto Rico Department of Correction and Rehabilitati,,2013-01-08T15:42:27.423000-05:00,20000.0,0.0
eb686acb-5aa7-433c-a1be-cb0c67ebaf62,2012,Q4Y,,40043343,MCCONNELL VALDES PLLC,DC,188479,FHC HEALTH SYSTEMS OF PR,PR,Mental Healthcare Provider,30000.00,,,,,2013-01-08T15:45:28.907000-05:00,30000.0,0.0
fd519a17-e99c-4051-8fa0-1b84897a898c,2012,Q4Y,,40043343,MCCONNELL VALDES PLLC,DC,188470,BANCO POPULAR DE PUERTO RICO,PR,Bank,,,,,,2013-01-08T15:47:29.670000-05:00,0.0,0.0
d64aad6c-6d57-4c0d-91cf-ebfa558bae95,2012,Q3,,400428070,"NATIONAL HEALTH ADVISORS, LLC",DC,190739,MEDICAL CARD SYSTEMS (MCS),PR,Insurance Company,50000.00,,Health Issues,Implementation by HHS and CMS of Patient Protection and Affordable Care Act (PL: 111-148) and Health Care and Education ,,2013-01-08T16:58:01.377000-05:00,50000.0,0.0
1a0d3a26-8979-452b-9ba5-cbfaf4ba0d01,2012,Q4Y,,33795,THE ROTH GROUP,VA,142133,MUNICIPALITY OF VILLALBA,PR,Municipality,,,,,,2013-01-14T14:00:55.410000-05:00,0.0,0.0
a0594e31-458c-472b-9233-4c80cd37661f,2012,Q4,,39941,VENABLE LLP,DC,149006,"BASTA YAPR, INC.",PR,"Non-profit corporation/foundation to reduce violence, promote crime prevention.",,,Law Enforcement/Crime/Criminal Justice,Telecommunications software for law enforcement efforts.,,2013-01-16T13:32:14.167000-05:00,0.0,0.0
a51b05a4-d992-4259-8287-dfcaca03776e,2012,Q4,,400428066,NWG ADVOCACY LLC,FL,190717,HOSPITAL ASSOCIATION OF PUERTO RICO,PR,Serve Puerto Rico's Hospital System and its Members,18000.00,,Health Issues,"Health IT, Medicare & Medicaid",,2013-01-17T17:52:54.397000-05:00,18000.0,0.0
9fb0e210-e4d0-4e19-a843-d7000b1b33af,2012,4TY,,73134,O'NEILL AND ASSOCIATES,MA,166630,PASEO DEL VALLE,PR,Housing Developer in Puerto Rico,,,,,,2013-01-18T17:32:42.543000-05:00,0.0,0.0
50c9b113-693e-46c8-87c4-54c04fce3e0d,2012,Q4,,7268,BROYDRICK & ASSOCIATES,DC,110356,MILWAUKEE METROPOLITAN SEWERAGE DISTRICT,PR,Municipality in Puerto Rico,,,Budget/Appropriations|Clean Air and Water (quality),Federal appropriations and land conservation fund.|HR 3145 Water Quality Protection and Job Creation Act of 2011. FY12 interior-Environment Appropriations Act. State Revol,,2013-01-19T18:02:43.740000-05:00,0.0,0.0
f16c8a8c-15bd-455e-b15b-cce6bd6594e7,2012,4TY,,22198,"LASA, MONROIG & VEVE",DC,129014,MUNICIPALITY OF SALINAS,PR,,,,,,,2013-01-20T08:53:37.043000-05:00,0.0,0.0
ecf25f7d-4911-4584-b9b1-25f1ddd69d41,2012,Q4,,400531581,POLICY SOLUTIONS LLC,DC,192115,"FOOD INDUSTRY, MARKETING AND DISTRIBUTION CHAMBER (MIDA)",PR,Food Nutrition Policy &amp; Regulations,10000.00,,"Food Industry (safety, labeling, etc.)","Nutrition, Funding and other interest areas that are included in the reauthorization of current Farm Bill policy and rel",,2013-01-20T13:35:34.497000-05:00,10000.0,0.0
eea44581-99f9-46b2-8b85-7f4896252aa2,2012,Q4Y,,682,AKIN GUMP STRAUSS HAUER & FELD,DC,100772,INTER-AMERICAN UNIVERSITY OF PUERTO RICO,PR,,,,,,,2013-01-20T16:10:44.263000-05:00,0.0,0.0
84fa8363-4d00-4291-b74a-131d09337b6c,2012,Q4,,7304,BRYAN CAVE LEIGHTON PAISNER LLP,DC,110689,PUERTO RICO ELECTRIC POWER AUTHORITY,PR,Electric Power Authority,60000.00,,Energy/Nuclear,Support alternative energy projects in Puerto Rico to reduce costs and air emissions.,,2013-01-22T08:09:01.923000-05:00,60000.0,0.0
bf6e5b18-ff0b-4b5d-9f1d-7b0f9c488560,2012,Q4,,7304,BRYAN CAVE LEIGHTON PAISNER LLP,DC,110684,PUERTO RICO PORTS AUTHORITY,PR,Public Corporation to Develop and Operate Ports and Airports in Puerto Rico,20000.00,,Aviation/Airlines/Airports,Development of new approaches to airport safety of in transit foreign airline passengers.,,2013-01-22T08:12:03.500000-05:00,20000.0,0.0
4556f69a-659e-4345-89a4-f49ea49af7fa,2012,Q4,,88278,"UPSTREAM CONSULTING, INC.",VA,173869,CONSERVATION TRUST FUND OF PUERTO RICO,PR,conservation,30000.00,,Taxation/Internal Revenue Code,Issues related to the taxation of rum.,,2013-01-22T08:38:18.177000-05:00,30000.0,0.0
a80ad7e0-370e-4ccd-8760-affe7ddced7f,2012,Q4Y,,37232,SULLIVAN & CROMWELL LLP,DC,146158,"POPULAR, INC",PR,Commercial bank.,,,,,,2013-01-22T12:05:34.070000-05:00,0.0,0.0
75bb7120-be62-42a1-8f8d-3a0deb6d45d1,2012,Q4,,317355,JOSE FUENTES,DC,186009,"EMPRESAS FONALLEDAS, INC.",PR,Real estate development company.,60000.00,,Taxation/Internal Revenue Code,Tax reform.,,2013-01-22T13:11:14.400000-05:00,60000.0,0.0
93b21e6a-9a93-4024-9079-492e0f6f4cb3,2012,Q4,,79450,"NYPROCOA, INC.",NY,170568,PARA LA NATURALEZA INC,PR,Conservation and protection of areas of ecological value in Puerto Rico,10000.00,,Taxation/Internal Revenue Code,"- HR 1883/ S 986, ""To amend the Internal Revenue Code of 1986 to regulate the subsidies paid to rum producers in Puerto ",,2013-01-22T13:21:08.473000-05:00,10000.0,0.0
0da39002-1540-4a57-80a3-8c3f73ad83f3,2012,Q4,,400428070,"NATIONAL HEALTH ADVISORS, LLC",DC,190739,MEDICAL CARD SYSTEMS (MCS),PR,Insurance Company,50000.00,,Health Issues,Implementation by HHS and CMS of Patient Protection and Affordable Care Act (PL: 111-148) and Health Care and Education ,,2013-01-22T14:30:24.103000-05:00,50000.0,0.0
a3a558dc-8630-42d7-b825-f2f33a47ba34,2012,Q4Y,,41408,WILEY REIN LLP,DC,150958,PUERTO RICO TELEPHONE COMPANY,PR,Telecommunications,,,,,,2013-01-22T14:46:54.453000-05:00,0.0,0.0
73b9032d-abd2-490a-853d-f92f83a462bc,2012,Q4,,1182,ALSTON & BIRD LLP,DC,102473,AIRPORT SHOPPES CORP,PR,Food service,140000.00,,Aviation/Airlines/Airports|Travel/Tourism|Homeland Security,"Privatization proposal for Luis Munoz Marin International Airport in San Juan, Puerto Rico, (SJU) under Federal Aviation|Privatization proposal for Luis Munoz Marin International Airport in San Juan, Puerto Rico, (SJU) under Federal Aviation|Privatization proposal for Luis Munoz Marin International Airport in San Juan, Puerto Rico, (SJU) under Federal Aviation",,2013-01-22T14:51:44.017000-05:00,140000.0,0.0
6762549f-da20-40ba-8cc4-a9797b4c4030,2012,4A,,1182,ALSTON & BIRD LLP,DC,102473,AIRPORT SHOPPES CORP,PR,Food service,140000.00,,Aviation/Airlines/Airports,"Privatization proposal for Luis Munoz Marin International Airport in San Juan, Puerto Rico, (SJU) under Federal Aviation",,2013-01-22T15:11:46.990000-05:00,140000.0,0.0
35c64132-265a-41bc-9053-5e7c81baad62,2012,Q4Y,,36710,STEPTOE LLP,DC,145697,GOVERNMENT DEVELOPMENT BANK FOR PUERTO RICO,PR,Financial Services provider,,,,,,2013-01-22T19:56:49.170000-05:00,0.0,0.0
188a326f-adad-47cc-bd9c-d9e26320500d,2012,4T,,299332,CM GOVERNMENT RELATIONS,MS,180160,"FOOD INDUSTRY, MARKETING AND DISTRIBUTION CHAMBER (MIDA)",PR,Food Nutrition Policy & Regulations,,,Agriculture,"Farm Bill Reauthorization, SNAP",,2013-01-23T11:54:20.697000-05:00,0.0,0.0
bd571a64-0ed8-4a60-9afd-869a6d357af0,2012,Q4,,295350,MG GROUP,VA,179164,PUERTO RICO HOSPITAL ASSOCIATION,PR,,12000.00,,Medicare/Medicaid,"IPPS Medicare Reimbursements
DSH Medicare
EHR Medicare Incentives",,2013-02-05T08:55:31.077000-05:00,12000.0,0.0
c2660626-4c64-4e95-91d9-649a8b40b595,2013,1TY,,40043343,MCCONNELL VALDES PLLC,DC,188477,CITY OF SAN JUAN,PR,Municipal Government,,,,,,2013-02-20T12:11:20.427000-05:00,0.0,0.0
df3823c1-6863-4154-adeb-36395c3e0a74,2013,1TY,,40043343,MCCONNELL VALDES PLLC,DC,188474,PUERTO RICO DEPARTMENT OF CORRECTION AND REHABILITATION,PR,State Government Agency,,,,,,2013-02-20T12:15:21.017000-05:00,0.0,0.0
0d984962-d555-4b75-a07a-0732f063a9a4,2013,1TY,,33795,THE ROTH GROUP,VA,142133,MUNICIPALITY OF VILLALBA,PR,Municipality,,,,,,2013-04-01T11:44:26.557000-04:00,0.0,0.0
a05c602b-835f-4f35-8d31-df1939c2193c,2013,1TY,,40043343,MCCONNELL VALDES PLLC,DC,188479,FHC HEALTH SYSTEMS OF PR,PR,Mental Healthcare Provider,,,,,,2013-04-11T11:13:44.553000-04:00,0.0,0.0
093390cb-4a62-4624-8239-074a6b0526c9,2013,1TY,,40043343,MCCONNELL VALDES PLLC,DC,188470,BANCO POPULAR DE PUERTO RICO,PR,Bank,,,,,,2013-04-11T11:22:46.927000-04:00,0.0,0.0
f689bae3-f8ea-40dc-aa1c-21253aebf825,2013,RR,,40043343,MCCONNELL VALDES PLLC,DC,188481,CITY OF ARECIBO,PR,Municipal Government,,,Budget/Appropriations|Government Issues,Lobby key members of the US House of Representatives and the Federal Executive Branch on issues related to the City of A|Lobby key members of the US House of Representatives and the Federal Executive Branch on issues related to the City of A,,2013-04-11T13:00:02.537000-04:00,0.0,0.0
eea90e3f-df1e-4f3c-93d3-35a0da0a7258,2013,Q1,,40043343,MCCONNELL VALDES PLLC,DC,188481,CITY OF ARECIBO,PR,Municipal Government,22500.00,,Government Issues,Lobby key members of the US House of Representatives and the Federal Executive Branch on issues relating to the City of ,,2013-04-11T15:56:29.263000-04:00,22500.0,0.0
760eb41a-a0c6-4c2f-8198-739dce95b701,2013,Q1,,79450,"NYPROCOA, INC.",NY,170568,PARA LA NATURALEZA INC,PR,Conservation and protection of areas of ecological value in Puerto Rico,10000.00,,Taxation/Internal Revenue Code,- Issues regarding the rum carry over program. (No Bill Number),,2013-04-15T16:48:57.053000-04:00,10000.0,0.0
0a0c6885-3a73-471c-8852-81870fbc2443,2013,Q1,,88278,"UPSTREAM CONSULTING, INC.",VA,173869,CONSERVATION TRUST FUND OF PUERTO RICO,PR,conservation,30000.00,,Taxation/Internal Revenue Code,Issues related to the taxation of rum.,,2013-04-16T13:51:29-04:00,30000.0,0.0
2b571dbd-7042-40c2-95bb-6aeb8dcdfd39,2013,Q1,,7268,BROYDRICK & ASSOCIATES,DC,110356,MILWAUKEE METROPOLITAN SEWERAGE DISTRICT,PR,Municipality in Puerto Rico,,,Budget/Appropriations,"FY12 Interior-Environment Appropriations Act, State Revolving Loan Fund. Federal appropriations for land conservation fu",,2013-04-16T19:13:56.947000-04:00,0.0,0.0
270eeb97-545e-4ac9-9127-abafe7374b57,2013,1TY,,36710,STEPTOE LLP,DC,145697,GOVERNMENT DEVELOPMENT BANK FOR PUERTO RICO,PR,Financial Services provider,,,,,,2013-04-17T10:51:12.187000-04:00,0.0,0.0
ecdc4eed-eed6-476c-8e07-313469a2b657,2013,Q1,,39941,VENABLE LLP,DC,149006,"BASTA YAPR, INC.",PR,"Non-profit corporation/foundation to reduce violence, promote crime prevention.",,,Law Enforcement/Crime/Criminal Justice,Telecommunications software for law enforcement efforts.,,2013-04-19T09:47:12.813000-04:00,0.0,0.0
0e7efc2c-bae2-4b31-8b8e-e10477448539,2013,Q1,,400531581,POLICY SOLUTIONS LLC,DC,192115,"FOOD INDUSTRY, MARKETING AND DISTRIBUTION CHAMBER (MIDA)",PR,Food Nutrition Policy &amp; Regulations,10000.00,,"Food Industry (safety, labeling, etc.)","Nutrition, Funding and other interest areas that are included in the reauthorization of current Farm Bill policy and rel",,2013-04-20T11:46:58.977000-04:00,10000.0,0.0
4dc12d3c-c465-4604-b4a7-bdfa892c46d2,2013,Q1,,317355,JOSE FUENTES,DC,186009,"EMPRESAS FONALLEDAS, INC.",PR,Real estate development company.,60000.00,,Taxation/Internal Revenue Code,Tax reform.,,2013-04-22T09:54:29.320000-04:00,60000.0,0.0
5a6e7b17-6632-487b-8306-72873cdc5e53,2013,Q1,,400428070,"NATIONAL HEALTH ADVISORS, LLC",DC,190739,MEDICAL CARD SYSTEMS (MCS),PR,Insurance Company,50000.00,,Health Issues,Implementation by HHS and CMS of Patient Protection and Affordable Care Act (PL: 111-148) and Health Care and Education ,,2013-04-22T12:36:42.847000-04:00,50000.0,0.0
e931c817-eda2-49c0-9983-c88765310cc1,2013,Q1Y,,41408,WILEY REIN LLP,DC,150958,PUERTO RICO TELEPHONE COMPANY,PR,Telecommunications,,,,,,2013-04-22T14:15:41.627000-04:00,0.0,0.0
9145fc32-4b63-4b73-9f58-a629d875b8ac,2013,Q1,,1182,ALSTON & BIRD LLP,DC,102473,AIRPORT SHOPPES CORP,PR,Food service,140000.00,,Aviation/Airlines/Airports,"Privatization proposal for Luis Munoz Marin International Airport in San Juan, Puerto Rico, (SJU) under Federal Aviation",,2013-04-22T14:49:42.710000-04:00,140000.0,0.0
c264cedc-3270-48cd-b8b6-3b8b3ee2d585,2013,1TY,,682,AKIN GUMP STRAUSS HAUER & FELD,DC,100772,INTER-AMERICAN UNIVERSITY OF PUERTO RICO,PR,,,,,,,2013-04-22T15:00:27.937000-04:00,0.0,0.0
26a6cf04-105d-482b-a9db-1de612f3d794,2013,Q1Y,,37232,SULLIVAN & CROMWELL LLP,DC,146158,"POPULAR, INC",PR,Commercial bank.,,,,,,2013-04-22T17:27:04.077000-04:00,0.0,0.0
06418bfd-fc7c-4db6-9618-a260270c7b10,2013,Q1,,7304,BRYAN CAVE LEIGHTON PAISNER LLP,DC,110689,PUERTO RICO ELECTRIC POWER AUTHORITY,PR,Electric Power Authority,60000.00,,Energy/Nuclear,Support alternative energy projects in Puerto Rico to reduce costs and air emissions.,,2013-04-22T22:48:06.620000-04:00,60000.0,0.0
eb5e467b-4402-49b3-b398-fbbd3cf15acd,2013,Q1,,7304,BRYAN CAVE LEIGHTON PAISNER LLP,DC,110684,PUERTO RICO PORTS AUTHORITY,PR,Public Corporation to Develop and Operate Ports and Airports in Puerto Rico,20000.00,,Aviation/Airlines/Airports,Development of new approaches to airport safety of in transit foreign airline passengers.,,2013-04-22T22:50:09.680000-04:00,20000.0,0.0
6cb06c41-8887-41c8-b10c-97eeffc72b43,2013,RR,,400428066,NWG ADVOCACY LLC,FL,190719,PUERTO RICO MANUFACTURERS ASSOCIATION,PR,manufacturing trade association,,,Taxation/Internal Revenue Code,Tax Reform,,2013-04-25T12:58:37.710000-04:00,0.0,0.0
3226e2b3-124e-4b53-bd04-6ea79a0eea44,2013,Q1,,400428066,NWG ADVOCACY LLC,FL,190717,HOSPITAL ASSOCIATION OF PUERTO RICO,PR,Serve Puerto Rico's Hospital System and its Members,24000.00,,Health Issues,HITECH Act,,2013-04-29T19:48:24.227000-04:00,24000.0,0.0
74d082f6-0023-458c-bd7a-bf69a64a29b1,2013,Q1,,400428066,NWG ADVOCACY LLC,FL,190719,PUERTO RICO MANUFACTURERS ASSOCIATION,PR,manufacturing trade association,5000.00,,Taxation/Internal Revenue Code,Tax Reform,,2013-04-29T19:52:25.427000-04:00,5000.0,0.0
907d257e-8960-4c9b-b1d0-d8d0f3806d52,2013,Q1,,295350,MG GROUP,VA,179164,PUERTO RICO HOSPITAL ASSOCIATION,PR,,12000.00,,Medicare/Medicaid,"IPPS Medicare Reimbusements
DSH Medicare
EHR Medicare Incentives",,2013-05-06T22:35:55.800000-04:00,12000.0,0.0
fa041cb2-f556-4369-b06c-5cae90cca76c,2013,Q2,,40043343,MCCONNELL VALDES PLLC,DC,188481,CITY OF ARECIBO,PR,Municipal Government,22500.00,,Government Issues,Lobby key members of the US House of Representatives and the Federal Executive Branch on issues relating to the City of ,,2013-06-03T13:30:54.850000-04:00,22500.0,0.0
018bb9c0-da89-4c6e-a94a-92f23e6bc1a2,2013,RR,,31680,"PODESTA GROUP, INC.",DC,138740,PUERTO RICO DEPARTMENT OF THE TREASURY,PR,Government agency,,,Government Issues|Taxation/Internal Revenue Code|Economics/Economic Development|Defense|Education|Homeland Security,"Federal transportation, statehood, border security, and tax treaty issues.
Education and infrastructure funding.
Militar|Federal transportation, statehood, border security, and tax treaty issues.
Education and infrastructure funding.
Militar|Federal transportation, statehood, border security, and tax treaty issues.
Education and infrastructure funding.
Militar|Federal transportation, statehood, border security, and tax treaty issues.
Education and infrastructure funding.
Militar|Federal transportation, statehood, border security, and tax treaty issues.
Education and infrastructure funding.
Militar",,2013-06-26T18:00:05.420000-04:00,0.0,0.0
ecab4587-2766-45f4-98d0-1f9024dddfcf,2013,Q2,,400428066,NWG ADVOCACY LLC,FL,190719,PUERTO RICO MANUFACTURERS ASSOCIATION,PR,manufacturing trade association,5000.00,,Taxation/Internal Revenue Code,Tax Reform,,2013-07-07T18:28:19.667000-04:00,5000.0,0.0
39b06b99-c659-4bd6-a9e3-c072d4f80cfe,2013,Q2,,400428066,NWG ADVOCACY LLC,FL,190717,HOSPITAL ASSOCIATION OF PUERTO RICO,PR,Serve Puerto Rico's Hospital System and its Members,24000.00,,Health Issues,Health Care issues including the HITECH Act,,2013-07-07T18:35:20.473000-04:00,24000.0,0.0
8fc1daea-f136-419c-a6e4-0a584aac8d34,2013,Q2,,400531581,POLICY SOLUTIONS LLC,DC,192115,"FOOD INDUSTRY, MARKETING AND DISTRIBUTION CHAMBER (MIDA)",PR,Food Nutrition Policy &amp; Regulations,10000.00,,"Food Industry (safety, labeling, etc.)","Nutrition, Funding and other interest areas that are included in the reauthorization of current Farm Bill policy and rel",,2013-07-16T12:29:42.023000-04:00,10000.0,0.0
8629efae-0933-4bd4-a881-877d5fed4c11,2013,Q2Y,,39941,VENABLE LLP,DC,149006,"BASTA YAPR, INC.",PR,"Non-profit corporation/foundation to reduce violence, promote crime prevention.",,,,,,2013-07-17T17:14:12.120000-04:00,0.0,0.0
56f5b14b-931f-48d8-b6e8-049970185c80,2013,Q2,,7268,BROYDRICK & ASSOCIATES,DC,110356,MILWAUKEE METROPOLITAN SEWERAGE DISTRICT,PR,Municipality in Puerto Rico,,,Budget/Appropriations|Clean Air and Water (quality),"You can also include: FY12 Interior-Environment Appropriations Act, State Revolving Loan Fund.|Federal appropriations for land conservation fund. WRDA reauthorization.",,2013-07-17T21:24:32.943000-04:00,0.0,0.0
5ba648ff-4b3a-4a53-80a4-f2bf421ab7f6,2013,Q2,,88278,"UPSTREAM CONSULTING, INC.",VA,173869,CONSERVATION TRUST FUND OF PUERTO RICO,PR,conservation,30000.00,,Taxation/Internal Revenue Code,Issues related to the taxation of rum.,,2013-07-18T11:16:41-04:00,30000.0,0.0
27f6ce9d-9393-4850-b349-5949d81db3b6,2013,Q2,,79450,"NYPROCOA, INC.",NY,170568,PARA LA NATURALEZA INC,PR,Conservation and protection of areas of ecological value in Puerto Rico,50000.00,,Taxation/Internal Revenue Code,- Issues regarding the rum carry over program. (No Bill Number),,2013-07-22T10:10:24.137000-04:00,50000.0,0.0
5ae8613e-c84c-4b00-9c13-6ff4a954fa4e,2013,Q2,,317355,JOSE FUENTES,DC,186009,"EMPRESAS FONALLEDAS, INC.",PR,Real estate development company.,60000.00,,Taxation/Internal Revenue Code,Tax reform.,,2013-07-22T11:25:25.200000-04:00,60000.0,0.0
7af26eb1-0d1e-4803-8e07-4f8fc7bd0c82,2013,Q2Y,,7304,BRYAN CAVE LEIGHTON PAISNER LLP,DC,110684,PUERTO RICO PORTS AUTHORITY,PR,Public Corporation to Develop and Operate Ports and Airports in Puerto Rico,,,,,,2013-07-22T12:39:27.537000-04:00,0.0,0.0
51d9980e-633e-4b17-af38-829ed2fb91c3,2013,Q2Y,,7304,BRYAN CAVE LEIGHTON PAISNER LLP,DC,110689,PUERTO RICO ELECTRIC POWER AUTHORITY,PR,Electric Power Authority,,,,,,2013-07-22T12:40:40.830000-04:00,0.0,0.0
2760c42f-267e-42e9-9a8c-03fabfc27ac9,2013,Q2Y,,41408,WILEY REIN LLP,DC,150958,PUERTO RICO TELEPHONE COMPANY,PR,Telecommunications,,,,,,2013-07-22T14:05:35.657000-04:00,0.0,0.0
60087c38-cbc0-44f5-b7c7-d94d86e5beb2,2013,Q2,,400428070,"NATIONAL HEALTH ADVISORS, LLC",DC,190739,MEDICAL CARD SYSTEMS (MCS),PR,Insurance Company,50000.00,,Health Issues,Implementation by HHS and CMS of Patient Protection and Affordable Care Act (PL: 111-148) and Health Care and Education ,,2013-07-22T16:21:51.940000-04:00,50000.0,0.0
6222968b-4d6a-46e2-bb46-d27278262663,2013,Q2Y,,37232,SULLIVAN & CROMWELL LLP,DC,146158,"POPULAR, INC",PR,Commercial bank.,,,,,,2013-07-22T17:43:45.320000-04:00,0.0,0.0
77ad7fef-0b9b-4693-b99d-a9dd5c08f974,2013,Q2Y,,1182,ALSTON & BIRD LLP,DC,102473,AIRPORT SHOPPES CORP,PR,Food service,,,,,,2013-07-22T18:16:54.060000-04:00,0.0,0.0
6b48a868-04b4-488d-9511-6ae2a861cc3e,2013,Q2,,31680,"PODESTA GROUP, INC.",DC,138740,PUERTO RICO DEPARTMENT OF THE TREASURY,PR,Government agency,100000.00,,Economics/Economic Development,"Federal transportation and tax treaty issues.
Education and infrastructure funding.
Military cleanup efforts.
S. 744, Bo",,2013-07-24T16:45:02.853000-04:00,100000.0,0.0
83966fb9-13ba-4a0a-9ff4-b9943f42fee6,2013,RR,,7257,"BROWNSTEIN HYATT FARBER SCHRECK, LLP",DC,110099,"CARIBBEAN REGIONAL CENTER, LLC",PR,Regional Center,,,Immigration,EB-5 and related matters,,2013-08-13T13:48:35.650000-04:00,0.0,0.0
18915f6f-0f78-4d41-be2f-847ed695707e,2013,RR,,77754,"OLDAKER & WILLISON, LLP",DC,170092,AIRPORT AVIATION SERVICES,PR,Aviation Issues,,,Aviation/Airlines/Airports,Aviation matters in Puerto Rico,,2013-08-20T16:00:07.833000-04:00,0.0,0.0
31c34f28-300c-4685-af88-93b7a9302db5,2013,RR,,38825,US STRATEGIES,FL,147036,AIRPORT AVIATION SERVICES,PR,Aviation Issues,,,Aviation/Airlines/Airports,Aviation matters in Puerto Rico,,2013-08-21T13:00:03.153000-04:00,0.0,0.0
4f34780c-382e-4f42-904f-9c823c5f23ca,2013,Q2,,295350,MG GROUP,VA,179164,PUERTO RICO HOSPITAL ASSOCIATION,PR,,12000.00,,Health Issues,"IPPS Medicare Reimbusements
DSH Medicare
EHR Medicare Incentives",,2013-08-26T18:34:21.650000-04:00,12000.0,0.0
80fdd332-7505-4159-b339-4a8c72c479f9,2013,Q2,,77754,"OLDAKER & WILLISON, LLP",DC,170092,AIRPORT AVIATION SERVICES,PR,Aviation Issues,5000.00,,Aviation/Airlines/Airports,Aviation matters in Puerto Rico,,2013-09-06T15:18:36.433000-04:00,5000.0,0.0
4c069253-15ec-4045-a7a2-45150a549277,2013,Q3,,400428066,NWG ADVOCACY LLC,FL,190717,HOSPITAL ASSOCIATION OF PUERTO RICO,PR,Serve Puerto Rico's Hospital System and its Members,24000.00,,Health Issues,HITECH Act,,2013-10-03T19:50:12.450000-04:00,24000.0,0.0
d8335c92-a48c-4a8e-bc96-6f0a34c75268,2013,Q3,,400428066,NWG ADVOCACY LLC,FL,190719,PUERTO RICO MANUFACTURERS ASSOCIATION,PR,manufacturing trade association,,,Taxation/Internal Revenue Code,Tax Reform,,2013-10-03T19:53:14.490000-04:00,0.0,0.0
28bbdab1-eacf-4480-8ef9-f31735917c50,2013,Q3,,7268,BROYDRICK & ASSOCIATES,DC,110356,MILWAUKEE METROPOLITAN SEWERAGE DISTRICT,PR,Municipality in Puerto Rico,10000.00,,Waste (hazardous/solid/interstate/nuclear)|Science/Technology|Utilities|Clean Air and Water (quality),Fiscal Year 2012 Interior-Environment Appropriations Act.|FY12 Interior-Environment Appropriations Act.|Federal appropriations for land conservation fund.|Fiscal Year 2012 Interior-Environmental Appropriations Act.  WERDA reauthorization.,,2013-10-17T21:36:21.397000-04:00,10000.0,0.0
d9982d74-87c3-471f-96e5-3311daeac820,2013,Q3,,400531581,POLICY SOLUTIONS LLC,DC,192115,"FOOD INDUSTRY, MARKETING AND DISTRIBUTION CHAMBER (MIDA)",PR,Food Nutrition Policy &amp; Regulations,10000.00,,"Food Industry (safety, labeling, etc.)","Nutrition, Funding and other interest areas that are included in the reauthorization of current Farm Bill policy and rel",,2013-10-18T06:25:41.313000-04:00,10000.0,0.0
d4ffb40f-93bd-48ef-8ec4-d91f4bcaabbf,2013,Q3,,39941,VENABLE LLP,DC,149006,"BASTA YAPR, INC.",PR,"Non-profit corporation/foundation to reduce violence, promote crime prevention.",,,Telecommunications,Matters related to Internet applications.,,2013-10-18T10:56:04.207000-04:00,0.0,0.0
0cb47bb0-ad25-4b73-8198-e31aa80178ce,2013,Q3,,88278,"UPSTREAM CONSULTING, INC.",VA,173869,CONSERVATION TRUST FUND OF PUERTO RICO,PR,conservation,30000.00,,Taxation/Internal Revenue Code,Issues related to the taxation of rum.,,2013-10-18T10:59:14-04:00,30000.0,0.0
3e177515-2649-4c63-b7b6-7763b828dbc9,2013,3T,,38825,US STRATEGIES,FL,147036,AIRPORT AVIATION SERVICES,PR,Aviation Issues,15000.00,,Aviation/Airlines/Airports,Aviation matters in Puerto Rico,,2013-10-18T16:34:36.140000-04:00,15000.0,0.0
7efe4900-d8aa-4607-a6f1-aff4d5b05d0a,2013,Q3,,79450,"NYPROCOA, INC.",NY,170568,PARA LA NATURALEZA INC,PR,Conservation and protection of areas of ecological value in Puerto Rico,30000.00,,Taxation/Internal Revenue Code,- Issues regarding the rum carry over program. (No Bill Number),,2013-10-21T10:17:23.460000-04:00,30000.0,0.0
8b939292-b42b-4cad-a4d9-cf5b55ad502a,2013,Q3Y,,41408,WILEY REIN LLP,DC,150958,PUERTO RICO TELEPHONE COMPANY,PR,Telecommunications,,,,,,2013-10-21T12:12:41.377000-04:00,0.0,0.0
bb42784f-bbdd-47e1-ae7b-1777127b5133,2013,3T,,77754,"OLDAKER & WILLISON, LLP",DC,170092,AIRPORT AVIATION SERVICES,PR,Aviation Issues,10000.00,,Aviation/Airlines/Airports,Aviation matters in Puerto Rico,,2013-10-21T12:45:54.677000-04:00,10000.0,0.0
d2392546-076b-47c6-a321-69ffbd3ba2cb,2013,Q3,,317355,JOSE FUENTES,DC,186009,"EMPRESAS FONALLEDAS, INC.",PR,Real estate development company.,40000.00,,Taxation/Internal Revenue Code,Tax reform.,,2013-10-21T12:58:51.670000-04:00,40000.0,0.0
1d91f9c3-ac01-447e-bfde-1ab78bbff7c4,2013,Q3,,400428070,"NATIONAL HEALTH ADVISORS, LLC",DC,190739,MEDICAL CARD SYSTEMS (MCS),PR,Insurance Company,50000.00,,Health Issues,Implementation by HHS and CMS of Patient Protection and Affordable Care Act (PL: 111-148) and Health Care and Education ,,2013-10-21T13:46:20.870000-04:00,50000.0,0.0
d7bd6528-e1c9-44cf-8054-5b2f7e667a50,2013,Q3,,7257,"BROWNSTEIN HYATT FARBER SCHRECK, LLP",DC,110099,"CARIBBEAN REGIONAL CENTER, LLC",PR,Regional Center,10000.00,,Immigration,EB-5 and related matters,,2013-10-21T14:52:00.547000-04:00,10000.0,0.0
c1ffbc1d-5d16-48a0-b46d-2a2b08dc50b0,2013,Q3,,31680,"PODESTA GROUP, INC.",DC,138740,PUERTO RICO DEPARTMENT OF THE TREASURY,PR,Government agency,150000.00,,Economics/Economic Development,"Federal transportation issues.
Federal tax treaty issues.
Infrastructure funding.
Military cleanup efforts.",,2013-10-21T16:13:20.173000-04:00,150000.0,0.0
f9a7e287-ec77-4c60-97c5-f4831209716b,2013,Q3Y,,1182,ALSTON & BIRD LLP,DC,102473,AIRPORT SHOPPES CORP,PR,Food service,,,,,,2013-10-21T18:13:13.593000-04:00,0.0,0.0
336f8dca-afad-4a63-888e-907ac12f4c16,2013,Q3Y,,37232,SULLIVAN & CROMWELL LLP,DC,146158,"POPULAR, INC",PR,Commercial bank.,,,,,,2013-10-21T18:40:33.470000-04:00,0.0,0.0
dcc175ed-4fdf-46ba-82bf-a619165e801c,2013,3TY,,7304,BRYAN CAVE LEIGHTON PAISNER LLP,DC,110689,PUERTO RICO ELECTRIC POWER AUTHORITY,PR,Electric Power Authority,,,,,,2013-10-21T18:59:54.360000-04:00,0.0,0.0
c733332a-0e6c-40f6-b941-e65d6376708a,2013,3TY,,7304,BRYAN CAVE LEIGHTON PAISNER LLP,DC,110684,PUERTO RICO PORTS AUTHORITY,PR,Public Corporation to Develop and Operate Ports and Airports in Puerto Rico,,,,,,2013-10-21T18:59:59.220000-04:00,0.0,0.0
71b2a7a4-3686-4d45-aebf-7cba89d6c017,2013,3T,,295350,MG GROUP,VA,179164,PUERTO RICO HOSPITAL ASSOCIATION,PR,,,,Health Issues,"IPPS Medicare Reimbursements
DSH Medicare
EHR Medicare Incentives",,2013-11-22T11:15:50.400000-05:00,0.0,0.0
b6001364-902a-48cf-a2db-db5ba048adf8,2013,Q3,,40043343,MCCONNELL VALDES PLLC,DC,188481,CITY OF ARECIBO,PR,Municipal Government,20000.00,,Government Issues,Lobby on behalf of the Municipality of Arecibo's top govenment affairs priorities before the Federal Executive and Legis,,2013-12-01T19:50:32.197000-05:00,20000.0,0.0
3f5270bc-ef8e-4dce-8995-9d93899ac6c5,2013,Q4,,400428066,NWG ADVOCACY LLC,FL,190717,HOSPITAL ASSOCIATION OF PUERTO RICO,PR,Serve Puerto Rico's Hospital System and its Members,24000.00,,Health Issues,"Medicare, HITECH Act",,2014-01-08T13:59:03.607000-05:00,24000.0,0.0
f4a0bd4e-27a3-4fc9-87ab-adbb71b462c0,2013,Q4Y,,400428066,NWG ADVOCACY LLC,FL,190719,PUERTO RICO MANUFACTURERS ASSOCIATION,PR,manufacturing trade association,,,,,,2014-01-08T18:31:11.977000-05:00,0.0,0.0
84b28ad9-d4ba-449b-b509-e079d11dd0b2,2013,RR,,7257,"BROWNSTEIN HYATT FARBER SCHRECK, LLP",DC,110110,MUNICIPALITY OF PONCE,PR,Municipality in Puerto Rico,,,Health Issues,Ryan White HIV/AIDS Program,,2014-01-13T13:01:28.507000-05:00,0.0,0.0
a6fb12f9-1751-4d7c-bd0c-fd323e48a0e0,2013,Q4,,88278,"UPSTREAM CONSULTING, INC.",VA,173869,CONSERVATION TRUST FUND OF PUERTO RICO,PR,conservation,30000.00,,Taxation/Internal Revenue Code,Issues related to the taxation of rum.,,2014-01-15T14:15:15.597000-05:00,30000.0,0.0
9578591c-5f73-467c-b948-6d63e9294189,2013,Q4,,7268,BROYDRICK & ASSOCIATES,DC,110356,MILWAUKEE METROPOLITAN SEWERAGE DISTRICT,PR,Municipality in Puerto Rico,,,Utilities|Budget/Appropriations|Clean Air and Water (quality),Water utilities. Clean Water Trust Fund legislation.|Interior-Environment Appropriations Act. State revolving loan fund. Federal appropriations for land conservation fund.|WRDA reauthorization. Clean Water Trust Fund legislation.,,2014-01-15T21:05:20.150000-05:00,0.0,0.0
09f7df32-daae-4e51-9489-c77f05db0cb7,2013,Q4,,317355,JOSE FUENTES,DC,186009,"EMPRESAS FONALLEDAS, INC.",PR,Real estate development company.,40000.00,,Taxation/Internal Revenue Code,Tax reform.,,2014-01-16T13:11:03.113000-05:00,40000.0,0.0
dbbcb16a-cc22-4c6b-af4e-d8290c20cd83,2013,Q4Y,,39941,VENABLE LLP,DC,149006,"BASTA YAPR, INC.",PR,"Non-profit corporation/foundation to reduce violence, promote crime prevention.",,,,,,2014-01-17T13:38:59.063000-05:00,0.0,0.0
39e11982-7ee0-483d-9dc2-bbb358b6062e,2013,Q4,,400531581,POLICY SOLUTIONS LLC,DC,192115,"FOOD INDUSTRY, MARKETING AND DISTRIBUTION CHAMBER (MIDA)",PR,Food Nutrition Policy &amp; Regulations,10000.00,,"Food Industry (safety, labeling, etc.)","Nutrition, Funding and other interest areas that are included in the reauthorization of current Farm Bill policy and rel",,2014-01-20T15:55:13.450000-05:00,10000.0,0.0
f51d0d67-d344-4660-aaec-b7f58e9d7c1c,2013,Q4Y,,79450,"NYPROCOA, INC.",NY,170568,PARA LA NATURALEZA INC,PR,Conservation and protection of areas of ecological value in Puerto Rico,50000.00,,,,,2014-01-21T09:36:27.737000-05:00,50000.0,0.0
ab74e4bb-bb04-4237-bb00-1239d3e3b022,2013,Q4,,7257,"BROWNSTEIN HYATT FARBER SCHRECK, LLP",DC,110099,"CARIBBEAN REGIONAL CENTER, LLC",PR,Regional Center,20000.00,,Immigration,EB-5 and related matters,,2014-01-21T12:13:15.160000-05:00,20000.0,0.0
84b7251c-79bb-46be-9603-040fb4acbf2a,2013,Q4Y,,37232,SULLIVAN & CROMWELL LLP,DC,146158,"POPULAR, INC",PR,Commercial bank.,,,,,,2014-01-21T12:54:34.847000-05:00,0.0,0.0
89e7a319-be7b-4953-abe3-e82765d437bb,2013,Q4,,7257,"BROWNSTEIN HYATT FARBER SCHRECK, LLP",DC,110110,MUNICIPALITY OF PONCE,PR,Municipality in Puerto Rico,10000.00,,Health Issues,Ryan White HIV/AIDS Program,,2014-01-21T13:13:35.847000-05:00,10000.0,0.0
06aa56f2-d676-4727-8667-e09d96cf4a9d,2013,Q4,,1182,ALSTON & BIRD LLP,DC,102473,AIRPORT SHOPPES CORP,PR,Food service,,,Aviation/Airlines/Airports,"Monitoring federal public policy developments related to the operation of Luis Munoz Marin International Airport, San Ju",,2014-01-21T14:53:25.667000-05:00,0.0,0.0
d063c494-771b-4939-b42d-9eeafce9592b,2013,Q4,,400428070,"NATIONAL HEALTH ADVISORS, LLC",DC,190739,MEDICAL CARD SYSTEMS (MCS),PR,Insurance Company,50000.00,,Health Issues,Medicaid and Medicare Advantage payments for the Island of Puerto Rico; Fee-for-Service calculations for the Island of P,,2014-01-21T15:00:59.290000-05:00,50000.0,0.0
74ffc379-c6be-4e04-84e6-fb6813be9384,2013,Q4,,41408,WILEY REIN LLP,DC,150958,PUERTO RICO TELEPHONE COMPANY,PR,Telecommunications,,,Communications/Broadcasting/Radio/TV,Universal Service Fund.,,2014-01-22T15:49:37.687000-05:00,0.0,0.0
eee331a2-9853-442f-ae8f-cb72f549cdcb,2013,Q4,,31680,"PODESTA GROUP, INC.",DC,138740,PUERTO RICO DEPARTMENT OF THE TREASURY,PR,Government agency,150000.00,,Economics/Economic Development,"Federal transportation issues.
Federal tax treaty issues.
Infrastructure funding.",,2014-01-23T14:59:46.833000-05:00,150000.0,0.0
cf504961-42c9-4c4f-930c-04672cc1408c,2013,Q4,,40043343,MCCONNELL VALDES PLLC,DC,188481,CITY OF ARECIBO,PR,Municipal Government,20000.00,,Budget/Appropriations,Assist the Municipality of Arecibo with general Federal budget/appropriations matters.,,2014-02-03T10:31:05.470000-05:00,20000.0,0.0
a857b7f1-ad5e-4a7c-ae2a-5f5d015dcc2a,2014,RR,,400501472,"OPTIM GROUP, LLC",PR,191946,PUERTO RICO HOSPITALS ASSOCIATION,PR,Non profit organization representing and advocating for hospitals in Puerto Rico,,,Health Issues,Gather congressional support for HITECH ACT amendments in order to secure parity for Puerto Rico Hospitals in the EHR in,,2014-02-18T16:00:08.223000-05:00,0.0,0.0
b74d5343-4cf9-49f3-a370-4c7927dea6aa,2014,RR,,400886595,THE ROOSEVELT GROUP,DC,195971,"CCSN, LLC",PR,National border surveillance and security service provider,,,Defense|Homeland Security,Coastal Surveillance Networks|Coastal Surveillance Networks,,2014-02-28T19:00:16.077000-05:00,0.0,0.0
c21ba608-ec9d-4f73-b787-577d0d717b3f,2014,Q1Y,,400428066,NWG ADVOCACY LLC,FL,190719,PUERTO RICO MANUFACTURERS ASSOCIATION,PR,manufacturing trade association,,,,,,2014-04-04T09:34:28.523000-04:00,0.0,0.0
40ba2f40-12c0-47e2-8b1b-3de9e3a1bf00,2014,Q1,,400428066,NWG ADVOCACY LLC,FL,190717,HOSPITAL ASSOCIATION OF PUERTO RICO,PR,Serve Puerto Rico's Hospital System and its Members,24000.00,,Health Issues,Hitech Act,,2014-04-04T09:39:29.160000-04:00,24000.0,0.0
e7cd8094-41e9-4f54-a130-2cad3823d3fd,2014,Q1,,400501472,"OPTIM GROUP, LLC",PR,191946,PUERTO RICO HOSPITALS ASSOCIATION,PR,Non profit organization representing and advocating for hospitals in Puerto Rico,15000.00,,Health Issues,Procure and amendment to the HITECH ACT to include Puerto Rico Hospitals,,2014-04-10T12:14:28.040000-04:00,15000.0,0.0
a08276ab-5723-43a1-b930-32697cde3710,2014,Q1Y,,39941,VENABLE LLP,DC,149006,"BASTA YAPR, INC.",PR,"Non-profit corporation/foundation to reduce violence, promote crime prevention.",,,,,,2014-04-15T10:50:05.247000-04:00,0.0,0.0
943397cb-1800-4930-b9fc-caf125818ba5,2014,Q1,,7268,BROYDRICK & ASSOCIATES,DC,110356,MILWAUKEE METROPOLITAN SEWERAGE DISTRICT,PR,Municipality in Puerto Rico,,,Taxation/Internal Revenue Code|Clean Air and Water (quality)|Budget/Appropriations,WERDA reauthorization.TIGER Grant.|Clean Water Trust Fund Legislation.|FY12 Interior-Environment Appropriations Act and State Revolving Loan Fund Federal appropriations for land conservation ,,2014-04-17T16:17:46.200000-04:00,0.0,0.0
30f153f8-ff10-4797-9af0-a11a760f25de,2014,Q1,,400531581,POLICY SOLUTIONS LLC,DC,192115,"FOOD INDUSTRY, MARKETING AND DISTRIBUTION CHAMBER (MIDA)",PR,Food Nutrition Policy &amp; Regulations,10000.00,,"Food Industry (safety, labeling, etc.)","Nutrition, Funding and other interest areas that are included in the reauthorization of current Farm Bill policy and rel",,2014-04-20T12:47:27.053000-04:00,10000.0,0.0
c242b3f0-3899-45f4-87ff-6a3c41d67dd6,2014,Q1,,79450,"NYPROCOA, INC.",NY,170568,PARA LA NATURALEZA INC,PR,Conservation and protection of areas of ecological value in Puerto Rico,40000.00,,Taxation/Internal Revenue Code,"- S. 1859, ""Tax Extender Act of 2013"".
- Issues related to Tax Extenders.",,2014-04-21T07:29:22.270000-04:00,40000.0,0.0
a91c30fa-9d57-4257-bdf2-1e92d0376f17,2014,Q1,,400886595,THE ROOSEVELT GROUP,DC,195971,"CCSN, LLC",PR,National border surveillance and security service provider,,,Defense|Homeland Security,Issues related to Coastal Surveillance Networks.|Issues related to customs and border patrol and Coastal Surveillance Networks.,,2014-04-21T10:54:23.537000-04:00,0.0,0.0
8096fa40-c3c3-4896-a016-f28d238c56be,2014,Q1,,41408,WILEY REIN LLP,DC,150958,PUERTO RICO TELEPHONE COMPANY,PR,Telecommunications,20000.00,,Communications/Broadcasting/Radio/TV,Universal Service Fund.,,2014-04-21T13:21:11.380000-04:00,20000.0,0.0
ac5511c8-c211-45bb-8c7d-20727641e18b,2014,Q1,,317355,JOSE FUENTES,DC,186009,"EMPRESAS FONALLEDAS, INC.",PR,Real estate development company.,40000.00,,Taxation/Internal Revenue Code,Tax reform.,,2014-04-21T14:31:42.660000-04:00,40000.0,0.0
8900eaed-abe0-445d-8edd-2501d2c6f8da,2014,Q1,,7257,"BROWNSTEIN HYATT FARBER SCHRECK, LLP",DC,110099,"CARIBBEAN REGIONAL CENTER, LLC",PR,Regional Center,20000.00,,Immigration,EB-5 and related matters,,2014-04-21T16:16:04.897000-04:00,20000.0,0.0
6656010c-a7d3-4f98-8e34-38f6013befa3,2014,Q1Y,,37232,SULLIVAN & CROMWELL LLP,DC,146158,"POPULAR, INC",PR,Commercial bank.,,,,,,2014-04-21T16:25:09.723000-04:00,0.0,0.0
907e5233-976e-4c16-865c-7bb82e9c4c3c,2014,Q1,,1182,ALSTON & BIRD LLP,DC,102473,AIRPORT SHOPPES CORP,PR,Food service,,,Aviation/Airlines/Airports,"Monitoring federal public policy developments related to the operation of Luis Munoz Marin International Airport, San Ju",,2014-04-21T16:25:16.490000-04:00,0.0,0.0
3c7d1334-91b7-4412-83c0-5843f5a18db3,2014,Q1,,400428070,"NATIONAL HEALTH ADVISORS, LLC",DC,190739,MEDICAL CARD SYSTEMS (MCS),PR,Insurance Company,50000.00,,Health Issues,Overal health care policy and payments to the Island of Puerto Rico,,2014-04-21T16:44:57.630000-04:00,50000.0,0.0
7eb7eb08-4ecb-4874-aec9-74825348d826,2014,Q1,,7257,"BROWNSTEIN HYATT FARBER SCHRECK, LLP",DC,110110,MUNICIPALITY OF PONCE,PR,Municipality in Puerto Rico,30000.00,,Health Issues,Ryan White HIV/AIDS Program,,2014-04-21T17:02:05.723000-04:00,30000.0,0.0
2666fca1-23fd-483a-881b-c31f9cad83a1,2014,Q1,,31680,"PODESTA GROUP, INC.",DC,138740,PUERTO RICO DEPARTMENT OF THE TREASURY,PR,Government agency,150000.00,,Economics/Economic Development,"Federal transportation issues.
Federal tax treaty issues.
Infrastructure funding.",,2014-04-21T18:24:29.490000-04:00,150000.0,0.0
89b6b0de-7ca6-4b21-90a0-c13888dc19fd,2014,1A,,1182,ALSTON & BIRD LLP,DC,102473,AIRPORT SHOPPES CORP,PR,Food service,,,Aviation/Airlines/Airports,"Monitoring federal public policy developments related to the operation of Luis Munoz Marin International Airport, San Ju",,2014-05-06T13:14:07.373000-04:00,0.0,0.0
57b616f3-74fa-47fb-a7d5-a76ba42f6402,2014,Q1,,88278,"UPSTREAM CONSULTING, INC.",VA,173869,CONSERVATION TRUST FUND OF PUERTO RICO,PR,conservation,30000.00,,Taxation/Internal Revenue Code,Issues related to the taxation of rum.,,2014-05-19T09:29:59-04:00,30000.0,0.0
1d027c94-7dd9-438d-9feb-983ba48033fb,2014,Q1Y,,40043343,MCCONNELL VALDES PLLC,DC,188481,CITY OF ARECIBO,PR,Municipal Government,,,,,,2014-06-04T13:45:20.143000-04:00,0.0,0.0
1f709d25-0e44-4592-940e-68e85690d1fb,2014,RR,,40043343,MCCONNELL VALDES PLLC,DC,188489,BOYS & GIRLS CLUB OF PUERTO RICO,PR,Puerto Rico-based organization of local chapters which provide services to young people.,,,Budget/Appropriations,Assist BGCPR will all its federal issues before the Legislative and Executive branches of government.,,2014-06-04T16:00:08.097000-04:00,0.0,0.0
20c83776-d7ec-4fdc-96f5-86121edbef67,2014,RR,,40043343,MCCONNELL VALDES PLLC,DC,188483,ATLANTIC UNIVERSITY COLLEGE,PR,Non Profit Institution of Higher Learning,,,Education,Assist AUC with its overall federal issues before the Executive and Legislative branches of government.,,2014-06-04T16:00:08.097000-04:00,0.0,0.0
ca6a4615-148d-4497-91ef-6152f7403c24,2014,RR,,40043343,MCCONNELL VALDES PLLC,DC,188485,MUNICIPALITY OF FAJARDO,PR,Municipal Government,,,Budget/Appropriations,Assist the Municipality of Fajardo with their federal affairs before the Legislative and Executive branches of governmen,,2014-06-04T16:00:08.533000-04:00,0.0,0.0
9370e928-46b2-4ce2-8546-4f96c35e9bd1,2014,RR,,35707,SMITH GARSON,DC,144465,KINESIS FOUNDATION,PR,Municipal Government,,,Education,"Expanding college access, improving college readiness and increasing awareness of financial resources available for stud",,2014-06-10T19:00:07.840000-04:00,0.0,0.0
d2787723-6d69-4f35-bb43-923eb551cd01,2014,Q2Y,,400428066,NWG ADVOCACY LLC,FL,190719,PUERTO RICO MANUFACTURERS ASSOCIATION,PR,manufacturing trade association,,,,,,2014-07-07T12:04:40.460000-04:00,0.0,0.0
9dcf5c60-e16b-4aee-b97d-25b14fc743d2,2014,Q2,,400428066,NWG ADVOCACY LLC,FL,190717,HOSPITAL ASSOCIATION OF PUERTO RICO,PR,Serve Puerto Rico's Hospital System and its Members,24000.00,,Health Issues,HITECH ACT,,2014-07-07T12:08:42.427000-04:00,24000.0,0.0
999346e3-1686-40bd-963c-1d4124b80305,2014,RR,,73134,O'NEILL AND ASSOCIATES,MA,166646,HIMA SAN PABLO GROUP,PR,Hospital,,,Immigration,Immigration and Visa Policy,,2014-07-08T19:00:37.527000-04:00,0.0,0.0
481e0650-fbdb-4f1b-afc9-cd639be0aef1,2014,Q2,,317355,JOSE FUENTES,DC,186009,"EMPRESAS FONALLEDAS, INC.",PR,Real estate development company.,40000.00,,Taxation/Internal Revenue Code,Tax Reform.,,2014-07-09T15:05:32.023000-04:00,40000.0,0.0
301fd02e-1e37-43bc-9dea-5694d39da724,2014,Q2,,1182,ALSTON & BIRD LLP,DC,102473,AIRPORT SHOPPES CORP,PR,Food service,,,Aviation/Airlines/Airports,"Monitoring federal public policy developments related to the operation of Luis Munoz Marin International Airport, San Ju",,2014-07-10T18:09:22.827000-04:00,0.0,0.0
6843ae33-daef-4976-af0b-6006e8edbf47,2014,2A,,35707,SMITH GARSON,DC,144465,KINESIS FOUNDATION,PR,Municipal Government,10000.00,,Education|Economics/Economic Development,Education grant info.|Speaking at graduation ceremony on education issues; briefing in Puerto Rico; funding for high school counselors; findin,,2014-07-15T15:48:04.800000-04:00,10000.0,0.0
a00fcc6f-17bd-4ef0-9e5b-ef8bd2f06ccb,2014,RR,,31680,"PODESTA GROUP, INC.",DC,138765,"POPULAR, INC.",PR,Financial services provider.,,,Banking|Financial Institutions/Investments/Securities,Banking and financial legislation and regulation.|Banking and financial legislation and regulation.,,2014-07-17T00:00:00-04:00,0.0,0.0
bde4455b-2783-4ef9-8868-5351d645cf68,2014,Q2Y,,39941,VENABLE LLP,DC,149006,"BASTA YAPR, INC.",PR,"Non-profit corporation/foundation to reduce violence, promote crime prevention.",,,,,,2014-07-18T14:51:09.607000-04:00,0.0,0.0
ace80cf0-dbc6-4204-87ee-11cf9c8b392a,2014,Q2,,7268,BROYDRICK & ASSOCIATES,DC,110356,MILWAUKEE METROPOLITAN SEWERAGE DISTRICT,PR,Municipality in Puerto Rico,10000.00,,Utilities|Clean Air and Water (quality)|Budget/Appropriations,Clean Water Trust Fund legislation.|WERDA Reauthorization Clean Water Trust Fund Legislation.|FY12 Interior-Environment Appropriations Act. State Revolving Loan Fund. Federal Appropriations for Land Conservation Fu,,2014-07-18T16:53:10.560000-04:00,10000.0,0.0
2cc23be7-1110-47d7-92fb-e7148d7d00ae,2014,Q2,,88278,"UPSTREAM CONSULTING, INC.",VA,173869,CONSERVATION TRUST FUND OF PUERTO RICO,PR,conservation,30000.00,,Taxation/Internal Revenue Code,Issues related to the taxation of rum.,,2014-07-18T20:48:22-04:00,30000.0,0.0
4c4fba2c-f325-4d46-8945-0d3d693ee453,2014,Q2,,400531581,POLICY SOLUTIONS LLC,DC,192115,"FOOD INDUSTRY, MARKETING AND DISTRIBUTION CHAMBER (MIDA)",PR,Food Nutrition Policy &amp; Regulations,10000.00,,"Food Industry (safety, labeling, etc.)","Nutrition, Funding and other interest areas that are included in the reauthorization of current Farm Bill policy and rel",,2014-07-20T22:24:40.347000-04:00,10000.0,0.0
2d3c8ecc-bd65-471b-8912-60a0d9ca40b6,2014,Q2,,79450,"NYPROCOA, INC.",NY,170568,PARA LA NATURALEZA INC,PR,Conservation and protection of areas of ecological value in Puerto Rico,30000.00,,Taxation/Internal Revenue Code,"- S. 1859, ""Tax Extender Act of 2013"".
- Issues related to Tax Extenders.
- Water canalization project in Puerto Rico.",,2014-07-21T09:16:15.217000-04:00,30000.0,0.0
7115557b-49ff-400f-af08-65675eea0e02,2014,Q2,,400886595,THE ROOSEVELT GROUP,DC,195971,"CCSN, LLC",PR,National border surveillance and security service provider,,,Defense|Homeland Security,Issues related to Coastal Surveillance Networks.|Issues related to customs and border patrol and Coastal Surveillance Networks.,,2014-07-21T09:45:36.857000-04:00,0.0,0.0
c67c4ef3-f154-4ba4-887b-be90e0358441,2014,Q2,,31680,"PODESTA GROUP, INC.",DC,138765,"POPULAR, INC.",PR,Financial services provider.,120000.00,,Banking,Banking and financial legislation and regulation.,,2014-07-21T14:26:23.633000-04:00,120000.0,0.0
67943d9e-592a-4fe4-8615-e0e47ae1e0b5,2014,Q2,,31680,"PODESTA GROUP, INC.",DC,138740,PUERTO RICO DEPARTMENT OF THE TREASURY,PR,Government agency,150000.00,,Economics/Economic Development,"Federal transportation issues.
Federal tax treaty issues.
Infrastructure funding.",,2014-07-21T14:27:30.397000-04:00,150000.0,0.0
7f4dbfcf-6ce3-4431-8faa-d09819ec391a,2014,Q2Y,,41408,WILEY REIN LLP,DC,150958,PUERTO RICO TELEPHONE COMPANY,PR,Telecommunications,,,,,,2014-07-21T15:39:49.787000-04:00,0.0,0.0
42b7e78c-b29e-4f81-97f8-9fd64856c508,2014,Q2,,400428070,"NATIONAL HEALTH ADVISORS, LLC",DC,190739,MEDICAL CARD SYSTEMS (MCS),PR,Insurance Company,50000.00,,Health Issues,Overal health care policy and payments to the Island of Puerto Rico,,2014-07-21T17:25:03.240000-04:00,50000.0,0.0
9f5eadf5-e4f8-4058-9a4e-9c1aa2ddbaf9,2014,Q2Y,,37232,SULLIVAN & CROMWELL LLP,DC,146158,"POPULAR, INC",PR,Commercial bank.,,,,,,2014-07-21T17:52:45.337000-04:00,0.0,0.0
ee591d8d-768c-48a8-ad29-941440086edc,2014,Q2,,7257,"BROWNSTEIN HYATT FARBER SCHRECK, LLP",DC,110099,"CARIBBEAN REGIONAL CENTER, LLC",PR,Regional Center,20000.00,,Immigration,EB-5 and related matters,,2014-07-21T18:16:47.960000-04:00,20000.0,0.0
6c1f0070-a452-4df4-b616-282b55f49a16,2014,Q2,,7257,"BROWNSTEIN HYATT FARBER SCHRECK, LLP",DC,110110,MUNICIPALITY OF PONCE,PR,Municipality in Puerto Rico,30000.00,,Health Issues,Ryan White HIV/AIDS Program,,2014-07-21T19:44:45.723000-04:00,30000.0,0.0
6a3d1e94-5876-4efd-bdd6-6e97bb1cb4ca,2014,Q1,,40043343,MCCONNELL VALDES PLLC,DC,188483,ATLANTIC UNIVERSITY COLLEGE,PR,Non Profit Institution of Higher Learning,20000.00,,Education,Assist AUC with all its Federal issues.,,2014-07-23T11:28:44.160000-04:00,20000.0,0.0
dc1562ab-fac5-4386-9fa5-a2f88fadb60c,2014,Q2,,73134,O'NEILL AND ASSOCIATES,MA,166646,HIMA SAN PABLO GROUP,PR,Hospital,20000.00,,Immigration,Immigration and Visa Policy,,2014-08-20T16:49:58.023000-04:00,20000.0,0.0
85d48d0e-c137-4578-8295-0acc62b7f8f8,2014,Q2Y,,400501472,"OPTIM GROUP, LLC",PR,191946,PUERTO RICO HOSPITALS ASSOCIATION,PR,Non profit organization representing and advocating for hospitals in Puerto Rico,,,,,,2014-08-21T09:43:09.470000-04:00,0.0,0.0
b259053e-1109-42eb-adcc-29943b7f7088,2014,Q2,,40043343,MCCONNELL VALDES PLLC,DC,188483,ATLANTIC UNIVERSITY COLLEGE,PR,Non Profit Institution of Higher Learning,20000.00,,Education,Assist AUC with all its Federal issues.,,2014-08-21T14:05:34.353000-04:00,20000.0,0.0
ac77dc3d-1e4c-4e6a-8520-1dee3b738283,2014,Q2Y,,40043343,MCCONNELL VALDES PLLC,DC,188489,BOYS & GIRLS CLUB OF PUERTO RICO,PR,Puerto Rico-based organization of local chapters which provide services to young people.,20000.00,,,,,2014-08-21T14:12:35.303000-04:00,20000.0,0.0
c0481e20-ea94-4915-8e24-fc37b5929764,2014,2TY,,40043343,MCCONNELL VALDES PLLC,DC,188481,CITY OF ARECIBO,PR,Municipal Government,,,,,,2014-08-21T14:19:35.787000-04:00,0.0,0.0
d352ed45-6912-431b-b435-d7adc4319858,2014,Q2,,40043343,MCCONNELL VALDES PLLC,DC,188485,MUNICIPALITY OF FAJARDO,PR,Municipal Government,10000.00,,Roads/Highway,Assist Municipality with its overall Federal issues and TIGER grant application.,,2014-08-21T14:34:38.210000-04:00,10000.0,0.0
120e27b7-8c5c-4e67-8d17-d258f762c18a,2014,Q3,,35707,SMITH GARSON,DC,144465,KINESIS FOUNDATION,PR,Municipal Government,30000.00,,Education,College access and scholarships,,2014-10-09T10:26:36.367000-04:00,30000.0,0.0
8a29792b-a99f-48d1-afe8-1a230edf14b4,2014,Q3Y,,400428066,NWG ADVOCACY LLC,FL,190719,PUERTO RICO MANUFACTURERS ASSOCIATION,PR,manufacturing trade association,,,,,,2014-10-09T18:56:19.413000-04:00,0.0,0.0
5ebb39a9-fd2e-4dff-80e3-4c2e5f8d9ce1,2014,Q3,,7268,BROYDRICK & ASSOCIATES,DC,110356,MILWAUKEE METROPOLITAN SEWERAGE DISTRICT,PR,Municipality in Puerto Rico,,,Clean Air and Water (quality)|Utilities,Interior Environment Appropriations Act. Federal appropriations for land conservation fund. WERDA reauthorization. Clean|WERDA reauthorization. TiGER V Grant and Brownfield's grant.,,2014-10-11T11:42:44.607000-04:00,0.0,0.0
53a677ae-9a09-4bd0-8c0e-4d3ac370fbe2,2014,Q3,,88278,"UPSTREAM CONSULTING, INC.",VA,173869,CONSERVATION TRUST FUND OF PUERTO RICO,PR,conservation,30000.00,,Taxation/Internal Revenue Code,Issues related to the taxation of rum.,,2014-10-13T15:34:25-04:00,30000.0,0.0
74afcdf4-2ae8-47da-b0c4-c31339acfeff,2014,Q3,,317355,JOSE FUENTES,DC,186009,"EMPRESAS FONALLEDAS, INC.",PR,Real estate development company.,40000.00,,Taxation/Internal Revenue Code,Tax Reform.,,2014-10-15T13:32:07.100000-04:00,40000.0,0.0
1ab9d451-7448-4260-a41e-0e6c9b9e2517,2014,Q3,,73134,O'NEILL AND ASSOCIATES,MA,166646,HIMA SAN PABLO GROUP,PR,Hospital,20000.00,,Immigration,Immigration and Visa Policy,,2014-10-17T12:42:07.027000-04:00,20000.0,0.0
35bde330-a0cc-4c5e-93fc-c0214121d26a,2014,Q3,,1182,ALSTON & BIRD LLP,DC,102473,AIRPORT SHOPPES CORP,PR,Food service,,,Aviation/Airlines/Airports,Monitoring federal public policy developments related to the operation of Luis Munoz Marin International Airport San Jua,,2014-10-17T14:13:49.437000-04:00,0.0,0.0
fdbb481c-e67f-404a-a340-96c3eaad1a97,2014,Q3Y,,39941,VENABLE LLP,DC,149006,"BASTA YAPR, INC.",PR,"Non-profit corporation/foundation to reduce violence, promote crime prevention.",,,,,,2014-10-18T16:00:48.940000-04:00,0.0,0.0
2adcb98f-dc95-4f18-aace-cc3ea3e67fa1,2014,Q3,,400531581,POLICY SOLUTIONS LLC,DC,192115,"FOOD INDUSTRY, MARKETING AND DISTRIBUTION CHAMBER (MIDA)",PR,Food Nutrition Policy &amp; Regulations,,,"Food Industry (safety, labeling, etc.)","Nutrition, Funding and other interest areas that are included in the reauthorization of current Farm Bill policy and rel",,2014-10-18T21:06:21.857000-04:00,0.0,0.0
b1701e33-8138-4b53-8949-19613a126e31,2014,Q3,,79450,"NYPROCOA, INC.",NY,170568,PARA LA NATURALEZA INC,PR,Conservation and protection of areas of ecological value in Puerto Rico,20000.00,,Taxation/Internal Revenue Code,"S.2260, ""Expire Act 2014"", all provisions. 
Issues related to Tax Extenders.
Water canalization project in Puerto Rico.",,2014-10-20T09:59:23.417000-04:00,20000.0,0.0
d94f0c18-70cf-4514-9d15-6b8c2f38aedc,2014,Q3,,400886595,THE ROOSEVELT GROUP,DC,195971,"CCSN, LLC",PR,National border surveillance and security service provider,,,Defense|Homeland Security,Issues related to Coastal Surveillance Networks.|Issues related to customs and border patrol and Coastal Surveillance Networks.,,2014-10-20T12:34:38.317000-04:00,0.0,0.0
e5c4fd64-913c-4067-aab5-607842d9d71b,2014,Q3Y,,41408,WILEY REIN LLP,DC,150958,PUERTO RICO TELEPHONE COMPANY,PR,Telecommunications,,,,,,2014-10-20T15:08:07.623000-04:00,0.0,0.0
ef32aff9-da2f-42f6-b07d-efaa0454f860,2014,Q3Y,,37232,SULLIVAN & CROMWELL LLP,DC,146158,"POPULAR, INC",PR,Commercial bank.,,,,,,2014-10-20T15:18:46.517000-04:00,0.0,0.0
d5b34e0e-0415-4ee5-b7ed-69098306ecf8,2014,Q3,,31680,"PODESTA GROUP, INC.",DC,138765,"POPULAR, INC.",PR,Financial services provider.,120000.00,,Banking,Banking and financial legislation and regulation.,,2014-10-20T17:22:54.810000-04:00,120000.0,0.0
98533500-88e3-4f0d-bb0b-127ffb267d21,2014,Q3,,31680,"PODESTA GROUP, INC.",DC,138740,PUERTO RICO DEPARTMENT OF THE TREASURY,PR,Government agency,150000.00,,Economics/Economic Development,"Federal transportation issues.
Federal tax treaty issues.
Infrastructure funding.",,2014-10-20T17:26:19.560000-04:00,150000.0,0.0
bdb3ba79-7a9f-47da-9f04-188127930330,2014,3T,,7257,"BROWNSTEIN HYATT FARBER SCHRECK, LLP",DC,110099,"CARIBBEAN REGIONAL CENTER, LLC",PR,Regional Center,20000.00,,Immigration,EB-5 and related matters,,2014-10-20T18:43:11.090000-04:00,20000.0,0.0
70a8a6db-ea32-440e-ba18-b48fee04c2c7,2014,Q3,,400428070,"NATIONAL HEALTH ADVISORS, LLC",DC,190739,MEDICAL CARD SYSTEMS (MCS),PR,Insurance Company,50000.00,,Medicare/Medicaid,Medicaid and Medicare Advantage payments for the Island of Puerto Rico; Fee-for-Service calculations for the Island of P,,2014-10-20T18:53:42.203000-04:00,50000.0,0.0
3738d366-cad7-40e3-bef6-06fbda8eaa07,2014,Q3,,7257,"BROWNSTEIN HYATT FARBER SCHRECK, LLP",DC,110110,MUNICIPALITY OF PONCE,PR,Municipality in Puerto Rico,30000.00,,Health Issues,Ryan White HIV/AIDS Program,,2014-10-20T19:12:00.097000-04:00,30000.0,0.0
6796e715-1924-4d5c-829f-62806a30c601,2014,3A,,400428066,NWG ADVOCACY LLC,FL,190717,HOSPITAL ASSOCIATION OF PUERTO RICO,PR,Serve Puerto Rico's Hospital System and its Members,24000.00,,Health Issues|Medicare/Medicaid,"Medicare, HITECH Act, Electronic Health Records|Electronic Health Records, HITECH Act",,2014-10-22T09:31:50.737000-04:00,24000.0,0.0
e06532c8-de8b-4d64-b42a-cc9ec9d1738b,2014,Q3Y,,400501472,"OPTIM GROUP, LLC",PR,191946,PUERTO RICO HOSPITALS ASSOCIATION,PR,Non profit organization representing and advocating for hospitals in Puerto Rico,,,,,,2014-10-31T15:42:53.157000-04:00,0.0,0.0
2f438190-c9e1-4b6e-a498-45320e068ec5,2014,Q3,,40043343,MCCONNELL VALDES PLLC,DC,188483,ATLANTIC UNIVERSITY COLLEGE,PR,Non Profit Institution of Higher Learning,20000.00,,Education,Assist AUC with all its Federal issues.,,2014-12-09T09:55:57.003000-05:00,20000.0,0.0
8294f8bb-6062-416f-b802-e4721cae9c8f,2014,3TY,,40043343,MCCONNELL VALDES PLLC,DC,188489,BOYS & GIRLS CLUB OF PUERTO RICO,PR,Puerto Rico-based organization of local chapters which provide services to young people.,,,,,,2014-12-09T10:16:57.510000-05:00,0.0,0.0
6ae9026d-f8d1-4808-9b1a-ad4f16bd10be,2014,3TY,,40043343,MCCONNELL VALDES PLLC,DC,188485,MUNICIPALITY OF FAJARDO,PR,Municipal Government,,,,,,2014-12-09T10:22:59.543000-05:00,0.0,0.0
4ebebbbf-3250-4852-929f-1d289b2af15f,2014,Q4,,400428066,NWG ADVOCACY LLC,FL,190717,HOSPITAL ASSOCIATION OF PUERTO RICO,PR,Serve Puerto Rico's Hospital System and its Members,24000.00,,Health Issues,"HITECH Act, Medicare Reimbursement",,2015-01-01T11:16:32.327000-05:00,24000.0,0.0
be717581-7a7f-433a-9aa3-6003d7ac8072,2014,Q4,,400428066,NWG ADVOCACY LLC,FL,190719,PUERTO RICO MANUFACTURERS ASSOCIATION,PR,manufacturing trade association,24000.00,,Taxation/Internal Revenue Code,tax reform,,2015-01-01T11:21:33.480000-05:00,24000.0,0.0
c9c9530e-3166-4811-b873-803f064c137e,2014,Q4,,35707,SMITH GARSON,DC,144465,KINESIS FOUNDATION,PR,Municipal Government,30000.00,,Education,Federal grant opportunities,,2015-01-13T16:54:01.313000-05:00,30000.0,0.0
ed260835-c562-417d-a0a5-2c719249e9cb,2014,4TY,,39941,VENABLE LLP,DC,149006,"BASTA YAPR, INC.",PR,"Non-profit corporation/foundation to reduce violence, promote crime prevention.",,,,,,2015-01-14T15:35:36.257000-05:00,0.0,0.0
2ad64282-bab3-44f1-8c2b-f20ed3e92cb9,2014,Q4,,73134,O'NEILL AND ASSOCIATES,MA,166646,HIMA SAN PABLO GROUP,PR,Hospital,20000.00,,Immigration,Immigration and Visa Policy,,2015-01-15T16:57:52.990000-05:00,20000.0,0.0
d4c08ce7-3268-4191-9bdf-7a52d3c0202c,2014,Q4,,1182,ALSTON & BIRD LLP,DC,102473,AIRPORT SHOPPES CORP,PR,Food service,,,Aviation/Airlines/Airports,Monitoring federal public policy developments related to the operation of Luis Munoz Marin International Airport San Jua,,2015-01-16T20:27:14.273000-05:00,0.0,0.0
9b7798a4-4e10-4f8b-bcc9-d34056817123,2014,Q4,,7268,BROYDRICK & ASSOCIATES,DC,110356,MILWAUKEE METROPOLITAN SEWERAGE DISTRICT,PR,Municipality in Puerto Rico,,,Utilities|Budget/Appropriations|Clean Air and Water (quality),FY 2012 Interior-Environment Appropriations Act. WERDA Reauthorization Act.|Federal appropriations for Land Conservation Fund. Tiger Grant & Brownfields grant.|Clean water trust fund legislation. State revolving loan fund.,,2015-01-18T20:08:48.147000-05:00,0.0,0.0
a1ea812a-43d9-4730-b1f5-d4210c14a889,2014,Q4,,317355,JOSE FUENTES,DC,186009,"EMPRESAS FONALLEDAS, INC.",PR,Real estate development company.,40000.00,,Taxation/Internal Revenue Code,Tax Reform.,,2015-01-19T09:09:29.650000-05:00,40000.0,0.0
0cbd11b5-e9c9-47f2-a1bb-db9a0d5eeef6,2014,Q4Y,,400886595,THE ROOSEVELT GROUP,DC,195971,"CCSN, LLC",PR,National border surveillance and security service provider,,,,,,2015-01-20T09:21:59.737000-05:00,0.0,0.0
fbffbcc8-d32a-4c9f-9ec0-96d5c2d08a84,2014,Q4,,400531581,POLICY SOLUTIONS LLC,DC,192115,"FOOD INDUSTRY, MARKETING AND DISTRIBUTION CHAMBER (MIDA)",PR,Food Nutrition Policy &amp; Regulations,,,"Food Industry (safety, labeling, etc.)","Nutrition, Funding and other interest areas that are included in the reauthorization of current Farm Bill policy and rel",,2015-01-20T10:32:59.803000-05:00,0.0,0.0
c417563e-6be8-41a1-93f7-aabba9700a1a,2014,Q4,,79450,"NYPROCOA, INC.",NY,170568,PARA LA NATURALEZA INC,PR,Conservation and protection of areas of ecological value in Puerto Rico,30000.00,,Taxation/Internal Revenue Code,"S.2260, ""Expire Act 2014"", all provisions.
Issues related to Tax Extenders.
Water canalization project in Puerto Rico.",,2015-01-20T12:22:56.013000-05:00,30000.0,0.0
1ef4e08c-8567-4a42-8180-bf312e91fd69,2014,Q4,,400428070,"NATIONAL HEALTH ADVISORS, LLC",DC,190739,MEDICAL CARD SYSTEMS (MCS),PR,Insurance Company,50000.00,,Medicare/Medicaid,Medicaid and Medicare Advantage payments for the Island of Puerto Rico; Fee-for-Service calculations for the Island of P,,2015-01-20T13:52:59.797000-05:00,50000.0,0.0
469716ac-5a8d-4ebf-b615-a12ac6bfb11e,2014,4A,,1182,ALSTON & BIRD LLP,DC,102473,AIRPORT SHOPPES CORP,PR,Food service,,,Aviation/Airlines/Airports,Monitoring federal public policy developments related to the operation of Luis Munoz Marin International Airport San Jua,,2015-01-20T15:41:13.307000-05:00,0.0,0.0
4399edeb-4b3c-42bd-9b1d-923919f9baf3,2014,Q4Y,,41408,WILEY REIN LLP,DC,150958,PUERTO RICO TELEPHONE COMPANY,PR,Telecommunications,,,,,,2015-01-20T16:23:48.447000-05:00,0.0,0.0
320442eb-0df0-4a39-a431-b22ffb25727a,2014,4TY,,37232,SULLIVAN & CROMWELL LLP,DC,146158,"POPULAR, INC",PR,Commercial bank.,,,,,,2015-01-20T17:54:40.707000-05:00,0.0,0.0
6e418cf9-ef6d-4271-bc51-0878f06b21c2,2014,Q4,,88278,"UPSTREAM CONSULTING, INC.",VA,173869,CONSERVATION TRUST FUND OF PUERTO RICO,PR,conservation,30000.00,,Taxation/Internal Revenue Code,Issues related to the taxation of rum.,,2015-01-20T19:14:56.113000-05:00,30000.0,0.0
c27ab737-b1a6-4b9f-a311-d0a325a9a3c6,2014,Q4,,7257,"BROWNSTEIN HYATT FARBER SCHRECK, LLP",DC,110110,MUNICIPALITY OF PONCE,PR,Municipality in Puerto Rico,30000.00,,Health Issues,Ryan White HIV/AIDS Program,,2015-01-20T20:50:21.017000-05:00,30000.0,0.0
a552c6d5-a785-4321-b568-7a72e55a63a6,2014,Q4,,31680,"PODESTA GROUP, INC.",DC,138765,"POPULAR, INC.",PR,Financial services provider.,120000.00,,Banking,Banking and financial legislation and regulation.,,2015-01-20T21:38:58.487000-05:00,120000.0,0.0
2c7012de-f959-41c4-b8d3-61a2bf21b684,2014,Q4,,31680,"PODESTA GROUP, INC.",DC,138740,PUERTO RICO DEPARTMENT OF THE TREASURY,PR,Government agency,150000.00,,Economics/Economic Development,"Federal transportation issues.
Federal tax treaty issues.
Infrastructure funding.",,2015-01-20T21:42:01.953000-05:00,150000.0,0.0
aa264e08-2b23-427f-ae00-9325483f26b0,2014,Q4Y,,400501472,"OPTIM GROUP, LLC",PR,191946,PUERTO RICO HOSPITALS ASSOCIATION,PR,Non profit organization representing and advocating for hospitals in Puerto Rico,,,,,,2015-02-04T09:14:35.967000-05:00,0.0,0.0
9dee607a-74c6-4a1a-a4bc-e97e8464ce6c,2014,Q4Y,,40043343,MCCONNELL VALDES PLLC,DC,188483,ATLANTIC UNIVERSITY COLLEGE,PR,Non Profit Institution of Higher Learning,15000.00,,,,,2015-03-27T14:07:18.967000-04:00,15000.0,0.0
b4c06cb3-c73b-47e5-8756-9fbebd4274c0,2015,Q1,,400428066,NWG ADVOCACY LLC,FL,190717,HOSPITAL ASSOCIATION OF PUERTO RICO,PR,Serve Puerto Rico's Hospital System and its Members,24000.00,,Health Issues,"Medicare Reimbursements, HITECH EHR programs",,2015-04-09T15:19:58.107000-04:00,24000.0,0.0
cad0f92c-ad0e-4c57-999c-d86743ce9f24,2015,Q1,,400428066,NWG ADVOCACY LLC,FL,190719,PUERTO RICO MANUFACTURERS ASSOCIATION,PR,manufacturing trade association,34000.00,,Taxation/Internal Revenue Code,tax reform,,2015-04-09T15:25:05.410000-04:00,34000.0,0.0
1e9850fb-35ac-49fe-b4f9-30f0ff4e5080,2015,Q1,,35707,SMITH GARSON,DC,144465,KINESIS FOUNDATION,PR,Municipal Government,30000.00,,Education,College counseling issues; opportunities for Hispanic students in education,,2015-04-09T15:37:12.327000-04:00,30000.0,0.0
b197bab8-a361-4c7f-98f6-cc6b3fb41eee,2015,Q1,,7268,BROYDRICK & ASSOCIATES,DC,110356,MILWAUKEE METROPOLITAN SEWERAGE DISTRICT,PR,Municipality in Puerto Rico,,,Utilities|Budget/Appropriations|Clean Air and Water (quality),"WERDA reauthorization, clean water and utilities.|FY12 Interior-Environment Appropriations Act, State Revolving Loan Fund. Federal appropriations for land conservation fu|Clean Water Trust Fund Legislation. TIGER V grant and Brownfields grant.",,2015-04-14T21:08:09.130000-04:00,0.0,0.0
cab39f5b-6fe5-4892-a742-438540bcc44e,2015,Q1,,317355,JOSE FUENTES,DC,186009,"EMPRESAS FONALLEDAS, INC.",PR,Real estate development company.,40000.00,,Taxation/Internal Revenue Code,Tax Reform.,,2015-04-16T12:52:16.360000-04:00,40000.0,0.0
0d435e0c-1205-4b3b-9df5-e78c52dc65b5,2015,Q1Y,,1182,ALSTON & BIRD LLP,DC,102473,AIRPORT SHOPPES CORP,PR,Food service,,,,,,2015-04-19T18:41:55.407000-04:00,0.0,0.0
71efad46-d463-4c7e-8670-1161f31a2a53,2015,Q1,,400531581,POLICY SOLUTIONS LLC,DC,192115,"FOOD INDUSTRY, MARKETING AND DISTRIBUTION CHAMBER (MIDA)",PR,Food Nutrition Policy &amp; Regulations,,,Agriculture,"Nutrition, Funding and other interest areas that are included in the re-authorization of current Farm Bill policy and re",,2015-04-19T22:26:38.547000-04:00,0.0,0.0
4890fa75-3fc8-4dca-8f3e-5c4c1044a8bb,2015,Q1Y,,41408,WILEY REIN LLP,DC,150958,PUERTO RICO TELEPHONE COMPANY,PR,Telecommunications,,,,,,2015-04-20T10:50:45.460000-04:00,0.0,0.0
a046c7e1-64ad-4c24-9484-a1aa1c8a2977,2015,Q1,,79450,"NYPROCOA, INC.",NY,170568,PARA LA NATURALEZA INC,PR,Conservation and protection of areas of ecological value in Puerto Rico,20000.00,,Taxation/Internal Revenue Code,Issues related to Tax Extenders.,,2015-04-20T13:52:44.637000-04:00,20000.0,0.0
956dcf55-d27e-4c1b-b6ff-ef3d4da4bff7,2015,Q1,,88278,"UPSTREAM CONSULTING, INC.",VA,173869,CONSERVATION TRUST FUND OF PUERTO RICO,PR,conservation,30000.00,,Taxation/Internal Revenue Code,Issues related to the taxation of rum.,,2015-04-20T14:24:16.643000-04:00,30000.0,0.0
29634a58-8624-4601-bba3-74e302fd0fd9,2015,Q1,,400428070,"NATIONAL HEALTH ADVISORS, LLC",DC,190739,MEDICAL CARD SYSTEMS (MCS),PR,Insurance Company,50000.00,,Medicare/Medicaid,Medicaid and Medicare Advantage payments for the Island of Puerto Rico; Fee-for-Service calculations for the Island of P,,2015-04-20T14:47:58.830000-04:00,50000.0,0.0
99723e8c-b18a-406e-a2a2-bd9b421c79cc,2015,Q1Y,,400886595,THE ROOSEVELT GROUP,DC,195971,"CCSN, LLC",PR,National border surveillance and security service provider,,,,,,2015-04-20T15:03:27.533000-04:00,0.0,0.0
81955d7c-b415-462c-97f3-ca858298725d,2015,Q1,,7257,"BROWNSTEIN HYATT FARBER SCHRECK, LLP",DC,110110,MUNICIPALITY OF PONCE,PR,Municipality in Puerto Rico,30000.00,,Health Issues,Ryan White HIV/AIDS Program,,2015-04-20T17:51:51.913000-04:00,30000.0,0.0
bd8bffc3-e615-4f33-ae62-d25fd5533966,2015,Q1,,31680,"PODESTA GROUP, INC.",DC,138740,PUERTO RICO DEPARTMENT OF THE TREASURY,PR,Government agency,150000.00,,Economics/Economic Development,"Economic development initiatives.
H.R. 870, Puerto Rico Chapter 9 Uniformity Act of 2015.",,2015-04-20T19:58:44.007000-04:00,150000.0,0.0
fdf472ec-c1e7-47e0-b201-b70fb852659c,2015,Q1Y,,400501472,"OPTIM GROUP, LLC",PR,191946,PUERTO RICO HOSPITALS ASSOCIATION,PR,Non profit organization representing and advocating for hospitals in Puerto Rico,,,,,,2015-04-21T09:47:07.880000-04:00,0.0,0.0
823e47bc-247c-45c7-b704-63b0eddc9cc7,2015,1A,,31680,"PODESTA GROUP, INC.",DC,138765,"POPULAR, INC.",PR,Financial services provider.,120000.00,,Banking,Banking and financial legislation and regulation.,,2015-04-21T16:33:04.597000-04:00,120000.0,0.0
b7514194-c104-46e5-ba83-3cf630f9d7e4,2015,Q1,,73134,O'NEILL AND ASSOCIATES,MA,166646,HIMA SAN PABLO GROUP,PR,Hospital,20000.00,,Immigration,Immigration and Visa Policy,,2015-05-04T13:47:32.633000-04:00,20000.0,0.0
2ab1f7ce-c351-4bfb-90bb-7737495537ae,2015,Q2Y,,400886595,THE ROOSEVELT GROUP,DC,195971,"CCSN, LLC",PR,National border surveillance and security service provider,,,,,,2015-07-08T11:18:39.710000-04:00,0.0,0.0
330a6ac0-2d34-43e5-8628-05ecce1b1934,2015,RR,,400532589,PRIME POLICY GROUP,DC,192431,"DESTILERIA SERRALLES, INC.",PR,Distiller of rum.,,,Taxation/Internal Revenue Code|Budget/Appropriations,Financial services and general budget appropriations bill for FY2016 and tax provisions.|Financial services and general budget appropriations bill for FY2016 and tax provisions.,,2015-07-10T11:05:52-04:00,0.0,0.0
f3b81d51-800f-4a22-a680-2506f7fee0ab,2015,Q2Y,,35707,SMITH GARSON,DC,144465,KINESIS FOUNDATION,PR,Municipal Government,20000.00,,,,,2015-07-14T15:39:54.157000-04:00,20000.0,0.0
0ab172aa-2016-4241-a2ab-6cf2b7756717,2015,Q2,,7268,BROYDRICK & ASSOCIATES,DC,110356,MILWAUKEE METROPOLITAN SEWERAGE DISTRICT,PR,Municipality in Puerto Rico,,,Utilities|Budget/Appropriations|Clean Air and Water (quality),"WERDA reauthorization, clean water and utilities.|FY12 Interior-Environment Appropriations Act, State Revolving Loan Fund. Federal appropriations for land conservation fu|Clean Water Trust Fund Legislation. TIGER V grant and Brownfields grant.",,2015-07-15T20:04:39.657000-04:00,0.0,0.0
8dfbee90-4eb6-402b-971e-edb925c6d4be,2014,4T,,73134,O'NEILL AND ASSOCIATES,MA,166646,HIMA SAN PABLO GROUP,PR,Hospital,20000.00,,Immigration,Immigration and Visa Policy,,2015-07-16T10:55:06.913000-04:00,20000.0,0.0
ac0d7296-4cbc-4dea-8690-07a637bdbc1c,2015,Q2,,400531581,POLICY SOLUTIONS LLC,DC,192115,"FOOD INDUSTRY, MARKETING AND DISTRIBUTION CHAMBER (MIDA)",PR,Food Nutrition Policy &amp; Regulations,,,Agriculture,"Nutrition, Funding and other interest areas that are included in the re-authorization of current Farm Bill policy and re",,2015-07-16T11:14:14.837000-04:00,0.0,0.0
7f562a8b-5fc3-4d48-8510-85b7d9ad7c7f,2015,Q2Y,,1182,ALSTON & BIRD LLP,DC,102473,AIRPORT SHOPPES CORP,PR,Food service,,,,,,2015-07-19T13:34:55.510000-04:00,0.0,0.0
2508608d-770c-4aa9-8163-d2f46844e6db,2015,Q2,,317355,JOSE FUENTES,DC,186009,"EMPRESAS FONALLEDAS, INC.",PR,Real estate development company.,80000.00,,Taxation/Internal Revenue Code|Bankruptcy,"Tax Reform.|Bankruptcy, H.R. 870",,2015-07-20T11:22:42.217000-04:00,80000.0,0.0
6986e4c1-31d8-4191-b320-90c3237b8f40,2015,Q2,,79450,"NYPROCOA, INC.",NY,170568,PARA LA NATURALEZA INC,PR,Conservation and protection of areas of ecological value in Puerto Rico,60000.00,,Taxation/Internal Revenue Code,Issues related to Tax Extenders.,,2015-07-20T12:33:21.093000-04:00,60000.0,0.0
b52853af-d922-445c-a2e9-dae78f8cb84e,2015,Q2Y,,41408,WILEY REIN LLP,DC,150958,PUERTO RICO TELEPHONE COMPANY,PR,Telecommunications,,,,,,2015-07-20T14:45:24.640000-04:00,0.0,0.0
b4463c12-f44f-4f11-a233-22f8912b5c33,2015,Q2,,400428070,"NATIONAL HEALTH ADVISORS, LLC",DC,190739,MEDICAL CARD SYSTEMS (MCS),PR,Insurance Company,50000.00,,Medicare/Medicaid,Medicaid and Medicare Advantage payments for the Island of Puerto Rico; Fee-for-Service calculations for the Island of P,,2015-07-20T16:21:48.370000-04:00,50000.0,0.0
87b52211-9d07-4923-aef9-f0ff97152881,2015,Q2,,7257,"BROWNSTEIN HYATT FARBER SCHRECK, LLP",DC,110110,MUNICIPALITY OF PONCE,PR,Municipality in Puerto Rico,,,Health Issues,Ryan White HIV/AIDS Program,,2015-07-20T19:18:56.347000-04:00,0.0,0.0
aa7ea2aa-976d-4dc2-be88-c61e2a7edf03,2015,Q2,,88278,"UPSTREAM CONSULTING, INC.",VA,173869,CONSERVATION TRUST FUND OF PUERTO RICO,PR,conservation,30000.00,,Taxation/Internal Revenue Code,Issues related to the taxation of rum.,,2015-07-20T20:30:49.923000-04:00,30000.0,0.0
17d39359-437a-4ea9-a4a6-cd80e42a81fd,2015,Q2,,31680,"PODESTA GROUP, INC.",DC,138765,"POPULAR, INC.",PR,Financial services provider.,120000.00,,Banking|Budget/Appropriations,"Banking and financial legislation and regulation.|H.R.2028, Energy and Water Development and Related Agencies Appropriations Act, 2016.",,2015-07-20T20:55:34.863000-04:00,120000.0,0.0
f9467620-88ef-48f2-80a9-36fad3a91dbf,2015,Q2,,31680,"PODESTA GROUP, INC.",DC,138740,PUERTO RICO DEPARTMENT OF THE TREASURY,PR,Government agency,150000.00,,Economics/Economic Development,"Economic development initiatives.
H.R. 870, Puerto Rico Chapter 9 Uniformity Act of 2015.",,2015-07-20T20:57:43.690000-04:00,150000.0,0.0
bc8323fc-36bc-406b-a0d1-ebe68061da20,2015,Q2,,400532589,PRIME POLICY GROUP,DC,192431,"DESTILERIA SERRALLES, INC.",PR,Distiller of rum.,40000.00,,Taxation/Internal Revenue Code|Budget/Appropriations,Financial services and general government appropriations act.|Financial services and general government appropriations act.,,2015-07-21T17:10:03.927000-04:00,40000.0,0.0
cb122fca-ed6e-4ee9-b351-b90687eac94e,2015,Q2,,400428066,NWG ADVOCACY LLC,FL,190717,HOSPITAL ASSOCIATION OF PUERTO RICO,PR,Serve Puerto Rico's Hospital System and its Members,24000.00,,Health Issues,"Medicare Reimbursements, HITECH EHR programs",,2015-07-27T14:06:39.783000-04:00,24000.0,0.0
296679f7-0487-4b34-a96c-e0480a1c38f7,2015,Q2,,400428066,NWG ADVOCACY LLC,FL,190719,PUERTO RICO MANUFACTURERS ASSOCIATION,PR,manufacturing trade association,28571.00,,Taxation/Internal Revenue Code,tax reform,,2015-07-27T14:09:40.753000-04:00,28571.0,0.0
d670f297-e8e7-4f39-9e9c-a2b01534e15e,2015,Q2,,40043343,MCCONNELL VALDES PLLC,DC,188483,ATLANTIC UNIVERSITY COLLEGE,PR,Non Profit Institution of Higher Learning,15000.00,,Education,Assist AUC with all higher education matters before the Federal Government.,,2015-08-05T16:12:16.563000-04:00,15000.0,0.0
0cdacbb9-37a6-4df2-8770-bf5a43ec971a,2015,Q2,,40043343,MCCONNELL VALDES PLLC,DC,188485,MUNICIPALITY OF FAJARDO,PR,Municipal Government,10000.00,,Roads/Highway,Assist the Municipality of Fajardo with its TIGER 7 grant application.,,2015-08-05T16:17:17.983000-04:00,10000.0,0.0
f405fb81-ac77-43b0-b40a-961f8f8f965b,2015,Q2Y,,400501472,"OPTIM GROUP, LLC",PR,191946,PUERTO RICO HOSPITALS ASSOCIATION,PR,Non profit organization representing and advocating for hospitals in Puerto Rico,5000.00,,,,,2015-08-06T10:50:22.297000-04:00,5000.0,0.0
4e9ae766-a92c-4039-aadb-8490b459a840,2015,Q1,,40043343,MCCONNELL VALDES PLLC,DC,188483,ATLANTIC UNIVERSITY COLLEGE,PR,Non Profit Institution of Higher Learning,15000.00,,Education,Assist AUC with all higher education matters before the Federal Government.,,2015-09-03T13:39:43.630000-04:00,15000.0,0.0
216991d1-d8eb-48bc-9187-cb2eddbd7491,2015,Q3,,400428066,NWG ADVOCACY LLC,FL,190717,HOSPITAL ASSOCIATION OF PUERTO RICO,PR,Serve Puerto Rico's Hospital System and its Members,24000.00,,Health Issues,"Medicare Reimbursements, HITECH EHR programs",,2015-10-02T23:41:58.857000-04:00,24000.0,0.0
83ab50b3-6bfe-443c-94cc-b2ed2595f13a,2015,Q3,,400428066,NWG ADVOCACY LLC,FL,190719,PUERTO RICO MANUFACTURERS ASSOCIATION,PR,manufacturing trade association,25713.00,,Taxation/Internal Revenue Code,tax reform,,2015-10-02T23:47:21.107000-04:00,25713.0,0.0
2d382c2b-5091-4bca-9d6a-6914cea876de,2015,Q3,,35707,SMITH GARSON,DC,144465,KINESIS FOUNDATION,PR,Municipal Government,30000.00,,Education,Discussions around college access and bright spots program.,,2015-10-14T15:29:48.630000-04:00,30000.0,0.0
8a16ff56-d69c-4dcb-b225-864ea73965d8,2015,Q3,,7268,BROYDRICK & ASSOCIATES,DC,110356,MILWAUKEE METROPOLITAN SEWERAGE DISTRICT,PR,Municipality in Puerto Rico,10000.00,,Utilities|Clean Air and Water (quality)|Budget/Appropriations,"WERDA reauthorization, clean water and utilities.|Clean Water Trust Fund Legislation. TIGER V grant and Brownfields grant.|FY12 Interior-Environment Appropriations Act, State Revolving Loan Fund. Federal appropriations for land conservation fu",,2015-10-15T20:53:50.557000-04:00,10000.0,0.0
68674fcc-5cda-4d82-945a-d64931e2c390,2015,Q3,,400532589,PRIME POLICY GROUP,DC,192431,"DESTILERIA SERRALLES, INC.",PR,Distiller of rum.,40000.00,,Taxation/Internal Revenue Code|Budget/Appropriations,Financial services and general government appropriations act.|Financial services and general government appropriations act.,,2015-10-16T16:10:29.553000-04:00,40000.0,0.0
9a254d35-9a05-4176-910d-4dece7ff0348,2015,Q3,,317355,JOSE FUENTES,DC,186009,"EMPRESAS FONALLEDAS, INC.",PR,Real estate development company.,55000.00,,Taxation/Internal Revenue Code|Bankruptcy,"Tax reform.|Bankruptcy, H.R. 870",,2015-10-19T10:56:12.657000-04:00,55000.0,0.0
f01eb3c8-91d7-4d47-9c70-c95d1fe9041c,2015,Q3,,88278,"UPSTREAM CONSULTING, INC.",VA,173869,CONSERVATION TRUST FUND OF PUERTO RICO,PR,conservation,30000.00,,Taxation/Internal Revenue Code,Issues related to the taxation of rum.,,2015-10-19T11:45:18-04:00,30000.0,0.0
3f5fb66e-4534-405e-891e-6f146b05f51f,2015,Q3,,400531581,POLICY SOLUTIONS LLC,DC,192115,"FOOD INDUSTRY, MARKETING AND DISTRIBUTION CHAMBER (MIDA)",PR,Food Nutrition Policy &amp; Regulations,,,Agriculture,"Nutrition, Funding and other interest areas that are included in the re-authorization of current Farm Bill policy and re",,2015-10-19T16:31:01.947000-04:00,0.0,0.0
6ee61f02-d832-45b5-96bc-1ae2cd69515e,2015,2A,,7257,"BROWNSTEIN HYATT FARBER SCHRECK, LLP",DC,110110,MUNICIPALITY OF PONCE,PR,Municipality in Puerto Rico,,,Health Issues,Ryan White HIV/AIDS Program,,2015-10-20T09:42:36.003000-04:00,0.0,0.0
5806e0eb-f656-474c-8308-2d8bf62d7e37,2015,Q3,,79450,"NYPROCOA, INC.",NY,170568,PARA LA NATURALEZA INC,PR,Conservation and protection of areas of ecological value in Puerto Rico,20000.00,,Taxation/Internal Revenue Code,Issues related to Tax Extenders.,,2015-10-20T11:10:09.937000-04:00,20000.0,0.0
7ad627f6-642b-4965-a5c9-46551716514e,2015,Q3Y,,400886595,THE ROOSEVELT GROUP,DC,195971,"CCSN, LLC",PR,National border surveillance and security service provider,,,,,,2015-10-20T12:34:42.273000-04:00,0.0,0.0
c5ee221d-641c-43ac-b0fb-cda7483f5b7c,2015,Q3,,7257,"BROWNSTEIN HYATT FARBER SCHRECK, LLP",DC,110110,MUNICIPALITY OF PONCE,PR,Municipality in Puerto Rico,,,Health Issues,Ryan White HIV/AIDS Program,,2015-10-20T14:51:25.893000-04:00,0.0,0.0
150ca857-977f-475e-9e80-1beb466ac82b,2015,Q3Y,,1182,ALSTON & BIRD LLP,DC,102473,AIRPORT SHOPPES CORP,PR,Food service,,,,,,2015-10-20T15:45:28.887000-04:00,0.0,0.0
a087b533-32d0-41ce-b4f5-c53e51824b8a,2015,Q3Y,,41408,WILEY REIN LLP,DC,150958,PUERTO RICO TELEPHONE COMPANY,PR,Telecommunications,,,,,,2015-10-20T16:53:48.067000-04:00,0.0,0.0
284ddca8-679a-4897-a150-3a0d20b8972a,2015,Q3,,400428070,"NATIONAL HEALTH ADVISORS, LLC",DC,190739,MEDICAL CARD SYSTEMS (MCS),PR,Insurance Company,50000.00,,Medicare/Medicaid,Medicaid and Medicare Advantage payments for the Island of Puerto Rico; Fee-for-Service calculations for the Island of P,,2015-10-20T17:10:59.817000-04:00,50000.0,0.0
2c5ea0e6-f284-4105-8c81-f94b61830e41,2015,Q3,,31680,"PODESTA GROUP, INC.",DC,138765,"POPULAR, INC.",PR,Financial services provider.,120000.00,,Banking,Banking and financial legislation and regulation.,,2015-10-20T20:45:33.200000-04:00,120000.0,0.0
c3ec1457-477e-45b0-bf44-2ec5169dc0bd,2015,Q3,,31680,"PODESTA GROUP, INC.",DC,138740,PUERTO RICO DEPARTMENT OF THE TREASURY,PR,Government agency,150000.00,,Economics/Economic Development,"Economic development initiatives.
H.R. 870/S. 1774, Puerto Rico Chapter 9 Uniformity Act of 2015.",,2015-10-20T20:47:48.810000-04:00,150000.0,0.0
52bc3c41-5ac1-4802-8fbf-c59e3a9ef9e6,2015,Q4,,400428066,NWG ADVOCACY LLC,FL,190717,HOSPITAL ASSOCIATION OF PUERTO RICO,PR,Serve Puerto Rico's Hospital System and its Members,24000.00,,Health Issues,"Medicare Reimbursements, HITECH EHR programs",,2016-01-10T12:44:59.407000-05:00,24000.0,0.0
8062b830-9282-4bdf-a1ab-5a39f4f38401,2015,Q4,,400428066,NWG ADVOCACY LLC,FL,190719,PUERTO RICO MANUFACTURERS ASSOCIATION,PR,manufacturing trade association,25713.00,,Taxation/Internal Revenue Code,tax reform,,2016-01-10T12:46:01.890000-05:00,25713.0,0.0
d42b9b19-2c67-4619-9941-08b9ae0761d4,2015,Q4,,35707,SMITH GARSON,DC,144465,KINESIS FOUNDATION,PR,Municipal Government,,,Education,Discussion around speaking opportunity.,,2016-01-11T13:54:35.247000-05:00,0.0,0.0
36866725-0180-4759-90ca-5f283468a2cf,2015,Q4,,7268,BROYDRICK & ASSOCIATES,DC,110356,MILWAUKEE METROPOLITAN SEWERAGE DISTRICT,PR,Municipality in Puerto Rico,20000.00,,Utilities|Clean Air and Water (quality)|Budget/Appropriations,"WERDA reauthorization, clean water and utilities.|Clean Water Trust Fund Legislation. TIGER V grant and Brownfields grant.|FY12 Interior-Environment Appropriations Act, State Revolving Loan Fund. Federal appropriations for land conservation fu",,2016-01-13T19:48:53.433000-05:00,20000.0,0.0
9353f04c-53b1-480e-bb84-98a932aaefff,2015,Q4,,31680,"PODESTA GROUP, INC.",DC,138740,PUERTO RICO DEPARTMENT OF THE TREASURY,PR,Government agency,150000.00,,Economics/Economic Development,"Economic development initiatives.
H.R. 870/S. 1774, Puerto Rico Chapter 9 Uniformity Act of 2015.",,2016-01-18T18:37:26.530000-05:00,150000.0,0.0
c1a4237b-c5a6-4e95-97b7-5b984647caf5,2015,Q4,,400532589,PRIME POLICY GROUP,DC,192431,"DESTILERIA SERRALLES, INC.",PR,Distiller of rum.,40000.00,,Taxation/Internal Revenue Code|Budget/Appropriations,Financial services and general government appropriations act.|Financial services and general government appropriations act.,,2016-01-19T07:27:21.483000-05:00,40000.0,0.0
f5856d39-f92a-4dd9-a33c-3453d80ec221,2015,Q4Y,,1182,ALSTON & BIRD LLP,DC,102473,AIRPORT SHOPPES CORP,PR,Food service,,,,,,2016-01-19T11:04:53.403000-05:00,0.0,0.0
66dd9614-831c-4622-89ec-cc165ad0fec7,2015,4TY,,400501472,"OPTIM GROUP, LLC",PR,191946,PUERTO RICO HOSPITALS ASSOCIATION,PR,Non profit organization representing and advocating for hospitals in Puerto Rico,10000.00,,,,,2016-01-19T13:28:55.623000-05:00,10000.0,0.0
08db7068-143a-4770-b723-fd0d33897a84,2015,Q4,,317355,JOSE FUENTES,DC,186009,"EMPRESAS FONALLEDAS, INC.",PR,Real estate development company.,40000.00,,Bankruptcy|Taxation/Internal Revenue Code,"Bankruptcy, H.R. 870, S. 1774 (Puerto Rico Chapter 9 Uniformity Act)|Tax reform.",,2016-01-19T15:50:49.287000-05:00,40000.0,0.0
40daf23c-313d-4d36-b024-ede379c3dbf6,2015,Q4,,400531581,POLICY SOLUTIONS LLC,DC,192115,"FOOD INDUSTRY, MARKETING AND DISTRIBUTION CHAMBER (MIDA)",PR,Food Nutrition Policy &amp; Regulations,,,Agriculture,"Nutrition, Funding and other interest areas that are included in the re-authorization of current Farm Bill policy and re",,2016-01-19T19:16:42.997000-05:00,0.0,0.0
2421251b-c36c-4590-aa60-6e523556480e,2015,Q4,,88278,"UPSTREAM CONSULTING, INC.",VA,173869,CONSERVATION TRUST FUND OF PUERTO RICO,PR,conservation,30000.00,,Taxation/Internal Revenue Code,Issues related to the taxation of rum.,,2016-01-20T09:12:57.810000-05:00,30000.0,0.0
f6f0f678-078c-4a12-9885-c73ebe3da14d,2015,Q4,,79450,"NYPROCOA, INC.",NY,170568,PARA LA NATURALEZA INC,PR,Conservation and protection of areas of ecological value in Puerto Rico,20000.00,,Taxation/Internal Revenue Code,Issues related to Tax Extenders and the Rum Tax Cover Over.,,2016-01-20T11:13:15.783000-05:00,20000.0,0.0
a73d5009-bf18-4fbb-922c-e7edb07fce83,2015,Q4Y,,400886595,THE ROOSEVELT GROUP,DC,195971,"CCSN, LLC",PR,National border surveillance and security service provider,,,,,,2016-01-20T11:46:51.103000-05:00,0.0,0.0
9b667c8d-5df6-4ad7-a2dd-327b7774370c,2015,Q4,,400428070,"NATIONAL HEALTH ADVISORS, LLC",DC,190739,MEDICAL CARD SYSTEMS (MCS),PR,Insurance Company,50000.00,,Health Issues|Medicare/Medicaid,Health care funding for the Island of Puerto Rico|Medicaid and Medicare Advantage payments for the Island of Puerto Rico; Fee-for-Service calculations for the Island of P,,2016-01-20T12:34:02.497000-05:00,50000.0,0.0
669cf48c-e16f-4e8e-9540-535180b7e9b4,2015,Q4Y,,41408,WILEY REIN LLP,DC,150958,PUERTO RICO TELEPHONE COMPANY,PR,Telecommunications,,,,,,2016-01-20T15:24:54.713000-05:00,0.0,0.0
1923bcc4-a32b-48e7-aa39-ee5c70718707,2015,Q4,,7257,"BROWNSTEIN HYATT FARBER SCHRECK, LLP",DC,110110,MUNICIPALITY OF PONCE,PR,Municipality in Puerto Rico,,,Health Issues,Ryan White HIV/AIDS Program,,2016-01-20T18:51:40.460000-05:00,0.0,0.0
3264990a-7a4d-41f4-b250-cd92a59435d6,2015,Q4,,31680,"PODESTA GROUP, INC.",DC,138765,"POPULAR, INC.",PR,Financial services provider.,120000.00,,Banking,Banking and financial legislation and regulation.,,2016-01-20T22:15:20.940000-05:00,120000.0,0.0
a4bb1fc1-8b50-4307-b752-0b5eccfdad9f,2016,RR,,77754,"OLDAKER & WILLISON, LLP",DC,170099,FIRST BANCORP,PR,Community bank and financial institution,,,Banking,Enactment of H.R. 2987 and similar legislation to address debt or equity instruments of smaller financial institutions.,,2016-02-08T16:56:08-05:00,0.0,0.0
5d7844ea-e1d0-47a8-812c-3b60dc0b8cef,2016,RR,,400428066,NWG ADVOCACY LLC,FL,190730,PUERTO RICO PRIVATE SECTOR COALITION,PR,coalition of the thirty business organizations in Puerto Rico,,,Economics/Economic Development,"Tax Reform, alternative energy development, Maritime regulation reform, and government debt restructuring issues before ",,2016-02-24T22:09:30-05:00,0.0,0.0
ee52f3d4-e1af-4aa9-ae9d-f0222066dee7,2016,RR,,86196,FGS GLOBAL (US) LLC (FKA FGH HOLDINGS LLC),DC,173134,CENTER FOR A NEW ECONOMY,PR,An independent nonpartisan institution dedicated to creating a new economy for Puerto Rico,,,Bankruptcy|Economics/Economic Development,Lobbying related to the Puerto Rican economic and public debt situation.|Lobbying related to the Puerto Rican economic and public debt situation.,,2016-03-14T16:42:48-04:00,0.0,0.0
4129c7af-b7bb-40b3-8441-12c7e1ca6053,2016,RR,,30906,SQUIRE PATTON BOGGS,DC,137655,"PARA LA NATURALEZA, INC.",PR,Conservation Trust,,,Taxation/Internal Revenue Code,Make permanent the rum tax cover over.,,2016-03-15T15:11:49-04:00,0.0,0.0
bb3d49f6-8ac9-486b-9bdc-7ccde2d4957a,2016,RR,,304736,"TARPLIN, DOWNS & YOUNG, LLC",DC,181317,TRIPLE-S MANAGEMENT CORPORATION,PR,Insurance,,,Natural Resources|Health Issues|Medicare/Medicaid|Budget/Appropriations,"Medicare, Medicare Advantage, Medicaid, Puerto Rico stabilization and debt package|Medicare, Medicare Advantage, Medicaid, Puerto Rico stabilization and debt package|Medicare, Medicare Advantage, Medicaid, Puerto Rico stabilization and debt package|Medicare, Medicare Advantage, Medicaid, Puerto Rico stabilization and debt package",,2016-03-17T12:06:25-04:00,0.0,0.0
9fa1ea33-847c-42ba-99ea-11d7515ca28b,2016,RR,,36710,STEPTOE LLP,DC,145737,MEDICAID AND MEDICARE ADVANTAGE PRODUCTS ASSOCIATION OF PUERTO RICO,PR,Health Care Trade Association,,,Medicare/Medicaid|Budget/Appropriations|Insurance,Issues related to Puerto Rico health care coverage|Issues related to Puerto Rico health care coverage|Issues related to Puerto Rico health care coverage,,2016-03-18T15:24:05-04:00,0.0,0.0
8c504a08-a0d7-46bd-b3d6-9b6b28d2914c,2016,Q1,,400428066,NWG ADVOCACY LLC,FL,190717,HOSPITAL ASSOCIATION OF PUERTO RICO,PR,Serve Puerto Rico's Hospital System and its Members,24000.00,,Health Issues,"Medicare Reimbursements, HITECH EHR programs",,2016-04-03T13:59:34.407000-04:00,24000.0,0.0
b4553ffb-bff1-46d3-86c0-55ac00e1c7b2,2016,Q1,,400428066,NWG ADVOCACY LLC,FL,190719,PUERTO RICO MANUFACTURERS ASSOCIATION,PR,manufacturing trade association,34713.00,,Taxation/Internal Revenue Code,tax reform,,2016-04-03T14:03:37.203000-04:00,34713.0,0.0
207e550b-d8db-498c-a62e-2c1dcb36eda9,2016,Q1Y,,35707,SMITH GARSON,DC,144465,KINESIS FOUNDATION,PR,Municipal Government,50000.00,,,,,2016-04-11T15:07:16.953000-04:00,50000.0,0.0
62ff13b4-8f3d-4b76-9c15-16c399482401,2016,Q1,,400532589,PRIME POLICY GROUP,DC,192431,"DESTILERIA SERRALLES, INC.",PR,Distiller of rum.,40000.00,,Taxation/Internal Revenue Code|Budget/Appropriations,Financial services and general government appropriations act.|Financial services and general government appropriations act.,,2016-04-13T15:32:39.937000-04:00,40000.0,0.0
d6951a3c-597a-4911-bb31-ffa56aa80570,2016,1TY,,40043343,MCCONNELL VALDES PLLC,DC,188483,ATLANTIC UNIVERSITY COLLEGE,PR,Non Profit Institution of Higher Learning,,,,,,2016-04-15T12:14:43.783000-04:00,0.0,0.0
680e5e94-cd31-4d00-863e-b1a23d31d780,2016,1TY,,40043343,MCCONNELL VALDES PLLC,DC,188485,MUNICIPALITY OF FAJARDO,PR,Municipal Government,,,,,,2016-04-15T12:17:53.457000-04:00,0.0,0.0
ab66772f-c57c-4133-991d-6978a91b52b0,2015,Q3,,40043343,MCCONNELL VALDES PLLC,DC,188483,ATLANTIC UNIVERSITY COLLEGE,PR,Non Profit Institution of Higher Learning,15000.00,,Education,Assist AUC with all higher education matters before the Federal Government.,,2016-04-15T12:27:21.787000-04:00,15000.0,0.0
438b1c68-e251-4e5d-a3e7-331feea54953,2015,Q3,,40043343,MCCONNELL VALDES PLLC,DC,188485,MUNICIPALITY OF FAJARDO,PR,Municipal Government,10000.00,,Roads/Highway,Assist the Municipality of Fajardo with its TIGER 7 grant application.,,2016-04-15T12:29:30.337000-04:00,10000.0,0.0
8685672f-1005-4b60-81a8-c5d44f26191f,2016,Q1,,30906,SQUIRE PATTON BOGGS,DC,137655,"PARA LA NATURALEZA, INC.",PR,Conservation Trust,50000.00,,Taxation/Internal Revenue Code,Permanent extension of the rum cover over.,,2016-04-15T14:31:25.177000-04:00,50000.0,0.0
4aa9fba3-c92a-4733-bff9-35263aee75a1,2016,Q1,,7268,BROYDRICK & ASSOCIATES,DC,110356,MILWAUKEE METROPOLITAN SEWERAGE DISTRICT,PR,Municipality in Puerto Rico,20000.00,,Clean Air and Water (quality)|Utilities|Budget/Appropriations,"Clean Water Trust Fund Legislation. TIGER V grant and Brownfields grant.|WERDA reauthorization, clean water and utilities.|FY12 Interior-Environment Appropriations Act, State Revolving Loan Fund. Federal appropriations for land conservation fu",,2016-04-17T21:37:40.947000-04:00,20000.0,0.0
d9a8df0f-bf7d-46bf-8df7-148fb9daf3ef,2016,Q1,,400531581,POLICY SOLUTIONS LLC,DC,192115,"FOOD INDUSTRY, MARKETING AND DISTRIBUTION CHAMBER (MIDA)",PR,Food Nutrition Policy &amp; Regulations,20000.00,,Marine/Maritime/Boating/Fisheries|Agriculture,"Exemption of Puerto Rico from the Jones Act, which regulates ocean-shipping between the United States mainland and Puert|Nutrition, Funding and other interest areas that are included in the re-authorization of current Farm Bill policy and re",,2016-04-18T21:37:07.157000-04:00,20000.0,0.0
c54fb8e0-29b0-4db6-bafb-7798003a8008,2016,Q1,,88278,"UPSTREAM CONSULTING, INC.",VA,173869,CONSERVATION TRUST FUND OF PUERTO RICO,PR,conservation,30000.00,,Taxation/Internal Revenue Code,Issues related to the taxation of rum.,,2016-04-19T09:34:45.940000-04:00,30000.0,0.0
68d18e5b-ebd1-4746-ab39-044df400912c,2016,Q1Y,,400886595,THE ROOSEVELT GROUP,DC,195971,"CCSN, LLC",PR,National border surveillance and security service provider,,,,,,2016-04-19T11:09:54.653000-04:00,0.0,0.0
7ae9d431-6def-4e9c-b476-41d7100f121f,2016,Q1,,400428066,NWG ADVOCACY LLC,FL,190730,PUERTO RICO PRIVATE SECTOR COALITION,PR,coalition of the thirty business organizations in Puerto Rico,,,Economics/Economic Development,Economic revitalization for Puerto Rico,,2016-04-19T11:22:33-04:00,0.0,0.0
13d26e38-c7fe-4a30-b53a-6d398fd6923a,2016,Q1,,86196,FGS GLOBAL (US) LLC (FKA FGH HOLDINGS LLC),DC,173134,CENTER FOR A NEW ECONOMY,PR,An independent nonpartisan institution dedicated to creating a new economy for Puerto Rico,30000.00,,Economics/Economic Development|Bankruptcy,Lobbying related to the Puerto Rican economic and public debt situation|Lobbying related to the Puerto Rican economic and public debt situation,,2016-04-19T11:49:26.660000-04:00,30000.0,0.0
dbaea164-e473-4a06-b340-cd5c961598b0,2016,Q1,,317355,JOSE FUENTES,DC,186009,"EMPRESAS FONALLEDAS, INC.",PR,Real estate development company.,90000.00,,Taxation/Internal Revenue Code|Bankruptcy,"Tax Reform.|HR 870 (Puerto Rico Chapter 9 Uniformity Act), S 1774 (Puerto Rico Chapter 9 Uniformity Act), S 2381 (Puerto Rico Assist",,2016-04-19T13:28:31.983000-04:00,90000.0,0.0
69476989-28a2-40d4-8ff1-0d5246a69415,2016,Q1,,304736,"TARPLIN, DOWNS & YOUNG, LLC",DC,181317,TRIPLE-S MANAGEMENT CORPORATION,PR,Insurance,30000.00,,Health Issues|Medicare/Medicaid|Natural Resources|Budget/Appropriations,"Puerto Rican health system stabilization, no specific bill
Puerto Rican debt
Health insurance tax|Medicare Advantage call letter
Puerto Rican health system stabilization
Medicaid
Medicare payment data proxies|Puerto Rican debt|Budget resolution",,2016-04-19T16:37:07.443000-04:00,30000.0,0.0
aa04ffed-f0cb-4d48-a723-38c756bcf836,2016,Q1,,79450,"NYPROCOA, INC.",NY,170568,PARA LA NATURALEZA INC,PR,Conservation and protection of areas of ecological value in Puerto Rico,40000.00,,Taxation/Internal Revenue Code,Issues related to Tax Extenders and the Rum Tax Cover Over.,,2016-04-20T09:03:01.047000-04:00,40000.0,0.0
76c3de58-eb5b-4786-a979-e5b971675140,2016,Q1Y,,1182,ALSTON & BIRD LLP,DC,102473,AIRPORT SHOPPES CORP,PR,Food service,,,,,,2016-04-20T09:51:02.443000-04:00,0.0,0.0
72aff0d2-6ff0-4f27-a74c-82778c2b6ab8,2016,Q1,,36710,STEPTOE LLP,DC,145737,MEDICAID AND MEDICARE ADVANTAGE PRODUCTS ASSOCIATION OF PUERTO RICO,PR,Health Care Trade Association,20000.00,,Medicare/Medicaid,Issues related to Puerto Rico health care coverage,,2016-04-20T14:18:20.990000-04:00,20000.0,0.0
f7a3985e-8eb0-4fd7-8593-58c8705f22bc,2016,Q1Y,,41408,WILEY REIN LLP,DC,150958,PUERTO RICO TELEPHONE COMPANY,PR,Telecommunications,,,,,,2016-04-20T15:18:06.230000-04:00,0.0,0.0
eefd727a-6362-45e3-a7a1-00dde78b9352,2016,Q1,,400428070,"NATIONAL HEALTH ADVISORS, LLC",DC,190739,MEDICAL CARD SYSTEMS (MCS),PR,Insurance Company,50000.00,,Taxation/Internal Revenue Code|Health Issues|Medicare/Medicaid,Health care tax issues contained in the Affordable Care Act impacting Puerto Rico|Health care funding for the Island of Puerto Rico|Medicaid and Medicare Advantage payments for the Island of Puerto Rico; Fee-for-Service calculations for the Island of P,,2016-04-20T15:56:51.400000-04:00,50000.0,0.0
98fa8b82-7c55-467d-bb56-dba4bb713476,2016,1TY,,7257,"BROWNSTEIN HYATT FARBER SCHRECK, LLP",DC,110110,MUNICIPALITY OF PONCE,PR,Municipality in Puerto Rico,,,,,,2016-04-20T16:38:07.497000-04:00,0.0,0.0
0679fbb2-ddd0-408e-8739-e08eb2f54096,2016,Q1,,77754,"OLDAKER & WILLISON, LLP",DC,170099,FIRST BANCORP,PR,Community bank and financial institution,20000.00,,Financial Institutions/Investments/Securities,Legislation to adjust community banks consolidate assets levels set in Dodd-Frank Act.,,2016-04-20T16:42:53.483000-04:00,20000.0,0.0
2b296685-3035-4950-b65a-3274d96ced95,2016,Q1,,31680,"PODESTA GROUP, INC.",DC,138765,"POPULAR, INC.",PR,Financial services provider.,120000.00,,Banking,Banking and financial legislation and regulation.,,2016-04-20T18:13:53.450000-04:00,120000.0,0.0
d3861d31-0e4b-4611-9ab8-fe73993e232f,2016,Q1,,31680,"PODESTA GROUP, INC.",DC,138740,PUERTO RICO DEPARTMENT OF THE TREASURY,PR,Government agency,150000.00,,Economics/Economic Development,"Economic development initiatives.
H.R. 870/S. 1774, Puerto Rico Chapter 9 Uniformity Act of 2015.",,2016-04-20T18:15:31.653000-04:00,150000.0,0.0
17d85088-74f0-4e58-8807-b77a8e48d2dc,2016,RR,,11628,"DAVIDOFF HUTCHER & CITRON, LLP",DC,116007,PONCE HEALTH SCIENCES UNIVERSITY,PR,Medical School,,,Health Issues|Medicare/Medicaid,Matters relating to reimbursements and hospital placements for medical residents.|Matters relating to reimbursements and hospital placements for medical residents.,,2016-04-26T10:52:43-04:00,0.0,0.0
b022f8b7-2a07-413c-990e-1d625871e1ab,2016,RR,,41454,"WILLIAMS AND JENSEN, PLLC",DC,151569,"BONISTAS DEL PATIO, INC.",PR,Organization of taxpayers and long term bondholders residing in Puerto Rico.,,,Natural Resources|Economics/Economic Development,Puerto Rican Debt Crisis Legislation; H.R. 4900 PROMESA|Puerto Rican Debt Crisis Legislation; H.R. 4900 PROMESA,,2016-05-02T14:54:35-04:00,0.0,0.0
1f1fad4c-83d3-45e9-8db7-37c4624d9e33,2016,RR,,9476,CLEARY GOTTLIEB STEEN & HAMILTON LLP,NY,113661,GOVERNMENT DEVELOPMENT BANK FOR PUERTO RICO,PR,"Bank, fiscal agent and financial advisor for the Commonwealth of Puerto Rico",,,Government Issues,"Issues related to H.R.4900, the Puerto Rico Oversight, Management, and Economic Stability Act (PROMESA), and related dra",,2016-05-16T11:51:21-04:00,0.0,0.0
7633fa65-2124-4f18-8100-b97b9e6dbbe8,2015,Q3Y,,400501472,"OPTIM GROUP, LLC",PR,191946,PUERTO RICO HOSPITALS ASSOCIATION,PR,Non profit organization representing and advocating for hospitals in Puerto Rico,5000.00,,,,,2016-06-13T15:20:28.907000-04:00,5000.0,0.0
c7b0a3db-adcf-4572-962d-bffe54652ee2,2015,1TY,,73134,O'NEILL AND ASSOCIATES,MA,166646,HIMA SAN PABLO GROUP,PR,Hospital,,,,,,2016-06-14T13:35:45.567000-04:00,0.0,0.0
09a53bf3-34a8-4b8a-bc3a-d01f3f76f26e,2016,RR,,401104069,"FUENTES STRATEGIES, LLC",DC,200715,CAMARA DE REPRESENTANTES DE PUERTO RICO,PR,Government entity,,,Economics/Economic Development|Government Issues,Promesa Bill and further legislation that can impact Puerto Rico's economic growth.|Promesa Bill and further legislation that can impact Puerto Rico's economic growth.,,2016-06-30T13:25:17-04:00,0.0,0.0
fd2e4898-cc01-43bc-83d9-2054df1513ee,2016,Q2,,35707,SMITH GARSON,DC,144465,KINESIS FOUNDATION,PR,Municipal Government,,,Education,"College counselor training opportunities 
Robert Noyce Scholarship grant program
Discussion on the Social Innovation fun",,2016-07-07T14:10:33.643000-04:00,0.0,0.0
4686ab98-e42d-4ad7-8ce0-6628fafb5a21,2016,Q2,,401104069,"FUENTES STRATEGIES, LLC",DC,200715,CAMARA DE REPRESENTANTES DE PUERTO RICO,PR,Government entity,17000.00,,Economics/Economic Development,"H. R. 5278 - PROMESA - monitoring, advising and securing access to stakeholders with the goal of including language in t",,2016-07-11T11:46:03.257000-04:00,17000.0,0.0
4ac34964-9177-4c1c-ab91-2cbb06dc95c6,2016,Q2,,41454,"WILLIAMS AND JENSEN, PLLC",DC,151569,"BONISTAS DEL PATIO, INC.",PR,Organization of taxpayers and long term bondholders residing in Puerto Rico.,70000.00,,Economics/Economic Development|Natural Resources,"Puerto Rico Debt Crisis legislation; H.R. 4900, H.R. 5278, S. 2328 PROMESA.|Puerto Rico Debt Crisis legislation; H.R. 4900, H.R. 5278, S. 2328 PROMESA.",,2016-07-12T09:14:53.300000-04:00,70000.0,0.0
6d520cf0-e0b8-453e-a66d-db69108cb570,2016,Q2,,400428066,NWG ADVOCACY LLC,FL,190717,HOSPITAL ASSOCIATION OF PUERTO RICO,PR,Serve Puerto Rico's Hospital System and its Members,24000.00,,Health Issues,"Medicare Reimbursements, Medicaid funding",,2016-07-13T15:22:00.093000-04:00,24000.0,0.0
9ca6258f-b735-41bd-9ee7-b98b37da2af1,2016,Q2,,400428066,NWG ADVOCACY LLC,FL,190719,PUERTO RICO MANUFACTURERS ASSOCIATION,PR,manufacturing trade association,53008.38,,Taxation/Internal Revenue Code,tax reform,,2016-07-13T15:25:06.407000-04:00,53008.38,0.0
7183f5ac-4344-4380-8161-1397700c5556,2016,Q2,,400428066,NWG ADVOCACY LLC,FL,190730,PUERTO RICO PRIVATE SECTOR COALITION,PR,coalition of the thirty business organizations in Puerto Rico,,,Economics/Economic Development,"Economic revitalization for Puerto Rico, HR 5278 PROMESA",,2016-07-13T15:32:13-04:00,0.0,0.0
92897329-6e0a-4ae3-b4eb-d045c90a3c86,2016,Q2,,88278,"UPSTREAM CONSULTING, INC.",VA,173869,CONSERVATION TRUST FUND OF PUERTO RICO,PR,conservation,30000.00,,Taxation/Internal Revenue Code,Issues related to the taxation of rum.,,2016-07-14T09:36:42-04:00,30000.0,0.0
4053a22b-c7e5-442b-be79-26fda7957cfb,2016,Q2,,400532589,PRIME POLICY GROUP,DC,192431,"DESTILERIA SERRALLES, INC.",PR,Distiller of rum.,40000.00,,Bankruptcy|Taxation/Internal Revenue Code,"H.R. 5278, PROMESA|Tax Extenders, Financial services and general government appropriations act.",,2016-07-15T11:47:23.703000-04:00,40000.0,0.0
040310a1-0f8b-4e51-aafa-7edbe695cbe6,2016,Q2,,7268,BROYDRICK & ASSOCIATES,DC,110356,MILWAUKEE METROPOLITAN SEWERAGE DISTRICT,PR,Municipality in Puerto Rico,10000.00,,Utilities|Budget/Appropriations|Clean Air and Water (quality),"WERDA reauthorization, clean water and utilities.|FY12 Interior-Environment Appropriations Act, State Revolving Loan Fund. Federal appropriations for land conservation fu|Clean Water Trust Fund Legislation. TIGER V grant and Brownfields grant.",,2016-07-15T15:38:51.427000-04:00,10000.0,0.0
64921073-cc45-4250-b09e-49eff9cb27e4,2016,Q2,,30906,SQUIRE PATTON BOGGS,DC,137655,"PARA LA NATURALEZA, INC.",PR,Conservation Trust,50000.00,,Taxation/Internal Revenue Code,Permanent extension of the rum cover over.,,2016-07-18T11:01:33.283000-04:00,50000.0,0.0
daccda68-62bd-4467-b350-4d59c23363ad,2016,Q2,,317355,JOSE FUENTES,DC,186009,"EMPRESAS FONALLEDAS, INC.",PR,Real estate development company.,120000.00,,Taxation/Internal Revenue Code|Bankruptcy,"Tax Reform.|Puerto Rico Oversight, Management, and Economic Stability Act (PROMESA), S. 2328/H.R. 5278/H.R. 4900.",,2016-07-18T13:50:04.553000-04:00,120000.0,0.0
3be00fc0-43c9-4cea-adea-45ecd60093e5,2016,2T,,31680,"PODESTA GROUP, INC.",DC,138765,"POPULAR, INC.",PR,Financial services provider.,50000.00,,Banking,Banking and financial legislation and regulation.,,2016-07-18T17:37:19.627000-04:00,50000.0,0.0
9f5eaf01-d43d-4805-b975-a97de21bf6e7,2016,RR,,12631,FAEGRE DRINKER BIDDLE & REATH LLP,DC,117596,ALIANZA PUERTORRIQUENA DE TELECOMMUNICATIONS,PR,Alliance of private telecommunications companies in Puerto Rico.,,,Bankruptcy,"H.R. 5278, Puerto Rico Oversight, Management and Economic Stability Act (PROMESA)",,2016-07-18T22:27:50-04:00,0.0,0.0
56d9b210-1fc3-40ae-b6fd-d842aa5ceeb3,2016,Q2,,36710,STEPTOE LLP,DC,145737,MEDICAID AND MEDICARE ADVANTAGE PRODUCTS ASSOCIATION OF PUERTO RICO,PR,Health Care Trade Association,50000.00,,Medicare/Medicaid,Issues related to Puerto Rico health care coverage,,2016-07-19T13:13:25.770000-04:00,50000.0,0.0
c23c4414-d9d4-44ef-8ac6-07ab90e13991,2016,Q2,,400531581,POLICY SOLUTIONS LLC,DC,192115,"FOOD INDUSTRY, MARKETING AND DISTRIBUTION CHAMBER (MIDA)",PR,Food Nutrition Policy &amp; Regulations,20000.00,,Agriculture|Marine/Maritime/Boating/Fisheries,"Nutrition, Funding and other interest areas that are included in the re-authorization of current Farm Bill policy and re|Exemption of Puerto Rico from the Jones Act, which regulates ocean-shipping between the United States mainland and Puert",,2016-07-19T19:44:04.507000-04:00,20000.0,0.0
d8e8303e-2166-4768-aa84-508dc86ce226,2016,Q2,,79450,"NYPROCOA, INC.",NY,170568,PARA LA NATURALEZA INC,PR,Conservation and protection of areas of ecological value in Puerto Rico,40000.00,,Taxation/Internal Revenue Code,"Issues related to Tax Extenders and the Rum Tax Cover Over.

HR 5278, ""Puerto Rico Oversight Management and Economic Sta",,2016-07-20T09:10:27.297000-04:00,40000.0,0.0
25c90349-f0b1-481f-8eb6-0b76fc1ec7e7,2016,Q2Y,,1182,ALSTON & BIRD LLP,DC,102473,AIRPORT SHOPPES CORP,PR,Food service,,,,,,2016-07-20T10:20:53.100000-04:00,0.0,0.0
65f1b1e4-423f-41a8-896b-6c6f7da31149,2016,Q2Y,,400886595,THE ROOSEVELT GROUP,DC,195971,"CCSN, LLC",PR,National border surveillance and security service provider,,,,,,2016-07-20T10:59:32.793000-04:00,0.0,0.0
50613d1b-c573-4edd-a2a8-3b0a33358754,2016,Q2,,86196,FGS GLOBAL (US) LLC (FKA FGH HOLDINGS LLC),DC,173134,CENTER FOR A NEW ECONOMY,PR,An independent nonpartisan institution dedicated to creating a new economy for Puerto Rico,30000.00,,Bankruptcy|Economics/Economic Development,Lobbying related to the Puerto Rican economic and public debt situation|Lobbying related to the Puerto Rican economic and public debt situation,,2016-07-20T11:20:25.687000-04:00,30000.0,0.0
caffde33-cd18-46cc-bf28-1fbb94dbde0d,2016,Q2,,304736,"TARPLIN, DOWNS & YOUNG, LLC",DC,181317,TRIPLE-S MANAGEMENT CORPORATION,PR,Insurance,80000.00,,Health Issues|Natural Resources|Medicare/Medicaid|Budget/Appropriations,"Puerto Rican health system stabilization
Health insurance tax
Zika|H.R. 5278 - PROMESA, Puerto Rican debt restructuring and economic stabilization|Medicare Advantage call letter
Puerto Rican health system stabilization
Medicaid cliff
Medicare payment data proxies
Med|Budget resolution",,2016-07-20T11:58:56.690000-04:00,80000.0,0.0
e028a624-d5d4-4c07-8d27-9ebdddb962dc,2016,Q2Y,,41408,WILEY REIN LLP,DC,150958,PUERTO RICO TELEPHONE COMPANY,PR,Telecommunications,,,,,,2016-07-20T13:38:36.657000-04:00,0.0,0.0
adebb29d-86ad-4e35-a90c-252755051a73,2016,2A,,12631,FAEGRE DRINKER BIDDLE & REATH LLP,DC,117596,ALIANZA PUERTORRIQUENA DE TELECOMMUNICATIONS,PR,Alliance of private telecommunications companies in Puerto Rico.,20000.00,,Bankruptcy,HR 5278 the Puerto Rico Oversight Management and Economic Stability Act (PROMESA).,,2016-07-20T14:03:57.517000-04:00,20000.0,0.0
30d4bed1-2844-4199-9c63-6b6cdd02b868,2016,Q2,,31680,"PODESTA GROUP, INC.",DC,138740,PUERTO RICO DEPARTMENT OF THE TREASURY,PR,Government agency,150000.00,,Economics/Economic Development,"Economic development initiatives.
H.R. 5278/H.R. 4900/S.2328, Puerto Rico Oversight, Management, and Economic Stability ",,2016-07-20T15:05:02.010000-04:00,150000.0,0.0
e22d6b12-1fe8-441d-9b5e-5ea1825f0054,2016,Q2,,400428070,"NATIONAL HEALTH ADVISORS, LLC",DC,190739,MEDICAL CARD SYSTEMS (MCS),PR,Insurance Company,50000.00,,Taxation/Internal Revenue Code|Health Issues|Medicare/Medicaid,"Health care tax issues contained in the Affordable Care Act impacting Puerto Rico, specifically health insurance tax.|Health care funding for the Island of Puerto Rico|Medicaid and Medicare Advantage payments for the Island of Puerto Rico; Fee-for-Service calculations for the Island of P",,2016-07-20T15:50:23.360000-04:00,50000.0,0.0
91c5c211-c1ee-401e-9834-653af62bbf12,2016,Q2,,77754,"OLDAKER & WILLISON, LLP",DC,170099,FIRST BANCORP,PR,Community bank and financial institution,20000.00,,Financial Institutions/Investments/Securities,Legislation to adjust community banks consolidate assets levels set in Dodd-Frank Act.,,2016-07-20T16:07:32.313000-04:00,20000.0,0.0
c76ebae7-26e1-472d-a1b9-45043eca0955,2016,Q2,,11628,"DAVIDOFF HUTCHER & CITRON, LLP",DC,116007,PONCE HEALTH SCIENCES UNIVERSITY,PR,Medical School,20000.00,,Medicare/Medicaid,Issues relating to reimbursement to hospitals by HHS for salary and other payments to resident physicians,,2016-07-20T17:14:13.563000-04:00,20000.0,0.0
3be5cdf7-7c8b-4020-b7dd-d95643449e9d,2016,Q1,,9476,CLEARY GOTTLIEB STEEN & HAMILTON LLP,NY,113661,GOVERNMENT DEVELOPMENT BANK FOR PUERTO RICO,PR,"Bank, fiscal agent and financial advisor for the Commonwealth of Puerto Rico",380000.00,,Government Issues,"Issues related to H.R.4900, the Puerto Rico Oversight, Management, and Economic Stability Act (PROMESA), and related dra",,2016-07-29T15:54:48.270000-04:00,380000.0,0.0
5786696f-7646-474c-8e32-ed8cb4bfbd0d,2016,Q2,,9476,CLEARY GOTTLIEB STEEN & HAMILTON LLP,NY,113661,GOVERNMENT DEVELOPMENT BANK FOR PUERTO RICO,PR,"Bank, fiscal agent and financial advisor for the Commonwealth of Puerto Rico",310000.00,,Government Issues,"Issues related to H.R.4900, the Puerto Rico Oversight, Management, and Economic Stability Act (PROMESA), and related dra",,2016-07-29T15:57:50.160000-04:00,310000.0,0.0
c2b68a42-54c8-4469-8fd1-ffd83a42f5e1,2016,Q3,,400428066,NWG ADVOCACY LLC,FL,190717,HOSPITAL ASSOCIATION OF PUERTO RICO,PR,Serve Puerto Rico's Hospital System and its Members,24000.00,,Health Issues,"Medicare Reimbursements, Medicaid funding",,2016-10-11T18:20:53.220000-04:00,24000.0,0.0
0605d23b-1eaf-47db-bf71-b2a054e28393,2016,Q3,,400428066,NWG ADVOCACY LLC,FL,190719,PUERTO RICO MANUFACTURERS ASSOCIATION,PR,manufacturing trade association,25713.00,,Taxation/Internal Revenue Code,tax reform,,2016-10-11T18:22:54.237000-04:00,25713.0,0.0
eddb8fa0-542b-44ef-b150-5d2573d9b0c0,2016,Q3,,400428066,NWG ADVOCACY LLC,FL,190730,PUERTO RICO PRIVATE SECTOR COALITION,PR,coalition of the thirty business organizations in Puerto Rico,,,Economics/Economic Development,"Economic revitalization for Puerto Rico, HR 5278 PROMESA",,2016-10-11T18:29:58.333000-04:00,0.0,0.0
60c22c3a-74ca-4ebf-933e-ea98041a29c0,2016,Q3,,88278,"UPSTREAM CONSULTING, INC.",VA,173869,CONSERVATION TRUST FUND OF PUERTO RICO,PR,conservation,30000.00,,Taxation/Internal Revenue Code,Issues related to the taxation of rum.,,2016-10-13T09:31:56-04:00,30000.0,0.0
78607cd6-a027-4d90-b496-ab3c11537a5d,2016,Q3,,35707,SMITH GARSON,DC,144465,KINESIS FOUNDATION,PR,Municipal Government,40000.00,,Education,College counselor training opportunities,,2016-10-13T11:53:43.263000-04:00,40000.0,0.0
38e29ea9-f892-4a0b-a2da-5243fb70dfcd,2016,Q3,,30906,SQUIRE PATTON BOGGS,DC,137655,"PARA LA NATURALEZA, INC.",PR,Conservation Trust,50000.00,,Taxation/Internal Revenue Code,Permanent extension of the rum cover over.,,2016-10-14T14:20:37.877000-04:00,50000.0,0.0
134d18ab-8830-4f79-a956-09bc5574c6b4,2016,Q3,,41454,"WILLIAMS AND JENSEN, PLLC",DC,151569,"BONISTAS DEL PATIO, INC.",PR,Organization of taxpayers and long term bondholders residing in Puerto Rico.,80000.00,,Natural Resources|Economics/Economic Development,"Puerto Rico Debt Crisis legislation; H.R. 4900, H.R. 5278, S. 2328 PROMESA.|Puerto Rico Debt Crisis legislation; H.R. 4900, H.R. 5278, S. 2328 PROMESA.",,2016-10-17T09:38:57.037000-04:00,80000.0,0.0
94361497-8b8d-4ee1-8688-4d5ec6b3adde,2016,Q3,,36710,STEPTOE LLP,DC,145737,MEDICAID AND MEDICARE ADVANTAGE PRODUCTS ASSOCIATION OF PUERTO RICO,PR,Health Care Trade Association,50000.00,,Medicare/Medicaid,Issues related to Puerto Rico health care coverage,,2016-10-17T16:03:15.380000-04:00,50000.0,0.0
f423b054-f2de-4bc7-92a8-de9b2d43baeb,2016,3TY,,9476,CLEARY GOTTLIEB STEEN & HAMILTON LLP,NY,113661,GOVERNMENT DEVELOPMENT BANK FOR PUERTO RICO,PR,"Bank, fiscal agent and financial advisor for the Commonwealth of Puerto Rico",,,,,,2016-10-19T10:20:40.717000-04:00,0.0,0.0
234ef3cb-1717-4b11-8e3d-a94e31d5ead4,2016,Q3,,86196,FGS GLOBAL (US) LLC (FKA FGH HOLDINGS LLC),DC,173134,CENTER FOR A NEW ECONOMY,PR,An independent nonpartisan institution dedicated to creating a new economy for Puerto Rico,10000.00,,Economics/Economic Development|Bankruptcy,Lobbying related to the Puerto Rican economic and public debt situation|Lobbying related to the Puerto Rican economic and public debt situation,,2016-10-19T11:24:41.807000-04:00,10000.0,0.0
34e8b005-7fbf-4068-a8f5-db368c36c3c9,2016,Q3,,7268,BROYDRICK & ASSOCIATES,DC,110356,MILWAUKEE METROPOLITAN SEWERAGE DISTRICT,PR,Municipality in Puerto Rico,10000.00,,Utilities|Clean Air and Water (quality)|Budget/Appropriations,"WERDA reauthorization, clean water and utilities.|Clean Water Trust Fund Legislation. TIGER V grant and Brownfields grant.|FY12 Interior-Environment Appropriations Act, State Revolving Loan Fund. Federal appropriations for land conservation fu",,2016-10-19T12:49:28.427000-04:00,10000.0,0.0
789100d4-c32f-4c00-a6e6-0ffad44dcf73,2016,Q3Y,,400886595,THE ROOSEVELT GROUP,DC,195971,"CCSN, LLC",PR,National border surveillance and security service provider,,,,,,2016-10-19T13:09:49.133000-04:00,0.0,0.0
f87ec18a-b57f-4639-8f3f-410713632f1e,2016,3T,,401104069,"FUENTES STRATEGIES, LLC",DC,200715,CAMARA DE REPRESENTANTES DE PUERTO RICO,PR,Government entity,17000.00,,Economics/Economic Development,"H. R. 5278 - PROMESA - monitoring, advising and securing access to stakeholders with the goal of including language in t",,2016-10-19T13:50:15.653000-04:00,17000.0,0.0
98e2ad6e-9409-4b8a-bc03-0588a3d52297,2016,Q3,,304736,"TARPLIN, DOWNS & YOUNG, LLC",DC,181317,TRIPLE-S MANAGEMENT CORPORATION,PR,Insurance,80000.00,,Medicare/Medicaid|Natural Resources|Health Issues|Budget/Appropriations,"Medicare Advantage call letter
Puerto Rican health system stabilization
Medicaid cliff
Medicare payment data proxies
Med|H.R. 5278 - PROMESA, Puerto Rican debt restructuring and economic stabilization|Puerto Rican health system stabilization
Health insurance tax
Zika|Budget resolution
H.R. 5325 - Continuing Appropriations",,2016-10-19T16:54:55.260000-04:00,80000.0,0.0
bbae57cb-7e91-40c3-8d64-776a15ae091f,2016,Q3,,79450,"NYPROCOA, INC.",NY,170568,PARA LA NATURALEZA INC,PR,Conservation and protection of areas of ecological value in Puerto Rico,40000.00,,Taxation/Internal Revenue Code,"Issues related to Tax Extenders and the Rum Tax Cover Over.

Issues related to Congressional Task Force on Economic Grow",,2016-10-20T08:20:15.493000-04:00,40000.0,0.0
9f0362fa-0805-46f9-ad06-79a8d6b78211,2016,Q3Y,,1182,ALSTON & BIRD LLP,DC,102473,AIRPORT SHOPPES CORP,PR,Food service,,,,,,2016-10-20T10:04:11.867000-04:00,0.0,0.0
098a1539-f5cb-44ea-85ac-3e1e206f6cec,2016,Q3,,400531581,POLICY SOLUTIONS LLC,DC,192115,"FOOD INDUSTRY, MARKETING AND DISTRIBUTION CHAMBER (MIDA)",PR,Food Nutrition Policy &amp; Regulations,,,Agriculture,Supplemental Nutrition Assistance Program (SNAP) Regulations,,2016-10-20T12:22:03.073000-04:00,0.0,0.0
825e7da7-5575-4ad5-9df3-f6786c8a25d8,2016,3TY,,41408,WILEY REIN LLP,DC,150958,PUERTO RICO TELEPHONE COMPANY,PR,Telecommunications,,,,,,2016-10-20T12:43:55.717000-04:00,0.0,0.0
15fa853b-debf-46f1-b5bf-731c87858dd3,2016,Q3,,317355,JOSE FUENTES,DC,186009,"EMPRESAS FONALLEDAS, INC.",PR,Real estate development company.,40000.00,,Taxation/Internal Revenue Code|Economics/Economic Development|Science/Technology,"Tax Reform.|Puerto Rico Oversight, Management, and Economic Stability Act (PROMESA), Economic growth in Puerto Rico.|Arecibo Observatory, FY17 Interior Appropriations (H.R. 5538).",,2016-10-20T14:14:33.673000-04:00,40000.0,0.0
19e5312f-886a-4362-9fe7-7f095edc473d,2016,Q3,,12631,FAEGRE DRINKER BIDDLE & REATH LLP,DC,117596,ALIANZA PUERTORRIQUENA DE TELECOMMUNICATIONS,PR,Alliance of private telecommunications companies in Puerto Rico.,10000.00,,Bankruptcy,HR 5278 the Puerto Rico Oversight Management and Economic Stability Act (PROMESA).,,2016-10-20T14:37:28.773000-04:00,10000.0,0.0
d333223f-dc3d-4f7a-b24a-abe7a1ceda16,2016,Q3,,400428070,"NATIONAL HEALTH ADVISORS, LLC",DC,190739,MEDICAL CARD SYSTEMS (MCS),PR,Insurance Company,50000.00,,Taxation/Internal Revenue Code|Health Issues|Medicare/Medicaid,"Health care tax issues contained in the Affordable Care Act impacting Puerto Rico, specifically health insurance tax.|Health care funding for the Island of Puerto Rico|Medicaid and Medicare Advantage payments for the Island of Puerto Rico; Fee-for-Service calculations for the Island of P",,2016-10-20T14:46:52.797000-04:00,50000.0,0.0
0679d6a4-8b33-4ee8-a590-cadfcefc02f6,2016,Q3,,31680,"PODESTA GROUP, INC.",DC,138740,PUERTO RICO DEPARTMENT OF THE TREASURY,PR,Government agency,140000.00,,Economics/Economic Development,"Economic development initiatives.
H.R. 5278/H.R. 4900/S.2328, Puerto Rico Oversight, Management, and Economic Stability ",,2016-10-20T16:12:22.167000-04:00,140000.0,0.0
d722807f-1f23-41e0-bbd7-f71593637591,2016,Q3,,77754,"OLDAKER & WILLISON, LLP",DC,170099,FIRST BANCORP,PR,Community bank and financial institution,20000.00,,Financial Institutions/Investments/Securities,Legislation to adjust community banks consolidate assets levels set in Dodd-Frank Act.,,2016-10-20T16:56:38.770000-04:00,20000.0,0.0
bf2e94a6-e517-4891-995c-6d3cf239d340,2016,Q3,,11628,"DAVIDOFF HUTCHER & CITRON, LLP",DC,116007,PONCE HEALTH SCIENCES UNIVERSITY,PR,Medical School,20000.00,,Accounting|Medicare/Medicaid,"Matters related to economic recovery of Puerto Rico.|Issues relating to reimbursement to hospitals by HHS for salary and other payments to resident physicians.

Matters rela",,2016-10-20T18:14:06.107000-04:00,20000.0,0.0
fd0470cb-d8c4-4c3d-8203-92bc8c53a744,2016,Q3,,400532589,PRIME POLICY GROUP,DC,192431,"DESTILERIA SERRALLES, INC.",PR,Distiller of rum.,40000.00,,Taxation/Internal Revenue Code,"Tax Extenders, Financial services and general government appropriations act.",,2016-10-21T00:12:14.313000-04:00,40000.0,0.0
57ecdc61-8e3b-4b4f-a182-dc7cabb115c0,2016,3A,,31680,"PODESTA GROUP, INC.",DC,138740,PUERTO RICO DEPARTMENT OF THE TREASURY,PR,Government agency,140000.00,,Economics/Economic Development,"Economic development initiatives.
H.R. 5278/H.R. 4900/S.2328, Puerto Rico Oversight, Management, and Economic Stability ",,2016-11-11T14:46:10.927000-05:00,140000.0,0.0
e84f30e8-9eac-4545-b30c-b5b119765141,2016,3A,,31680,"PODESTA GROUP, INC.",DC,138740,PUERTO RICO DEPARTMENT OF THE TREASURY,PR,Government agency,140000.00,,Economics/Economic Development,"Economic development initiatives.
H.R. 5278/H.R. 4900/S.2328, Puerto Rico Oversight, Management, and Economic Stability ",,2016-12-02T13:58:23.827000-05:00,140000.0,0.0
08a0774c-2839-44ee-9bd9-e16b5cf3d09b,2016,Q4,,400428066,NWG ADVOCACY LLC,FL,190717,HOSPITAL ASSOCIATION OF PUERTO RICO,PR,Serve Puerto Rico's Hospital System and its Members,24000.00,,Health Issues,"Medicare Reimbursements, Medicaid funding",,2017-01-01T18:57:02-05:00,24000.0,0.0
40eccaa5-5e4d-49ec-8738-736d11fd46ff,2016,Q4,,400428066,NWG ADVOCACY LLC,FL,190719,PUERTO RICO MANUFACTURERS ASSOCIATION,PR,manufacturing trade association,25713.00,,Taxation/Internal Revenue Code,tax reform,,2017-01-01T18:58:46-05:00,25713.0,0.0
b5f39669-6d09-4260-90f3-cf5823d82d08,2016,Q4,,400428066,NWG ADVOCACY LLC,FL,190730,PUERTO RICO PRIVATE SECTOR COALITION,PR,coalition of the thirty business organizations in Puerto Rico,,,Economics/Economic Development,"Economic revitalization for Puerto Rico, HR 5278 PROMESA",,2017-01-01T19:03:22-05:00,0.0,0.0
207e40bc-0fdb-472a-9ba9-5c8f269f6166,2016,Q4,,88278,"UPSTREAM CONSULTING, INC.",VA,173869,CONSERVATION TRUST FUND OF PUERTO RICO,PR,conservation,30000.00,,Taxation/Internal Revenue Code,Issues related to the taxation of rum.,,2017-01-12T12:16:23-05:00,30000.0,0.0
c7bc5c69-fed6-4bb0-b806-c19ba9a019ec,2016,Q4,,35707,SMITH GARSON,DC,144465,KINESIS FOUNDATION,PR,Municipal Government,40000.00,,Education,College counselor training opportunities (bright spot and WHIEEH designations),,2017-01-12T15:19:17-05:00,40000.0,0.0
62fa2c71-4978-44ec-93fc-557add467bee,2016,Q4,,36710,STEPTOE LLP,DC,145737,MEDICAID AND MEDICARE ADVANTAGE PRODUCTS ASSOCIATION OF PUERTO RICO,PR,Health Care Trade Association,65000.00,,Medicare/Medicaid,Issues related to Puerto Rico health care coverage,,2017-01-13T10:19:24-05:00,65000.0,0.0
10d6924f-ee09-45a9-b0c5-9d39c01cb866,2016,Q4,,7268,BROYDRICK & ASSOCIATES,DC,110356,MILWAUKEE METROPOLITAN SEWERAGE DISTRICT,PR,Municipality in Puerto Rico,10000.00,,Budget/Appropriations|Utilities|Clean Air and Water (quality),"FY12 Interior-Environment Appropriations Act, State Revolving Loan Fund. Federal appropriations for land conservation fu|WERDA reauthorization, clean water and utilities.|Clean Water Trust Fund Legislation. TIGER V grant and Brownfields grant.",,2017-01-16T20:24:53-05:00,10000.0,0.0
7ec00740-9cf7-4707-aac4-ad0aad324223,2016,Q4,,30906,SQUIRE PATTON BOGGS,DC,137655,"PARA LA NATURALEZA, INC.",PR,Conservation Trust,50000.00,,Taxation/Internal Revenue Code,Permanent extension of the rum cover over.,,2017-01-17T14:19:22-05:00,50000.0,0.0
092e28e5-ce2f-4b84-9643-7e3fd5809ddb,2016,4TY,,86196,FGS GLOBAL (US) LLC (FKA FGH HOLDINGS LLC),DC,173134,CENTER FOR A NEW ECONOMY,PR,An independent nonpartisan institution dedicated to creating a new economy for Puerto Rico,,,,,,2017-01-18T10:21:10-05:00,0.0,0.0
57a56e66-2941-4626-9c0c-62cee968a52a,2016,4T,,41454,"WILLIAMS AND JENSEN, PLLC",DC,151569,"BONISTAS DEL PATIO, INC.",PR,Organization of taxpayers and long term bondholders residing in Puerto Rico.,30000.00,,Economics/Economic Development|Natural Resources,"Puerto Rico Debt Crisis legislation; H.R. 4900, H.R. 5278, S. 2328 PROMESA.|Puerto Rico Debt Crisis legislation; H.R. 4900, H.R. 5278, S. 2328 PROMESA.",,2017-01-18T14:48:13-05:00,30000.0,0.0
6b39f742-1d68-4f15-a295-484c30470e6b,2016,3T,,12631,FAEGRE DRINKER BIDDLE & REATH LLP,DC,117596,ALIANZA PUERTORRIQUENA DE TELECOMMUNICATIONS,PR,Alliance of private telecommunications companies in Puerto Rico.,10000.00,,Bankruptcy,HR 5278 the Puerto Rico Oversight Management and Economic Stability Act (PROMESA).,,2017-01-18T16:32:30-05:00,10000.0,0.0
a978ad1a-3bf6-453d-8d8f-da7a67d06d47,2016,Q4Y,,400886595,THE ROOSEVELT GROUP,DC,195971,"CCSN, LLC",PR,National border surveillance and security service provider,,,,,,2017-01-19T11:53:33-05:00,0.0,0.0
04b52420-5bc5-4c2f-a506-8f320759db3b,2016,Q4,,317355,JOSE FUENTES,DC,186009,"EMPRESAS FONALLEDAS, INC.",PR,Real estate development company.,20000.00,,Taxation/Internal Revenue Code|Economics/Economic Development|Science/Technology,"Tax Reform.|Puerto Rico Oversight, Management, and Economic Stability Act (PROMESA), Economic growth in Puerto Rico.|Arecibo Observatory, FY17 Interior Appropriations (H.R. 5538).",,2017-01-19T15:40:01-05:00,20000.0,0.0
9853ddef-31e1-4572-a92d-c9bc548cbdfa,2016,Q4Y,,400531581,POLICY SOLUTIONS LLC,DC,192115,"FOOD INDUSTRY, MARKETING AND DISTRIBUTION CHAMBER (MIDA)",PR,Food Nutrition Policy &amp; Regulations,20000.00,,,,,2017-01-20T17:23:44-05:00,20000.0,0.0
ab3e43ec-3c39-4240-84b8-120f829e2806,2016,Q4Y,,1182,ALSTON & BIRD LLP,DC,102473,AIRPORT SHOPPES CORP,PR,Food service,,,,,,2017-01-23T09:53:57-05:00,0.0,0.0
28e70e4f-9a07-4629-9205-f5e62719e241,2016,Q4,,79450,"NYPROCOA, INC.",NY,170568,PARA LA NATURALEZA INC,PR,Conservation and protection of areas of ecological value in Puerto Rico,40000.00,,Taxation/Internal Revenue Code,"Issues related to Tax Extenders and the Rum Tax Cover Over.

Issues related to Congressional Task Force on Economic Grow",,2017-01-23T10:07:03-05:00,40000.0,0.0
5e8bfe04-d12c-4bfd-a093-336d7799fbd7,2016,Q4,,304736,"TARPLIN, DOWNS & YOUNG, LLC",DC,181317,TRIPLE-S MANAGEMENT CORPORATION,PR,Insurance,80000.00,,Health Issues|Natural Resources|Medicare/Medicaid|Budget/Appropriations,"Puerto Rican health system stabilization
Health insurance tax
Zika|H.R. 5278 - PROMESA, Puerto Rican debt restructuring and economic stabilization|Medicare Advantage call letter
Puerto Rican health system stabilization
Medicaid cliff
Medicare payment data proxies
Med|Budget resolution
H.R. 5325 - Continuing Appropriations
H.R. 2028 - Further Continuing and Security Assistance Appropria",,2017-01-23T12:00:34-05:00,80000.0,0.0
83f7edaa-fc9d-4463-9e57-51521ddaf8ca,2016,Q4,,400428070,"NATIONAL HEALTH ADVISORS, LLC",DC,190739,MEDICAL CARD SYSTEMS (MCS),PR,Insurance Company,50000.00,,Taxation/Internal Revenue Code|Health Issues|Medicare/Medicaid,"Health care tax issues contained in the Affordable Care Act impacting Puerto Rico, specifically health insurance tax.|Health care funding for the Island of Puerto Rico|Medicaid and Medicare Advantage payments for the Island of Puerto Rico; Fee-for-Service calculations for the Island of P",,2017-01-23T16:06:07-05:00,50000.0,0.0
612aab69-d9f0-4a97-b9c5-1aeb32957fdc,2016,Q4,,77754,"OLDAKER & WILLISON, LLP",DC,170099,FIRST BANCORP,PR,Community bank and financial institution,20000.00,,Financial Institutions/Investments/Securities,Legislation to adjust community banks consolidate assets levels set in Dodd-Frank Act.,,2017-01-23T16:14:53-05:00,20000.0,0.0
faa09598-f88c-41de-b448-388d12da33c8,2016,Q4,,11628,"DAVIDOFF HUTCHER & CITRON, LLP",DC,116007,PONCE HEALTH SCIENCES UNIVERSITY,PR,Medical School,20000.00,,Accounting|Medicare/Medicaid,"Matters related to economic recovery of Puerto Rico.|Issues relating to reimbursement to hospitals by HHS for salary and other payments to resident physicians.

Matters rela",,2017-01-23T17:14:26-05:00,20000.0,0.0
dc6112c9-00a8-4b13-876e-a160f02fc48f,2016,Q4,,31680,"PODESTA GROUP, INC.",DC,138740,PUERTO RICO DEPARTMENT OF THE TREASURY,PR,Government agency,130000.00,,Economics/Economic Development,"Economic development initiatives.
H.R. 5278/H.R. 4900/S.2328, Puerto Rico Oversight, Management, and Economic Stability ",,2017-01-23T19:00:33-05:00,130000.0,0.0
7760c952-715e-46ac-988b-b6375ace6d66,2016,Q4,,400532589,PRIME POLICY GROUP,DC,192431,"DESTILERIA SERRALLES, INC.",PR,Distiller of rum.,20000.00,,Beverage Industry|Taxation/Internal Revenue Code|Economics/Economic Development,Craft Bill|Tax Extenders|Puerto Rico Task Force,,2017-01-23T23:01:20-05:00,20000.0,0.0
08b16ea5-d48d-470b-9161-81178d007187,2017,RR,,76992,"CGCN GROUP, LLC",DC,169788,PUERTO RICO DEPARTMENT OF THE TREASURY,PR,Government Agency,,,Economics/Economic Development,Economic issues related to Puerto Rico.,,2017-01-31T13:45:25-05:00,0.0,0.0
8219a46c-9a7b-49ba-a502-4a42955740ac,2017,Q1,,400428066,NWG ADVOCACY LLC,FL,190717,HOSPITAL ASSOCIATION OF PUERTO RICO,PR,Serve Puerto Rico's Hospital System and its Members,24000.00,,Health Issues,Medicaid funding,,2017-04-05T11:22:21.500000-04:00,24000.0,0.0
717dd058-8b38-416e-915e-c0be29d9f71e,2017,Q1,,400428066,NWG ADVOCACY LLC,FL,190719,PUERTO RICO MANUFACTURERS ASSOCIATION,PR,manufacturing trade association,,,Taxation/Internal Revenue Code,tax reform,,2017-04-05T11:24:23.690000-04:00,0.0,0.0
fd58324f-ec58-411d-abbc-fb39d9ec6445,2017,Q1,,400428066,NWG ADVOCACY LLC,FL,190730,PUERTO RICO PRIVATE SECTOR COALITION,PR,coalition of the thirty business organizations in Puerto Rico,25800.00,,Economics/Economic Development,"tax reform
medicaid funding
energy policy",,2017-04-05T11:30:30.323000-04:00,25800.0,0.0
ae24b413-9a4b-4832-9d4c-88d96a9de38d,2017,1TY,,31680,"PODESTA GROUP, INC.",DC,138740,PUERTO RICO DEPARTMENT OF THE TREASURY,PR,Government agency,,,,,,2017-04-06T16:37:42.887000-04:00,0.0,0.0
e7ef4312-6b69-472e-bdd5-51b8a34e1414,2017,Q1,,88278,"UPSTREAM CONSULTING, INC.",VA,173869,CONSERVATION TRUST FUND OF PUERTO RICO,PR,conservation,30000.00,,Taxation/Internal Revenue Code,Issues related to the taxation of rum.,,2017-04-13T12:49:16-04:00,30000.0,0.0
c1615293-c529-4e22-b9ab-7278a5c4e769,2017,Q1,,30906,SQUIRE PATTON BOGGS,DC,137655,"PARA LA NATURALEZA, INC.",PR,Conservation Trust,50000.00,,Taxation/Internal Revenue Code,Permanent extension of the rum cover over.,,2017-04-17T13:11:16.927000-04:00,50000.0,0.0
8349fdf8-2191-43a8-a4a7-5afa9f9186d1,2017,Q1,,7268,BROYDRICK & ASSOCIATES,DC,110356,MILWAUKEE METROPOLITAN SEWERAGE DISTRICT,PR,Municipality in Puerto Rico,10000.00,,Clean Air and Water (quality)|Utilities|Budget/Appropriations,"Clean Water Trust Fund legislation.|WERDA reauthorization. GLRI initiative funding.|Clean Water Trust Fund legislation TIGER Grant and Brownfields grant, Kirk amendment to senate interior appropriations. ",,2017-04-17T20:01:04.123000-04:00,10000.0,0.0
707e5072-ee14-4e93-b9a7-6480c34c3713,2017,Q1,,304736,"TARPLIN, DOWNS & YOUNG, LLC",DC,181317,TRIPLE-S MANAGEMENT CORPORATION,PR,Insurance,60000.00,,Natural Resources|Health Issues|Budget/Appropriations|Medicare/Medicaid,"H.R. 5278 - PROMESA, Puerto Rican debt restructuring and economic stabilization|H.R. 1628 - American Health Care Act of 2017
Puerto Rican health system stabilization
Health insurance tax
Zika|Budget resolution
Appropriations, continuing resolution
S.Con.Res. 3 - Senate budget resolution|Medicare Advantage call letter
Puerto Rican health system stabilization
Medicaid cliff, Medicaid bridge funding
Medicare",,2017-04-18T17:23:14.380000-04:00,60000.0,0.0
77a7088e-5759-4c03-a2ce-dc3fabd78b9c,2017,Q1,,35707,SMITH GARSON,DC,144465,KINESIS FOUNDATION,PR,Municipal Government,30000.00,,Education,GEAR Up grant opportunity,,2017-04-19T10:41:13.050000-04:00,30000.0,0.0
24a3c7c1-62a1-4d87-8b9e-8737d56ffcd3,2017,Q1,,317355,JOSE FUENTES,DC,186009,"EMPRESAS FONALLEDAS, INC.",PR,Real estate development company.,20000.00,,Taxation/Internal Revenue Code|Medicare/Medicaid|Science/Technology,Tax reform.|Medicaid (H.R. 259).|Arecibo Observatory.,,2017-04-19T12:26:57.703000-04:00,20000.0,0.0
76922d39-60c2-44a2-819c-0b4777d19ec2,2017,Q1,,36710,STEPTOE LLP,DC,145737,MEDICAID AND MEDICARE ADVANTAGE PRODUCTS ASSOCIATION OF PUERTO RICO,PR,Health Care Trade Association,70000.00,,Medicare/Medicaid,Issues relating to Puerto Rico health care coverage.,,2017-04-19T15:00:19.773000-04:00,70000.0,0.0
e01fcdce-d269-4147-a355-fdd9d68fcb4d,2017,Q1,,76992,"CGCN GROUP, LLC",DC,169788,PUERTO RICO DEPARTMENT OF THE TREASURY,PR,Government Agency,50000.00,,Economics/Economic Development|Health Issues|Medicare/Medicaid,Economic issues related to Puerto Rico.|Health care reform specifically related to Puerto Rico Medicaid funding.|Medicaid cliff and reimbursement rates.,,2017-04-19T15:12:15.287000-04:00,50000.0,0.0
b166631e-baeb-41f7-af97-1eb0a4816f55,2017,Q1Y,,1182,ALSTON & BIRD LLP,DC,102473,AIRPORT SHOPPES CORP,PR,Food service,,,,,,2017-04-20T11:06:10.677000-04:00,0.0,0.0
90e1812c-04bf-4f29-ac9d-04ad28120e9f,2017,Q1,,79450,"NYPROCOA, INC.",NY,170568,PARA LA NATURALEZA INC,PR,Conservation and protection of areas of ecological value in Puerto Rico,30000.00,,Taxation/Internal Revenue Code,"Issues related to Tax Extenders and the Rum Tax Cover Over.

Issues related to Congressional Task Force on Economic Grow",,2017-04-20T12:08:12.840000-04:00,30000.0,0.0
3892794c-cdb2-49e6-bdf6-14c8ec9a2dc5,2017,Q1Y,,400886595,THE ROOSEVELT GROUP,DC,195971,"CCSN, LLC",PR,National border surveillance and security service provider,,,,,,2017-04-20T13:42:46.757000-04:00,0.0,0.0
caf038ec-55a1-4350-829c-af6500aa8596,2017,Q1,,400531581,POLICY SOLUTIONS LLC,DC,192115,"FOOD INDUSTRY, MARKETING AND DISTRIBUTION CHAMBER (MIDA)",PR,Food Nutrition Policy &amp; Regulations,,,Agriculture,"2018 Farm Bill Draft Language re: SNAP issue, using benefits in restaurants",,2017-04-20T15:03:37.203000-04:00,0.0,0.0
d67a173a-ab92-4454-ab6d-0dfd133a6201,2017,Q1,,11628,"DAVIDOFF HUTCHER & CITRON, LLP",DC,116007,PONCE HEALTH SCIENCES UNIVERSITY,PR,Medical School,20000.00,,Medicare/Medicaid,Matters related to reimbursement to Puerto Rican hospitals for salary and other payments to reient physicians.,,2017-04-20T16:07:22.367000-04:00,20000.0,0.0
9602f511-cc7a-465f-9600-d34615a918e8,2017,Q1,,77754,"OLDAKER & WILLISON, LLP",DC,170099,FIRST BANCORP,PR,Community bank and financial institution,20000.00,,Financial Institutions/Investments/Securities,Legislation to adjust community banks consolidate assets levels set in Dodd-Frank Act.,,2017-04-20T16:29:48.120000-04:00,20000.0,0.0
98ec9ad0-87ff-4abb-9700-c27bb178ae97,2017,Q1,,400428070,"NATIONAL HEALTH ADVISORS, LLC",DC,190739,MEDICAL CARD SYSTEMS (MCS),PR,Insurance Company,190000.00,,Taxation/Internal Revenue Code|Medicare/Medicaid,"Health care tax issues contained in the Affordable Care Act impacting Puerto Rico, specifically health insurance tax.|Short and long-term Medicaid and Medicare Advantage payments for the Island of Puerto Rico",,2017-04-20T17:33:12.317000-04:00,190000.0,0.0
481e6119-260f-4614-9613-955b2c5acf66,2017,Q1,,400532589,PRIME POLICY GROUP,DC,192431,"DESTILERIA SERRALLES, INC.",PR,Distiller of rum.,20000.00,,Taxation/Internal Revenue Code,Tax reform; excise taxes; SB 1652; HR 747; HR 2021,,2017-04-20T20:18:38.037000-04:00,20000.0,0.0
031e54bb-d780-42cb-91ba-f352c3432102,2017,Q2,,88278,"UPSTREAM CONSULTING, INC.",VA,173869,CONSERVATION TRUST FUND OF PUERTO RICO,PR,conservation,30000.00,,Taxation/Internal Revenue Code,Issues related to the taxation of rum.,,2017-07-05T14:15:58.477000-04:00,30000.0,0.0
567e89ad-3985-44a6-b7b3-bea4dcb16f18,2017,Q2,,400428066,NWG ADVOCACY LLC,FL,190717,HOSPITAL ASSOCIATION OF PUERTO RICO,PR,Serve Puerto Rico's Hospital System and its Members,24000.00,,Health Issues,Medicaid funding,,2017-07-06T07:42:38.867000-04:00,24000.0,0.0
2fb5b7fd-46c9-4681-bd36-26cec4ef61ce,2017,Q2,,400428066,NWG ADVOCACY LLC,FL,190719,PUERTO RICO MANUFACTURERS ASSOCIATION,PR,manufacturing trade association,,,Taxation/Internal Revenue Code,tax reform,,2017-07-06T07:45:41.727000-04:00,0.0,0.0
bbbdd7fa-f0da-47f8-a414-94c8a34896dc,2017,Q2,,400428066,NWG ADVOCACY LLC,FL,190730,PUERTO RICO PRIVATE SECTOR COALITION,PR,coalition of the thirty business organizations in Puerto Rico,25800.00,,Economics/Economic Development,"tax reform
medicaid funding
energy policy",,2017-07-06T07:55:48.097000-04:00,25800.0,0.0
6a00a82f-acc8-451a-96b8-2fcf6152f178,2017,Q2,,30906,SQUIRE PATTON BOGGS,DC,137655,"PARA LA NATURALEZA, INC.",PR,Conservation Trust,50000.00,,Taxation/Internal Revenue Code,Rum tax policy issues.,,2017-07-14T15:31:47.113000-04:00,50000.0,0.0
89424ec4-03e3-42c8-9933-58307dab6101,2017,Q2,,7268,BROYDRICK & ASSOCIATES,DC,110356,MILWAUKEE METROPOLITAN SEWERAGE DISTRICT,PR,Municipality in Puerto Rico,10000.00,,Utilities|Budget/Appropriations|Clean Air and Water (quality),"WERDA reauthorization. GLRI initiative funding.|Clean Water Trust Fund legislation TIGER Grant and Brownfields grant, Kirk amendment to senate interior appropriations. |Clean Water Trust Fund legislation.",,2017-07-16T20:01:56.647000-04:00,10000.0,0.0
e812a47f-5181-4428-ab08-0b2f48c7353a,2017,Q2,,36710,STEPTOE LLP,DC,145737,MEDICAID AND MEDICARE ADVANTAGE PRODUCTS ASSOCIATION OF PUERTO RICO,PR,Health Care Trade Association,70000.00,,Medicare/Medicaid,Issues relating to Puerto Rico health care coverage.,,2017-07-17T16:22:36.797000-04:00,70000.0,0.0
4555b3f6-be89-4564-b010-36643f5b2b76,2017,Q2Y,,400886595,THE ROOSEVELT GROUP,DC,195971,"CCSN, LLC",PR,National border surveillance and security service provider,,,,,,2017-07-18T11:31:10.253000-04:00,0.0,0.0
bb4e9f55-54f6-440a-84c1-4ee39a491492,2017,Q2,,317355,JOSE FUENTES,DC,186009,"EMPRESAS FONALLEDAS, INC.",PR,Real estate development company.,20000.00,,Taxation/Internal Revenue Code|Medicare/Medicaid|Science/Technology,"Tax reform, empowerment zones.|Medicaid (H.R. 259).|Arecibo Observatory.",,2017-07-18T15:06:58.693000-04:00,20000.0,0.0
700638ab-4e7e-4cd3-a15c-4c694494a979,2017,Q2,,35707,SMITH GARSON,DC,144465,KINESIS FOUNDATION,PR,Municipal Government,30000.00,,Education,"GEAR Up grant opportunity 
TRIO
Grant questions",,2017-07-18T16:26:13.750000-04:00,30000.0,0.0
e9e95aac-4e3e-46ca-a234-8cc5f2422699,2017,Q2,,304736,"TARPLIN, DOWNS & YOUNG, LLC",DC,181317,TRIPLE-S MANAGEMENT CORPORATION,PR,Insurance,60000.00,,Budget/Appropriations|Health Issues|Medicare/Medicaid|Natural Resources,"Budget resolution
Appropriations, continuing resolution
S.Con.Res. 3 - Senate budget resolution
H.R. 244 - Consolidated |H.R. 1628 - American Health Care Act of 2017
Puerto Rican health system stabilization, Medicaid funding
Health insurance|Medicare Advantage call letter
Puerto Rican health system stabilization
Medicaid cliff, Medicaid bridge funding
Medicare|H.R. 5278 - PROMESA, Puerto Rican debt restructuring and economic stabilization",,2017-07-19T14:26:13.047000-04:00,60000.0,0.0
af10fd07-250a-4b66-8679-7aa4110a96f1,2017,Q2,,400532589,PRIME POLICY GROUP,DC,192431,"DESTILERIA SERRALLES, INC.",PR,Distiller of rum.,20000.00,,Taxation/Internal Revenue Code,Tax reform,,2017-07-19T15:35:05.810000-04:00,20000.0,0.0
be850049-07b6-4f5e-a8cf-74309d30ac47,2017,Q2,,400531581,POLICY SOLUTIONS LLC,DC,192115,"FOOD INDUSTRY, MARKETING AND DISTRIBUTION CHAMBER (MIDA)",PR,Food Nutrition Policy &amp; Regulations,,,Agriculture,"2018 Farm Bill Draft Language re: SNAP issue, using benefits in restaurants",,2017-07-19T18:29:26.973000-04:00,0.0,0.0
363b61e1-2c2f-4ba1-96de-1a383020fc6a,2017,Q2,,76992,"CGCN GROUP, LLC",DC,169788,PUERTO RICO DEPARTMENT OF THE TREASURY,PR,Government Agency,87500.00,,Education|Health Issues|Medicare/Medicaid|Economics/Economic Development,Education reform issues.|Health care reform specifically related to Puerto Rico Medicaid funding.|Medicaid cliff and reimbursement rates.|Economic issues related to Puerto Rico.,,2017-07-19T21:36:21.557000-04:00,87500.0,0.0
cfab6ea7-4647-4941-8839-07d9a871db66,2017,Q2,,79450,"NYPROCOA, INC.",NY,170568,PARA LA NATURALEZA INC,PR,Conservation and protection of areas of ecological value in Puerto Rico,30000.00,,Taxation/Internal Revenue Code,"Issues related to Tax Extenders and the Rum Tax Cover Over.

Issues related to Congressional Task Force on Economic Grow",,2017-07-20T10:17:56.927000-04:00,30000.0,0.0
ecc257fd-6fc9-41f2-a0cc-7c58796b8793,2017,Q2Y,,1182,ALSTON & BIRD LLP,DC,102473,AIRPORT SHOPPES CORP,PR,Food service,,,,,,2017-07-20T10:30:40.880000-04:00,0.0,0.0
11c6fed1-ec10-4a56-854a-bc0f2e4c47de,2017,Q2,,400428070,"NATIONAL HEALTH ADVISORS, LLC",DC,190739,MEDICAL CARD SYSTEMS (MCS),PR,Insurance Company,40000.00,,Taxation/Internal Revenue Code|Medicare/Medicaid,"Health care tax issues contained in the Affordable Care Act impacting Puerto Rico, specifically health insurance tax.|Short and long-term Medicaid and Medicare Advantage payments for the Island of Puerto Rico",,2017-07-20T12:32:09.097000-04:00,40000.0,0.0
efc91779-fc1f-4c79-8856-e5ccdd9461da,2017,Q2,,77754,"OLDAKER & WILLISON, LLP",DC,170099,FIRST BANCORP,PR,Community bank and financial institution,20000.00,,Financial Institutions/Investments/Securities,Legislation to adjust community banks consolidate assets levels set in Dodd-Frank Act.,,2017-07-20T12:43:11.600000-04:00,20000.0,0.0
8b3b79c1-89e9-47c8-a3a7-8a3b20f25d49,2017,Q2,,11628,"DAVIDOFF HUTCHER & CITRON, LLP",DC,116007,PONCE HEALTH SCIENCES UNIVERSITY,PR,Medical School,5000.00,,Medicare/Medicaid,Matters related to reimbursement to Puerto Rican hospitals for salary and other payments to resident physicians.,,2017-07-20T13:20:28.180000-04:00,5000.0,0.0
39eacb05-650a-47fa-8094-546ea7c92737,2017,RR,,401104313,"MILLER STRATEGIES, LLC",TX,201372,"MONSERRATE SIMONET & GIERBOLINI, LLC OBO SUN WEST MORTGAGE COMPANY, INC.",PR,law firm on behalf of mortgage company,,,Housing,Department of Housing and Urban Development (HUD) related issues.,,2017-09-29T13:07:11-04:00,0.0,0.0
61aa5597-d4d3-4fe8-8da1-658f8edac585,2017,RR,,401104560,PRIME STRATEGIES,NY,202043,PONCE HEALTH SCIENCES UNIVERSITY,PR,Medical School,,,Education,"Education infrastructure, particularly higher education and medical education and recovery/rebuilding of such institutio",,2017-10-02T18:06:36-04:00,0.0,0.0
f5dec3c0-d2c3-4926-9bf8-ca45cea0df9e,2017,RR,,401104155,ODONNELL & SON LLC,DC,200868,AIREKO FOUNDATION,PR,Non-Profit,,,Economics/Economic Development|Disaster Planning/Emergencies|Energy/Nuclear,Economic development and post Hurricane Irma/Maria disaster relief|Economic development and post Hurricane Irma/Maria disaster relief|Economic development and post Hurricane Irma/Maria disaster relief,,2017-10-03T11:03:56-04:00,0.0,0.0
3bb7fd5c-d5e1-44d5-9c40-d81a6082436a,2017,Q3,,400428066,NWG ADVOCACY LLC,FL,190717,HOSPITAL ASSOCIATION OF PUERTO RICO,PR,Serve Puerto Rico's Hospital System and its Members,24000.00,,Health Issues,Medicaid funding,,2017-10-03T17:41:14.813000-04:00,24000.0,0.0
19118060-918a-4f50-8cb9-1fe7ef12f23b,2017,Q3,,400428066,NWG ADVOCACY LLC,FL,190719,PUERTO RICO MANUFACTURERS ASSOCIATION,PR,manufacturing trade association,12000.00,,Taxation/Internal Revenue Code|Energy/Nuclear,"tax reform
energy reform|energy reform",,2017-10-03T17:45:16.937000-04:00,12000.0,0.0
784a1fe7-baf7-4660-af24-12ed515379c0,2017,Q3,,400428066,NWG ADVOCACY LLC,FL,190730,PUERTO RICO PRIVATE SECTOR COALITION,PR,coalition of the thirty business organizations in Puerto Rico,25800.00,,Economics/Economic Development,"tax reform
medicaid funding
energy policy",,2017-10-03T17:49:21.170000-04:00,25800.0,0.0
5cb99688-ec01-4abf-9744-b1326659c86b,2017,RA,,41408,WILEY REIN LLP,DC,150958,PUERTO RICO TELEPHONE COMPANY,PR,Telecommunications,,,Telecommunications|Budget/Appropriations,Disaster relief funding.|Disaster relief funding.,,2017-10-05T15:34:34-04:00,0.0,0.0
16e4dfa8-809d-4427-ab4d-5e257febd1d3,2017,RR,,41454,"WILLIAMS AND JENSEN, PLLC",DC,151588,FINANCIAL OVERSIGHT AND MANAGEMENT BOARD FOR PUERTO RICO,PR,Economic growth and opportunity for the people of Puerto Rico,,,Financial Institutions/Investments/Securities|Taxation/Internal Revenue Code|Trade (domestic/foreign)|Disaster Planning/Emergencies|Health Issues|Budget/Appropriations|Energy/Nuclear|Education|Natural Resources|Economics/Economic Development,Puerto Rico disaster relief and recovery efforts; Puerto Rico Medicaid funding; tax reform; economic development; transp|Puerto Rico disaster relief and recovery efforts; Puerto Rico Medicaid funding; tax reform; economic development; transp|Puerto Rico disaster relief and recovery efforts; Puerto Rico Medicaid funding; tax reform; economic development; transp|Puerto Rico disaster relief and recovery efforts; Puerto Rico Medicaid funding; tax reform; economic development; transp|Puerto Rico disaster relief and recovery efforts; Puerto Rico Medicaid funding; tax reform; economic development; transp,,2017-10-06T09:59:08-04:00,0.0,0.0
1e97d348-bbef-4cc2-822f-1831fa3cac74,2017,RR,,401103327,OFF HILL STRATEGIES L.L.C.,FL,198595,FINANCIAL OVERSIGHT AND MANAGEMENT BOARD FOR PUERTO RICO,PR,Economic growth and opportunity for the people of Puerto Rico,,,Taxation/Internal Revenue Code|Health Issues|Medicare/Medicaid|Budget/Appropriations|Trade (domestic/foreign)|Economics/Economic Development|Natural Resources|Financial Institutions/Investments/Securities|Education,Puerto Rico disaster relief and recovery efforts; Puerto Rico Medicaid funding; tax reform; economic development; transp|Puerto Rico disaster relief and recovery efforts; Puerto Rico Medicaid funding; tax reform; economic development; transp|Puerto Rico disaster relief and recovery efforts; Puerto Rico Medicaid funding; tax reform; economic development; transp|Puerto Rico disaster relief and recovery efforts; Puerto Rico Medicaid funding; tax reform; economic development; transp|Puerto Rico disaster relief and recovery efforts; Puerto Rico Medicaid funding; tax reform; economic development; transp,,2017-10-06T16:04:23-04:00,0.0,0.0
d99bb1ea-51cc-4560-ba6e-af2bd9908757,2017,Q3Y,,35707,SMITH GARSON,DC,144465,KINESIS FOUNDATION,PR,Municipal Government,10000.00,,,,,2017-10-09T14:53:53.817000-04:00,10000.0,0.0
93012371-0e87-4c19-a4ed-965cb0723cc6,2017,Q3,,30906,SQUIRE PATTON BOGGS,DC,137655,"PARA LA NATURALEZA, INC.",PR,Conservation Trust,50000.00,,Taxation/Internal Revenue Code,Permanent extension of the rum cover over.,,2017-10-12T15:56:32.840000-04:00,50000.0,0.0
88748e43-3125-499c-927a-a410e4630ca7,2017,Q3,,7268,BROYDRICK & ASSOCIATES,DC,110356,MILWAUKEE METROPOLITAN SEWERAGE DISTRICT,PR,Municipality in Puerto Rico,10000.00,,Utilities|Clean Air and Water (quality)|Budget/Appropriations,"WERDA reauthorization. GLRI initiative funding.|Clean Water Trust Fund legislation.|Clean Water Trust Fund legislation TIGER Grant and Brownfields grant, Kirk amendment to senate interior appropriations. ",,2017-10-15T13:25:16.413000-04:00,10000.0,0.0
438e1537-ec48-4374-9e21-aefe71a266ab,2017,Q3,,317355,JOSE FUENTES,DC,186009,"EMPRESAS FONALLEDAS, INC.",PR,Real estate development company.,30000.00,,Constitution|Taxation/Internal Revenue Code|Economics/Economic Development|Medicare/Medicaid|Budget/Appropriations|Science/Technology,"Puerto Rico self determination.|Tax reform, empowerment zones.|Puerto Rico self determination.|Medicaid (H.R. 259).|Hurricane Maria relief.",,2017-10-17T15:12:24.813000-04:00,30000.0,0.0
8ae91806-4d48-429a-9b42-f5fe7aa9ff78,2017,Q3,,401104313,"MILLER STRATEGIES, LLC",TX,201372,"MONSERRATE SIMONET & GIERBOLINI, LLC OBO SUN WEST MORTGAGE COMPANY, INC.",PR,law firm on behalf of mortgage company,20000.00,,Housing,Department of Housing and Urban Development (HUD) related issues.,,2017-10-18T11:38:54.373000-04:00,20000.0,0.0
da76faab-ac15-4d46-9f31-43b7155bb51b,2017,Q3,,400532589,PRIME POLICY GROUP,DC,192431,"DESTILERIA SERRALLES, INC.",PR,Distiller of rum.,20000.00,,Taxation/Internal Revenue Code,Tax reform,,2017-10-18T14:46:50.140000-04:00,20000.0,0.0
6b9740dd-7afb-4484-9137-465741983782,2017,RR,,76855,DLA PIPER LLP (US),DC,169485,GOVERNMENT OF PUERTO RICO,PR,Public corporation of the Government of Puerto Rico,,,Taxation/Internal Revenue Code,Potential impact of federal tax reform on Puerto Rico's tax revenue base and international competitiveness.,,2017-10-18T17:33:00-04:00,0.0,0.0
779617e1-be45-464b-90fc-cf203498b4c7,2017,Q3,,88278,"UPSTREAM CONSULTING, INC.",VA,173869,CONSERVATION TRUST FUND OF PUERTO RICO,PR,conservation,30000.00,,Taxation/Internal Revenue Code,Issues related to the taxation of rum.,,2017-10-19T08:22:55-04:00,30000.0,0.0
b9b2ff45-8cc1-416b-9330-a3d2930b89a3,2017,Q3,,76992,"CGCN GROUP, LLC",DC,169788,PUERTO RICO DEPARTMENT OF THE TREASURY,PR,Government Agency,90000.00,,Taxation/Internal Revenue Code|Economics/Economic Development|Medicare/Medicaid|Health Issues,Tax reform issues related to Puerto Rico.|Economic issues related to Puerto Rico.|Medicaid cliff and reimbursement rates.|Health care reform specifically related to Puerto Rico Medicaid funding.,,2017-10-19T11:55:59.153000-04:00,90000.0,0.0
7fcb5ef6-b2c3-4485-bd09-51f3e03a844c,2017,Q3Y,,1182,ALSTON & BIRD LLP,DC,102473,AIRPORT SHOPPES CORP,PR,Food service,,,,,,2017-10-19T15:25:30.293000-04:00,0.0,0.0
abb4466c-191f-4114-83d5-e1e38bc04627,2017,Q3,,400531581,POLICY SOLUTIONS LLC,DC,192115,"FOOD INDUSTRY, MARKETING AND DISTRIBUTION CHAMBER (MIDA)",PR,Food Nutrition Policy &amp; Regulations,,,Agriculture,"2018 Farm Bill Draft Language re: SNAP issue, using benefits in restaurants",,2017-10-19T20:24:34.610000-04:00,0.0,0.0
c5383114-54f0-47c0-a047-54f5c33406cf,2017,Q3,,79450,"NYPROCOA, INC.",NY,170568,PARA LA NATURALEZA INC,PR,Conservation and protection of areas of ecological value in Puerto Rico,40000.00,,Taxation/Internal Revenue Code,"Issues related to Tax Extenders and the Rum Tax Cover Over.

Issues related to Congressional Task Force on Economic Grow",,2017-10-20T10:35:09.973000-04:00,40000.0,0.0
cccc492e-f56e-459f-bef2-09c34f27fc1a,2017,Q3,,41454,"WILLIAMS AND JENSEN, PLLC",DC,151588,FINANCIAL OVERSIGHT AND MANAGEMENT BOARD FOR PUERTO RICO,PR,Economic growth and opportunity for the people of Puerto Rico,90000.00,,Financial Institutions/Investments/Securities|Health Issues|Medicare/Medicaid|Budget/Appropriations|Disaster Planning/Emergencies|Natural Resources,Addressing liquidity needs for Puerto Rico.|Medicaid funding levels for Puerto Rico; CHIP legislation.|Medicaid funding levels for Puerto Rico; CHIP legislation.|Disaster aid for Puerto Rico; Funding limitations and caps; addressing liquidity needs for Puerto Rico.|Disaster aid for Puerto Rico; Funding limitations and caps; addressing liquidity needs for Puerto Rico.,,2017-10-20T11:28:14.840000-04:00,90000.0,0.0
d9eb9eb0-65bc-4a13-bcb7-119e15cf84b6,2017,Q3,,36710,STEPTOE LLP,DC,145737,MEDICAID AND MEDICARE ADVANTAGE PRODUCTS ASSOCIATION OF PUERTO RICO,PR,Health Care Trade Association,70000.00,,Medicare/Medicaid,Issues relating to Puerto Rico health care coverage.,,2017-10-20T11:43:35.637000-04:00,70000.0,0.0
f3a696b0-a67c-4af5-aab6-cb52c43117ef,2017,Q3,,400428070,"NATIONAL HEALTH ADVISORS, LLC",DC,190739,MEDICAL CARD SYSTEMS (MCS),PR,Insurance Company,40000.00,,Medicare/Medicaid|Taxation/Internal Revenue Code,"Short and long-term Medicaid and Medicare Advantage payments for the Island of Puerto Rico.|Health care tax issues contained in the Affordable Care Act impacting Puerto Rico, specifically health insurance tax.",,2017-10-20T12:04:34.890000-04:00,40000.0,0.0
db8a6a57-4981-42ab-8cdc-ec282e8a75e1,2017,Q3,,77754,"OLDAKER & WILLISON, LLP",DC,170099,FIRST BANCORP,PR,Community bank and financial institution,20000.00,,Financial Institutions/Investments/Securities,Legislation to adjust community banks consolidate assets levels set in Dodd-Frank Act.,,2017-10-20T12:50:11.850000-04:00,20000.0,0.0
86d5298c-0e1a-462f-b03e-719a253fbd0e,2017,Q3,,41408,WILEY REIN LLP,DC,150958,PUERTO RICO TELEPHONE COMPANY,PR,Telecommunications,,,Telecommunications|Budget/Appropriations,Disaster relief funding.|Disaster relief funding.,,2017-10-20T13:34:01.387000-04:00,0.0,0.0
d23ddd0a-effd-4b4f-8cd1-fbd7fbce2663,2017,Q3,,11628,"DAVIDOFF HUTCHER & CITRON, LLP",DC,116007,PONCE HEALTH SCIENCES UNIVERSITY,PR,Medical School,5000.00,,Medicare/Medicaid,Matters related to reimbursement to Puerto Rican hospitals for salary and other payments to resident physicians.,,2017-10-20T13:36:18.433000-04:00,5000.0,0.0
3ac292d0-13cb-4df8-a973-f2b127c7e3c2,2017,Q3Y,,400886595,THE ROOSEVELT GROUP,DC,195971,"CCSN, LLC",PR,National border surveillance and security service provider,,,,,,2017-10-20T13:37:38.213000-04:00,0.0,0.0
0a646c52-1cfb-4c4f-9f33-846ad5e02231,2017,Q3,,76855,DLA PIPER LLP (US),DC,169485,GOVERNMENT OF PUERTO RICO,PR,Public corporation of the Government of Puerto Rico,70000.00,,Taxation/Internal Revenue Code,Potential impact of federal tax reform on Puerto Rico's tax revenue base and international competitiveness.,,2017-10-20T13:45:29.777000-04:00,70000.0,0.0
0d3fe050-6aa9-4dd2-9d9d-4aec4c478df8,2017,Q3,,304736,"TARPLIN, DOWNS & YOUNG, LLC",DC,181317,TRIPLE-S MANAGEMENT CORPORATION,PR,Insurance,60000.00,,Natural Resources|Medicare/Medicaid|Budget/Appropriations|Health Issues,"H.R. 5278 - PROMESA, Puerto Rican debt restructuring and economic stabilization|Medicare Advantage call letter
Puerto Rican health system stabilization
Medicaid cliff, Medicaid bridge funding
Medicare|Budget resolution
Appropriations, continuing resolution
H.R. 244 - Consolidated Appropriations Act of 2017  
S.Con.Res. |H.R. 1628 - American Health Care Act of 2017
Puerto Rican health system stabilization, Medicaid funding
Health insurance",,2017-10-20T16:01:05.230000-04:00,60000.0,0.0
c11037cb-4c27-45ad-987b-8d3f9cd99c98,2017,Q3,,401104560,PRIME STRATEGIES,NY,202043,PONCE HEALTH SCIENCES UNIVERSITY,PR,Medical School,,,Disaster Planning/Emergencies|Education,disaster relief|Recovery and rebuilding on post Maria Puerto Rico,,2017-10-20T16:22:10.577000-04:00,0.0,0.0
ea8b61ef-9aeb-4886-aa08-a3a258d7673d,2017,Q3,,401103327,OFF HILL STRATEGIES L.L.C.,FL,198595,FINANCIAL OVERSIGHT AND MANAGEMENT BOARD FOR PUERTO RICO,PR,Economic growth and opportunity for the people of Puerto Rico,22500.00,,Medicare/Medicaid|Budget/Appropriations|Natural Resources|Financial Institutions/Investments/Securities|Disaster Planning/Emergencies|Economics/Economic Development|Health Issues,Medicaid Funding Levels for Puerto Rico; CHIP Legislation|Disaster Aid for Puerto Rico; Liquidity Needs of Puerto Rico; Funding Caps|Implementation of PROMESA|Liquidity Needs of Puerto Rico|Disaster Aid for Puerto Rico,,2017-10-20T23:21:25.613000-04:00,22500.0,0.0
77e50bb2-c978-4a55-9056-aa1c39138da2,2017,RR,,322077,"CUMBERLAND NORTH AMERICA, LLC",MD,186959,"MCCONNELL VALDES, LLC ON BEHALF OF SCOTIABANK DE PUERTO RICO",PR,law firm,,,Government Issues,Lobby the Federal government on issues related to the Commonwealth of Puerto Rico and its instrumentalities.,,2017-11-30T13:19:09-05:00,0.0,0.0
1d029c14-e847-49a6-84b3-fe8d65664e60,2017,3A,,41454,"WILLIAMS AND JENSEN, PLLC",DC,151588,FINANCIAL OVERSIGHT AND MANAGEMENT BOARD FOR PUERTO RICO,PR,Economic growth and opportunity for the people of Puerto Rico,90000.00,,Natural Resources|Financial Institutions/Investments/Securities|Disaster Planning/Emergencies|Health Issues|Medicare/Medicaid|Budget/Appropriations,Disaster aid for Puerto Rico; Funding limitations and caps; addressing liquidity needs for Puerto Rico.  Implementation |Addressing liquidity needs for Puerto Rico.|Disaster aid for Puerto Rico; Funding limitations and caps; addressing liquidity needs for Puerto Rico.|Medicaid funding levels for Puerto Rico; CHIP legislation.|Medicaid funding levels for Puerto Rico; CHIP legislation.,,2017-12-19T10:38:10.800000-05:00,90000.0,0.0
d0742db1-fa49-4b61-a5f3-44f518bc91f5,2017,Q4,,400428066,NWG ADVOCACY LLC,FL,190717,HOSPITAL ASSOCIATION OF PUERTO RICO,PR,Serve Puerto Rico's Hospital System and its Members,24000.00,,Health Issues,Medicaid funding,,2018-01-07T16:01:41.717000-05:00,24000.0,0.0
bd678069-e8eb-456d-b09d-96a5830a66d5,2017,Q4,,400428066,NWG ADVOCACY LLC,FL,190719,PUERTO RICO MANUFACTURERS ASSOCIATION,PR,manufacturing trade association,14000.00,,Taxation/Internal Revenue Code|Energy/Nuclear,"tax reform
energy reform|energy reform",,2018-01-07T16:04:43.513000-05:00,14000.0,0.0
54e04ae6-25db-4b92-bbd0-ac7c9bc89071,2017,Q4,,400428066,NWG ADVOCACY LLC,FL,190730,PUERTO RICO PRIVATE SECTOR COALITION,PR,coalition of the thirty business organizations in Puerto Rico,,,Economics/Economic Development,"tax reform
medicaid funding
energy policy",,2018-01-07T16:09:48.643000-05:00,0.0,0.0
86d07dbd-490d-49cf-b90c-57a2d0dc3123,2017,Q4,,35707,SMITH GARSON,DC,144465,KINESIS FOUNDATION,PR,Municipal Government,40000.00,,Education,Education funding,,2018-01-09T15:25:01.130000-05:00,40000.0,0.0
6ec8a3c4-1c79-47e8-a4f6-877c9c53ac1a,2017,Q4,,88278,"UPSTREAM CONSULTING, INC.",VA,173869,CONSERVATION TRUST FUND OF PUERTO RICO,PR,conservation,30000.00,,Taxation/Internal Revenue Code,Issues related to the taxation of rum.,,2018-01-15T12:38:42.420000-05:00,30000.0,0.0
00bef5c6-05b6-4f5b-91f5-4618477cedc0,2017,Q4,,30906,SQUIRE PATTON BOGGS,DC,137655,"PARA LA NATURALEZA, INC.",PR,Conservation Trust,50000.00,,Taxation/Internal Revenue Code,Permanent extension of the rum cover over.,,2018-01-16T10:05:01.917000-05:00,50000.0,0.0
95c6a814-ae4a-482c-9df8-72a7a466a3ce,2017,Q4,,400532589,PRIME POLICY GROUP,DC,192431,"DESTILERIA SERRALLES, INC.",PR,Distiller of rum.,20000.00,,Taxation/Internal Revenue Code,Tax reform,,2018-01-17T11:27:56.917000-05:00,20000.0,0.0
6c6b9cda-34c8-4c38-a268-a4de7809fa71,2017,Q4Y,,11628,"DAVIDOFF HUTCHER & CITRON, LLP",DC,116007,PONCE HEALTH SCIENCES UNIVERSITY,PR,Medical School,,,,,,2018-01-17T15:34:41.357000-05:00,0.0,0.0
cfda4333-2107-476a-8530-911eb9364704,2017,Q4,,7268,BROYDRICK & ASSOCIATES,DC,110356,MILWAUKEE METROPOLITAN SEWERAGE DISTRICT,PR,Municipality in Puerto Rico,10000.00,,Clean Air and Water (quality)|Budget/Appropriations|Utilities,"Clean Water Trust Fund legislation.|Clean Water Trust Fund legislation TIGER Grant and Brownfields grant, Kirk amendment to senate interior appropriations. |WERDA reauthorization. GLRI initiative funding.",,2018-01-17T20:50:04.490000-05:00,10000.0,0.0
79e24541-d53b-4100-a337-92c32178c2e7,2017,Q4,,76992,"CGCN GROUP, LLC",DC,169788,PUERTO RICO DEPARTMENT OF THE TREASURY,PR,Government Agency,90000.00,,Economics/Economic Development|Disaster Planning/Emergencies|Taxation/Internal Revenue Code|Health Issues|Medicare/Medicaid,Economic issues related to Puerto Rico.|Appropriations related to hurricane relief and recovery.|Tax reform issues related to Puerto Rico.|Health care reform specifically related to Puerto Rico Medicaid funding.|Medicaid cliff and reimbursement rates.,,2018-01-19T12:16:01.963000-05:00,90000.0,0.0
7fb13de3-aca0-47bb-bd35-e0820c734965,2017,Q4,,400428070,"NATIONAL HEALTH ADVISORS, LLC",DC,190739,MEDICAL CARD SYSTEMS (MCS),PR,Insurance Company,40000.00,,Taxation/Internal Revenue Code|Medicare/Medicaid,"Health care tax issues contained in the Affordable Care Act impacting Puerto Rico, specifically health insurance tax.|Short and long-term Medicaid and Medicare Advantage payments for the Island of Puerto Rico.",,2018-01-19T12:53:57.407000-05:00,40000.0,0.0
41432f5e-f2b9-4eda-8f3d-b5ce5d6eca8b,2017,Q4,,77754,"OLDAKER & WILLISON, LLP",DC,170099,FIRST BANCORP,PR,Community bank and financial institution,20000.00,,Financial Institutions/Investments/Securities,Legislation to adjust community banks consolidate assets levels set in Dodd-Frank Act.,,2018-01-19T13:03:32.187000-05:00,20000.0,0.0
26939c3b-8fea-41d1-baa0-536afcfbe08b,2017,Q4,,41454,"WILLIAMS AND JENSEN, PLLC",DC,151588,FINANCIAL OVERSIGHT AND MANAGEMENT BOARD FOR PUERTO RICO,PR,Economic growth and opportunity for the people of Puerto Rico,180000.00,,Budget/Appropriations|Financial Institutions/Investments/Securities|Taxation/Internal Revenue Code|Disaster Planning/Emergencies|Health Issues|Medicare/Medicaid|Education|Natural Resources,"Disaster aid for Puerto Rico; Funding limitations and caps; addressing liquidity needs for Puerto Rico; H.R. 4667.|Addressing liquidity needs for Puerto Rico.|H.R. 1, Tax Cuts and Jobs Act; International and domestic tax issues.|Disaster aid for Puerto Rico; Funding limitations and caps; addressing liquidity needs for Puerto Rico; H.R. 4667.|Medicaid funding levels for Puerto Rico; CHIP legislation.",,2018-01-19T14:43:37.847000-05:00,180000.0,0.0
d83ba385-8b92-4daa-85c6-0585a135bebb,2017,Q4,,36710,STEPTOE LLP,DC,145737,MEDICAID AND MEDICARE ADVANTAGE PRODUCTS ASSOCIATION OF PUERTO RICO,PR,Health Care Trade Association,70000.00,,Medicare/Medicaid,Issues relating to Puerto Rico health care coverage.,,2018-01-19T14:59:17.827000-05:00,70000.0,0.0
67bd25d0-ff43-4730-aadc-919ec604d65a,2017,Q4,,401104313,"MILLER STRATEGIES, LLC",TX,201372,"MONSERRATE SIMONET & GIERBOLINI, LLC OBO SUN WEST MORTGAGE COMPANY, INC.",PR,law firm on behalf of mortgage company,60000.00,,Housing,Department of Housing and Urban Development (HUD) related issues.,,2018-01-19T19:23:42.617000-05:00,60000.0,0.0
71c2efcb-a635-463c-9432-77a4a3af18a1,2017,Q4Y,,400886595,THE ROOSEVELT GROUP,DC,195971,"CCSN, LLC",PR,National border surveillance and security service provider,,,,,,2018-01-21T13:35:43.653000-05:00,0.0,0.0
ba99dc84-9566-4648-a230-d01986ef7961,2017,Q4Y,,1182,ALSTON & BIRD LLP,DC,102473,AIRPORT SHOPPES CORP,PR,Food service,,,,,,2018-01-22T09:22:46.893000-05:00,0.0,0.0
d863db83-975c-4728-8054-88139ed434ee,2017,Q4,,79450,"NYPROCOA, INC.",NY,170568,PARA LA NATURALEZA INC,PR,Conservation and protection of areas of ecological value in Puerto Rico,40000.00,,Taxation/Internal Revenue Code,"Issues related to Tax Extenders and the Rum Tax Cover Over.

Issues related to Congressional Task Force on Economic Grow",,2018-01-22T10:52:55.290000-05:00,40000.0,0.0
b330360d-1bcc-4bb2-9bcc-9e1df8e0f1d8,2017,Q4,,41408,WILEY REIN LLP,DC,150958,PUERTO RICO TELEPHONE COMPANY,PR,Telecommunications,90000.00,,Telecommunications|Budget/Appropriations,Disaster relief funding.|Disaster relief funding.,,2018-01-22T12:12:09.870000-05:00,90000.0,0.0
79dfea17-b506-4163-bfa0-d3a73fb6e25c,2017,Q4,,400531581,POLICY SOLUTIONS LLC,DC,192115,"FOOD INDUSTRY, MARKETING AND DISTRIBUTION CHAMBER (MIDA)",PR,Food Nutrition Policy &amp; Regulations,,,Agriculture,"2018 Farm Bill Draft Language re: SNAP issue, using benefits in restaurants",,2018-01-22T12:30:35.053000-05:00,0.0,0.0
7db2e2d7-e1ff-4e14-94ec-0fc0f161afe5,2017,Q4,,304736,"TARPLIN, DOWNS & YOUNG, LLC",DC,181317,TRIPLE-S MANAGEMENT CORPORATION,PR,Insurance,60000.00,,Health Issues|Medicare/Medicaid|Budget/Appropriations|Natural Resources,"H.R. 1628 - American Health Care Act of 2017
Puerto Rican health system stabilization, Medicaid funding
Health insurance|Medicare Advantage call letter
Puerto Rican health system stabilization
Medicaid cliff, Medicaid bridge funding
Medicare|Budget resolution
Appropriations, continuing resolution, emergency supplemental, hurricane relief
H.R. 244 - Consolidate|H.R. 5278 - PROMESA, Puerto Rican debt restructuring and economic stabilization",,2018-01-22T13:23:26.993000-05:00,60000.0,0.0
aaca30e8-d5b4-43c1-ad3c-8e15410aaef9,2017,Q4,,317355,JOSE FUENTES,DC,186009,"EMPRESAS FONALLEDAS, INC.",PR,Real estate development company.,40000.00,,Budget/Appropriations|Taxation/Internal Revenue Code|Medicare/Medicaid|Science/Technology,"Hurricane Maria relief.|Tax reform, H.R. 1 (Child Tax Credit, Opportunity Zones).|Medicaid (H.R. 259).|Arecibo Observatory.",,2018-01-22T13:44:50.157000-05:00,40000.0,0.0
12f0da46-2b46-4617-a959-16015bb4613c,2017,Q4,,401103327,OFF HILL STRATEGIES L.L.C.,FL,198595,FINANCIAL OVERSIGHT AND MANAGEMENT BOARD FOR PUERTO RICO,PR,Economic growth and opportunity for the people of Puerto Rico,45000.00,,Disaster Planning/Emergencies|Financial Institutions/Investments/Securities|Economics/Economic Development|Health Issues|Medicare/Medicaid|Budget/Appropriations|Natural Resources,Disaster Aid for Puerto Rico|Liquidity Needs of Puerto Rico|Economic Development in Puerto Rico|Medicaid funding levels for Puerto Rico; CHIP legislation|Medicaid Funding Levels for Puerto Rico; CHIP Legislation,,2018-01-22T14:47:00.017000-05:00,45000.0,0.0
7ff15791-4e73-4838-bb6f-fcb63f5137db,2017,Q4,,76855,DLA PIPER LLP (US),DC,169485,GOVERNMENT OF PUERTO RICO,PR,Public corporation of the Government of Puerto Rico,70000.00,,Taxation/Internal Revenue Code,"Potential impact of federal tax reform on Puerto Rico's tax revenue base and international competitiveness.
H.R. 1, Tax ",,2018-01-22T19:00:57.293000-05:00,70000.0,0.0
92e3a9ed-c949-4e99-8fa1-216bec91cfb6,2017,Q4,,322077,"CUMBERLAND NORTH AMERICA, LLC",MD,186959,"MCCONNELL VALDES, LLC ON BEHALF OF SCOTIABANK DE PUERTO RICO",PR,law firm,30000.00,,Energy/Nuclear,Lobby on electricity issues in Puerto Rico,,2018-01-24T09:33:08.057000-05:00,30000.0,0.0
cd156413-8a55-4cd0-ac9c-bb56248841da,2017,1A,,400532589,PRIME POLICY GROUP,DC,192431,"DESTILERIA SERRALLES, INC.",PR,Distiller of rum.,20000.00,,Taxation/Internal Revenue Code,Tax reform; excise taxes; SB 1652; HR 747; HR 2021,,2018-01-29T14:49:48.287000-05:00,20000.0,0.0
0fe0023b-93cf-4d5c-acbc-9eef81d7440c,2018,RR,,1171,"ALPINE GROUP PARTNERS, LLC.",DC,102148,"LIBERTY CABLEVISION OF PUERTO RICO, LLC",PR,Cable broadband and voice services,,,Disaster Planning/Emergencies|Telecommunications,Disaster recovery issues related to rebuilding the telecom network. H.R. 4667|Disaster recovery issues related to rebuilding the telecom network. H.R. 4667,,2018-02-13T16:24:39-05:00,0.0,0.0
197110b9-5170-46a9-946c-8ebc472610fe,2017,Q2,,401104155,ODONNELL & SON LLC,DC,200868,AIREKO FOUNDATION,PR,Non-Profit,10000.00,,Energy/Nuclear,Puerto Rico Energy Crisis Resolution,,2018-02-21T14:54:43.520000-05:00,10000.0,0.0
62652dd8-1cb1-41be-acdb-77eb9ebe72f8,2018,RR,,401103475,"VENTURE GOVERNMENT STRATEGIES, LLC (FKA HOBART HALLAWAY & QUAYLE VENTURES, LLC)",TN,198964,"EC WASTE, LLC",PR,non-hazardous waste management and disposal services,,,Budget/Appropriations,Supplemental appropriations related to Hurricane relief.,,2018-03-14T11:43:27-04:00,0.0,0.0
6e451e23-1c60-437d-9d36-95f6f48bedd6,2018,RR,,322077,"CUMBERLAND NORTH AMERICA, LLC",MD,186958,MCCONNELL VALDES ON BEHALF OF ENGIE NORTH AMERICA,PR,law firm,,,Energy/Nuclear,Lobby on issues related to energy in Puerto Rico.,,2018-03-22T16:01:10-04:00,0.0,0.0
a43f7e2e-48fc-416a-ab42-b691f0945166,2017,RR,,21632,KING & SPALDING LLP,DC,128506,"MCS ADVANTAGE, INC.",PR,Healthcare plan provider,,,Medicare/Medicaid,Issues related to Medicare Advantage reimbursement for Puerto Rico.,,2018-04-05T17:53:27-04:00,0.0,0.0
9c2001bb-71dd-4af7-a326-6964fe5634b8,2018,RR,,21632,KING & SPALDING LLP,DC,128507,PUERTO RICO ELECTRIC POWER AUTHORITY (PREPA),PR,Utility provider,,,Utilities,Potential restructuring of PREPA and potential disposition of PREPA assets.,,2018-04-05T18:09:57-04:00,0.0,0.0
19055c28-867f-4c61-8dd2-17da5e634a0d,2018,Q1Y,,35707,SMITH GARSON,DC,144465,KINESIS FOUNDATION,PR,Municipal Government,20000.00,,,,,2018-04-09T08:53:18.173000-04:00,20000.0,0.0
3dd99948-d22d-41dc-a4c3-f9d1ec557ab9,2017,Q4,,21632,KING & SPALDING LLP,DC,128506,"MCS ADVANTAGE, INC.",PR,Healthcare plan provider,100000.00,,Medicare/Medicaid,Issues related to Medicare Advantage reimbursement for Puerto Rico.,,2018-04-09T14:51:50.860000-04:00,100000.0,0.0
0c917bc5-83b2-49e8-a3a3-88db077c59f0,2018,Q1,,400428066,NWG ADVOCACY LLC,FL,190717,HOSPITAL ASSOCIATION OF PUERTO RICO,PR,Serve Puerto Rico's Hospital System and its Members,24000.00,,Health Issues,Medicaid funding,,2018-04-10T11:41:08.437000-04:00,24000.0,0.0
269dbc32-5285-4b7e-8fb8-39f24498fa2c,2018,Q1,,400428066,NWG ADVOCACY LLC,FL,190719,PUERTO RICO MANUFACTURERS ASSOCIATION,PR,manufacturing trade association,16000.00,,Taxation/Internal Revenue Code|Energy/Nuclear,"tax reform
energy reform|energy reform",,2018-04-10T11:42:09.267000-04:00,16000.0,0.0
dfda1d57-b331-4de5-9dea-b15c7144a94b,2018,Q1Y,,400428066,NWG ADVOCACY LLC,FL,190730,PUERTO RICO PRIVATE SECTOR COALITION,PR,coalition of the thirty business organizations in Puerto Rico,,,,,,2018-04-10T11:46:13.297000-04:00,0.0,0.0
3fcd2ec0-0b08-40a8-b2b1-638ec01c8f1a,2018,Q1,,7268,BROYDRICK & ASSOCIATES,DC,110356,MILWAUKEE METROPOLITAN SEWERAGE DISTRICT,PR,Municipality in Puerto Rico,,,Clean Air and Water (quality)|Budget/Appropriations|Utilities,"Clean Water Trust Fund legislation.|Clean Water Trust Fund legislation TIGER Grant and Brownfields grant, Kirk amendment to senate interior appropriations. |WERDA reauthorization. GLRI initiative funding.",,2018-04-16T18:00:02.967000-04:00,0.0,0.0
d2d6afb8-eea5-4e33-83bd-57b780505a48,2018,Q1,,400532589,PRIME POLICY GROUP,DC,192431,"DESTILERIA SERRALLES, INC.",PR,Distiller of rum.,20000.00,,Taxation/Internal Revenue Code,Tax issues,,2018-04-17T09:45:32.397000-04:00,20000.0,0.0
cf9c8438-915d-4c41-92ad-1150a3895562,2018,Q1,,30906,SQUIRE PATTON BOGGS,DC,137655,"PARA LA NATURALEZA, INC.",PR,Conservation Trust,50000.00,,Taxation/Internal Revenue Code|Agriculture,Permanent extension of the rum cover over.|Reforestation issues stemming from 2017 natural disasters.,,2018-04-17T16:33:46.363000-04:00,50000.0,0.0
78ee7df1-8584-4ac5-b15b-f42d0763cffb,2018,1T,,401104313,"MILLER STRATEGIES, LLC",TX,201372,"MONSERRATE SIMONET & GIERBOLINI, LLC OBO SUN WEST MORTGAGE COMPANY, INC.",PR,law firm on behalf of mortgage company,60000.00,,Housing,Department of Housing and Urban Development (HUD) related issues.,,2018-04-18T14:02:35.860000-04:00,60000.0,0.0
c9683754-094c-45ec-bfc3-76f6d1216736,2018,1T,,401103475,"VENTURE GOVERNMENT STRATEGIES, LLC (FKA HOBART HALLAWAY & QUAYLE VENTURES, LLC)",TN,198964,"EC WASTE, LLC",PR,non-hazardous waste management and disposal services,80000.00,,Budget/Appropriations,"Supplemental appropriations related to Hurricane relief; H.R.4667, Further Additional Supplemental Appropriations for Di",,2018-04-19T08:50:08.427000-04:00,80000.0,0.0
81092254-9533-4dcf-85c8-89153e0564f8,2018,Q1,,322077,"CUMBERLAND NORTH AMERICA, LLC",MD,186959,"MCCONNELL VALDES, LLC ON BEHALF OF SCOTIABANK DE PUERTO RICO",PR,law firm,60000.00,,Energy/Nuclear,Lobby on electricity issues in Puerto Rico,,2018-04-19T10:41:15.170000-04:00,60000.0,0.0
dcb195f6-1cbc-4bd3-b2bc-96f9654ab970,2018,Q1,,322077,"CUMBERLAND NORTH AMERICA, LLC",MD,186958,MCCONNELL VALDES ON BEHALF OF ENGIE NORTH AMERICA,PR,law firm,10000.00,,Energy/Nuclear,Lobby on issues related to energy in Puerto Rico,,2018-04-19T10:51:32.847000-04:00,10000.0,0.0
f198a3fe-0367-4665-89f9-d0a52b1b2548,2018,Q1,,317355,JOSE FUENTES,DC,186009,"EMPRESAS FONALLEDAS, INC.",PR,Real estate development company.,30000.00,,Budget/Appropriations|Science/Technology|Taxation/Internal Revenue Code|Medicare/Medicaid,Hurricane Maria relief.|Arecibo Observatory.|Opportunity Zones.|Medicaid.,,2018-04-19T12:37:27.087000-04:00,30000.0,0.0
623b359b-9b01-4ee2-b2fb-32b8e8d747d9,2018,Q1,,76992,"CGCN GROUP, LLC",DC,169788,PUERTO RICO DEPARTMENT OF THE TREASURY,PR,Government Agency,108000.00,,Economics/Economic Development|Disaster Planning/Emergencies|Taxation/Internal Revenue Code|Medicare/Medicaid|Health Issues,Economic issues related to Puerto Rico.|Appropriations related to hurricane relief and recovery.|Tax reform issues related to Puerto Rico.|Medicaid cliff and reimbursement rates.|Health care reform specifically related to Puerto Rico Medicaid funding.,,2018-04-19T12:41:39.260000-04:00,108000.0,0.0
bd82410e-813c-4da3-8c9a-daaf9f8bb290,2018,Q1Y,,11628,"DAVIDOFF HUTCHER & CITRON, LLP",DC,116007,PONCE HEALTH SCIENCES UNIVERSITY,PR,Medical School,,,,,,2018-04-19T12:53:43.250000-04:00,0.0,0.0
2bb6325c-7754-4394-9dd2-d61761c41841,2018,Q1,,304736,"TARPLIN, DOWNS & YOUNG, LLC",DC,181317,TRIPLE-S MANAGEMENT CORPORATION,PR,Insurance,70000.00,,Budget/Appropriations|Natural Resources|Medicare/Medicaid|Health Issues,"Budget resolution
Appropriations, continuing resolution, emergency supplemental, hurricane relief
H.R. 1625 - Consolidat|H.R. 5278 - PROMESA, Puerto Rican debt restructuring and economic stabilization|Medicare Advantage call letter
Puerto Rican health system stabilization
Medicaid cliff, Medicaid bridge funding
Medicare|Puerto Rican health system stabilization, Medicaid funding
Health insurance tax
Zika
Hurricane response
Emergency Declar",,2018-04-19T14:34:43.427000-04:00,70000.0,0.0
1d4ce76d-f84c-476d-ad90-624ca6dbdd94,2018,Q1Y,,1182,ALSTON & BIRD LLP,DC,102473,AIRPORT SHOPPES CORP,PR,Food service,,,,,,2018-04-19T15:37:12.380000-04:00,0.0,0.0
91204200-e897-451b-ac51-c5bb78679741,2018,Q1Y,,400886595,THE ROOSEVELT GROUP,DC,195971,"CCSN, LLC",PR,National border surveillance and security service provider,,,,,,2018-04-19T15:38:33.710000-04:00,0.0,0.0
bd596ec9-1435-4af6-a5c7-dc57c7a1c5cb,2018,Q1,,1171,"ALPINE GROUP PARTNERS, LLC.",DC,102148,"LIBERTY CABLEVISION OF PUERTO RICO, LLC",PR,Cable broadband and voice services,50000.00,,Disaster Planning/Emergencies|Budget/Appropriations,"Disaster Relief Appropriations Act of 2017
Additional Supplemental Appropriations for Disaster Relief Requirements Act o|Disaster Relief Appropriations Act of 2017
Additional Supplemental Appropriations for Disaster Relief Requirements Act o",,2018-04-19T18:34:08.360000-04:00,50000.0,0.0
1d299c2c-f468-4f10-a5c2-2e83bb2a629e,2018,Q1,,400531581,POLICY SOLUTIONS LLC,DC,192115,"FOOD INDUSTRY, MARKETING AND DISTRIBUTION CHAMBER (MIDA)",PR,Food Nutrition Policy &amp; Regulations,,,Agriculture,"2018 Farm Bill Draft Language re: SNAP issue, using benefits in restaurants",,2018-04-19T19:25:29.760000-04:00,0.0,0.0
3521e987-f649-4947-9333-7908b69d198c,2018,Q1,,79450,"NYPROCOA, INC.",NY,170568,PARA LA NATURALEZA INC,PR,Conservation and protection of areas of ecological value in Puerto Rico,30000.00,,Taxation/Internal Revenue Code,"Issues related to Tax Extenders and the Rum Tax Cover Over.

Issues related to Congressional Task Force on Economic Grow",,2018-04-20T08:20:07.107000-04:00,30000.0,0.0
f489f71b-f7fa-46eb-a562-bb7b5cf59083,2018,Q1,,88278,"UPSTREAM CONSULTING, INC.",VA,173869,CONSERVATION TRUST FUND OF PUERTO RICO,PR,conservation,30000.00,,Taxation/Internal Revenue Code,Issues related to the taxation of rum.,,2018-04-20T10:16:25.527000-04:00,30000.0,0.0
5cf80891-a0e1-495b-8b0b-a448cadffcb9,2018,Q1,,36710,STEPTOE LLP,DC,145737,MEDICAID AND MEDICARE ADVANTAGE PRODUCTS ASSOCIATION OF PUERTO RICO,PR,Health Care Trade Association,70000.00,,Medicare/Medicaid,Issues relating to Puerto Rico health care coverage.,,2018-04-20T10:35:11.347000-04:00,70000.0,0.0
108a89cd-d43b-4553-82f6-62d9a2419e74,2018,Q1,,21632,KING & SPALDING LLP,DC,128506,"MCS ADVANTAGE, INC.",PR,Healthcare plan provider,80000.00,,Medicare/Medicaid,Issues related to Medicare Advantage reimbursement for Puerto Rico.,,2018-04-20T10:45:09.570000-04:00,80000.0,0.0
83a25c11-e270-4091-b688-4c7cd440d13e,2018,Q1,,21632,KING & SPALDING LLP,DC,128507,PUERTO RICO ELECTRIC POWER AUTHORITY (PREPA),PR,Utility provider,20000.00,,Utilities,Post-Hurricane Maria power update,,2018-04-20T10:52:43.810000-04:00,20000.0,0.0
783d3f8d-bc0a-43a8-9b38-7d7c8f531af9,2018,Q1,,41408,WILEY REIN LLP,DC,150958,PUERTO RICO TELEPHONE COMPANY,PR,Telecommunications,90000.00,,Budget/Appropriations|Telecommunications,Disaster relief funding.|Disaster relief funding.,,2018-04-20T12:13:13.803000-04:00,90000.0,0.0
97fd1341-3962-4f9a-b490-fa3064f49791,2017,Q4,,401104560,PRIME STRATEGIES,NY,202043,PONCE HEALTH SCIENCES UNIVERSITY,PR,Medical School,22500.00,,Disaster Planning/Emergencies|Education,disaster relief|Recovery and rebuilding on post Maria Puerto Rico,,2018-04-20T16:56:51.817000-04:00,22500.0,0.0
8f15aef2-b35c-4b23-afc3-ef07a8bef804,2018,Q1,,401104560,PRIME STRATEGIES,NY,202043,PONCE HEALTH SCIENCES UNIVERSITY,PR,Medical School,22500.00,,Education|Disaster Planning/Emergencies,Recovery and rebuilding on post Maria Puerto Rico|disaster relief,,2018-04-20T17:00:24.723000-04:00,22500.0,0.0
17cf390e-3b09-40d1-84c4-d7a1457cbb19,2018,Q1,,76855,DLA PIPER LLP (US),DC,169485,GOVERNMENT OF PUERTO RICO,PR,Public corporation of the Government of Puerto Rico,70000.00,,Taxation/Internal Revenue Code,"Potential impact of federal tax reform on Puerto Rico's tax revenue base and international competitiveness.
Implementati",,2018-04-20T18:09:10.617000-04:00,70000.0,0.0
a36d9644-91e1-4737-9ab3-867e75a6720b,2018,Q1,,41454,"WILLIAMS AND JENSEN, PLLC",DC,151588,FINANCIAL OVERSIGHT AND MANAGEMENT BOARD FOR PUERTO RICO,PR,Economic growth and opportunity for the people of Puerto Rico,180000.00,,Financial Institutions/Investments/Securities|Taxation/Internal Revenue Code|Disaster Planning/Emergencies|Health Issues|Medicare/Medicaid|Education|Budget/Appropriations|Natural Resources,Addressing liquidity needs for Puerto Rico.|Tax issues relating to economic development in Puerto.|Disaster aid for Puerto Rico; Funding limitations and caps; addressing liquidity needs for Puerto Rico; H.R. 4667.|Medicaid funding levels for Puerto Rico; CHIP legislation.|Medicaid funding levels for Puerto Rico; CHIP legislation; H.R. 4667.,,2018-04-20T23:42:00.893000-04:00,180000.0,0.0
6fad2617-30b6-4b85-b880-9445c91996df,2018,Q1,,401103327,OFF HILL STRATEGIES L.L.C.,FL,198595,FINANCIAL OVERSIGHT AND MANAGEMENT BOARD FOR PUERTO RICO,PR,Economic growth and opportunity for the people of Puerto Rico,45000.00,,Economics/Economic Development|Natural Resources|Budget/Appropriations|Medicare/Medicaid|Financial Institutions/Investments/Securities|Disaster Planning/Emergencies|Health Issues,Economic Development in Puerto Rico|Implementation of PROMESA|Disaster Aid for Puerto Rico; Liquidity Needs of Puerto Rico; Funding Caps|Medicaid Funding Levels for Puerto Rico; CHIP Legislation|Liquidity Needs of Puerto Rico,,2018-04-21T23:17:04.423000-04:00,45000.0,0.0
f6de07aa-6013-4342-90d4-d483aabc6cfd,2018,Q1,,400428070,"NATIONAL HEALTH ADVISORS, LLC",DC,190739,MEDICAL CARD SYSTEMS (MCS),PR,Insurance Company,40000.00,,Taxation/Internal Revenue Code|Medicare/Medicaid,"Health care tax issues contained in the Affordable Care Act impacting Puerto Rico, specifically health insurance tax.|Short and long-term Medicaid and Medicare Advantage payments for the Island of Puerto Rico.",,2018-04-23T16:17:22.477000-04:00,40000.0,0.0
f195a8f4-0e01-46a2-a6e8-1fc1282d8de9,2018,Q1,,77754,"OLDAKER & WILLISON, LLP",DC,170099,FIRST BANCORP,PR,Community bank and financial institution,20000.00,,Financial Institutions/Investments/Securities,Legislation to adjust community banks consolidate assets levels set in Dodd-Frank Act.,,2018-04-23T16:27:39.793000-04:00,20000.0,0.0
371fa250-c7ef-459a-9545-337174c042b4,2017,4A,,41454,"WILLIAMS AND JENSEN, PLLC",DC,151588,FINANCIAL OVERSIGHT AND MANAGEMENT BOARD FOR PUERTO RICO,PR,Economic growth and opportunity for the people of Puerto Rico,180000.00,,Financial Institutions/Investments/Securities|Taxation/Internal Revenue Code|Disaster Planning/Emergencies|Environment/Superfund|Education|Budget/Appropriations|Health Issues|Medicare/Medicaid|Natural Resources,"Addressing liquidity needs for Puerto Rico.|H.R. 1, Tax Cuts and Jobs Act; International and domestic tax issues.|Disaster aid for Puerto Rico; Funding limitations and caps; addressing liquidity needs for Puerto Rico; H.R. 4667.|Water quality and infrastructure in Puerto Rico as a result of Hurricane Maria.|Higher education funding.",,2018-06-01T17:37:56.517000-04:00,180000.0,0.0
2b6b1bb7-76e7-468e-bbb3-f756fc57e5ff,2017,RR,,40260,WACHTELL LIPTON ROSEN & KATZ,NY,149703,SCOTIABANK DE PUERTO RICO,PR,bank,,,Government Issues,Lobby the Federal government on issues related to the Commonwealth of Puerto Rico and its instrumentalities.,,2018-06-22T11:37:39-04:00,0.0,0.0
3cc49aee-12f5-448f-a275-6493a23e5196,2017,2T,,401104155,ODONNELL & SON LLC,DC,200868,AIREKO FOUNDATION,PR,Non-Profit,10000.00,,Energy/Nuclear,Puerto Rico Energy Crisis Resolution,,2018-06-26T14:42:42.523000-04:00,10000.0,0.0
e3596fbb-fcef-4d53-9a45-3513a93d53a7,2018,RA,,40260,WACHTELL LIPTON ROSEN & KATZ,NY,149703,SCOTIABANK DE PUERTO RICO,PR,bank,,,Government Issues,Lobby the Federal government on issues related to the Commonwealth of Puerto Rico and its instrumentalities,,2018-06-27T09:10:47-04:00,0.0,0.0
299de2e6-5432-476d-aca5-01d20de05b33,2018,Q2,,322077,"CUMBERLAND NORTH AMERICA, LLC",MD,186959,"MCCONNELL VALDES, LLC ON BEHALF OF SCOTIABANK DE PUERTO RICO",PR,law firm,100000.00,,Energy/Nuclear,Lobby on electricity issues in Puerto Rico.,,2018-07-10T07:43:34.590000-04:00,100000.0,0.0
cc0351ed-67f6-419a-b9c3-55881abf5083,2018,Q2,,322077,"CUMBERLAND NORTH AMERICA, LLC",MD,186958,MCCONNELL VALDES ON BEHALF OF ENGIE NORTH AMERICA,PR,law firm,,,Energy/Nuclear,Lobby in issues related to energy in Puerto Rico.,,2018-07-10T08:00:37.997000-04:00,0.0,0.0
c79d9591-0d78-4ef3-b904-49eb5b6c80bb,2018,Q2,,30906,SQUIRE PATTON BOGGS,DC,137655,"PARA LA NATURALEZA, INC.",PR,Conservation Trust,50000.00,,Agriculture|Taxation/Internal Revenue Code,Reforestation issues stemming from 2017 natural disasters.|Permanent extension of the rum cover over.,,2018-07-11T14:28:11.097000-04:00,50000.0,0.0
4edcf316-3514-4b2d-a469-ae5a5219323d,2018,RR,,401103110,"WORLD PROFESSIONALS GROUP, LLC",PR,197949,"SUPERMERCADOS ECONO, INC.",PR,Food Retail - Supermarkets,,,Agriculture,Additional funding for Puerto Rico in the Farm Bill (S 3042 and HR 2).,,2018-07-11T15:41:30-04:00,0.0,0.0
ad4910f3-71ce-4573-bdca-ab6172fab452,2018,Q2,,400428066,NWG ADVOCACY LLC,FL,190717,HOSPITAL ASSOCIATION OF PUERTO RICO,PR,Serve Puerto Rico's Hospital System and its Members,24000.00,,Health Issues,Medicaid funding,,2018-07-11T21:48:07.427000-04:00,24000.0,0.0
e17c31b1-353f-42de-b22f-0634da740765,2018,Q2,,400428066,NWG ADVOCACY LLC,FL,190719,PUERTO RICO MANUFACTURERS ASSOCIATION,PR,manufacturing trade association,24000.00,,Energy/Nuclear|Taxation/Internal Revenue Code,"energy reform|tax reform
energy reform",,2018-07-11T21:50:09.320000-04:00,24000.0,0.0
309ffa1d-ef5d-44e5-a323-22fca3af342c,2018,Q2Y,,400428066,NWG ADVOCACY LLC,FL,190730,PUERTO RICO PRIVATE SECTOR COALITION,PR,coalition of the thirty business organizations in Puerto Rico,5972.00,,,,,2018-07-11T21:56:15.523000-04:00,5972.0,0.0
f748d423-af2c-4c69-b395-d906eded9313,2018,Q2,,35707,SMITH GARSON,DC,144465,KINESIS FOUNDATION,PR,Municipal Government,20000.00,,Education,Discussion around opportunities for partnerships and funding in Puerto Rico,,2018-07-13T09:51:40.853000-04:00,20000.0,0.0
7a1e135c-f74f-4651-8057-a09a1baa7550,2018,Q2,,40260,WACHTELL LIPTON ROSEN & KATZ,NY,149703,SCOTIABANK DE PUERTO RICO,PR,bank,80000.00,,Energy/Nuclear,Lobby on electricity issues in Puerto Rico,,2018-07-13T13:28:16.020000-04:00,80000.0,0.0
ab8f2476-fc6d-4348-9157-ec29b765a2fe,2018,Q2Y,,11628,"DAVIDOFF HUTCHER & CITRON, LLP",DC,116007,PONCE HEALTH SCIENCES UNIVERSITY,PR,Medical School,,,,,,2018-07-16T12:08:00.147000-04:00,0.0,0.0
e27e0231-5ecd-4d6f-bda7-2a9e9ec09575,2018,Q2,,7268,BROYDRICK & ASSOCIATES,DC,110356,MILWAUKEE METROPOLITAN SEWERAGE DISTRICT,PR,Municipality in Puerto Rico,10000.00,,Utilities|Budget/Appropriations|Clean Air and Water (quality),"WERDA reauthorization. GLRI initiative funding.|Clean Water Trust Fund legislation TIGER Grant and Brownfields grant, Kirk amendment to senate interior appropriations. |Clean Water Trust Fund legislation. S1464.",,2018-07-16T22:08:48.350000-04:00,10000.0,0.0
1a60addc-3fcb-43f0-87d3-ca552e93b561,2018,Q2,,400532589,PRIME POLICY GROUP,DC,192431,"DESTILERIA SERRALLES, INC.",PR,Distiller of rum.,20000.00,,Budget/Appropriations|Taxation/Internal Revenue Code,Appropriations|Tax issues,,2018-07-18T10:42:27.867000-04:00,20000.0,0.0
3dd7da3f-bad5-4618-8e43-a85eaed23d38,2018,Q2,,88278,"UPSTREAM CONSULTING, INC.",VA,173869,CONSERVATION TRUST FUND OF PUERTO RICO,PR,conservation,30000.00,,Taxation/Internal Revenue Code,Issues related to the taxation of rum.,,2018-07-18T15:37:21.150000-04:00,30000.0,0.0
ffac8b85-f201-4300-872e-3e5398bbaa48,2018,Q2,,317355,JOSE FUENTES,DC,186009,"EMPRESAS FONALLEDAS, INC.",PR,Real estate development company.,30000.00,,Taxation/Internal Revenue Code|Budget/Appropriations|Science/Technology,Opportunity Zones.|Hurricane Maria relief.|Arecibo Observatory.,,2018-07-19T11:42:08.647000-04:00,30000.0,0.0
028431af-316e-4273-bf56-c939ace89e01,2018,Q2,,1171,"ALPINE GROUP PARTNERS, LLC.",DC,102148,"LIBERTY CABLEVISION OF PUERTO RICO, LLC",PR,Cable broadband and voice services,50000.00,,Disaster Planning/Emergencies|Budget/Appropriations,"Disaster Relief Appropriations Act of 2017
Additional Supplemental Appropriations for Disaster Relief Requirements Act o|Disaster Relief Appropriations Act of 2017
Additional Supplemental Appropriations for Disaster Relief Requirements Act o",,2018-07-19T13:06:38.413000-04:00,50000.0,0.0
c4de2c9d-b3bd-4156-8948-70de1a5aea9c,2018,Q2,,400531581,POLICY SOLUTIONS LLC,DC,192115,"FOOD INDUSTRY, MARKETING AND DISTRIBUTION CHAMBER (MIDA)",PR,Food Nutrition Policy &amp; Regulations,,,Agriculture,"2018 Farm Bill Draft Language re: SNAP issue, using benefits in restaurants and additional disaster benefits for Puerto ",,2018-07-19T14:40:26.427000-04:00,0.0,0.0
62b6de5f-0172-475c-966e-5e9e7863a537,2018,Q2Y,,400886595,THE ROOSEVELT GROUP,DC,195971,"CCSN, LLC",PR,National border surveillance and security service provider,,,,,,2018-07-19T15:10:49.587000-04:00,0.0,0.0
c0c99605-1a32-49b3-91d9-7eaf0e477608,2018,Q2,,36710,STEPTOE LLP,DC,145737,MEDICAID AND MEDICARE ADVANTAGE PRODUCTS ASSOCIATION OF PUERTO RICO,PR,Health Care Trade Association,70000.00,,Medicare/Medicaid,Issues relating to Puerto Rico health care coverage.,,2018-07-19T16:43:00.970000-04:00,70000.0,0.0
1fdd113a-b2cb-4cee-a2ad-49f06dcc7e29,2018,Q2,,76855,DLA PIPER LLP (US),DC,169485,GOVERNMENT OF PUERTO RICO,PR,Public corporation of the Government of Puerto Rico,70000.00,,Taxation/Internal Revenue Code,"Potential impact of federal tax reform on Puerto Rico's tax revenue base and international competitiveness.
Implementati",,2018-07-19T17:37:57.710000-04:00,70000.0,0.0
b3057106-189f-4c91-9213-6bb0cbbdcb04,2018,Q2,,401103110,"WORLD PROFESSIONALS GROUP, LLC",PR,197949,"SUPERMERCADOS ECONO, INC.",PR,Food Retail - Supermarkets,10000.00,,Agriculture,"S. 3042, Agriculture Improvement Act of 2018 (Farm Bill), H.R. 2  House of Representatives version. Issue: Additional fu",,2018-07-20T10:59:48.803000-04:00,10000.0,0.0
574bb8b3-015f-45e0-8118-695cc139bf52,2018,Q2,,304736,"TARPLIN, DOWNS & YOUNG, LLC",DC,181317,TRIPLE-S MANAGEMENT CORPORATION,PR,Insurance,70000.00,,Natural Resources|Health Issues|Medicare/Medicaid|Budget/Appropriations,"H.R. 5278 - PROMESA, Puerto Rican debt restructuring and economic stabilization|Puerto Rican health system stabilization, Medicaid funding
Health insurance tax
Hurricane response
Emergency Declaration|Medicare Advantage call letter
Puerto Rican health system stabilization
Medicaid cliff, Medicaid bridge funding
Medicare|Budget resolution
Appropriations, continuing resolution, emergency supplemental, hurricane relief
H.R. 1625 - Consolidat",,2018-07-20T11:00:00.443000-04:00,70000.0,0.0
ef064f91-a544-437d-ba04-5638ea13aedc,2018,Q2,,79450,"NYPROCOA, INC.",NY,170568,PARA LA NATURALEZA INC,PR,Conservation and protection of areas of ecological value in Puerto Rico,30000.00,,Taxation/Internal Revenue Code,"Issues related to Tax Extenders and the Rum Tax Cover Over.

Issues related to Congressional Task Force on Economic Grow",,2018-07-20T11:07:03.147000-04:00,30000.0,0.0
fee4779a-8245-43af-afc1-0cc6d994e90b,2018,Q2,,77754,"OLDAKER & WILLISON, LLP",DC,170099,FIRST BANCORP,PR,Community bank and financial institution,,,Financial Institutions/Investments/Securities,Legislation to adjust community banks consolidate assets levels set in Dodd-Frank Act.,,2018-07-20T11:09:30.460000-04:00,0.0,0.0
bc33bbf4-989e-40e0-9c53-4454d34688d9,2018,Q2Y,,41408,WILEY REIN LLP,DC,150958,PUERTO RICO TELEPHONE COMPANY,PR,Telecommunications,90000.00,,,,,2018-07-20T11:40:11.120000-04:00,90000.0,0.0
8d9d9e55-84bb-4953-b524-16e2c67d3cf5,2018,Q2,,400428070,"NATIONAL HEALTH ADVISORS, LLC",DC,190739,MEDICAL CARD SYSTEMS (MCS),PR,Insurance Company,75000.00,,Health Issues|Medicare/Medicaid,Health care policy after Hurricane Maria hit Puerto Rico; rebuilding healthcare infrastructure there.|Short and long-term Medicaid and Medicare Advantage payments for the Island of Puerto Rico.,,2018-07-20T11:47:35.277000-04:00,75000.0,0.0
0c1d31ba-77e7-430b-b943-9f3646e61211,2018,Q2,,41454,"WILLIAMS AND JENSEN, PLLC",DC,151588,FINANCIAL OVERSIGHT AND MANAGEMENT BOARD FOR PUERTO RICO,PR,Economic growth and opportunity for the people of Puerto Rico,180000.00,,Taxation/Internal Revenue Code|Health Issues|Medicare/Medicaid|Education|Disaster Planning/Emergencies|Budget/Appropriations|Natural Resources,"Tax issues relating to economic development in Puerto Rcio.|Medicaid funding levels for Puerto Rico; CHIP legislation.|H.R. 4667, Appropriations implementation.|Higher education funding.|Disaster aid for Puerto Rico; Funding limitations and caps; addressing liquidity needs for Puerto Rico; H.R. 4667, Appro",,2018-07-20T11:54:49.937000-04:00,180000.0,0.0
06a86f7b-abe0-4390-8322-30764563d6e3,2018,Q2Y,,1182,ALSTON & BIRD LLP,DC,102473,AIRPORT SHOPPES CORP,PR,Food service,,,,,,2018-07-20T11:56:04.857000-04:00,0.0,0.0
2db9b3ed-754e-488b-ae19-ee89e208932d,2018,Q2,,21632,KING & SPALDING LLP,DC,128506,"MCS ADVANTAGE, INC.",PR,Healthcare plan provider,70000.00,,Medicare/Medicaid,Issues related to Medicare Advantage reimbursement for Puerto Rico.,,2018-07-20T12:29:20.173000-04:00,70000.0,0.0
42391d95-0279-4c94-a23f-9385a1d7ad4e,2018,Q2,,21632,KING & SPALDING LLP,DC,128507,PUERTO RICO ELECTRIC POWER AUTHORITY (PREPA),PR,Utility provider,90000.00,,Utilities,Post-Hurricane Maria power update,,2018-07-20T12:32:54.033000-04:00,90000.0,0.0
6beca22b-15af-4830-a7b6-112605dc8a6d,2018,Q2,,76992,"CGCN GROUP, LLC",DC,169788,PUERTO RICO DEPARTMENT OF THE TREASURY,PR,Government Agency,108000.00,,Taxation/Internal Revenue Code|Disaster Planning/Emergencies|Health Issues|Medicare/Medicaid|Economics/Economic Development,Tax reform issues related to Puerto Rico.|Appropriations related to hurricane relief and recovery.|Health care reform specifically related to Puerto Rico Medicaid funding.|Medicaid cliff and reimbursement rates.|Economic issues related to Puerto Rico.,,2018-07-20T12:53:18.723000-04:00,108000.0,0.0
add75036-7946-498b-97e0-4a39453b65ad,2018,Q2,,401103327,OFF HILL STRATEGIES L.L.C.,FL,198595,FINANCIAL OVERSIGHT AND MANAGEMENT BOARD FOR PUERTO RICO,PR,Economic growth and opportunity for the people of Puerto Rico,45000.00,,Medicare/Medicaid|Financial Institutions/Investments/Securities|Disaster Planning/Emergencies|Economics/Economic Development|Health Issues|Budget/Appropriations|Natural Resources,Medicaid Funding Levels for Puerto Rico; CHIP Legislation|Liquidity Needs of Puerto Rico|Disaster Aid for Puerto Rico|Economic Development in Puerto Rico|Medicaid funding levels for Puerto Rico; CHIP legislation,,2018-07-20T14:34:45.813000-04:00,45000.0,0.0
fff1d819-d47b-4447-a291-78aa5d09efad,2017,3A,,400428066,NWG ADVOCACY LLC,FL,190719,PUERTO RICO MANUFACTURERS ASSOCIATION,PR,manufacturing trade association,12000.00,,Taxation/Internal Revenue Code|Energy/Nuclear,"tax reform
energy reform|energy reform",,2018-08-06T09:46:58.127000-04:00,12000.0,0.0
9b8d7268-871d-4c9d-9e87-888e2549be80,2017,3A,,400428066,NWG ADVOCACY LLC,FL,190730,PUERTO RICO PRIVATE SECTOR COALITION,PR,coalition of the thirty business organizations in Puerto Rico,25800.00,,Economics/Economic Development,"tax reform
medicaid funding
energy policy",,2018-08-06T09:54:59.843000-04:00,25800.0,0.0
357d2f2c-64b4-4ac0-812d-2b6262828c8c,2018,Q2,,401104560,PRIME STRATEGIES,NY,202043,PONCE HEALTH SCIENCES UNIVERSITY,PR,Medical School,22500.00,,Disaster Planning/Emergencies|Education,disaster relief|Recovery and rebuilding on post Maria Puerto Rico,,2018-08-17T12:59:44.127000-04:00,22500.0,0.0
3676eb18-4d5a-430b-b25a-191635ff1bac,2016,3A,,11628,"DAVIDOFF HUTCHER & CITRON, LLP",DC,116007,PONCE HEALTH SCIENCES UNIVERSITY,PR,Medical School,20000.00,,Accounting|Medicare/Medicaid,"Matters related to economic recovery of Puerto Rico.|Issues relating to reimbursement to hospitals by HHS for salary and other payments to resident physicians.

Matters rela",,2018-09-26T13:46:18.873000-04:00,20000.0,0.0
d143ecf7-d044-4ead-b7d1-59dc19fb272a,2018,Q3,,400428066,NWG ADVOCACY LLC,FL,190717,HOSPITAL ASSOCIATION OF PUERTO RICO,PR,Serve Puerto Rico's Hospital System and its Members,24000.00,,Health Issues,Medicaid funding,,2018-10-01T11:47:13.910000-04:00,24000.0,0.0
9ab3fa6b-911c-40eb-a9e3-ddde6f799731,2018,Q3,,400428066,NWG ADVOCACY LLC,FL,190719,PUERTO RICO MANUFACTURERS ASSOCIATION,PR,manufacturing trade association,24000.00,,Taxation/Internal Revenue Code|Energy/Nuclear,"tax reform
energy reform|energy reform",,2018-10-01T11:48:16.067000-04:00,24000.0,0.0
cde56c4f-50b4-4d39-ae8f-66da4a361aa1,2018,Q3Y,,400428066,NWG ADVOCACY LLC,FL,190730,PUERTO RICO PRIVATE SECTOR COALITION,PR,coalition of the thirty business organizations in Puerto Rico,,,,,,2018-10-01T12:15:43.507000-04:00,0.0,0.0
cd7d1c16-33eb-4dcf-b579-4edb9de78d1d,2018,Q3,,7268,BROYDRICK & ASSOCIATES,DC,110356,MILWAUKEE METROPOLITAN SEWERAGE DISTRICT,PR,Municipality in Puerto Rico,10000.00,,Utilities|Clean Air and Water (quality)|Budget/Appropriations,"GLRI initiative funding.|Clean Water Trust Fund legislation. S1464.|Clean Water Trust Fund legislation. TIGER Grant and Brownfields grant, Kirk amendment to senate interior appropriations.",,2018-10-05T18:28:14.590000-04:00,10000.0,0.0
4a2e7233-e257-4a8e-8eff-23a3f4789826,2018,Q3,,401104560,PRIME STRATEGIES,NY,202043,PONCE HEALTH SCIENCES UNIVERSITY,PR,Medical School,22500.00,,Disaster Planning/Emergencies|Education,disaster relief|Recovery and rebuilding on post Maria Puerto Rico,,2018-10-10T17:09:44.390000-04:00,22500.0,0.0
5c75ea7c-35b4-4c4d-8bc9-0ac833107ea3,2018,Q3,,317355,JOSE FUENTES,DC,186009,"EMPRESAS FONALLEDAS, INC.",PR,Real estate development company.,30000.00,,Taxation/Internal Revenue Code|Budget/Appropriations,Opportunity Zones.|Hurricane Maria relief.,,2018-10-15T13:20:11.903000-04:00,30000.0,0.0
564176fc-11ac-4a96-87ca-d56823d65c99,2018,Q3Y,,35707,SMITH GARSON,DC,144465,KINESIS FOUNDATION,PR,Municipal Government,20000.00,,,,,2018-10-15T13:39:29.593000-04:00,20000.0,0.0
55b966d0-4297-435e-b6eb-e7b86379f61e,2018,Q3,,40260,WACHTELL LIPTON ROSEN & KATZ,NY,149703,SCOTIABANK DE PUERTO RICO,PR,bank,20000.00,,Energy/Nuclear,Lobby on electricity issues in Puerto Rico,,2018-10-16T09:36:59.617000-04:00,20000.0,0.0
df6bd72e-43ca-4cfd-87f6-7c5f2c29f5a6,2018,Q3,,76992,"CGCN GROUP, LLC",DC,169788,PUERTO RICO DEPARTMENT OF THE TREASURY,PR,Government Agency,,,Disaster Planning/Emergencies|Economics/Economic Development|Health Issues|Medicare/Medicaid|Taxation/Internal Revenue Code,Appropriations related to hurricane relief and recovery.|Economic issues related to Puerto Rico.|Health care reform specifically related to Puerto Rico Medicaid funding.|Medicaid cliff and reimbursement rates.|Tax reform issues related to Puerto Rico.,,2018-10-16T21:41:57.457000-04:00,0.0,0.0
729a1389-ad92-403d-aa93-e43b14c0fc74,2018,Q3,,400532589,PRIME POLICY GROUP,DC,192431,"DESTILERIA SERRALLES, INC.",PR,Distiller of rum.,20000.00,,Trade (domestic/foreign)|Taxation/Internal Revenue Code|Budget/Appropriations,Tariffs|Tax issues|Appropriations,,2018-10-17T09:49:27.617000-04:00,20000.0,0.0
cc3ca42c-9c65-4242-8a29-c7d38a137ad9,2018,Q3,,30906,SQUIRE PATTON BOGGS,DC,137655,"PARA LA NATURALEZA, INC.",PR,Conservation Trust,50000.00,,Agriculture|Taxation/Internal Revenue Code|Disaster Planning/Emergencies,Reforestation issues stemming from 2017 natural disasters.|Permanent extension of the rum cover over.|Preservation of historic aqueduct and surrounding area.,,2018-10-17T11:59:29.313000-04:00,50000.0,0.0
426d8c40-559b-4076-bb7b-dbabfd307073,2018,Q3Y,,11628,"DAVIDOFF HUTCHER & CITRON, LLP",DC,116007,PONCE HEALTH SCIENCES UNIVERSITY,PR,Medical School,,,,,,2018-10-17T15:59:50.327000-04:00,0.0,0.0
473d0642-4928-4456-bbad-79608c5a29b6,2018,Q3,,41454,"WILLIAMS AND JENSEN, PLLC",DC,151588,FINANCIAL OVERSIGHT AND MANAGEMENT BOARD FOR PUERTO RICO,PR,Economic growth and opportunity for the people of Puerto Rico,180000.00,,Taxation/Internal Revenue Code|Disaster Planning/Emergencies|Budget/Appropriations|Natural Resources|Health Issues|Medicare/Medicaid,"Tax issues relating to economic development in Puerto Rcio.|Disaster aid for Puerto Rico; Funding limitations and caps; addressing liquidity needs for Puerto Rico; H.R. 4667, Appro|Disaster and other aid for Puerto Rico; Funding limitations and caps; H.R. 4667, Appropriations implementation|Disaster aid for Puerto Rico; Funding limitations and caps; Implementation of PROMESA legislation.  H.R. 4667, Appropria|Medicaid funding levels for Puerto Rico; CHIP legislation.",,2018-10-18T11:56:40.543000-04:00,180000.0,0.0
2d711b4e-4f7b-46f7-a4f5-d002bb6267fe,2018,3T,,322077,"CUMBERLAND NORTH AMERICA, LLC",MD,186959,"MCCONNELL VALDES, LLC ON BEHALF OF SCOTIABANK DE PUERTO RICO",PR,law firm,40000.00,,Energy/Nuclear,Lobby on electricity issues in Puerto Rico.,,2018-10-18T14:39:35.967000-04:00,40000.0,0.0
ef1cd1a3-dbee-4906-bf53-b29cbd1c8bcc,2018,Q3,,322077,"CUMBERLAND NORTH AMERICA, LLC",MD,186958,MCCONNELL VALDES ON BEHALF OF ENGIE NORTH AMERICA,PR,law firm,,,Energy/Nuclear,Lobby in issues related to energy in Puerto Rico.,,2018-10-18T14:44:47.327000-04:00,0.0,0.0
47a8bf25-9013-4160-b147-aff7ec77c30f,2018,Q3,,21632,KING & SPALDING LLP,DC,128507,PUERTO RICO ELECTRIC POWER AUTHORITY (PREPA),PR,Utility provider,110000.00,,Utilities,Post-Hurricane Maria power update,,2018-10-18T15:46:09.847000-04:00,110000.0,0.0
d4436a38-79de-4a37-b5c1-f4e43a71ea2e,2018,Q3,,21632,KING & SPALDING LLP,DC,128506,"MCS ADVANTAGE, INC.",PR,Healthcare plan provider,80000.00,,Medicare/Medicaid,Issues related to Medicare Advantage reimbursement for Puerto Rico.,,2018-10-18T15:59:39.207000-04:00,80000.0,0.0
4dcf7d08-f623-4784-b846-c9f61dbabcfa,2018,Q3,,1171,"ALPINE GROUP PARTNERS, LLC.",DC,102148,"LIBERTY CABLEVISION OF PUERTO RICO, LLC",PR,Cable broadband and voice services,50000.00,,Disaster Planning/Emergencies|Budget/Appropriations,"Disaster Relief Appropriations Act of 2017
Additional Supplemental Appropriations for Disaster Relief Requirements Act o|Disaster Relief Appropriations Act of 2017
Additional Supplemental Appropriations for Disaster Relief Requirements Act o",,2018-10-18T16:21:29.913000-04:00,50000.0,0.0
0c3963be-e794-40d8-a101-dca85a73832d,2018,Q3Y,,1182,ALSTON & BIRD LLP,DC,102473,AIRPORT SHOPPES CORP,PR,Food service,,,,,,2018-10-19T10:46:43.623000-04:00,0.0,0.0
d7d88081-7f51-4c86-b3e1-ce5a9f691035,2018,Q3,,88278,"UPSTREAM CONSULTING, INC.",VA,173869,CONSERVATION TRUST FUND OF PUERTO RICO,PR,conservation,30000.00,,Taxation/Internal Revenue Code,Issues related to the taxation of rum.,,2018-10-19T14:27:25.167000-04:00,30000.0,0.0
5f308d91-37c5-4e20-b9cb-413c8bacf8b9,2018,Q3,,304736,"TARPLIN, DOWNS & YOUNG, LLC",DC,181317,TRIPLE-S MANAGEMENT CORPORATION,PR,Insurance,70000.00,,Medicare/Medicaid|Health Issues|Budget/Appropriations|Natural Resources,"Medicare Advantage call letter
Puerto Rican health system stabilization
Medicaid cliff, Medicaid bridge funding
Medicare|Puerto Rican health system stabilization, Medicaid funding
Health insurance tax
Hurricane response
Emergency Declaration|Budget resolution
Appropriations, continuing resolution, emergency supplemental, hurricane relief
H.R. 1625 - Consolidat|H.R. 5278 - PROMESA, Puerto Rican debt restructuring and economic stabilization",,2018-10-19T16:45:48.137000-04:00,70000.0,0.0
7f91d1f7-3e34-4f83-9c73-7bbfa0625b44,2018,Q3Y,,401103110,"WORLD PROFESSIONALS GROUP, LLC",PR,197949,"SUPERMERCADOS ECONO, INC.",PR,Food Retail - Supermarkets,,,,,,2018-10-19T17:17:07.653000-04:00,0.0,0.0
575f63ca-4ce9-428e-99bf-b9694a494f1f,2018,3TY,,400886595,THE ROOSEVELT GROUP,DC,195971,"CCSN, LLC",PR,National border surveillance and security service provider,,,,,,2018-10-21T09:34:33.577000-04:00,0.0,0.0
2918e501-18b1-4f29-90fd-f54967e157fa,2018,Q3,,400531581,POLICY SOLUTIONS LLC,DC,192115,"FOOD INDUSTRY, MARKETING AND DISTRIBUTION CHAMBER (MIDA)",PR,Food Nutrition Policy &amp; Regulations,,,Agriculture,"2018 Farm Bill Draft Language re: SNAP issue, using benefits in restaurants and additional disaster benefits for Puerto ",,2018-10-21T13:53:52.717000-04:00,0.0,0.0
28ee8d8b-6167-4e7b-96e9-a8b131ad7e63,2018,Q3,,76855,DLA PIPER LLP (US),DC,169485,GOVERNMENT OF PUERTO RICO,PR,Public corporation of the Government of Puerto Rico,70000.00,,Taxation/Internal Revenue Code,"Tax incentive provisions to encourage investment in Puerto Rico.
Implementation of Pub. L. No. 115-97, Tax Cuts and Jobs",,2018-10-21T16:19:06.517000-04:00,70000.0,0.0
bdce7b1f-7eec-49b6-9576-a24d848cd0dd,2018,Q3,,79450,"NYPROCOA, INC.",NY,170568,PARA LA NATURALEZA INC,PR,Conservation and protection of areas of ecological value in Puerto Rico,30000.00,,Taxation/Internal Revenue Code,"Issues related to Tax Extenders and the Rum Tax Cover Over.

Issues related to Congressional Task Force on Economic Grow",,2018-10-22T08:22:27.940000-04:00,30000.0,0.0
3e20b237-d0fb-4dc7-9ab7-87638ef0bef0,2018,Q3Y,,41408,WILEY REIN LLP,DC,150958,PUERTO RICO TELEPHONE COMPANY,PR,Telecommunications,90000.00,,,,,2018-10-22T15:05:51.643000-04:00,90000.0,0.0
c8c9fbf2-7072-420d-ad88-5bd3a18bfb87,2018,Q3,,400428070,"NATIONAL HEALTH ADVISORS, LLC",DC,190739,MEDICAL CARD SYSTEMS (MCS),PR,Insurance Company,25000.00,,Health Issues|Medicare/Medicaid,Health care policy after Hurricane Maria hit Puerto Rico; rebuilding healthcare infrastructure there.|Short and long-term Medicaid and Medicare Advantage payments for the Island of Puerto Rico.,,2018-10-22T16:08:25.463000-04:00,25000.0,0.0
a9ff9eff-33eb-4214-9487-d61e938ca236,2018,RR,,77754,"OLDAKER & WILLISON, LLP",DC,170107,"MEDICAL CARD SYSTEM, INC.",PR,Healthcare,,,Health Issues|Medicare/Medicaid,Short and long-term Medicaid and Medicare Advantage payments for the Island of Puerto Rico. Healthcare policy after Hurr|Short and long-term Medicaid and Medicare Advantage payments for the Island of Puerto Rico. Healthcare policy after Hurr,,2018-10-22T16:21:48-04:00,0.0,0.0
768046e0-bce5-45d2-a2ff-09a3b5a9f80d,2018,Q3Y,,77754,"OLDAKER & WILLISON, LLP",DC,170099,FIRST BANCORP,PR,Community bank and financial institution,,,,,,2018-10-22T16:43:24.357000-04:00,0.0,0.0
9a90fc27-d01d-49f2-b65b-0df4edf654f4,2018,Q3,,36710,STEPTOE LLP,DC,145737,MEDICAID AND MEDICARE ADVANTAGE PRODUCTS ASSOCIATION OF PUERTO RICO,PR,Health Care Trade Association,70000.00,,Medicare/Medicaid,Issues relating to Puerto Rico health care coverage.,,2018-10-22T16:47:46.810000-04:00,70000.0,0.0
461a4b8a-411f-45e7-9169-76a4eced5416,2018,Q3,,401103327,OFF HILL STRATEGIES L.L.C.,FL,198595,FINANCIAL OVERSIGHT AND MANAGEMENT BOARD FOR PUERTO RICO,PR,Economic growth and opportunity for the people of Puerto Rico,45000.00,,Financial Institutions/Investments/Securities|Disaster Planning/Emergencies|Economics/Economic Development|Natural Resources|Health Issues|Medicare/Medicaid|Budget/Appropriations,Liquidity Needs of Puerto Rico|Disaster Aid for Puerto Rico|Economic Development in Puerto Rico|Implementation of PROMESA|Medicaid funding levels for Puerto Rico,,2018-10-22T22:54:02.860000-04:00,45000.0,0.0
ebc32c88-b975-446f-ae02-047ebcf914d3,2018,4TY,,322077,"CUMBERLAND NORTH AMERICA, LLC",MD,186958,MCCONNELL VALDES ON BEHALF OF ENGIE NORTH AMERICA,PR,law firm,,,,,,2018-10-31T11:20:08.077000-04:00,0.0,0.0
26481553-4451-477a-a534-280e584600cd,2018,Q3,,77754,"OLDAKER & WILLISON, LLP",DC,170107,"MEDICAL CARD SYSTEM, INC.",PR,Healthcare,20000.00,,Health Issues|Medicare/Medicaid,Healthcare policy after Hurricane Maria hit Puerto Rico; rebuilding healthcare infrastructure there.|Short and long-term Medicaid and Medicare Advantage payments for the Island of Puerto Rico.,,2018-10-31T12:22:19.147000-04:00,20000.0,0.0
8e257e9a-8aa9-413d-b031-fdb954585b87,2018,Q4,,400428066,NWG ADVOCACY LLC,FL,190717,HOSPITAL ASSOCIATION OF PUERTO RICO,PR,Serve Puerto Rico's Hospital System and its Members,24000.00,,Health Issues,Medicaid funding,,2019-01-04T13:08:17.297000-05:00,24000.0,0.0
4ff0b21e-6232-4be9-acee-7982815e04a8,2018,Q4,,400428066,NWG ADVOCACY LLC,FL,190719,PUERTO RICO MANUFACTURERS ASSOCIATION,PR,manufacturing trade association,24000.00,,Taxation/Internal Revenue Code|Energy/Nuclear,"tax reform
energy reform|energy reform",,2019-01-04T13:09:18.220000-05:00,24000.0,0.0
bd949794-d615-4dbd-94d2-8d08dddb2a1f,2018,Q4Y,,400428066,NWG ADVOCACY LLC,FL,190730,PUERTO RICO PRIVATE SECTOR COALITION,PR,coalition of the thirty business organizations in Puerto Rico,5000.00,,,,,2019-01-04T13:15:21.240000-05:00,5000.0,0.0
b8c3f9e3-6c36-437c-a2c2-9b959703106f,2018,4A,,400428066,NWG ADVOCACY LLC,FL,190719,PUERTO RICO MANUFACTURERS ASSOCIATION,PR,manufacturing trade association,32000.00,,Taxation/Internal Revenue Code|Energy/Nuclear,"tax reform
energy reform|energy reform",,2019-01-05T22:53:23.247000-05:00,32000.0,0.0
0db628a6-c423-4f2b-9e45-abdfd0276caf,2018,RR,,401104581,"TURNBERRY SOLUTIONS, LLC",DC,202084,SUFFOLK ADMINISTRATIVE SERVICES LLC,PR,Administrative services,,,Health Issues,Strategic guidance on issues impacting the Company,,2019-01-08T10:24:06-05:00,0.0,0.0
c544198d-e6f1-45a6-97aa-f30a7d5c148c,2018,Q4Y,,35707,SMITH GARSON,DC,144465,KINESIS FOUNDATION,PR,Municipal Government,10000.00,,,,,2019-01-10T11:41:46.073000-05:00,10000.0,0.0
bbc9114e-e33e-4f6b-9fb0-baed534d74a0,2018,Q4,,88278,"UPSTREAM CONSULTING, INC.",VA,173869,CONSERVATION TRUST FUND OF PUERTO RICO,PR,conservation,30000.00,,Taxation/Internal Revenue Code,Issues related to the taxation of rum.,,2019-01-15T10:12:41.040000-05:00,30000.0,0.0
c1f512a1-a5a5-493d-8302-bab463cf26e3,2018,4T,,1171,"ALPINE GROUP PARTNERS, LLC.",DC,102148,"LIBERTY CABLEVISION OF PUERTO RICO, LLC",PR,Cable broadband and voice services,50000.00,,Disaster Planning/Emergencies|Budget/Appropriations,"Disaster Relief Appropriations Act of 2017
Additional Supplemental Appropriations for Disaster Relief Requirements Act o|Disaster Relief Appropriations Act of 2017
Additional Supplemental Appropriations for Disaster Relief Requirements Act o",,2019-01-15T15:33:54.980000-05:00,50000.0,0.0
83b216dd-ecc1-466c-82e5-f6880274d86f,2018,Q4,,21632,KING & SPALDING LLP,DC,128506,"MCS ADVANTAGE, INC.",PR,Healthcare plan provider,80000.00,,Medicare/Medicaid,Issues related to Medicare Advantage reimbursement for Puerto Rico.,,2019-01-16T12:27:49.630000-05:00,80000.0,0.0
d8b3e291-6a77-48c8-9ad9-af00e3f4ddfd,2018,Q4,,21632,KING & SPALDING LLP,DC,128507,PUERTO RICO ELECTRIC POWER AUTHORITY (PREPA),PR,Utility provider,130000.00,,Utilities,Post-Hurricane Maria power update,,2019-01-16T12:29:53.837000-05:00,130000.0,0.0
2ffca97b-a47c-47a9-a613-9fab1fe41aef,2018,Q4,,30906,SQUIRE PATTON BOGGS,DC,137655,"PARA LA NATURALEZA, INC.",PR,Conservation Trust,50000.00,,Disaster Planning/Emergencies|Agriculture|Taxation/Internal Revenue Code,Preservation of historic aqueduct and surrounding area.|Reforestation issues stemming from 2017 natural disasters.|Permanent extension of the rum cover over.,,2019-01-16T14:14:56.887000-05:00,50000.0,0.0
eb3398e7-bfb9-44f0-8d89-4da028b51676,2018,Q4,,401103110,"WORLD PROFESSIONALS GROUP, LLC",PR,197949,"SUPERMERCADOS ECONO, INC.",PR,Food Retail - Supermarkets,10000.00,,Budget/Appropriations,"H.R. 268 - Supplemental Appropriations Act, 2019. Issue: Additional funding for the Nutritional Assistance Program for P",,2019-01-16T16:25:43.667000-05:00,10000.0,0.0
b67fe00b-c149-4b9d-8830-95bfeed6afdc,2018,Q4,,7268,BROYDRICK & ASSOCIATES,DC,110356,MILWAUKEE METROPOLITAN SEWERAGE DISTRICT,PR,Municipality in Puerto Rico,10000.00,,Utilities|Budget/Appropriations|Clean Air and Water (quality),"GLRI initiative funding.|Clean Water Trust Fund legislation. TIGER Grant and Brownfields grant, Kirk amendment to senate interior appropriations.|Clean Water Trust Fund legislation. S1464.",,2019-01-16T21:37:57.057000-05:00,10000.0,0.0
bb803bcb-d3cc-4218-9426-b9e013eff852,2018,4TY,,11628,"DAVIDOFF HUTCHER & CITRON, LLP",DC,116007,PONCE HEALTH SCIENCES UNIVERSITY,PR,Medical School,,,,,,2019-01-17T15:09:34.247000-05:00,0.0,0.0
39ae3cd5-97c5-4c26-a41b-2537a6d28a69,2018,Q4,,317355,JOSE FUENTES,DC,186009,"EMPRESAS FONALLEDAS, INC.",PR,Real estate development company.,30000.00,,Agriculture|Taxation/Internal Revenue Code|Budget/Appropriations,Puerto Rico Nutrition Assistance Program.|Opportunity Zones and Distressed Zones (HR 6785)|Hurricane Maria relief.,,2019-01-17T15:25:12.960000-05:00,30000.0,0.0
ee576640-9ab4-4866-b2a2-406b42e683f4,2018,Q4,,40260,WACHTELL LIPTON ROSEN & KATZ,NY,149703,SCOTIABANK DE PUERTO RICO,PR,bank,,,Energy/Nuclear,Lobby on electricity issues in Puerto Rico,,2019-01-18T11:19:36.647000-05:00,0.0,0.0
f0a859c4-f612-4b62-9178-bbbe1fed0b79,2018,Q4,,76992,"CGCN GROUP, LLC",DC,169788,PUERTO RICO DEPARTMENT OF THE TREASURY,PR,Government Agency,60000.00,,Disaster Planning/Emergencies|Economics/Economic Development|Taxation/Internal Revenue Code|Health Issues|Medicare/Medicaid,Appropriations related to hurricane relief and recovery.|Economic issues related to Puerto Rico.|Tax reform issues related to Puerto Rico.|Health care reform specifically related to Puerto Rico Medicaid funding.|Medicaid cliff and reimbursement rates.,,2019-01-18T17:03:36.997000-05:00,60000.0,0.0
887f2690-244c-4c1d-951f-83037b2fbfc7,2018,Q4,,304736,"TARPLIN, DOWNS & YOUNG, LLC",DC,181317,TRIPLE-S MANAGEMENT CORPORATION,PR,Insurance,70000.00,,Health Issues|Natural Resources|Medicare/Medicaid|Budget/Appropriations,"Puerto Rican health system stabilization, Medicaid funding
Health insurance tax
Hurricane response
Emergency Declaration|H.R. 5278 - PROMESA, Puerto Rican debt restructuring and economic stabilization|Medicare Advantage call letter
Puerto Rican health system stabilization
Medicaid cliff, Medicaid bridge funding
Medicare|Budget resolution
Appropriations, continuing resolution, emergency supplemental, hurricane relief
H.R. 1625 - Consolidat",,2019-01-18T17:22:31.307000-05:00,70000.0,0.0
fe2d66b7-8f96-4d4f-9a9d-aba5128638ff,2018,Q4,,401104560,PRIME STRATEGIES,NY,202043,PONCE HEALTH SCIENCES UNIVERSITY,PR,Medical School,22500.00,,Education|Disaster Planning/Emergencies,Recovery and rebuilding on post Maria Puerto Rico|disaster relief,,2019-01-19T15:18:41.987000-05:00,22500.0,0.0
186a1445-fd30-4c69-8140-453a0c1c0618,2018,Q4,,400531581,POLICY SOLUTIONS LLC,DC,192115,"FOOD INDUSTRY, MARKETING AND DISTRIBUTION CHAMBER (MIDA)",PR,Food Nutrition Policy &amp; Regulations,,,Agriculture,"2018 Farm Bill Draft Language re: SNAP issue, using benefits in restaurants and additional disaster benefits for Puerto ",,2019-01-21T10:43:41.910000-05:00,0.0,0.0
45d424ff-2526-4778-bbca-1d242c6491e3,2018,Q4,,400532589,PRIME POLICY GROUP,DC,192431,"DESTILERIA SERRALLES, INC.",PR,Distiller of rum.,20000.00,,Trade (domestic/foreign)|Taxation/Internal Revenue Code|Budget/Appropriations,Tariffs|Tax issues|Appropriations,,2019-01-21T23:54:42.700000-05:00,20000.0,0.0
0342c014-c8b6-4148-aa59-38b06275fb97,2018,Q4,,79450,"NYPROCOA, INC.",NY,170568,PARA LA NATURALEZA INC,PR,Conservation and protection of areas of ecological value in Puerto Rico,30000.00,,Taxation/Internal Revenue Code,"Issues related to Tax Extenders and the Rum Tax Cover Over.

Issues related to Congressional Task Force on Economic Grow",,2019-01-22T10:01:00.310000-05:00,30000.0,0.0
d38b99b5-d683-4206-92b4-d93595107e87,2018,Q4Y,,1182,ALSTON & BIRD LLP,DC,102473,AIRPORT SHOPPES CORP,PR,Food service,,,,,,2019-01-22T10:28:58.653000-05:00,0.0,0.0
57374070-d80d-4160-8549-3b63bb41b657,2018,Q4,,36710,STEPTOE LLP,DC,145737,MEDICAID AND MEDICARE ADVANTAGE PRODUCTS ASSOCIATION OF PUERTO RICO,PR,Health Care Trade Association,70000.00,,Medicare/Medicaid,Issues relating to Puerto Rico health care coverage.,,2019-01-22T12:33:28.780000-05:00,70000.0,0.0
ff9ef587-a3fa-42be-ad77-253d3f1e9de0,2018,Q4,,77754,"OLDAKER & WILLISON, LLP",DC,170107,"MEDICAL CARD SYSTEM, INC.",PR,Healthcare,50000.00,,Health Issues|Medicare/Medicaid,Healthcare policy after Hurricane Maria hit Puerto Rico; rebuilding healthcare infrastructure there.|Short and long-term Medicaid and Medicare Advantage payments for the Island of Puerto Rico.,,2019-01-22T14:54:45.653000-05:00,50000.0,0.0
9d264cf6-f856-4207-a533-a2eef37690a9,2018,Q4,,41408,WILEY REIN LLP,DC,150958,PUERTO RICO TELEPHONE COMPANY,PR,Telecommunications,90000.00,,Budget/Appropriations,Disaster relief funding,,2019-01-22T15:06:09.127000-05:00,90000.0,0.0
f677fbe2-936b-4b04-a173-948f245f9092,2018,Q4,,41454,"WILLIAMS AND JENSEN, PLLC",DC,151588,FINANCIAL OVERSIGHT AND MANAGEMENT BOARD FOR PUERTO RICO,PR,Economic growth and opportunity for the people of Puerto Rico,120000.00,,Medicare/Medicaid|Budget/Appropriations|Taxation/Internal Revenue Code|Natural Resources|Disaster Planning/Emergencies|Health Issues,"H.R. 4667, Appropriations implementation.|Disaster and other aid for Puerto Rico; Funding limitations and caps; H.R. 4667, Appropriations implementation|Tax issues relating to economic development in Puerto Rico.|Disaster aid for Puerto Rico; Funding limitations and caps; Implementation of PROMESA legislation.  H.R. 4667, Appropria|Disaster aid for Puerto Rico; Funding limitations and caps; addressing liquidity needs for Puerto Rico; H.R. 4667, Appro",,2019-01-22T15:44:28.487000-05:00,120000.0,0.0
de838a4d-0980-4db9-89d8-2e8b7a31aa24,2018,Q4Y,,77754,"OLDAKER & WILLISON, LLP",DC,170099,FIRST BANCORP,PR,Community bank and financial institution,,,,,,2019-01-22T15:47:58.273000-05:00,0.0,0.0
62bf0163-1743-44f4-a9c2-be5bb4312137,2018,Q4,,401104581,"TURNBERRY SOLUTIONS, LLC",DC,202084,SUFFOLK ADMINISTRATIVE SERVICES LLC,PR,Administrative services,80000.00,,Health Issues,Provide strategic guidance and counsel on health care issues,,2019-01-22T16:57:05.327000-05:00,80000.0,0.0
40ca4cf2-b451-4259-a279-7c70eb36fc01,2018,Q4,,401103327,OFF HILL STRATEGIES L.L.C.,FL,198595,FINANCIAL OVERSIGHT AND MANAGEMENT BOARD FOR PUERTO RICO,PR,Economic growth and opportunity for the people of Puerto Rico,60000.00,,Health Issues|Natural Resources|Disaster Planning/Emergencies|Economics/Economic Development|Medicare/Medicaid|Budget/Appropriations,Medicaid funding levels for Puerto Rico|Implementation of PROMESA|Disaster Aid for Puerto Rico|Economic Development in Puerto Rico|Medicaid Funding Levels for Puerto Rico,,2019-01-22T23:41:09.417000-05:00,60000.0,0.0
98cf7735-d9d4-419a-9476-065afc87e84e,2018,3T,,400428070,"NATIONAL HEALTH ADVISORS, LLC",DC,190739,MEDICAL CARD SYSTEMS (MCS),PR,Insurance Company,25000.00,,Health Issues|Medicare/Medicaid,Health care policy after Hurricane Maria hit Puerto Rico; rebuilding healthcare infrastructure there.|Short and long-term Medicaid and Medicare Advantage payments for the Island of Puerto Rico.,,2019-01-23T17:00:37.933000-05:00,25000.0,0.0
a5f005b2-87dd-403d-a012-d152d9bb0e04,2018,Q4,,76855,DLA PIPER LLP (US),DC,169485,GOVERNMENT OF PUERTO RICO,PR,Public corporation of the Government of Puerto Rico,70000.00,,Taxation/Internal Revenue Code,"Tax incentive provisions to encourage investment in Puerto Rico.
Implementation of Pub. L. No. 115-97, Tax Cuts and Jobs",,2019-01-25T17:24:48.947000-05:00,70000.0,0.0
092bf3ba-32ea-4c9c-88f9-f2d20f52c576,2019,RR,,7257,"BROWNSTEIN HYATT FARBER SCHRECK, LLP",DC,110295,CENTER FOR A NEW ECONOMY,PR,Think tank,,,Government Issues,Issues related to Puerto Rico,,2019-02-15T15:49:02-05:00,0.0,0.0
3aba5702-d7af-4843-a06f-fe1877dd1314,2019,Q1,,400428066,NWG ADVOCACY LLC,FL,190717,HOSPITAL ASSOCIATION OF PUERTO RICO,PR,Serve Puerto Rico's Hospital System and its Members,24000.00,,Health Issues,Medicaid,,2019-04-02T03:18:33.297000-04:00,24000.0,0.0
9628b6de-9a0e-4ef5-8fe4-e24817aad5f4,2019,Q1,,400428066,NWG ADVOCACY LLC,FL,190719,PUERTO RICO MANUFACTURERS ASSOCIATION,PR,manufacturing trade association,24000.00,,Taxation/Internal Revenue Code|Energy/Nuclear,tax policy|electric transition,,2019-04-02T03:20:35.157000-04:00,24000.0,0.0
0aa3622b-600b-4a20-bae1-d284e556ecf5,2019,Q1Y,,400428066,NWG ADVOCACY LLC,FL,190730,PUERTO RICO PRIVATE SECTOR COALITION,PR,coalition of the thirty business organizations in Puerto Rico,6000.00,,,,,2019-04-02T03:24:37.117000-04:00,6000.0,0.0
581c2d5f-9111-4b59-8c38-77978acb05e6,2019,1T,,401104560,PRIME STRATEGIES,NY,202043,PONCE HEALTH SCIENCES UNIVERSITY,PR,Medical School,19000.00,,Education|Disaster Planning/Emergencies,disaster relief|Disaster Relief,,2019-04-08T16:58:24.087000-04:00,19000.0,0.0
28602c79-344e-4aa5-8968-5f7dd21524d8,2019,Q1,,7268,BROYDRICK & ASSOCIATES,DC,110356,MILWAUKEE METROPOLITAN SEWERAGE DISTRICT,PR,Municipality in Puerto Rico,10000.00,,Utilities|Budget/Appropriations|Clean Air and Water (quality),"FY12 Interior-Environment Appropriations Act, State Revolving Loan Fund. Federal appropriations for land conservation fu|FY12 Interior-Environment Appropriations Act, State Revolving Loan Fund. Federal appropriations for land conservation fu|FY12 Interior-Environment Appropriations Act, State Revolving Loan Fund. Federal appropriations for land conservation fu",,2019-04-10T21:41:27.400000-04:00,10000.0,0.0
c2404b71-99b6-4e1e-8b97-e06910df7aae,2019,RR,,401105212,PARK & K PUBLIC AFFAIRS LLC,NY,203408,PONCE HEALTH SCIENCES UNIVERSITY,PR,Medical School,,,Education|Urban Development/Municipalities|Economics/Economic Development|Health Issues|Medicare/Medicaid|Budget/Appropriations,"Disaster Recovery & Redevelopment, Graduate Medical Education issues.|Disaster Recovery & Redevelopment, Graduate Medical Education issues.|Disaster Recovery & Redevelopment, Graduate Medical Education issues.|Disaster Recovery & Redevelopment, Graduate Medical Education issues.|Disaster Recovery & Redevelopment, Graduate Medical Education issues.",,2019-04-11T16:32:43-04:00,0.0,0.0
4849d94f-c6ce-41e2-904c-77a1dabb040c,2019,Q1,,88278,"UPSTREAM CONSULTING, INC.",VA,173869,CONSERVATION TRUST FUND OF PUERTO RICO,PR,conservation,20000.00,,Taxation/Internal Revenue Code,Supporting the rum cover over tax provision to make it a permanent part of IRS code.,,2019-04-12T09:23:56.850000-04:00,20000.0,0.0
ae81c98b-1b39-4801-bc24-29e57c3471ce,2019,Q1,,35707,SMITH GARSON,DC,144465,KINESIS FOUNDATION,PR,Municipal Government,20000.00,,Education,Grant discussion on DRK-12 and ITEST programs,,2019-04-16T08:55:22.523000-04:00,20000.0,0.0
cdca46ce-1dde-41a8-b5a7-2422adf07890,2019,Q1,,30906,SQUIRE PATTON BOGGS,DC,137655,"PARA LA NATURALEZA, INC.",PR,Conservation Trust,50000.00,,Agriculture|Natural Resources|Taxation/Internal Revenue Code|Disaster Planning/Emergencies,Reforestation issues stemming from 2017 natural disasters.|Reforestation issues stemming from 2017 natural disasters.|Permanent extension of the rum cover over.|Preservation of historic aqueduct and surrounding area.,,2019-04-16T11:57:07.543000-04:00,50000.0,0.0
c058219d-17b4-4a30-bba5-91f185397a4a,2019,Q1Y,,40260,WACHTELL LIPTON ROSEN & KATZ,NY,149703,SCOTIABANK DE PUERTO RICO,PR,bank,,,,,,2019-04-17T10:32:42.307000-04:00,0.0,0.0
3b182a17-3a42-4b6f-a362-41ab3573b735,2019,Q1,,77754,"OLDAKER & WILLISON, LLP",DC,170107,"MEDICAL CARD SYSTEM, INC.",PR,Healthcare,40000.00,,Medicare/Medicaid|Health Issues,Healthcare policy after Hurricane Maria hit Puerto Rico; rebuilding healthcare infrastructure there|Healthcare policy after Hurricane Maria hit Puerto Rico; rebuilding healthcare infrastructure there,,2019-04-18T11:35:23.713000-04:00,40000.0,0.0
22da72b1-71c7-4a0c-90dc-de48e2072681,2019,Q1,,304736,"TARPLIN, DOWNS & YOUNG, LLC",DC,181317,TRIPLE-S MANAGEMENT CORPORATION,PR,Insurance,70000.00,,Natural Resources|Budget/Appropriations|Health Issues|Medicare/Medicaid,"Puerto Rican debt restructuring and economic stabilization|Budget resolution
Appropriations, continuing resolution, emergency supplemental, hurricane relief
H.J.Res. 31 - Consolid|Puerto Rican health system stabilization, Medicaid funding
Health insurance tax
Hurricane response
Emergency Declaration|Medicare Advantage call letter
Puerto Rican health system stabilization
Medicaid cliff, Medicaid bridge funding
Medicare",,2019-04-18T17:02:23.883000-04:00,70000.0,0.0
f4a50fba-a451-4968-baef-2acd8d7dee3c,2019,Q1,,76992,"CGCN GROUP, LLC",DC,169788,PUERTO RICO DEPARTMENT OF THE TREASURY,PR,Government Agency,180000.00,,Health Issues|Taxation/Internal Revenue Code|Economics/Economic Development|Medicare/Medicaid|Disaster Planning/Emergencies,"Health care reform specifically related to Puerto Rico Medicaid funding.|Tax reform issues related to Puerto Rico.|Economic issues related to Puerto Rico.|Medicaid cliff and reimbursement rates.|Appropriations related to hurricane relief and recovery;
Funding related to supplemental food assistance - disaster reli",,2019-04-19T12:21:42.893000-04:00,180000.0,0.0
242c0f78-0c73-421b-b6f8-91dd2eb820cc,2019,Q1,,36710,STEPTOE LLP,DC,145737,MEDICAID AND MEDICARE ADVANTAGE PRODUCTS ASSOCIATION OF PUERTO RICO,PR,Health Care Trade Association,70000.00,,Medicare/Medicaid,Issues relating to Puerto Rico health care coverage.,,2019-04-19T18:15:54.277000-04:00,70000.0,0.0
ff8bc141-53ea-4944-8472-997a8e8abd38,2019,Q1,,400531581,POLICY SOLUTIONS LLC,DC,192115,"FOOD INDUSTRY, MARKETING AND DISTRIBUTION CHAMBER (MIDA)",PR,Food Nutrition Policy &amp; Regulations,,,Agriculture,"Farm Bill Draft Language re: SNAP issue, using benefits in restaurants;
Hurricane Maria disaster relief, specifically, a",,2019-04-21T21:29:30.827000-04:00,0.0,0.0
f8a3f12e-0a49-4f0d-b22e-f3087289e3a9,2019,1T,,41454,"WILLIAMS AND JENSEN, PLLC",DC,151588,FINANCIAL OVERSIGHT AND MANAGEMENT BOARD FOR PUERTO RICO,PR,Economic growth and opportunity for the people of Puerto Rico,40000.00,,Medicare/Medicaid|Taxation/Internal Revenue Code|Health Issues|Budget/Appropriations|Natural Resources|Disaster Planning/Emergencies,Appropriations Implementation.|Tax issues relating to economic development in Puerto Rico.|Medicaid Funding levels for Puerto Rico; CHIP legislation.|Disaster and other Aid for Puerto Rico; Funding limitations and caps; Appropriations implementation.|Disaster Aid for Puerto Rico; Funding limitations and caps; Implementation of PROMESA legislation; Appropriations Implem,,2019-04-22T09:25:26.183000-04:00,40000.0,0.0
f36eae0b-1186-4b4f-a435-1ef354d172a7,2019,Q1,,21632,KING & SPALDING LLP,DC,128507,PUERTO RICO ELECTRIC POWER AUTHORITY (PREPA),PR,Utility provider,200000.00,,Utilities,Post-Hurricane Maria power update,,2019-04-22T10:12:17.367000-04:00,200000.0,0.0
b6695c4e-63d1-4529-a360-70a4250643a4,2019,Q1,,21632,KING & SPALDING LLP,DC,128506,"MCS ADVANTAGE, INC.",PR,Healthcare plan provider,80000.00,,Medicare/Medicaid,Issues related to Medicare Advantage reimbursement for Puerto Rico,,2019-04-22T10:16:48.307000-04:00,80000.0,0.0
9112b33e-fab3-455b-8fe5-d90bc4911148,2019,Q1,,317355,JOSE FUENTES,DC,186009,"EMPRESAS FONALLEDAS, INC.",PR,Real estate development company.,40000.00,,Agriculture|Taxation/Internal Revenue Code|Medicare/Medicaid,"Puerto Rico Nutrition Assistance Program.|Child Tax Credit (CTC), H.R. 302, H.R. 1560, S. 698, S. 690, S. 1138|Issues related to Puerto Rico Medicare and Medicaid.",,2019-04-22T10:57:26.890000-04:00,40000.0,0.0
5d812643-d516-4e64-bf49-566944db2fb7,2019,Q1Y,,1182,ALSTON & BIRD LLP,DC,102473,AIRPORT SHOPPES CORP,PR,Food service,,,,,,2019-04-22T11:08:35.150000-04:00,0.0,0.0
3f270355-7416-4432-b6af-7fbddf99b7b1,2019,Q1,,79450,"NYPROCOA, INC.",NY,170568,PARA LA NATURALEZA INC,PR,Conservation and protection of areas of ecological value in Puerto Rico,50000.00,,Taxation/Internal Revenue Code,"H.R.1786, To amend the Internal Revenue Code of 1986 to repeal the limitation on the cover over of distilled spirits tax",,2019-04-22T12:46:21.300000-04:00,50000.0,0.0
7faae78a-de61-4e36-a030-e4e514257c57,2019,1TY,,41408,WILEY REIN LLP,DC,150958,PUERTO RICO TELEPHONE COMPANY,PR,Telecommunications,,,,,,2019-04-22T13:26:47.710000-04:00,0.0,0.0
eac6202a-2a79-4619-b05f-4187cf9fa481,2019,Q1,,401103327,OFF HILL STRATEGIES L.L.C.,FL,198595,FINANCIAL OVERSIGHT AND MANAGEMENT BOARD FOR PUERTO RICO,PR,Economic growth and opportunity for the people of Puerto Rico,42600.00,,Medicare/Medicaid|Budget/Appropriations|Natural Resources|Disaster Planning/Emergencies|Economics/Economic Development|Health Issues,Medicaid Funding Levels for Puerto Rico|Disaster Aid for Puerto Rico and Funding Caps|Implementation of PROMESA|Disaster Aid for Puerto Rico|Economic Development in Puerto Rico,,2019-04-22T13:49:02.183000-04:00,42600.0,0.0
f6f7bc13-a0b2-49d6-ac05-2790c565850f,2019,Q1Y,,77754,"OLDAKER & WILLISON, LLP",DC,170099,FIRST BANCORP,PR,Community bank and financial institution,,,,,,2019-04-22T15:02:08.530000-04:00,0.0,0.0
d8b9590f-3575-41f5-9c2d-012949ea2466,2019,Q1,,7257,"BROWNSTEIN HYATT FARBER SCHRECK, LLP",DC,110295,CENTER FOR A NEW ECONOMY,PR,Think tank,30000.00,,Government Issues,Issues related to Puerto Rico,,2019-04-22T16:32:55.977000-04:00,30000.0,0.0
e8cf78fd-2e8a-4848-919f-16cb3de31078,2019,Q1,,401103110,"WORLD PROFESSIONALS GROUP, LLC",PR,197949,"SUPERMERCADOS ECONO, INC.",PR,Food Retail - Supermarkets,40000.00,,Budget/Appropriations,"H.R. 268 - Supplemental Appropriations Act, 2019. Issue: Additional funding for the Nutritional Assistance Program for P",,2019-04-22T16:41:12.180000-04:00,40000.0,0.0
c99c301c-f083-4922-8e0f-a2bf47d6ff29,2019,Q1,,401104581,"TURNBERRY SOLUTIONS, LLC",DC,202084,SUFFOLK ADMINISTRATIVE SERVICES LLC,PR,Administrative services,80000.00,,Health Issues,Provide strategic guidance and counsel on health care issues,,2019-04-22T18:04:58.987000-04:00,80000.0,0.0
7df73e97-b11b-4ea5-bdd6-bd44175311d2,2019,Q1,,400532589,PRIME POLICY GROUP,DC,192431,"DESTILERIA SERRALLES, INC.",PR,Distiller of rum.,20000.00,,Trade (domestic/foreign)|Taxation/Internal Revenue Code|Budget/Appropriations,Tariffs|Tax issues|Appropriations,,2019-04-22T21:20:10.677000-04:00,20000.0,0.0
a97bb031-5c00-4eb9-9c9e-6a5f400cd311,2019,Q1,,76855,DLA PIPER LLP (US),DC,169485,GOVERNMENT OF PUERTO RICO,PR,Public corporation of the Government of Puerto Rico,210000.00,,Taxation/Internal Revenue Code,"Tax incentive provisions to encourage investment in Puerto Rico.
Implementation of Pub. L. No. 115-97, Tax Cuts and Jobs",,2019-04-25T18:00:09.057000-04:00,210000.0,0.0
e450ad7e-4034-452a-9b55-515e329f096f,2019,RR,,36710,STEPTOE LLP,DC,145778,"PUMA ENERGY CARIBE, LLC",PR,Energy company,,,Energy/Nuclear,Issues relating to energy policy in Puerto Rico,,2019-05-01T16:17:27-04:00,0.0,0.0
e1a41b05-c829-43b1-b109-339b6b0a38d7,2019,Q1,,401105212,PARK & K PUBLIC AFFAIRS LLC,NY,203408,PONCE HEALTH SCIENCES UNIVERSITY,PR,Medical School,12500.00,,Economics/Economic Development,Post Maria Redevelopment & Recovery of PR campus,,2019-05-14T11:00:38.610000-04:00,12500.0,0.0
b49481be-0591-474d-a575-54158b6aaf6c,2019,Q1,,401104560,PRIME STRATEGIES,NY,202043,PONCE HEALTH SCIENCES UNIVERSITY,PR,Medical School,25000.00,,Education|Disaster Planning/Emergencies,post Maria recovery and redevelopment|Post Maria recovery and redevelopment,,2019-05-14T11:27:41.013000-04:00,25000.0,0.0
f61592ef-f0da-4150-9d9d-f17467f71828,2019,RR,,313715,CAPITOL COUNSEL LLC,DC,184644,PUERTO RICO OFFICE OF MANAGEMENT AND BUDGET,PR,Oversight of Puerto Ricos budget.,,,Economics/Economic Development,Federal policy issues and their economic impact on Puerto Rico.,,2019-06-11T14:54:48-04:00,0.0,0.0
8869ef5f-9c02-4769-b2b9-5e135236fd09,2019,Q2,,400428066,NWG ADVOCACY LLC,FL,190717,HOSPITAL ASSOCIATION OF PUERTO RICO,PR,Serve Puerto Rico's Hospital System and its Members,24000.00,,Health Issues,Medicaid,,2019-07-03T10:45:35.660000-04:00,24000.0,0.0
2e448954-d581-4606-a69b-609518c235dd,2019,Q2,,400428066,NWG ADVOCACY LLC,FL,190719,PUERTO RICO MANUFACTURERS ASSOCIATION,PR,manufacturing trade association,24000.00,,Taxation/Internal Revenue Code|Energy/Nuclear,tax policy|electric transition,,2019-07-03T10:46:36.913000-04:00,24000.0,0.0
0fd66210-a9b6-4402-b4cc-6790c731e59c,2019,Q2Y,,400428066,NWG ADVOCACY LLC,FL,190730,PUERTO RICO PRIVATE SECTOR COALITION,PR,coalition of the thirty business organizations in Puerto Rico,,,,,,2019-07-03T10:49:41.417000-04:00,0.0,0.0
7e375810-42db-4cb5-a128-f2d5af779143,2019,2TY,,40260,WACHTELL LIPTON ROSEN & KATZ,NY,149703,SCOTIABANK DE PUERTO RICO,PR,bank,,,,,,2019-07-08T13:25:37.570000-04:00,0.0,0.0
a43b6ca2-d098-4f1d-b34f-c79abb473c76,2019,Q2Y,,35707,SMITH GARSON,DC,144465,KINESIS FOUNDATION,PR,Municipal Government,20000.00,,,,,2019-07-11T11:42:27.797000-04:00,20000.0,0.0
fcc4c7e8-c4b4-4bef-a4d6-f584151f81cf,2019,RR,,35707,SMITH GARSON,DC,144485,RE-SYNTH INTERNATIONAL,PR,Waste technology company,,,Waste (hazardous/solid/interstate/nuclear),Waste to energy and other useful outputs technology policy and opportunities,,2019-07-11T16:08:21-04:00,0.0,0.0
848bb967-d231-4933-9eb2-a977d6e0e8be,2019,Q2,,35707,SMITH GARSON,DC,144485,RE-SYNTH INTERNATIONAL,PR,Waste technology company,30000.00,,Waste (hazardous/solid/interstate/nuclear),"Information on technology certification
Understanding federal recycling policy
Discussions on waste to energy issues",,2019-07-15T11:51:30.410000-04:00,30000.0,0.0
3c5519cb-1704-4649-9fc4-8028ff1ee550,2019,Q2,,30906,SQUIRE PATTON BOGGS,DC,137655,"PARA LA NATURALEZA, INC.",PR,Conservation Trust,50000.00,,Disaster Planning/Emergencies|Agriculture|Taxation/Internal Revenue Code|Natural Resources,Preservation of historic aqueduct and surrounding area.|Reforestation issues stemming from 2017 natural disasters.|Permanent extension of the rum cover over.|Reforestation issues stemming from 2017 natural disasters.,,2019-07-16T10:31:46.683000-04:00,50000.0,0.0
e302304d-ef03-462e-b14f-4b1f12662393,2019,2T,,77754,"OLDAKER & WILLISON, LLP",DC,170107,"MEDICAL CARD SYSTEM, INC.",PR,Healthcare,25681.00,,Health Issues|Medicare/Medicaid,Healthcare policy after Hurricane Maria hit Puerto Rico; rebuilding healthcare infrastructure there|Healthcare policy after Hurricane Maria hit Puerto Rico; rebuilding healthcare infrastructure there,,2019-07-17T09:34:30.800000-04:00,25681.0,0.0
5f2ae252-23c5-41c8-a60c-d5512437edb0,2019,RR,,400520535,JASON UNDERWOOD,KY,192052,SERRALLES DISTILLERY,PR,Rum distiller,,,Taxation/Internal Revenue Code|Manufacturing,The rum cover over program|The rum cover over program,,2019-07-17T16:59:08-04:00,0.0,0.0
ec8121f7-912e-4ebc-8f9c-b898505ed131,2019,Q2Y,,77754,"OLDAKER & WILLISON, LLP",DC,170099,FIRST BANCORP,PR,Community bank and financial institution,,,,,,2019-07-18T15:22:35.287000-04:00,0.0,0.0
bcf628b9-fe12-4165-9ecc-1631635957d4,2019,Q2,,21632,KING & SPALDING LLP,DC,128507,PUERTO RICO ELECTRIC POWER AUTHORITY (PREPA),PR,Utility provider,240000.00,,Utilities,Post-Hurricane Maria power update,,2019-07-18T18:14:14.690000-04:00,240000.0,0.0
7e97e777-a3ee-48eb-887b-bea7c0fcef65,2019,Q2,,21632,KING & SPALDING LLP,DC,128506,"MCS ADVANTAGE, INC.",PR,Healthcare plan provider,70000.00,,Medicare/Medicaid,Issues related to Medicare Advantage reimbursement for Puerto Rico,,2019-07-18T18:20:16.143000-04:00,70000.0,0.0
022ae904-2957-480e-8fce-f1c5304ffcf2,2019,Q2,,7268,BROYDRICK & ASSOCIATES,DC,110356,MILWAUKEE METROPOLITAN SEWERAGE DISTRICT,PR,Municipality in Puerto Rico,20000.00,,Utilities|Budget/Appropriations|Clean Air and Water (quality),"FY12 Interior-Environment Appropriations Act, State Revolving Loan Fund. Federal appropriations for land conservation fu|FY12 Interior-Environment Appropriations Act, State Revolving Loan Fund. Federal appropriations for land conservation fu|FY12 Interior-Environment Appropriations Act, State Revolving Loan Fund. Federal appropriations for land conservation fu",,2019-07-18T21:33:12.737000-04:00,20000.0,0.0
15f48844-d577-49f3-88ae-c3c300d2ea68,2019,Q2,,317355,JOSE FUENTES,DC,186009,"EMPRESAS FONALLEDAS, INC.",PR,Real estate development company.,30000.00,,Taxation/Internal Revenue Code|Agriculture|Medicare/Medicaid,"Child Tax Credit (CTC), H.R. 302, H.R. 1560, S. 698, S. 690, S. 1138; Earned Income Tax Credit|Puerto Rico Nutrition Assistance Program.|Issues related to Puerto Rico Medicare and Medicaid.",,2019-07-19T08:30:01.633000-04:00,30000.0,0.0
3ce4d94b-1936-4485-b4b6-37609ebf91de,2019,Q2,,76992,"CGCN GROUP, LLC",DC,169788,PUERTO RICO DEPARTMENT OF THE TREASURY,PR,Government Agency,180000.00,,Taxation/Internal Revenue Code|Disaster Planning/Emergencies|Health Issues|Medicare/Medicaid|Economics/Economic Development,"Tax reform issues related to Puerto Rico.|Appropriations related to hurricane relief and recovery;
Funding related to supplemental food assistance - disaster reli|Health care reform specifically related to Puerto Rico Medicaid funding.|Medicaid cliff and reimbursement rates.|Economic issues related to Puerto Rico.",,2019-07-19T11:31:51.030000-04:00,180000.0,0.0
6ad1882a-1902-4a3e-bdae-d4f727135036,2019,2T,,36710,STEPTOE LLP,DC,145778,"PUMA ENERGY CARIBE, LLC",PR,Energy company,10000.00,,Energy/Nuclear,Issues relating to energy policy in Puerto Rico,,2019-07-19T14:33:14.770000-04:00,10000.0,0.0
36017802-6c02-4375-896a-8f445a738667,2019,Q2,,304736,"TARPLIN, DOWNS & YOUNG, LLC",DC,181317,TRIPLE-S MANAGEMENT CORPORATION,PR,Insurance,70000.00,,Budget/Appropriations|Health Issues|Natural Resources|Medicare/Medicaid,"Budget resolution
Appropriations, continuing resolution, emergency supplemental, hurricane relief
H.R. 2740 - HHS Approp|Puerto Rican health system stabilization, Medicaid funding
Health insurance tax
Hurricane response
Emergency Declaration|Puerto Rican debt restructuring and economic stabilization|Medicare Advantage call letter
Puerto Rican health system stabilization
Medicaid cliff, Medicaid bridge funding
Medicare",,2019-07-19T16:26:31.237000-04:00,70000.0,0.0
24ab3e53-c13f-4d76-a09b-7e5ef2c95622,2019,Q2,,401105212,PARK & K PUBLIC AFFAIRS LLC,NY,203408,PONCE HEALTH SCIENCES UNIVERSITY,PR,Medical School,37500.00,,Economics/Economic Development,Post Maria Redevelopment & Recovery of PR campus,,2019-07-20T10:30:41.807000-04:00,37500.0,0.0
6571f544-5830-4b3e-87bb-a1c6de7467bb,2019,Q2,,313715,CAPITOL COUNSEL LLC,DC,184644,PUERTO RICO OFFICE OF MANAGEMENT AND BUDGET,PR,Oversight of Puerto Ricos budget.,60000.00,,Taxation/Internal Revenue Code,Federal policy issues and their economic impact on Puerto Rico.,,2019-07-20T19:18:19.183000-04:00,60000.0,0.0
38f66ecf-9899-48e1-9be3-ef1b3b48e978,2019,Q2,,400531581,POLICY SOLUTIONS LLC,DC,192115,"FOOD INDUSTRY, MARKETING AND DISTRIBUTION CHAMBER (MIDA)",PR,Food Nutrition Policy &amp; Regulations,,,Agriculture,"Farm Bill Draft Language re: SNAP issue, using benefits in restaurants;
Hurricane Maria disaster relief, specifically, a",,2019-07-20T20:08:42.067000-04:00,0.0,0.0
8fb645b1-77e7-4b9f-a0ec-fcc6c3412054,2019,Q2,,7257,"BROWNSTEIN HYATT FARBER SCHRECK, LLP",DC,110295,CENTER FOR A NEW ECONOMY,PR,Think tank,30000.00,,Government Issues,Issues related to Puerto Rico,,2019-07-21T14:44:47.887000-04:00,30000.0,0.0
d9b028b1-5fe5-4388-999f-a01671baacc0,2019,Q2,,36710,STEPTOE LLP,DC,145737,MEDICAID AND MEDICARE ADVANTAGE PRODUCTS ASSOCIATION OF PUERTO RICO,PR,Health Care Trade Association,70000.00,,Medicare/Medicaid,Issues relating to Puerto Rico health care coverage.,,2019-07-21T19:20:00.477000-04:00,70000.0,0.0
20ac7b12-2614-4939-b9d4-16ae840519f5,2019,Q2,,401103327,OFF HILL STRATEGIES L.L.C.,FL,198595,FINANCIAL OVERSIGHT AND MANAGEMENT BOARD FOR PUERTO RICO,PR,Economic growth and opportunity for the people of Puerto Rico,42600.00,,Disaster Planning/Emergencies|Economics/Economic Development|Health Issues|Medicare/Medicaid|Budget/Appropriations|Natural Resources,Disaster Aid for Puerto Rico|Economic Development in Puerto Rico|Medicaid funding levels for Puerto Rico|Medicaid Funding Levels for Puerto Rico|Disaster Aid for Puerto Rico and Funding Caps,,2019-07-21T21:28:12.460000-04:00,42600.0,0.0
6b92b62d-1d9a-483b-bd14-b4f3a6b6269f,2019,2T,,79450,"NYPROCOA, INC.",NY,170568,PARA LA NATURALEZA INC,PR,Conservation and protection of areas of ecological value in Puerto Rico,40000.00,,Taxation/Internal Revenue Code,"H.R.1786, To amend the Internal Revenue Code of 1986 to repeal the limitation on the cover over of distilled spirits tax",,2019-07-22T09:46:46.213000-04:00,40000.0,0.0
b614db64-65f4-4d1e-8e2f-c5b8742ba9b1,2019,Q2Y,,1182,ALSTON & BIRD LLP,DC,102473,AIRPORT SHOPPES CORP,PR,Food service,,,,,,2019-07-22T11:11:59.050000-04:00,0.0,0.0
39a9f415-673b-4688-9b86-2dce188b3ade,2019,RR,,400532589,PRIME POLICY GROUP,DC,192476,FOUR WINDS LLC,PR,Housing Development,,,Economics/Economic Development|Housing,Disaster relief reconstruction; job development|Disaster relief reconstruction; job development,,2019-07-22T12:52:52-04:00,0.0,0.0
48301e44-a301-4c9e-a86e-8f926ea877f1,2019,Q2Y,,401103110,"WORLD PROFESSIONALS GROUP, LLC",PR,197949,"SUPERMERCADOS ECONO, INC.",PR,Food Retail - Supermarkets,,,,,,2019-07-22T15:30:13.623000-04:00,0.0,0.0
98d786ee-6b24-4866-82c5-d0c32b40d8e4,2019,Q2,,401104581,"TURNBERRY SOLUTIONS, LLC",DC,202084,SUFFOLK ADMINISTRATIVE SERVICES LLC,PR,Administrative services,80000.00,,Health Issues,Provide strategic guidance and counsel on health care issues,,2019-07-22T16:23:16.880000-04:00,80000.0,0.0
9bcba20a-1246-49b4-9503-b726f2e93601,2019,Q2,,76855,DLA PIPER LLP (US),DC,169485,GOVERNMENT OF PUERTO RICO,PR,Public corporation of the Government of Puerto Rico,340000.00,,Taxation/Internal Revenue Code,Tax incentive provisions to encourage investment in Puerto Rico/U.S.V.I including the tourism tax credit and Opportunity,,2019-07-22T18:07:49.697000-04:00,340000.0,0.0
8fd8278b-d3eb-4a2d-b8c0-88e5eacbce7a,2019,Q2,,400532589,PRIME POLICY GROUP,DC,192431,"DESTILERIA SERRALLES, INC.",PR,Distiller of rum.,20000.00,,Trade (domestic/foreign)|Taxation/Internal Revenue Code|Budget/Appropriations,Tariffs|Tax issues|Appropriations,,2019-07-22T21:24:54.737000-04:00,20000.0,0.0
c0fe373d-dd91-4328-bd8d-a6f69c539183,2019,2TY,,401104560,PRIME STRATEGIES,NY,202043,PONCE HEALTH SCIENCES UNIVERSITY,PR,Medical School,,,,,,2019-09-05T14:43:23.610000-04:00,0.0,0.0
b5e86cc8-de97-437b-88ee-4c7d23b3fbdf,2019,RR,,72053,CAPITOL HILL CONSULTING GROUP,DC,165752,PRIVATE ALLIANCE FOR ECONOMIC GROWTH OF PUERTO RICO,PR,Promote investment and initiatives to help Puerto Rico's recovery.,,,Manufacturing|Financial Institutions/Investments/Securities|Taxation/Internal Revenue Code|Economics/Economic Development,Puerto Rico economic development.|Puerto Rico economic development.|Puerto Rico economic development.|Puerto Rico economic development.,,2019-10-08T13:29:27-04:00,0.0,0.0
fafe003a-6af3-42c6-b89b-b672ffd6d452,2019,RR,,72053,CAPITOL HILL CONSULTING GROUP,DC,165758,"MCS HEALTHCARE HOLDINGS, LLC",PR,Health Insurance Company,,,Medicare/Medicaid|Government Issues,"Medicaid funding cliff, Puerto Rico MA rates, Medicare Part B buy-in.|Medicaid funding cliff, Puerto Rico MA rates, Medicare Part B buy-in.",,2019-10-08T14:26:32-04:00,0.0,0.0
b7a4d2d1-2213-4c1e-a17c-ca883b480ace,2019,Q3,,400428066,NWG ADVOCACY LLC,FL,190717,HOSPITAL ASSOCIATION OF PUERTO RICO,PR,Serve Puerto Rico's Hospital System and its Members,24000.00,,Health Issues,Medicaid,,2019-10-11T13:34:01.423000-04:00,24000.0,0.0
e2f8beea-b3f4-489b-8165-ccea41c1241f,2019,Q3,,400428066,NWG ADVOCACY LLC,FL,190719,PUERTO RICO MANUFACTURERS ASSOCIATION,PR,manufacturing trade association,24000.00,,Taxation/Internal Revenue Code|Energy/Nuclear,tax policy|electric transition,,2019-10-11T13:35:02.473000-04:00,24000.0,0.0
90a07c7f-7817-4645-8b80-9b7e207953ff,2019,Q3Y,,400428066,NWG ADVOCACY LLC,FL,190730,PUERTO RICO PRIVATE SECTOR COALITION,PR,coalition of the thirty business organizations in Puerto Rico,,,,,,2019-10-11T13:38:08.023000-04:00,0.0,0.0
04c08ac0-ab40-4b2b-82ef-6f19afe31f64,2019,3TY,,401103110,"WORLD PROFESSIONALS GROUP, LLC",PR,197949,"SUPERMERCADOS ECONO, INC.",PR,Food Retail - Supermarkets,,,,,,2019-10-15T11:29:49.087000-04:00,0.0,0.0
32568c60-22cb-4781-9cc3-5cf5e3eef20b,2019,Q3,,35707,SMITH GARSON,DC,144485,RE-SYNTH INTERNATIONAL,PR,Waste technology company,20000.00,,Waste (hazardous/solid/interstate/nuclear),"Information on technology certification
Understanding federal recycling policy
Discussions on waste to energy issues",,2019-10-15T14:58:16.773000-04:00,20000.0,0.0
75c8611a-7d4f-43b9-971e-399843c23acb,2019,Q3Y,,35707,SMITH GARSON,DC,144465,KINESIS FOUNDATION,PR,Municipal Government,10000.00,,,,,2019-10-15T15:03:23.667000-04:00,10000.0,0.0
07d4c226-ca6c-4628-bd6a-8174ec75d194,2019,Q3,,7268,BROYDRICK & ASSOCIATES,DC,110356,MILWAUKEE METROPOLITAN SEWERAGE DISTRICT,PR,Municipality in Puerto Rico,10000.00,,Utilities|Budget/Appropriations|Clean Air and Water (quality),"FY12 Interior-Environment Appropriations Act, State Revolving Loan Fund. Federal appropriations for land conservation fu|FY12 Interior-Environment Appropriations Act, State Revolving Loan Fund. Federal appropriations for land conservation fu|FY12 Interior-Environment Appropriations Act, State Revolving Loan Fund. Federal appropriations for land conservation fu",,2019-10-15T16:07:39.767000-04:00,10000.0,0.0
dc1e85ff-13fd-4e3c-b7ee-090a397fa7f8,2019,Q3,,30906,SQUIRE PATTON BOGGS,DC,137655,"PARA LA NATURALEZA, INC.",PR,Conservation Trust,50000.00,,Taxation/Internal Revenue Code|Disaster Planning/Emergencies|Natural Resources,Permanent extension of the rum cover over.|Preservation of historic aqueduct and surrounding area.  (Note: No contact with House Appropriations Committee)|Reforestation issues stemming from 2017 natural disasters. (Note: No contact with House Appropriations Committee),,2019-10-15T16:19:56.917000-04:00,50000.0,0.0
e6c9f4a1-89c3-4242-a54f-fabb8bbaa1d2,2019,Q3,,304736,"TARPLIN, DOWNS & YOUNG, LLC",DC,181317,TRIPLE-S MANAGEMENT CORPORATION,PR,Insurance,70000.00,,Health Issues|Natural Resources|Budget/Appropriations|Medicare/Medicaid,"Puerto Rican health system stabilization, Medicaid funding
Health insurance tax
Hurricane response
Emergency Declaration|Puerto Rican debt restructuring and economic stabilization|Budget resolution
Appropriations, continuing resolution, emergency supplemental, hurricane relief
H.R. 2740 - HHS Approp|Medicare Advantage call letter
Puerto Rican health system stabilization
Medicaid cliff, Medicaid bridge funding
Medicare",,2019-10-17T16:55:01.827000-04:00,70000.0,0.0
df00168f-31a1-4a70-8fe8-244513155b63,2019,Q3,,21632,KING & SPALDING LLP,DC,128506,"MCS ADVANTAGE, INC.",PR,Healthcare plan provider,40000.00,,Medicare/Medicaid,Issues related to Medicare Advantage reimbursement for Puerto Rico,,2019-10-17T18:57:36.203000-04:00,40000.0,0.0
9fa53d6d-9661-4ac3-a9c0-60ddd40faf1a,2019,Q3,,21632,KING & SPALDING LLP,DC,128507,PUERTO RICO ELECTRIC POWER AUTHORITY (PREPA),PR,Utility provider,240000.00,,Utilities,Post-Hurricane Maria power update,,2019-10-17T19:01:37.943000-04:00,240000.0,0.0
8889616d-55b7-473f-9c50-919422893dbf,2019,Q3,,317355,JOSE FUENTES,DC,186009,"EMPRESAS FONALLEDAS, INC.",PR,Real estate development company.,30000.00,,Taxation/Internal Revenue Code|Medicare/Medicaid,"Child Tax Credit (CTC), H.R. 302, H.R. 1560, S. 698, S. 690, S. 1138, H.R. 3300; Earned Income Tax Credit|Issues related to Puerto Rico Medicare and Medicaid.",,2019-10-18T09:09:44.933000-04:00,30000.0,0.0
313e11eb-7d14-4021-9edc-a014485ba5ab,2019,Q3,,400531581,POLICY SOLUTIONS LLC,DC,192115,"FOOD INDUSTRY, MARKETING AND DISTRIBUTION CHAMBER (MIDA)",PR,Food Nutrition Policy &amp; Regulations,,,Agriculture,"SNAP issue, using benefits in restaurants;
Hurricane Maria disaster relief, specifically, additional benefits for Puerto",,2019-10-18T13:19:57.097000-04:00,0.0,0.0
f85aa928-a17d-4277-aa82-097c9947ae3d,2019,Q3,,7257,"BROWNSTEIN HYATT FARBER SCHRECK, LLP",DC,110295,CENTER FOR A NEW ECONOMY,PR,Think tank,30000.00,,Government Issues,Issues related to Puerto Rico,,2019-10-21T03:26:37.730000-04:00,30000.0,0.0
94426b09-911e-457c-b8e9-840a7929546b,2019,Q3Y,,77754,"OLDAKER & WILLISON, LLP",DC,170099,FIRST BANCORP,PR,Community bank and financial institution,,,,,,2019-10-21T09:19:06.707000-04:00,0.0,0.0
48085d39-dd5e-4980-9b24-b9e37fd88ce9,2019,Q3Y,,1182,ALSTON & BIRD LLP,DC,102473,AIRPORT SHOPPES CORP,PR,Food service,,,,,,2019-10-21T10:58:38.717000-04:00,0.0,0.0
213117e6-c30b-435e-84fd-698fd2cdac98,2019,3TY,,76992,"CGCN GROUP, LLC",DC,169788,PUERTO RICO DEPARTMENT OF THE TREASURY,PR,Government Agency,,,,,,2019-10-21T11:26:34.117000-04:00,0.0,0.0
1ad15d0b-9dfb-4af6-9c98-e6972f0cfbff,2019,Q3,,36710,STEPTOE LLP,DC,145737,MEDICAID AND MEDICARE ADVANTAGE PRODUCTS ASSOCIATION OF PUERTO RICO,PR,Health Care Trade Association,70000.00,,Medicare/Medicaid,Issues relating to Puerto Rico health care coverage.,,2019-10-21T14:28:33.267000-04:00,70000.0,0.0
95a839cd-9ab0-4125-bc4c-5cd3b3eb7116,2019,3A,,72053,CAPITOL HILL CONSULTING GROUP,DC,165758,"MCS HEALTHCARE HOLDINGS, LLC",PR,Health Insurance Company,30000.00,,Medicare/Medicaid|Government Issues,"Medicaid funding cliff, Puerto Rico MA rates, Medicare Part B buy-in.|Medicaid funding cliff, Puerto Rico MA rates, Medicare Part B buy-in.",,2019-10-21T15:53:05.387000-04:00,30000.0,0.0
5bca907c-62f3-4d52-8812-96cf90859269,2019,3A,,72053,CAPITOL HILL CONSULTING GROUP,DC,165752,PRIVATE ALLIANCE FOR ECONOMIC GROWTH OF PUERTO RICO,PR,Promote investment and initiatives to help Puerto Rico's recovery.,20000.00,,Taxation/Internal Revenue Code|Economics/Economic Development|Aviation/Airlines/Airports|Budget/Appropriations,"Puerto Rico economic development initiatives, air cargo hub amendment, opportunity zone enhancements, Puerto Rico recove|Puerto Rico economic development initiatives, air cargo hub amendment, opportunity zone enhancements, Puerto Rico recove|Puerto Rico economic development initiatives, air cargo hub amendment, opportunity zone enhancements, Puerto Rico recove|Puerto Rico economic development initiatives, air cargo hub amendment, opportunity zone enhancements, Puerto Rico recove",,2019-10-21T15:54:21.953000-04:00,20000.0,0.0
5f65a7fd-f0c1-4072-b213-b0bb7f82ae05,2019,Q3,,313715,CAPITOL COUNSEL LLC,DC,184644,PUERTO RICO OFFICE OF MANAGEMENT AND BUDGET,PR,Oversight of Puerto Ricos budget.,,,Taxation/Internal Revenue Code,Federal policy issues and their economic impact on Puerto Rico.,,2019-10-21T20:34:46.597000-04:00,0.0,0.0
5b919e12-d1b2-4bd9-820a-af5509b5d43d,2019,Q3,,401103327,OFF HILL STRATEGIES L.L.C.,FL,198595,FINANCIAL OVERSIGHT AND MANAGEMENT BOARD FOR PUERTO RICO,PR,Economic growth and opportunity for the people of Puerto Rico,60000.00,,Disaster Planning/Emergencies|Economics/Economic Development|Health Issues|Medicare/Medicaid|Budget/Appropriations|Natural Resources,Disaster Aid for Puerto Rico|Economic Development in Puerto Rico|Medicaid funding levels for Puerto Rico|Medicaid Funding Levels for Puerto Rico|Disaster Aid for Puerto Rico and Funding Caps,,2019-10-21T20:48:11.263000-04:00,60000.0,0.0
081d90bb-08ce-4845-aa3b-377903abb916,2019,Q3,,401104581,"TURNBERRY SOLUTIONS, LLC",DC,202084,SUFFOLK ADMINISTRATIVE SERVICES LLC,PR,Administrative services,80000.00,,Health Issues,Provide strategic guidance and counsel on health care issues,,2019-10-21T22:35:57.117000-04:00,80000.0,0.0
e1a8e405-3271-4a4a-ab07-21b62e18a209,2019,Q3,,76855,DLA PIPER LLP (US),DC,169485,GOVERNMENT OF PUERTO RICO,PR,Public corporation of the Government of Puerto Rico,150000.00,,Taxation/Internal Revenue Code,"Tax incentive provisions to encourage investment in Puerto Rico/U.S.V.I including the tourism tax credit.
Disaster relie",,2019-10-22T12:47:55.250000-04:00,150000.0,0.0
61ed1de5-3929-412d-bd18-a4a4ebb2d0b7,2019,Q3,,401105212,PARK & K PUBLIC AFFAIRS LLC,NY,203408,PONCE HEALTH SCIENCES UNIVERSITY,PR,Medical School,37500.00,,Economics/Economic Development,Post Maria Redevelopment & Recovery of PR campus,,2019-10-23T12:02:03.147000-04:00,37500.0,0.0
6726f95e-1c36-42c4-a160-a30a0dedae63,2019,Q3,,400520535,JASON UNDERWOOD,KY,192052,SERRALLES DISTILLERY,PR,Rum distiller,30000.00,,Taxation/Internal Revenue Code,IRS Code 1986 to repeal the limitation on the cover over of distilled spirits taxes to Puerto Rico and the Virgin Island,,2019-10-31T10:04:22.257000-04:00,30000.0,0.0
a5450691-337b-4174-a46f-2a50989c512b,2019,2TY,,88278,"UPSTREAM CONSULTING, INC.",VA,173869,CONSERVATION TRUST FUND OF PUERTO RICO,PR,conservation,,,,,,2019-10-31T11:16:50.557000-04:00,0.0,0.0
93eb7622-c9ec-4343-9bcb-7885b94ddcf7,2019,RR,,75557,"CORNERSTONE GOVERNMENT AFFAIRS, INC.",DC,168233,PUERTO RICO PUBLIC PRIVATE PARTNERSHIPS AUTHORITY,PR,Promotes an ongoing collaboration between the public and private sector of Puerto Rico,,,Taxation/Internal Revenue Code|Medicare/Medicaid|Budget/Appropriations,Issues pertaining to Puerto Rico's unique treatment as a territory|Issues pertaining to Puerto Rico's unique treatment as a territory|Issues pertaining to Puerto Rico's unique treatment as a territory,,2019-12-13T16:12:23-05:00,0.0,0.0
42e02d90-fbd4-49b5-a6be-3d606b4b91bb,2019,RR,,401103211,CAPITOL ADVOCACY PARTNERS,DC,198165,BOYS AND GIRLS CLUBS OF PUERTO RICO,PR,Community services and programs.,,,Budget/Appropriations|Education|Economics/Economic Development,"21st century community learning centers, charter schools, reduction of child poverty, workforce development and training|21st century community learning centers, charter schools, reduction of child poverty, workforce development and training|21st century community learning centers, charter schools, reduction of child poverty, workforce development and training",,2019-12-18T15:20:13-05:00,0.0,0.0
b6f9e2a2-0c72-47ca-9739-f03d8e479a0d,2019,Q4Y,,35707,SMITH GARSON,DC,144465,KINESIS FOUNDATION,PR,Municipal Government,10000.00,,,,,2020-01-03T14:29:01.633000-05:00,10000.0,0.0
fb8880d0-7cdd-485f-8cbd-2463d6745c88,2019,Q4Y,,35707,SMITH GARSON,DC,144485,RE-SYNTH INTERNATIONAL,PR,Waste technology company,,,,,,2020-01-03T14:38:27.327000-05:00,0.0,0.0
e5467af2-ea25-46aa-a8cd-1bf007795d17,2019,Q4,,400428066,NWG ADVOCACY LLC,FL,190717,HOSPITAL ASSOCIATION OF PUERTO RICO,PR,Serve Puerto Rico's Hospital System and its Members,24000.00,,Health Issues,Medicaid,,2020-01-13T17:34:09.600000-05:00,24000.0,0.0
d34a52a9-f25b-4b5b-a99e-5e06be9bdb13,2019,Q4,,400428066,NWG ADVOCACY LLC,FL,190719,PUERTO RICO MANUFACTURERS ASSOCIATION,PR,manufacturing trade association,24000.00,,Taxation/Internal Revenue Code|Energy/Nuclear,tax policy|electric transition,,2020-01-13T20:33:26.913000-05:00,24000.0,0.0
11b791e0-63aa-4941-a932-50fa5d2446dc,2019,Q4Y,,400428066,NWG ADVOCACY LLC,FL,190730,PUERTO RICO PRIVATE SECTOR COALITION,PR,coalition of the thirty business organizations in Puerto Rico,5000.00,,,,,2020-01-13T20:36:29.513000-05:00,5000.0,0.0
e4208ed6-7c5c-4fc2-9163-8e725905bbc3,2019,Q4,,30906,SQUIRE PATTON BOGGS,DC,137655,"PARA LA NATURALEZA, INC.",PR,Conservation Trust,50000.00,,Agriculture|Taxation/Internal Revenue Code|Disaster Planning/Emergencies,Reforestation issues stemming from 2017 natural disasters.|Permanent extension of the rum cover over.|Preservation of historic aqueduct and surrounding area.,,2020-01-15T10:06:24.300000-05:00,50000.0,0.0
0f3f5dfc-baa3-4223-8d70-3a11bd5306b9,2019,Q4,,317355,JOSE FUENTES,DC,186009,"EMPRESAS FONALLEDAS, INC.",PR,Real estate development company.,30000.00,,Agriculture|Taxation/Internal Revenue Code|Medicare/Medicaid,"Puerto Rico Nutrition Assistance Program; Further Consolidated Appropriations Act, 2020 (H.R. 1865)|Child Tax Credit (CTC); Child Tax Credit Equity for Puerto Rico Act of 2019 (H.R. 302/S. 698); American Family Act of 20|Issues related to Puerto Rico Medicare and Medicaid, Continuing Appropriations Act, 2020, and Health Extenders Act of 20",,2020-01-16T10:04:48.827000-05:00,30000.0,0.0
bc96d4bb-8a7a-4598-9c2a-9e0880811981,2019,Q4,,21632,KING & SPALDING LLP,DC,128506,"MCS ADVANTAGE, INC.",PR,Healthcare plan provider,,,Medicare/Medicaid,Issues related to Medicare Advantage reimbursement for Puerto Rico,,2020-01-16T12:42:13.933000-05:00,0.0,0.0
56db5fbe-3573-4a2b-9200-41e15c049dcc,2019,Q4,,21632,KING & SPALDING LLP,DC,128507,PUERTO RICO ELECTRIC POWER AUTHORITY (PREPA),PR,Utility provider,30000.00,,Utilities,Post-Hurricane Maria power update,,2020-01-16T12:45:05.070000-05:00,30000.0,0.0
4cd78964-ee5d-4d36-b0fe-32c9b423d298,2019,Q4,,7268,BROYDRICK & ASSOCIATES,DC,110356,MILWAUKEE METROPOLITAN SEWERAGE DISTRICT,PR,Municipality in Puerto Rico,10000.00,,Utilities|Budget/Appropriations|Clean Air and Water (quality),"FY12 Interior-Environment Appropriations Act, State Revolving Loan Fund. Federal appropriations for land conservation fu|FY12 Interior-Environment Appropriations Act, State Revolving Loan Fund. Federal appropriations for land conservation fu|FY12 Interior-Environment Appropriations Act, State Revolving Loan Fund. Federal appropriations for land conservation fu",,2020-01-16T20:55:18.237000-05:00,10000.0,0.0
58b172d5-044b-4953-8bd5-5dd0bd53840f,2019,Q4,,400531581,POLICY SOLUTIONS LLC,DC,192115,"FOOD INDUSTRY, MARKETING AND DISTRIBUTION CHAMBER (MIDA)",PR,Food Nutrition Policy &amp; Regulations,,,Agriculture,Reforming and enhancing the Commonwealths NAP program to more closely resemble SNAP.,,2020-01-17T09:38:09.007000-05:00,0.0,0.0
da7b9814-fd0e-48bd-bc5a-ba214be0570d,2019,Q4,,304736,"TARPLIN, DOWNS & YOUNG, LLC",DC,181317,TRIPLE-S MANAGEMENT CORPORATION,PR,Insurance,70000.00,,Taxation/Internal Revenue Code|Natural Resources|Health Issues|Medicare/Medicaid|Budget/Appropriations,"H.R. 1865 - Further Consolidated Appropriations Act, 2020|Puerto Rican debt restructuring and economic stabilization|Puerto Rican health system stabilization, Medicaid funding
Health insurance tax
Hurricane response
Emergency Declaration|Medicare Advantage call letter
Puerto Rican health system stabilization
Medicaid cliff, Medicaid bridge funding
Medicare|Budget resolution
Appropriations, continuing resolution, emergency supplemental, hurricane relief
H.R. 4378 - Continuing",,2020-01-17T16:21:12.433000-05:00,70000.0,0.0
ee4e24a1-57f3-4adb-90bf-986520c44d30,2019,4T,,313715,CAPITOL COUNSEL LLC,DC,184644,PUERTO RICO OFFICE OF MANAGEMENT AND BUDGET,PR,Oversight of Puerto Ricos budget.,20000.00,,Taxation/Internal Revenue Code,Federal policy issues and their economic impact on Puerto Rico.,,2020-01-20T13:03:58.190000-05:00,20000.0,0.0
54ff13f0-c138-4b95-be16-98d998c41600,2019,4T,,7257,"BROWNSTEIN HYATT FARBER SCHRECK, LLP",DC,110295,CENTER FOR A NEW ECONOMY,PR,Think tank,20000.00,,Government Issues,Issues related to Puerto Rico,,2020-01-20T16:56:40.573000-05:00,20000.0,0.0
3f952f88-fdf8-44b9-a5d9-6b5c09a9d547,2019,Q4,,401103327,OFF HILL STRATEGIES L.L.C.,FL,198595,FINANCIAL OVERSIGHT AND MANAGEMENT BOARD FOR PUERTO RICO,PR,Economic growth and opportunity for the people of Puerto Rico,60000.00,,Disaster Planning/Emergencies|Economics/Economic Development|Health Issues|Medicare/Medicaid|Natural Resources|Budget/Appropriations,Disaster Aid for Puerto Rico|Economic Development in Puerto Rico|Medicaid funding levels for Puerto Rico|Medicaid Funding Levels for Puerto Rico|Implementation of PROMESA,,2020-01-20T20:52:04.150000-05:00,60000.0,0.0
5fdc5bb5-c4ea-469a-873e-8213883b1014,2019,Q4Y,,1182,ALSTON & BIRD LLP,DC,102473,AIRPORT SHOPPES CORP,PR,Food service,,,,,,2020-01-21T11:36:41.767000-05:00,0.0,0.0
a0ba0612-957d-4ae8-9835-5c1e42fb562e,2019,Q4,,36710,STEPTOE LLP,DC,145737,MEDICAID AND MEDICARE ADVANTAGE PRODUCTS ASSOCIATION OF PUERTO RICO,PR,Health Care Trade Association,70000.00,,Medicare/Medicaid,Issues relating to Puerto Rico health care coverage.,,2020-01-21T14:33:26.437000-05:00,70000.0,0.0
c9b7e349-e37f-40c2-a42c-831200d0790e,2019,Q4Y,,77754,"OLDAKER & WILLISON, LLP",DC,170099,FIRST BANCORP,PR,Community bank and financial institution,,,,,,2020-01-21T15:22:32.930000-05:00,0.0,0.0
b30b58a2-9143-4d1c-addf-52ba764effd8,2019,Q4,,401104581,"TURNBERRY SOLUTIONS, LLC",DC,202084,SUFFOLK ADMINISTRATIVE SERVICES LLC,PR,Administrative services,80000.00,,Health Issues,Provide strategic guidance and counsel on health care issues,,2020-01-21T16:54:36.540000-05:00,80000.0,0.0
8eb7dc7a-c42b-4045-9d48-15761fc0c0e0,2019,Q4,,72053,CAPITOL HILL CONSULTING GROUP,DC,165752,PRIVATE ALLIANCE FOR ECONOMIC GROWTH OF PUERTO RICO,PR,Promote investment and initiatives to help Puerto Rico's recovery.,20000.00,,Budget/Appropriations|Economics/Economic Development|Taxation/Internal Revenue Code|Aviation/Airlines/Airports,"Puerto Rico economic development initiatives, air cargo hub amendment, opportunity zone enhancements, Puerto Rico recove|Puerto Rico economic development initiatives, air cargo hub amendment, opportunity zone enhancements, Puerto Rico recove|Puerto Rico economic development initiatives, air cargo hub amendment, opportunity zone enhancements, Puerto Rico recove|Puerto Rico economic development initiatives, air cargo hub amendment, opportunity zone enhancements, Puerto Rico recove",,2020-01-21T17:59:34.873000-05:00,20000.0,0.0
a809276b-e0c1-4df9-b17e-c31c14c26591,2019,Q4,,72053,CAPITOL HILL CONSULTING GROUP,DC,165758,"MCS HEALTHCARE HOLDINGS, LLC",PR,Health Insurance Company,30000.00,,Medicare/Medicaid|Government Issues,"Medicaid funding cliff, Puerto Rico MA rates, Medicare Part B buy-in.|Medicaid funding cliff, Puerto Rico MA rates, Medicare Part B buy-in.",,2020-01-21T18:00:44.673000-05:00,30000.0,0.0
f9b794ad-3181-418a-9027-3717c823648c,2019,4@,,313715,CAPITOL COUNSEL LLC,DC,184644,PUERTO RICO OFFICE OF MANAGEMENT AND BUDGET,PR,Oversight of Puerto Ricos budget.,,,Taxation/Internal Revenue Code,Federal policy issues and their economic impact on Puerto Rico.,,2020-01-21T19:40:43.293000-05:00,0.0,0.0
30ec2fe1-6a82-469a-bf3e-ce558bd36f7a,2019,Q4,,75557,"CORNERSTONE GOVERNMENT AFFAIRS, INC.",DC,168233,PUERTO RICO PUBLIC PRIVATE PARTNERSHIPS AUTHORITY,PR,Promotes an ongoing collaboration between the public and private sector of Puerto Rico,50000.00,,Medicare/Medicaid|Taxation/Internal Revenue Code|Budget/Appropriations,Issues pertaining to Puerto Rico's unique treatment as a territory|Issues pertaining to Puerto Rico's unique treatment as a territory|Issues pertaining to Puerto Rico's unique treatment as a territory,,2020-01-22T12:31:45.140000-05:00,50000.0,0.0
b56e1443-4b59-40d9-85fb-eb12b066622b,2019,Q4,,401103211,CAPITOL ADVOCACY PARTNERS,DC,198165,BOYS AND GIRLS CLUBS OF PUERTO RICO,PR,Community services and programs.,5000.00,,Budget/Appropriations|Law Enforcement/Crime/Criminal Justice|Education|Disaster Planning/Emergencies|Health Issues,"Release of funds for Puerto Rico21st Century Learning Centers|Support for at-risk youth, including after school programming, for youth residing in public housing projects.|21st Century Learning Centers, Charter School Development Program, After-School Programs and services for at-risk youth.|Puerto Rico disaster preparedness and FEMA CEDS|Mental health and basic health needs of students to support learning.",,2020-01-28T12:08:02.847000-05:00,5000.0,0.0
d5239e8c-9478-4a06-afc3-034aed2b61ba,2019,Q4,,76855,DLA PIPER LLP (US),DC,169485,GOVERNMENT OF PUERTO RICO,PR,Public corporation of the Government of Puerto Rico,170000.00,,Taxation/Internal Revenue Code,"Tax incentive provisions to encourage investment in Puerto Rico/U.S.V.I including the tourism tax credit.
Disaster relie",,2020-01-29T14:30:57.840000-05:00,170000.0,0.0
0398ea61-a8ea-403f-813a-ebe65da488ea,2019,Q4,,400520535,JASON UNDERWOOD,KY,192052,SERRALLES DISTILLERY,PR,Rum distiller,30000.00,,Taxation/Internal Revenue Code,IRS Code 1986 to repeal the limitation on the cover over of distilled spirits taxes to Puerto Rico and the Virgin Island,,2020-02-21T08:09:40.977000-05:00,30000.0,0.0
a0e979e6-0f54-4000-aba1-73553ae90685,2020,RR,,401104734,THE VOGEL GROUP,DC,205486,PUERTO RICO CHAPTER OF THE ASSOCIATED GENERAL CONTRACTORS OF AMERICA,PR,Trade association for the construction industry,,,Disaster Planning/Emergencies|Government Issues,Issues around construction projects|Issues around construction projects,,2020-02-26T16:24:33-05:00,0.0,0.0
1d05668d-cf42-47ef-851c-8e5e1e482750,2019,Q4,,401105212,PARK & K PUBLIC AFFAIRS LLC,NY,203408,PONCE HEALTH SCIENCES UNIVERSITY,PR,Medical School,37500.00,,Economics/Economic Development,Post Maria Redevelopment & Recovery of PR campus,,2020-03-02T16:30:25.390000-05:00,37500.0,0.0
00b6f8a1-5b8c-41ff-a8e9-07e986cd7b5f,2020,Q1,,400428066,NWG ADVOCACY LLC,FL,190717,HOSPITAL ASSOCIATION OF PUERTO RICO,PR,Serve Puerto Rico's Hospital System and its Members,24000.00,,Health Issues,Medicaid,,2020-04-02T15:06:28.900000-04:00,24000.0,0.0
0f97c9d6-f829-47d2-8e5b-7fbeca1cba3c,2020,Q1,,400428066,NWG ADVOCACY LLC,FL,190719,PUERTO RICO MANUFACTURERS ASSOCIATION,PR,manufacturing trade association,,,Energy/Nuclear|Taxation/Internal Revenue Code,electric transition|tax policy,,2020-04-02T15:08:29.410000-04:00,0.0,0.0
1aeb5cf4-a518-4f84-887a-64ea13608533,2020,Q1Y,,400428066,NWG ADVOCACY LLC,FL,190730,PUERTO RICO PRIVATE SECTOR COALITION,PR,coalition of the thirty business organizations in Puerto Rico,5000.00,,,,,2020-04-02T15:11:33.897000-04:00,5000.0,0.0
6222e5a1-935e-462a-b5c4-0db93caa5259,2020,RR,,401105587,WILLIAM WATSON GROUP LLC,VA,205747,"313, LLC",PR,Representative for and Importer of Medical Equipment.,,,Medical/Disease Research/Clinical Labs,"Assistance with Food and Drug Administration and Customs and Border Protection to facilitate medical supplies, including",,2020-04-07T11:23:06-04:00,0.0,0.0
7e14817f-09ed-4fef-9111-6e73278cf91c,2020,Q1,,401103211,CAPITOL ADVOCACY PARTNERS,DC,198165,BOYS AND GIRLS CLUBS OF PUERTO RICO,PR,Community services and programs.,10000.00,,Budget/Appropriations|Education|Disaster Planning/Emergencies|Law Enforcement/Crime/Criminal Justice|Health Issues,"Release of funds for Puerto Rico21st Century Learning Centers; Request of funding release process for sub grantees with |21st Century Learning Centers, Charter School Development Program, After-School Programs and services for at-risk youth.|Puerto Rico disaster preparedness and FEMA CEDS; Issues with disaster relief funding.|Support for at-risk youth, including after school programming, for youth residing in public housing projects.|Mental health and basic health needs of students to support learning.",,2020-04-14T11:54:52.670000-04:00,10000.0,0.0
9e294591-28ca-491c-b7f7-e280362aa048,2020,Q1Y,,35707,SMITH GARSON,DC,144485,RE-SYNTH INTERNATIONAL,PR,Waste technology company,,,,,,2020-04-15T09:36:10.223000-04:00,0.0,0.0
0d1451a4-da3d-460e-8370-c52b6c339b35,2020,Q1,,317355,JOSE FUENTES,DC,186009,"EMPRESAS FONALLEDAS, INC.",PR,Real estate development company.,40000.00,,Medicare/Medicaid|Agriculture|Taxation/Internal Revenue Code,Territories Health Care Improvement Act (H.R. 3631); Elijah E. Cummings Lower Drug Costs Now Act (H.R. 3).|Puerto Rico Nutrition Assistance Program; CARES Act (S. 3548); Families First Coronavirus Response Act (H.R. 6201); Take|Child Tax Credit (CTC) and Earned Income Tax Credit (EITC); Child Tax Credit Equity for Puerto Rico Act of 2019 (H.R. 30,,2020-04-15T13:12:40.757000-04:00,40000.0,0.0
0f68aece-51e4-45e7-b70c-31a78a52af01,2020,Q1,,30906,SQUIRE PATTON BOGGS,DC,137655,"PARA LA NATURALEZA, INC.",PR,Conservation Trust,50000.00,,Taxation/Internal Revenue Code,Permanent extension of the rum cover over.,,2020-04-15T15:22:54.267000-04:00,50000.0,0.0
92cd4527-6b3c-4280-b54c-dab5f64b1511,2020,Q1,,7268,BROYDRICK & ASSOCIATES,DC,110356,MILWAUKEE METROPOLITAN SEWERAGE DISTRICT,PR,Municipality in Puerto Rico,10000.00,,Utilities|Budget/Appropriations|Clean Air and Water (quality),"FY12 Interior-Environment Appropriations Act, State Revolving Loan Fund. Federal appropriations for land conservation fu|FY12 Interior-Environment Appropriations Act, State Revolving Loan Fund. Federal appropriations for land conservation fu|FY12 Interior-Environment Appropriations Act, State Revolving Loan Fund. Federal appropriations for land conservation fu",,2020-04-15T17:30:30.830000-04:00,10000.0,0.0
e425b710-4bf8-40bf-9da8-63049da9f1d1,2020,Q1,,304736,"TARPLIN, DOWNS & YOUNG, LLC",DC,181317,TRIPLE-S MANAGEMENT CORPORATION,PR,Insurance,70000.00,,Taxation/Internal Revenue Code|Natural Resources|Medicare/Medicaid|Health Issues|Budget/Appropriations,"H.R. 1865 - Further Consolidated Appropriations Act, 2020|Puerto Rican debt restructuring and economic stabilization|Medicare Advantage call letter
Puerto Rican health system stabilization
Medicaid cliff, Medicaid bridge funding
Medicare|Puerto Rican health system stabilization, Medicaid funding
Health insurance tax
Hurricane response
Emergency Declaration|Budget resolution
Appropriations, continuing resolution, emergency supplemental, hurricane relief
H.R. 4378 - Continuing",,2020-04-16T09:38:16.757000-04:00,70000.0,0.0
842ecc84-34dc-4c30-b797-a39951624c90,2020,Q1Y,,35707,SMITH GARSON,DC,144465,KINESIS FOUNDATION,PR,Municipal Government,10000.00,,,,,2020-04-16T10:59:34.287000-04:00,10000.0,0.0
222eaf37-ce98-457b-8b17-f0cc3bb19b19,2020,Q1,,21632,KING & SPALDING LLP,DC,128507,PUERTO RICO ELECTRIC POWER AUTHORITY (PREPA),PR,Utility provider,50000.00,,Utilities,Post-Hurricane Maria power update and earthquake-related issues,,2020-04-16T16:31:59.540000-04:00,50000.0,0.0
685f398c-6cb1-440a-acc4-e8c61dc9d4d5,2020,Q1,,21632,KING & SPALDING LLP,DC,128506,"MCS ADVANTAGE, INC.",PR,Healthcare plan provider,50000.00,,Medicare/Medicaid,Issues related to Medicare Advantage reimbursement for Puerto Rico,,2020-04-16T16:37:03.217000-04:00,50000.0,0.0
5eb5ccf9-cd58-48e3-b16c-76999f746b43,2020,Q1Y,,77754,"OLDAKER & WILLISON, LLP",DC,170099,FIRST BANCORP,PR,Community bank and financial institution,,,,,,2020-04-17T10:52:50.017000-04:00,0.0,0.0
0846a09d-5d7a-4742-879e-c561e582b7f9,2020,Q1,,75557,"CORNERSTONE GOVERNMENT AFFAIRS, INC.",DC,168233,PUERTO RICO PUBLIC PRIVATE PARTNERSHIPS AUTHORITY,PR,Promotes an ongoing collaboration between the public and private sector of Puerto Rico,90000.00,,Medicare/Medicaid|Budget/Appropriations|Taxation/Internal Revenue Code,Issues pertaining to Puerto Rico's unique treatment as a territory|Issues pertaining to Puerto Rico's unique treatment as a territory|Issues pertaining to Puerto Rico's unique treatment as a territory,,2020-04-18T23:41:33.937000-04:00,90000.0,0.0
1e1c7097-434a-4b83-9db0-02ea26a0fc80,2020,RR,,401104100,VANTAGEKNIGHT LLC,PR,205327,COSTA ISABELA PARTNERS,PR,Commercial developer,,,Economics/Economic Development,Coronavirus related legislation,,2020-04-19T16:05:06-04:00,0.0,0.0
d6ee508d-51bd-42a6-bc67-5d1acce906a6,2020,Q1,,400531581,POLICY SOLUTIONS LLC,DC,192115,"FOOD INDUSTRY, MARKETING AND DISTRIBUTION CHAMBER (MIDA)",PR,Food Nutrition Policy &amp; Regulations,,,Agriculture,Reforming and enhancing the Commonwealths NAP program to more closely resemble SNAP.,,2020-04-20T11:32:32.983000-04:00,0.0,0.0
7b5d54f6-e4f6-4884-b4a5-11387014b60e,2020,Q1Y,,1182,ALSTON & BIRD LLP,DC,102473,AIRPORT SHOPPES CORP,PR,Food service,,,,,,2020-04-20T12:22:47.613000-04:00,0.0,0.0
92163e81-23d4-4229-b9be-43c612089e0e,2020,Q1,,401103327,OFF HILL STRATEGIES L.L.C.,FL,198595,FINANCIAL OVERSIGHT AND MANAGEMENT BOARD FOR PUERTO RICO,PR,Economic growth and opportunity for the people of Puerto Rico,60000.00,,Natural Resources|Medicare/Medicaid|Budget/Appropriations|Health Issues|Disaster Planning/Emergencies|Economics/Economic Development,Implementation of PROMESA|Medicaid Funding Levels for Puerto Rico|Disaster Aid for Puerto Rico and Funding Caps|Medicaid funding levels for Puerto Rico|Disaster Aid for Puerto Rico,,2020-04-20T14:35:42.543000-04:00,60000.0,0.0
5cd94007-e023-4109-a9de-15609edf8efe,2020,Q1,,36710,STEPTOE LLP,DC,145737,MEDICAID AND MEDICARE ADVANTAGE PRODUCTS ASSOCIATION OF PUERTO RICO,PR,Health Care Trade Association,70000.00,,Medicare/Medicaid,Issues relating to Puerto Rico health care coverage.,,2020-04-20T16:41:09.127000-04:00,70000.0,0.0
db0c00e2-d75f-487c-a6c9-aac524baee63,2020,Q1,,72053,CAPITOL HILL CONSULTING GROUP,DC,165752,PRIVATE ALLIANCE FOR ECONOMIC GROWTH OF PUERTO RICO,PR,Promote investment and initiatives to help Puerto Rico's recovery.,20000.00,,Budget/Appropriations|Aviation/Airlines/Airports|Economics/Economic Development|Taxation/Internal Revenue Code,"Puerto Rico economic development initiatives, air cargo hub amendment, opportunity zone enhancements, Puerto Rico recove|Puerto Rico economic development initiatives, air cargo hub amendment, opportunity zone enhancements, Puerto Rico recove|Puerto Rico economic development initiatives, air cargo hub amendment, opportunity zone enhancements, Puerto Rico recove|Puerto Rico economic development initiatives, air cargo hub amendment, opportunity zone enhancements, Puerto Rico recove",,2020-04-20T17:29:58.377000-04:00,20000.0,0.0
94713350-3dde-4910-8153-4a2fdbfa27dd,2020,Q1,,72053,CAPITOL HILL CONSULTING GROUP,DC,165758,"MCS HEALTHCARE HOLDINGS, LLC",PR,Health Insurance Company,30000.00,,Medicare/Medicaid|Government Issues,"Medicaid funding cliff, Puerto Rico MA rates, Medicare Part B buy-in.|Medicaid funding cliff, Puerto Rico MA rates, Medicare Part B buy-in.",,2020-04-20T17:31:06.063000-04:00,30000.0,0.0
928fdc48-85ef-4982-85ff-05065e1f9a45,2020,Q1,,401104734,THE VOGEL GROUP,DC,205486,PUERTO RICO CHAPTER OF THE ASSOCIATED GENERAL CONTRACTORS OF AMERICA,PR,Trade association for the construction industry,15000.00,,Disaster Planning/Emergencies|Government Issues,Issues around building and construction budgets in Puerto Rico|Issues around construction and building budgets in Puerto Rico,,2020-04-20T19:12:25.207000-04:00,15000.0,0.0
edb0c5dc-e9ce-45e0-8b42-6c74df71d516,2020,Q1,,76855,DLA PIPER LLP (US),DC,169485,GOVERNMENT OF PUERTO RICO,PR,Public corporation of the Government of Puerto Rico,60000.00,,Taxation/Internal Revenue Code,"Tax incentive provisions to encourage investment in Puerto Rico/U.S.V.I. including the tourism tax credit.
Disaster reli",,2020-04-20T20:42:23.537000-04:00,60000.0,0.0
82f45a47-c9ea-4f7a-97c2-58e310abeb85,2020,Q1,,401104100,VANTAGEKNIGHT LLC,PR,205327,COSTA ISABELA PARTNERS,PR,Commercial developer,10000.00,,Health Issues,"Coronavirus related legislation
CARES Act",,2020-04-22T07:18:59.750000-04:00,10000.0,0.0
49b4a830-4799-401d-adf7-e3035ed25742,2020,Q1,,401105212,PARK & K PUBLIC AFFAIRS LLC,NY,203408,PONCE HEALTH SCIENCES UNIVERSITY,PR,Medical School,37500.00,,Economics/Economic Development,Post Maria Redevelopment & Recovery of PR campus,,2020-04-24T18:01:38.347000-04:00,37500.0,0.0
20eca368-cf4c-4585-8196-04fed1655155,2020,Q1,,401104581,"TURNBERRY SOLUTIONS, LLC",DC,202084,SUFFOLK ADMINISTRATIVE SERVICES LLC,PR,Administrative services,80000.00,,Health Issues,Provide strategic guidance and counsel on health care issues,,2020-05-09T09:55:27.083000-04:00,80000.0,0.0
4da3e934-2fb1-4704-b751-4ca322ee8982,2020,Q1,,400520535,JASON UNDERWOOD,KY,192052,SERRALLES DISTILLERY,PR,Rum distiller,30000.00,,Taxation/Internal Revenue Code,IRS Code 1986 to repeal the limitation on the cover over of distilled spirits taxes to Puerto Rico and the Virgin Island,,2020-05-11T16:20:11.347000-04:00,30000.0,0.0
1ddecb41-f389-4571-89bf-f041fd1f5a36,2020,1A,,400428066,NWG ADVOCACY LLC,FL,190717,HOSPITAL ASSOCIATION OF PUERTO RICO,PR,Serve Puerto Rico's Hospital System and its Members,24000.00,,Health Issues,Medicaid,,2020-06-02T10:55:18.637000-04:00,24000.0,0.0
28d0bf5b-54d8-45cd-907c-9d179aeae5ed,2020,1A,,400428066,NWG ADVOCACY LLC,FL,190730,PUERTO RICO PRIVATE SECTOR COALITION,PR,coalition of the thirty business organizations in Puerto Rico,5000.00,,Economics/Economic Development,"tax, aviation, health care, infrastructure",,2020-06-02T11:03:23.717000-04:00,5000.0,0.0
9662bf30-49d9-4156-a473-76e0b55b5bbe,2020,1T,,400428066,NWG ADVOCACY LLC,FL,190719,PUERTO RICO MANUFACTURERS ASSOCIATION,PR,manufacturing trade association,,,Taxation/Internal Revenue Code|Energy/Nuclear,tax policy|electric transition,,2020-06-02T11:09:28.473000-04:00,0.0,0.0
5fdefb65-f24e-488d-b484-2bf8461dfd1c,2020,1A,,400428066,NWG ADVOCACY LLC,FL,190717,HOSPITAL ASSOCIATION OF PUERTO RICO,PR,Serve Puerto Rico's Hospital System and its Members,24000.00,,Health Issues,Medicaid and Medicare,,2020-06-02T11:17:31.340000-04:00,24000.0,0.0
076d2f0c-049e-4756-a011-cf015ffcd1fd,2020,Q2,,21632,KING & SPALDING LLP,DC,128506,"MCS ADVANTAGE, INC.",PR,Healthcare plan provider,50000.00,,Medicare/Medicaid,Issues related to Medicare Advantage reimbursement for Puerto Rico,,2020-07-06T12:11:01.777000-04:00,50000.0,0.0
7519c0e7-93a6-4b2d-9f50-22eed1d1486c,2020,RR,,401105567,CHRISTIE 55 SOLUTIONS LLC,NJ,206033,PUERTO RICO ELECTRIC POWER AUTHORITY (PREPA),PR,Electric Utility.,,,Disaster Planning/Emergencies,Federal Government actions with respect to recovery from the hurricanes and earthquakes that have impacted Puerto Rico.,,2020-07-06T19:17:21-04:00,0.0,0.0
3e1003e4-08a0-486e-82f8-dbe2e691b7c4,2020,Q2,,401104581,"TURNBERRY SOLUTIONS, LLC",DC,202084,SUFFOLK ADMINISTRATIVE SERVICES LLC,PR,Administrative services,80000.00,,Health Issues,Provide strategic guidance and counsel on health care issues,,2020-07-07T14:25:55.247000-04:00,80000.0,0.0
71cd9790-c352-4483-bae4-5731ae416328,2020,Q2,,21632,KING & SPALDING LLP,DC,128507,PUERTO RICO ELECTRIC POWER AUTHORITY (PREPA),PR,Utility provider,50000.00,,Utilities,Post-Hurricane Maria power update and earthquake-related issues,,2020-07-10T11:16:03.853000-04:00,50000.0,0.0
3c3f8ab2-3197-47fc-b2d0-6b12296cc45a,2020,Q2,,401104100,VANTAGEKNIGHT LLC,PR,205327,COSTA ISABELA PARTNERS,PR,Commercial developer,10000.00,,Health Issues,"Coronavirus related legislation
CARES Act",,2020-07-15T05:59:14.307000-04:00,10000.0,0.0
e2da7e2f-9db4-4241-9579-44815a6f0ded,2020,Q2Y,,35707,SMITH GARSON,DC,144465,KINESIS FOUNDATION,PR,Municipal Government,,,,,,2020-07-15T14:52:33.050000-04:00,0.0,0.0
aa99a85a-101a-45a5-82e9-740899ef9d7b,2020,Q2Y,,35707,SMITH GARSON,DC,144485,RE-SYNTH INTERNATIONAL,PR,Waste technology company,,,,,,2020-07-16T06:15:22.600000-04:00,0.0,0.0
745568ba-2524-4da4-ab50-31c017e77b74,2020,Q2,,317355,JOSE FUENTES,DC,186009,"EMPRESAS FONALLEDAS, INC.",PR,Real estate development company.,20000.00,,Agriculture|Taxation/Internal Revenue Code|Medicare/Medicaid,"Puerto Rico Nutrition Assistance Program; Health and Economic Recovery Omnibus Emergency Solutions (HEROES) Act, Emergen|Child Tax Credit (CTC) and Earned Income Tax Credit (EITC); Health and Economic Recovery Omnibus Emergency Solutions (HE|Territories Health Care Improvement Act (H.R. 3631); Elijah E. Cummings Lower Drug Costs Now Act (H.R. 3); Health and Ec",,2020-07-16T11:23:18.163000-04:00,20000.0,0.0
83295753-9d3b-4d51-92ec-cec60ea121b3,2020,Q2,,400428066,NWG ADVOCACY LLC,FL,190717,HOSPITAL ASSOCIATION OF PUERTO RICO,PR,Serve Puerto Rico's Hospital System and its Members,24000.00,,Health Issues,Medicaid and Medicare,,2020-07-16T11:40:47.373000-04:00,24000.0,0.0
ab9d62ee-3cc0-49b3-805f-8ef750eef49b,2020,Q2,,400428066,NWG ADVOCACY LLC,FL,190730,PUERTO RICO PRIVATE SECTOR COALITION,PR,coalition of the thirty business organizations in Puerto Rico,,,Economics/Economic Development,"tax, aviation, health care, infrastructure",,2020-07-16T11:42:51.867000-04:00,0.0,0.0
b3afa1c4-5647-4ae0-a1b4-1fe4fcc7b8e9,2020,Q2,,30906,SQUIRE PATTON BOGGS,DC,137655,"PARA LA NATURALEZA, INC.",PR,Conservation Trust,50000.00,,Taxation/Internal Revenue Code,Permanent extension of the rum cover over.,,2020-07-16T12:49:46.707000-04:00,50000.0,0.0
962a008f-bd51-4f0b-844a-2d4c7aa76aea,2020,Q2,,75557,"CORNERSTONE GOVERNMENT AFFAIRS, INC.",DC,168233,PUERTO RICO PUBLIC PRIVATE PARTNERSHIPS AUTHORITY,PR,Promotes an ongoing collaboration between the public and private sector of Puerto Rico,90000.00,,Taxation/Internal Revenue Code|Medicare/Medicaid|Budget/Appropriations,Issues pertaining to Puerto Rico's unique treatment as a territory|Issues pertaining to Puerto Rico's unique treatment as a territory|Issues pertaining to Puerto Rico's unique treatment as a territory,,2020-07-16T16:44:49.623000-04:00,90000.0,0.0
fb6f5532-9ec4-47bc-8459-5384b4ead6ed,2019,Q3,,400532589,PRIME POLICY GROUP,DC,192431,"DESTILERIA SERRALLES, INC.",PR,Distiller of rum.,20000.00,,Trade (domestic/foreign)|Taxation/Internal Revenue Code|Budget/Appropriations,Tariffs|Tax issues|Appropriations,,2020-07-17T12:44:28.960000-04:00,20000.0,0.0
3fc9d442-1459-4059-a256-523f80945bf8,2019,Q4,,400532589,PRIME POLICY GROUP,DC,192431,"DESTILERIA SERRALLES, INC.",PR,Distiller of rum.,20000.00,,Trade (domestic/foreign)|Taxation/Internal Revenue Code|Budget/Appropriations,Tariffs|Tax issues|Appropriations,,2020-07-17T12:46:32.353000-04:00,20000.0,0.0
ad4cf127-70f1-49cd-ada6-c9e2e6abab53,2020,Q1,,400532589,PRIME POLICY GROUP,DC,192431,"DESTILERIA SERRALLES, INC.",PR,Distiller of rum.,20000.00,,Taxation/Internal Revenue Code|Trade (domestic/foreign)|Budget/Appropriations,Tax issues|Tariffs|Appropriations,,2020-07-17T12:49:39.817000-04:00,20000.0,0.0
f5985a55-ca35-489b-8abd-1e35ee99d5fc,2020,Q2,,401103327,OFF HILL STRATEGIES L.L.C.,FL,198595,FINANCIAL OVERSIGHT AND MANAGEMENT BOARD FOR PUERTO RICO,PR,Economic growth and opportunity for the people of Puerto Rico,60000.00,,Economics/Economic Development|Health Issues|Medicare/Medicaid|Budget/Appropriations|Natural Resources|Disaster Planning/Emergencies,Economic Development in Puerto Rico|Medicaid funding levels for Puerto Rico|Medicaid Funding Levels for Puerto Rico|Disaster Aid for Puerto Rico and Funding Caps|Implementation of PROMESA,,2020-07-17T12:57:52.953000-04:00,60000.0,0.0
b0439b08-55a4-4149-8a3d-08a81c1ea3e6,2020,Q2,,304736,"TARPLIN, DOWNS & YOUNG, LLC",DC,181317,TRIPLE-S MANAGEMENT CORPORATION,PR,Insurance,70000.00,,Taxation/Internal Revenue Code|Medicare/Medicaid|Natural Resources|Health Issues|Budget/Appropriations,"H.R. 1865 - Further Consolidated Appropriations Act, 2020|Medicare Advantage call letter
Puerto Rican health system stabilization
Medicaid cliff, Medicaid bridge funding
Medicare|Puerto Rican debt restructuring and economic stabilization|Puerto Rican health system stabilization, Medicaid funding
Health insurance tax
Hurricane response
Emergency Declaration|Budget resolution
Appropriations, continuing resolution, emergency supplemental, hurricane relief
H.R. 4378 - Continuing",,2020-07-17T15:26:50.577000-04:00,70000.0,0.0
fe33288c-f8ef-4f8e-ba61-a2fa62c8c5f7,2020,Q2,,400531581,POLICY SOLUTIONS LLC,DC,192115,"FOOD INDUSTRY, MARKETING AND DISTRIBUTION CHAMBER (MIDA)",PR,Food Nutrition Policy &amp; Regulations,,,Agriculture,Reforming and enhancing the Commonwealths NAP program to more closely resemble SNAP.,,2020-07-17T16:11:04.827000-04:00,0.0,0.0
855d9092-0b60-41de-b61d-dd2874834943,2020,Q2,,401105567,CHRISTIE 55 SOLUTIONS LLC,NJ,206033,PUERTO RICO ELECTRIC POWER AUTHORITY (PREPA),PR,Electric Utility.,30000.00,,Disaster Planning/Emergencies,"Federal Government actions with respect to recovery from the hurricanes and earthquakes that have impacted Puerto Rico, ",,2020-07-17T16:39:41.903000-04:00,30000.0,0.0
27246805-c266-43a4-ae76-62c30e1885b8,2020,Q2,,7268,BROYDRICK & ASSOCIATES,DC,110356,MILWAUKEE METROPOLITAN SEWERAGE DISTRICT,PR,Municipality in Puerto Rico,,,Utilities|Budget/Appropriations|Clean Air and Water (quality),"FY12 Interior-Environment Appropriations Act, State Revolving Loan Fund. Federal appropriations for land conservation fu|FY12 Interior-Environment Appropriations Act, State Revolving Loan Fund. Federal appropriations for land conservation fu|FY12 Interior-Environment Appropriations Act, State Revolving Loan Fund. Federal appropriations for land conservation fu",,2020-07-17T18:55:21.263000-04:00,0.0,0.0
226c1254-d8f0-425c-9c8f-78af094500cc,2020,RR,,400532589,PRIME POLICY GROUP,DC,206268,JOSE E. ROSSI,PR,Construction,,,Energy/Nuclear|Economics/Economic Development,Resilient and sustainable energy and economic solutions|Resilient and sustainable energy and economic solutions,,2020-07-18T18:15:56-04:00,0.0,0.0
f637199d-8b26-44c1-a09d-6cc7d4b28a41,2019,Q2,,400532589,PRIME POLICY GROUP,DC,192476,FOUR WINDS LLC,PR,Housing Development,30000.00,,Veterans,Public private partnership,,2020-07-19T20:43:19.860000-04:00,30000.0,0.0
3a8c7f96-23c2-457e-b028-7471411f5897,2019,Q3,,400532589,PRIME POLICY GROUP,DC,192476,FOUR WINDS LLC,PR,Housing Development,30000.00,,Veterans,Public private partnership,,2020-07-19T20:45:20.327000-04:00,30000.0,0.0
c7b7ec27-b95b-4702-8f6f-5e1c07c96a82,2019,Q4Y,,400532589,PRIME POLICY GROUP,DC,192476,FOUR WINDS LLC,PR,Housing Development,,,,,,2020-07-19T20:46:20.987000-04:00,0.0,0.0
d7c04b04-69f9-432f-91d5-33099d637ff2,2020,Q1Y,,400532589,PRIME POLICY GROUP,DC,192476,FOUR WINDS LLC,PR,Housing Development,,,,,,2020-07-19T20:47:21.640000-04:00,0.0,0.0
90be239f-c749-4fb8-8b9f-983e39b7c78a,2020,Q2Y,,400532589,PRIME POLICY GROUP,DC,192476,FOUR WINDS LLC,PR,Housing Development,,,,,,2020-07-19T20:48:22.657000-04:00,0.0,0.0
68de66db-45b6-4037-a9d2-76e059bb4245,2020,Q2,,36710,STEPTOE LLP,DC,145737,MEDICAID AND MEDICARE ADVANTAGE PRODUCTS ASSOCIATION OF PUERTO RICO,PR,Health Care Trade Association,70000.00,,Medicare/Medicaid,Issues relating to Puerto Rico health care coverage.,,2020-07-20T12:01:08.030000-04:00,70000.0,0.0
643d86df-fd6c-47ec-bf61-87371f3b63e8,2020,Q2,,401105212,PARK & K PUBLIC AFFAIRS LLC,NY,203408,PONCE HEALTH SCIENCES UNIVERSITY,PR,Medical School,37500.00,,Economics/Economic Development,Post Maria Redevelopment & Recovery of PR campus,,2020-07-20T13:13:00.250000-04:00,37500.0,0.0
b90ab95d-aee6-404f-8011-3e86e3884f6e,2020,2@,,401105587,WILLIAM WATSON GROUP LLC,VA,205747,"313, LLC",PR,Representative for and Importer of Medical Equipment.,,,Health Issues,Importation of COVID-19 test kits,,2020-07-20T13:29:45.017000-04:00,0.0,0.0
ce90fda3-b4f3-4ca4-ad0b-b5a89be2258c,2020,Q2Y,,77754,"OLDAKER & WILLISON, LLP",DC,170099,FIRST BANCORP,PR,Community bank and financial institution,,,,,,2020-07-20T13:36:39.547000-04:00,0.0,0.0
0b286b24-a29f-4afc-98e7-68028b75f5b6,2020,Q2Y,,1182,ALSTON & BIRD LLP,DC,102473,AIRPORT SHOPPES CORP,PR,Food service,,,,,,2020-07-20T14:08:00.927000-04:00,0.0,0.0
3c99dc4f-6a57-4518-b27a-3346fa86a235,2020,Q2,,76855,DLA PIPER LLP (US),DC,169485,GOVERNMENT OF PUERTO RICO,PR,Public corporation of the Government of Puerto Rico,580000.00,,Taxation/Internal Revenue Code,"Tax incentive provisions to encourage investment in Puerto Rico.
Inclusion of Puerto Rico in all stimulus legislation in",,2020-07-20T17:57:57.960000-04:00,580000.0,0.0
d0092833-8f22-4057-b40a-8f7b1d0be42c,2020,Q2,,400532589,PRIME POLICY GROUP,DC,206268,JOSE E. ROSSI,PR,Construction,20000.00,,Economics/Economic Development|Energy/Nuclear,Resilient and sustainable energy and economic solutions|Resilient and sustainable energy and economic solutions,,2020-07-20T18:17:02.320000-04:00,20000.0,0.0
ebcf97d8-9070-40ae-9a06-cc1776b24b5a,2020,Q2,,72053,CAPITOL HILL CONSULTING GROUP,DC,165752,PRIVATE ALLIANCE FOR ECONOMIC GROWTH OF PUERTO RICO,PR,Promote investment and initiatives to help Puerto Rico's recovery.,20000.00,,Budget/Appropriations|Economics/Economic Development|Taxation/Internal Revenue Code|Aviation/Airlines/Airports,"Puerto Rico economic development initiatives, air cargo hub amendment, opportunity zone enhancements, Puerto Rico recove|Puerto Rico economic development initiatives, air cargo hub amendment, opportunity zone enhancements, Puerto Rico recove|Puerto Rico economic development initiatives, air cargo hub amendment, opportunity zone enhancements, Puerto Rico recove|Puerto Rico economic development initiatives, air cargo hub amendment, opportunity zone enhancements, Puerto Rico recove",,2020-07-20T18:27:01.710000-04:00,20000.0,0.0
ec95a0dc-7ab2-47df-922b-664a9836d9e7,2020,Q2,,72053,CAPITOL HILL CONSULTING GROUP,DC,165758,"MCS HEALTHCARE HOLDINGS, LLC",PR,Health Insurance Company,30000.00,,Medicare/Medicaid|Government Issues,"Medicaid funding cliff, Puerto Rico MA rates, Medicare Part B buy-in.|Medicaid funding cliff, Puerto Rico MA rates, Medicare Part B buy-in.",,2020-07-20T18:31:17.230000-04:00,30000.0,0.0
8812c2f5-54f9-4bfd-bc8f-b66c27f691e3,2020,Q2,,400532589,PRIME POLICY GROUP,DC,192431,"DESTILERIA SERRALLES, INC.",PR,Distiller of rum.,30000.00,,Trade (domestic/foreign)|Taxation/Internal Revenue Code|Budget/Appropriations,Tariffs|Tax issues|Appropriations,,2020-07-20T18:41:58.317000-04:00,30000.0,0.0
7d21e619-a33a-4937-9149-e334ccb40016,2020,Q2,,401104734,THE VOGEL GROUP,DC,205486,PUERTO RICO CHAPTER OF THE ASSOCIATED GENERAL CONTRACTORS OF AMERICA,PR,Trade association for the construction industry,30000.00,,Government Issues|Disaster Planning/Emergencies,Issues around construction and building budgets in Puerto Rico|Issues around building and construction budgets in Puerto Rico,,2020-07-20T20:43:45.750000-04:00,30000.0,0.0
02bcce2f-4678-4d4e-abac-b52eb0555851,2020,RR,,72053,CAPITOL HILL CONSULTING GROUP,DC,206361,PUERTO RICO TERMINALS,PR,Maritime Terminal Operator,,,Transportation|Economics/Economic Development|Marine/Maritime/Boating/Fisheries,"Maritime Transportation issues in general, Puerto Rico Economic Development initiatives.|Maritime Transportation issues in general, Puerto Rico Economic Development initiatives.|Maritime Transportation issues in general, Puerto Rico Economic Development initiatives.",,2020-07-21T16:13:51-04:00,0.0,0.0
3c10b8af-05a1-4c3f-bb0c-2a3bc4fe79bd,2020,Q2,,72053,CAPITOL HILL CONSULTING GROUP,DC,206361,PUERTO RICO TERMINALS,PR,Maritime Terminal Operator,20000.00,,Trade (domestic/foreign)|Economics/Economic Development|Marine/Maritime/Boating/Fisheries,Maritime Transportation issues in general Puerto Rico Economic Development initiatives.|Maritime Transportation issues in general Puerto Rico Economic Development initiatives.|Maritime Transportation issues in general Puerto Rico Economic Development initiatives.,,2020-07-26T11:15:22.523000-04:00,20000.0,0.0
2e724f0d-7e5f-41b4-ab50-27899c53ec31,2020,Q2,,400520535,JASON UNDERWOOD,KY,192052,SERRALLES DISTILLERY,PR,Rum distiller,30000.00,,Taxation/Internal Revenue Code,IRS Code 1986 to repeal the limitation on the cover over of distilled spirits taxes to Puerto Rico and the Virgin Island,,2020-07-27T08:55:32.873000-04:00,30000.0,0.0
52bc7098-5dd0-48e7-85a7-7fa06d886d3a,2020,Q2,,401103211,CAPITOL ADVOCACY PARTNERS,DC,198165,BOYS AND GIRLS CLUBS OF PUERTO RICO,PR,Community services and programs.,25000.00,,Budget/Appropriations|Education|Law Enforcement/Crime/Criminal Justice|Disaster Planning/Emergencies|Health Issues,"Release of funds for Puerto Rico21st Century Learning Centers; Request of funding release process for sub grantees with |21st Century Learning Centers, Charter School Development Program, After-School Programs and services for at-risk youth.|Support for at-risk youth, including after school programming, for youth residing in public housing projects.|Puerto Rico disaster preparedness and FEMA CEDS; Issues with disaster relief funding.|Mental health and basic health needs of students to support learning. Impact of coronavirus on children.",,2020-07-29T16:59:05.927000-04:00,25000.0,0.0
36ae4433-5862-4da6-bb0a-bd9a616e5f8b,2019,3@Y,,401103110,"WORLD PROFESSIONALS GROUP, LLC",PR,197949,"SUPERMERCADOS ECONO, INC.",PR,Food Retail - Supermarkets,,,,,,2020-08-27T15:36:48.567000-04:00,0.0,0.0
3bebbdb3-0c39-46c2-b217-036243690856,2020,RR,,401105567,CHRISTIE 55 SOLUTIONS LLC,NJ,206811,PUERTO RICO FISCAL AGENCY AND FINANCIAL ADVISORY AUTHORITY,PR,Independent public corporation and governmental instrumentality.,,,Disaster Planning/Emergencies,Federal Government actions with respect to recovery from the hurricanes and earthquakes that have impacted Puerto Rico a,,2020-09-11T15:16:53-04:00,0.0,0.0
18611490-1a5d-418f-8514-2fd47a5a01fa,2020,RA,,37232,SULLIVAN & CROMWELL LLP,DC,146158,"POPULAR, INC",PR,Commercial bank.,,,Banking,Issues and legislation relating to minority depository institutions.,,2020-09-22T09:49:33-04:00,0.0,0.0
5129a37b-5335-4aa9-adad-cc850fc78edb,2020,RR,,70175,"MERCURY PUBLIC AFFAIRS, LLC",DC,206954,LOOPLAND GROUP LLC,PR,"Real Estate, Rental and Leasing",,,Taxation/Internal Revenue Code|Real Estate/Land Use/Conservation,Puerto RICO Opportunity Zone|Puerto RICO Opportunity Zone,,2020-10-01T12:34:58-04:00,0.0,0.0
8f1582fc-c5c1-4dc9-9d28-b986a08ae527,2020,3A,,70175,"MERCURY PUBLIC AFFAIRS, LLC",DC,206954,LOOPLAND GROUP LLC,PR,"Real Estate, Rental and Leasing",10000.00,,Taxation/Internal Revenue Code|Real Estate/Land Use/Conservation,Puerto Rico Opportunity Zone|Puerto Rico Opportunity Zone,,2020-10-02T18:07:24.317000-04:00,10000.0,0.0
fb7259d8-9487-4be7-94ee-190cffabbe47,2020,Q3,,401103327,OFF HILL STRATEGIES L.L.C.,FL,198595,FINANCIAL OVERSIGHT AND MANAGEMENT BOARD FOR PUERTO RICO,PR,Economic growth and opportunity for the people of Puerto Rico,60000.00,,Natural Resources|Medicare/Medicaid|Disaster Planning/Emergencies|Budget/Appropriations|Economics/Economic Development|Health Issues,"Implementation of PROMESA|Medicaid Funding Levels for Puerto Rico|Disaster Aid for Puerto Rico, Matters Related to COVID-19|Disaster Aid for Puerto Rico and Funding Caps|Economic Development in Puerto Rico",,2020-10-06T14:09:12.283000-04:00,60000.0,0.0
28a8ace5-bad5-4f50-8a83-ad7979574531,2020,Q3,,400520535,JASON UNDERWOOD,KY,192052,SERRALLES DISTILLERY,PR,Rum distiller,30000.00,,Taxation/Internal Revenue Code,IRS Code 1986 to repeal the limitation on the cover over of distilled spirits taxes to Puerto Rico and the Virgin Island,,2020-10-13T15:54:09.087000-04:00,30000.0,0.0
114d0789-bdd9-4561-bac3-bc36dfe6a80b,2020,2TY,,35707,SMITH GARSON,DC,144465,KINESIS FOUNDATION,PR,Municipal Government,,,,,,2020-10-14T10:12:02.483000-04:00,0.0,0.0
d6992467-3a87-4555-9500-f3cda6527596,2020,Q3Y,,35707,SMITH GARSON,DC,144485,RE-SYNTH INTERNATIONAL,PR,Waste technology company,,,,,,2020-10-14T11:53:03.197000-04:00,0.0,0.0
581896d2-7ebf-4a31-889d-3c75978080f9,2020,Q3,,30906,SQUIRE PATTON BOGGS,DC,137655,"PARA LA NATURALEZA, INC.",PR,Conservation Trust,50000.00,,Taxation/Internal Revenue Code,Permanent extension of the rum cover over.,,2020-10-14T16:34:56.373000-04:00,50000.0,0.0
2c7b1bda-ffdf-4945-981c-fe3e81985427,2020,Q3,,7268,BROYDRICK & ASSOCIATES,DC,110356,MILWAUKEE METROPOLITAN SEWERAGE DISTRICT,PR,Municipality in Puerto Rico,,,Utilities|Budget/Appropriations|Clean Air and Water (quality),"FY12 Interior-Environment Appropriations Act, State Revolving Loan Fund. Federal appropriations for land conservation fu|FY12 Interior-Environment Appropriations Act, State Revolving Loan Fund. Federal appropriations for land conservation fu|FY12 Interior-Environment Appropriations Act, State Revolving Loan Fund. Federal appropriations for land conservation fu",,2020-10-17T09:43:13.297000-04:00,0.0,0.0
9e38364b-ca42-49da-bd77-c2e8e7af75f7,2020,Q3,,304736,"TARPLIN, DOWNS & YOUNG, LLC",DC,181317,TRIPLE-S MANAGEMENT CORPORATION,PR,Insurance,70000.00,,Taxation/Internal Revenue Code|Health Issues|Medicare/Medicaid|Natural Resources|Budget/Appropriations,"H.R. 1865 - Further Consolidated Appropriations Act, 2020|Puerto Rican health system stabilization, Medicaid funding
Health insurance tax
Hurricane response
Emergency Declaration|Medicare Advantage call letter
Puerto Rican health system stabilization
Medicaid cliff, Medicaid bridge funding
Medicare|Puerto Rican debt restructuring and economic stabilization|Budget resolution
Appropriations, continuing resolution, emergency supplemental, hurricane relief
H.R. 4378 - Continuing",,2020-10-17T13:09:13.567000-04:00,70000.0,0.0
2b8ed50d-c8ad-49aa-a241-f4ca2f37d6c5,2020,Q3,,400532589,PRIME POLICY GROUP,DC,192431,"DESTILERIA SERRALLES, INC.",PR,Distiller of rum.,30000.00,,Trade (domestic/foreign)|Taxation/Internal Revenue Code|Budget/Appropriations,Tariffs|Tax issues|Appropriations,,2020-10-18T19:53:59.533000-04:00,30000.0,0.0
28f1404b-6254-4731-9a4c-ee9c4299605f,2020,Q3Y,,400532589,PRIME POLICY GROUP,DC,192476,FOUR WINDS LLC,PR,Housing Development,,,,,,2020-10-18T20:59:09.163000-04:00,0.0,0.0
8ff0d84f-a2f1-45b4-9c61-f4147c2d2b43,2020,Q3,,400532589,PRIME POLICY GROUP,DC,206268,JOSE E. ROSSI,PR,Construction,20000.00,,Economics/Economic Development|Energy/Nuclear,Resilient and sustainable energy and economic solutions|Resilient and sustainable energy and economic solutions,,2020-10-18T21:53:18.463000-04:00,20000.0,0.0
9b934582-478b-4aa5-87f9-3eeeb0aa23fa,2020,Q3,,21632,KING & SPALDING LLP,DC,128506,"MCS ADVANTAGE, INC.",PR,Healthcare plan provider,50000.00,,Medicare/Medicaid,Issues related to Medicare Advantage reimbursement for Puerto Rico,,2020-10-19T12:02:14.553000-04:00,50000.0,0.0
78af05c3-0514-4ba6-8c97-5daf883cb636,2020,Q3,,401105567,CHRISTIE 55 SOLUTIONS LLC,NJ,206811,PUERTO RICO FISCAL AGENCY AND FINANCIAL ADVISORY AUTHORITY,PR,Independent public corporation and governmental instrumentality.,40000.00,,Disaster Planning/Emergencies|Health Issues,"Federal Government actions with respect to recovery from the hurricanes and earthquakes that have impacted Puerto Rico, |Implementation of Public Law No. 116-136 (CARES Act) and Public Law No. 116-139 (Paycheck Protection Program and Health ",,2020-10-19T12:33:40.493000-04:00,40000.0,0.0
b1976c72-7d8e-431f-b695-554bd93d7058,2020,Q3,,401105567,CHRISTIE 55 SOLUTIONS LLC,NJ,206033,PUERTO RICO ELECTRIC POWER AUTHORITY (PREPA),PR,Electric Utility.,50000.00,,Disaster Planning/Emergencies,"Federal Government actions with respect to recovery from the hurricanes and earthquakes that have impacted Puerto Rico, ",,2020-10-19T12:52:36.723000-04:00,50000.0,0.0
8f8e06c9-4df1-4118-a42a-0421c6add1c1,2020,Q3,,317355,JOSE FUENTES,DC,186009,"EMPRESAS FONALLEDAS, INC.",PR,Real estate development company.,15000.00,,Medicare/Medicaid|Agriculture|Taxation/Internal Revenue Code|Health Issues,"Medicaid and Medicare resources for Puerto Rico.|Puerto Rico Nutrition Assistance Program (NAP), Coronavirus food assistance for Puerto Rico.|Extension of the Child Tax Credit (CTC) and Earned Income Tax Credit (EITC) to Puerto Rico.|Healthcare resources for Puerto Rico in response to COVID-19.",,2020-10-19T13:47:43.417000-04:00,15000.0,0.0
e9200ea0-87aa-4be2-a90d-0b3befdaad01,2020,2T,,400531581,POLICY SOLUTIONS LLC,DC,192115,"FOOD INDUSTRY, MARKETING AND DISTRIBUTION CHAMBER (MIDA)",PR,Food Nutrition Policy &amp; Regulations,,,Agriculture,Reforming and enhancing the Commonwealths NAP program to more closely resemble SNAP.,,2020-10-19T14:02:22.113000-04:00,0.0,0.0
88b4c96f-106c-46bf-ae6a-acdc6bbb9ffc,2020,Q3Y,,77754,"OLDAKER & WILLISON, LLP",DC,170099,FIRST BANCORP,PR,Community bank and financial institution,,,,,,2020-10-19T22:18:26.547000-04:00,0.0,0.0
ab5f3afa-4bba-4c5f-8745-f03d8a1e65c7,2020,Q3,,21632,KING & SPALDING LLP,DC,128507,PUERTO RICO ELECTRIC POWER AUTHORITY (PREPA),PR,Utility provider,50000.00,,Utilities,Post-Hurricane Maria power update and earthquake-related issues,,2020-10-20T10:29:02.897000-04:00,50000.0,0.0
df7e4d4e-8133-41e9-9885-1b4e1667e55f,2020,Q3,,76855,DLA PIPER LLP (US),DC,169485,GOVERNMENT OF PUERTO RICO,PR,Public corporation of the Government of Puerto Rico,150000.00,,Taxation/Internal Revenue Code,"Tax incentive provisions to encourage investment in Puerto Rico.
Inclusion of Puerto Rico in all stimulus legislation in",,2020-10-20T10:35:22.523000-04:00,150000.0,0.0
ff9e4400-c858-48e0-b218-3cd339dd65ee,2020,Q3Y,,1182,ALSTON & BIRD LLP,DC,102473,AIRPORT SHOPPES CORP,PR,Food service,,,,,,2020-10-20T11:51:11.583000-04:00,0.0,0.0
20fb6cea-9c5e-4502-a621-38b52c6a8765,2020,Q3,,401103211,CAPITOL ADVOCACY PARTNERS,DC,198165,BOYS AND GIRLS CLUBS OF PUERTO RICO,PR,Community services and programs.,25000.00,,Education|Law Enforcement/Crime/Criminal Justice|Disaster Planning/Emergencies|Health Issues|Budget/Appropriations,"21st Century Learning Centers, Charter School Development Program, After-School Programs and services for at-risk youth.|Support for at-risk youth, including after school programming, for youth residing in public housing projects.|Puerto Rico disaster preparedness and FEMA CEDS; Issues with disaster relief funding. Issues with COVID pandemic respons|Mental health and basic health needs of students to support learning. Impact of coronavirus on children. Food insecuriti|Coronavirus stimulus, including HEROES funding.",,2020-10-20T12:37:22.167000-04:00,25000.0,0.0
9849c367-c1f3-4316-b13e-56eabce1d64f,2020,Q3,,36710,STEPTOE LLP,DC,145737,MEDICAID AND MEDICARE ADVANTAGE PRODUCTS ASSOCIATION OF PUERTO RICO,PR,Health Care Trade Association,70000.00,,Medicare/Medicaid,Issues relating to Puerto Rico health care coverage.,,2020-10-20T15:40:59.287000-04:00,70000.0,0.0
f6aec865-dd57-470f-8a1d-b865a6187698,2020,Q3,,37232,SULLIVAN & CROMWELL LLP,DC,146158,"POPULAR, INC",PR,Commercial bank.,20000.00,,Banking,"Issues and legislation relating to minority depository institutions, including S. 4255.",,2020-10-20T17:20:57.870000-04:00,20000.0,0.0
6e6d80a2-b96c-497b-ae7f-653981a13fe4,2020,3T,,401104734,THE VOGEL GROUP,DC,205486,PUERTO RICO CHAPTER OF THE ASSOCIATED GENERAL CONTRACTORS OF AMERICA,PR,Trade association for the construction industry,,,Disaster Planning/Emergencies|Government Issues,Issues around building and construction budgets in Puerto Rico|Issues around construction and building budgets in Puerto Rico,,2020-10-20T17:50:36.637000-04:00,0.0,0.0
a8d692b7-b113-4078-a16b-0be414fb3bbc,2020,Q3,,72053,CAPITOL HILL CONSULTING GROUP,DC,165752,PRIVATE ALLIANCE FOR ECONOMIC GROWTH OF PUERTO RICO,PR,Promote investment and initiatives to help Puerto Rico's recovery.,20000.00,,Taxation/Internal Revenue Code|Aviation/Airlines/Airports|Economics/Economic Development|Budget/Appropriations,"Puerto Rico economic development initiatives, air cargo hub amendment, opportunity zone enhancements, Puerto Rico recove|Puerto Rico economic development initiatives, air cargo hub amendment, opportunity zone enhancements, Puerto Rico recove|Puerto Rico economic development initiatives, air cargo hub amendment, opportunity zone enhancements, Puerto Rico recove|Puerto Rico economic development initiatives, air cargo hub amendment, opportunity zone enhancements, Puerto Rico recove",,2020-10-20T17:53:56.270000-04:00,20000.0,0.0
33a7e82f-8592-4c32-896b-42afa181fa1e,2020,Q3,,72053,CAPITOL HILL CONSULTING GROUP,DC,165758,"MCS HEALTHCARE HOLDINGS, LLC",PR,Health Insurance Company,30000.00,,Government Issues|Medicare/Medicaid,"Medicaid funding cliff, Puerto Rico MA rates, Medicare Part B buy-in.|Medicaid funding cliff, Puerto Rico MA rates, Medicare Part B buy-in.",,2020-10-20T17:53:56.793000-04:00,30000.0,0.0
81101301-6aa1-4db4-ac0a-02574bab26fb,2020,Q3,,72053,CAPITOL HILL CONSULTING GROUP,DC,206361,PUERTO RICO TERMINALS,PR,Maritime Terminal Operator,20000.00,,Trade (domestic/foreign)|Marine/Maritime/Boating/Fisheries|Economics/Economic Development,Maritime Transportation issues in general Puerto Rico Economic Development initiatives.|Maritime Transportation issues in general Puerto Rico Economic Development initiatives.|Maritime Transportation issues in general Puerto Rico Economic Development initiatives.,,2020-10-20T18:08:12.597000-04:00,20000.0,0.0
e0230c89-167f-4ed5-b07b-474a2e3a0b49,2020,Q3,,75557,"CORNERSTONE GOVERNMENT AFFAIRS, INC.",DC,168233,PUERTO RICO PUBLIC PRIVATE PARTNERSHIPS AUTHORITY,PR,Promotes an ongoing collaboration between the public and private sector of Puerto Rico,90000.00,,Medicare/Medicaid|Budget/Appropriations|Taxation/Internal Revenue Code,Issues pertaining to Puerto Rico's unique treatment as a territory|Issues pertaining to Puerto Rico's unique treatment as a territory|Issues pertaining to Puerto Rico's unique treatment as a territory,,2020-10-20T20:37:49.487000-04:00,90000.0,0.0
d4ad2392-0b5a-4aa1-86bc-c23a00cf2334,2020,Q3,,401105212,PARK & K PUBLIC AFFAIRS LLC,NY,203408,PONCE HEALTH SCIENCES UNIVERSITY,PR,Medical School,37500.00,,Economics/Economic Development,Post Maria Redevelopment & Recovery of PR campus,,2020-10-20T21:10:49.630000-04:00,37500.0,0.0
a4aeb6ad-76f3-45dc-a1e4-8aeb8fddbb18,2020,Q3,,401104581,"TURNBERRY SOLUTIONS, LLC",DC,202084,SUFFOLK ADMINISTRATIVE SERVICES LLC,PR,Administrative services,80000.00,,Health Issues,Provide strategic guidance and counsel on health care issues,,2020-10-28T09:44:52.007000-04:00,80000.0,0.0
f0a378c0-0930-4555-a176-89a9c6d97bf5,2020,Q3,,400428066,NWG ADVOCACY LLC,FL,190717,HOSPITAL ASSOCIATION OF PUERTO RICO,PR,Serve Puerto Rico's Hospital System and its Members,24000.00,,Health Issues,Medicaid and Medicare,,2020-11-04T11:34:26.353000-05:00,24000.0,0.0
830a3e97-0b57-4ff0-b218-896fd5f2bb9a,2020,Q3,,400428066,NWG ADVOCACY LLC,FL,190730,PUERTO RICO PRIVATE SECTOR COALITION,PR,coalition of the thirty business organizations in Puerto Rico,8000.00,,Economics/Economic Development,"tax, aviation, health care, infrastructure",,2020-11-04T11:37:29.903000-05:00,8000.0,0.0
ea7fa611-d189-47d9-a202-3d51d7716029,2020,RR,,297033,"TORREY ADVISORY GROUP (FORMERLY MICHAEL TORREY ASSOCIATES, LLC)",DC,207439,"GRUPO NAVIS, LLC",PR,"Distribution of fruits, vegetables, and fresh eggs in Puerto Rico.",,,"Food Industry (safety, labeling, etc.)",Online processing of Nutrition Assistance Program.,,2020-11-04T16:43:14-05:00,0.0,0.0
0c3249b4-6cc0-4615-b8e3-1ce294d2d23d,2020,Q3,,401104100,VANTAGEKNIGHT LLC,PR,205327,COSTA ISABELA PARTNERS,PR,Commercial developer,10000.00,,Health Issues,"Coronavirus related legislation
CARES Act",,2020-11-17T11:33:53.333000-05:00,10000.0,0.0
4bd42360-2d89-474d-9e37-283b5c1eced2,2020,3A,,401104581,"TURNBERRY SOLUTIONS, LLC",DC,202084,SUFFOLK ADMINISTRATIVE SERVICES LLC,PR,Administrative services,,,Health Issues,Provide strategic guidance and counsel on health care issues,,2020-11-17T12:03:16.017000-05:00,0.0,0.0
01bb9ead-c4f8-4e2d-93e3-fe59a75cf8b3,2020,Q4,,400428066,NWG ADVOCACY LLC,FL,190717,HOSPITAL ASSOCIATION OF PUERTO RICO,PR,Serve Puerto Rico's Hospital System and its Members,24000.00,,Health Issues,"Medicaid and Medicare, COVID-19 response",,2021-01-11T13:12:07.803000-05:00,24000.0,0.0
406c5ea1-693e-4384-8fda-2240c35e4a37,2020,Q4,,400428066,NWG ADVOCACY LLC,FL,190730,PUERTO RICO PRIVATE SECTOR COALITION,PR,coalition of the thirty business organizations in Puerto Rico,16000.00,,Economics/Economic Development,"tax, aviation, health care, infrastructure, disaster recovery and COVID-19 response",,2021-01-11T13:16:11.520000-05:00,16000.0,0.0
42c3a39e-c01e-4d21-b028-28271ebf5e7c,2020,Q4,,7268,BROYDRICK & ASSOCIATES,DC,110356,MILWAUKEE METROPOLITAN SEWERAGE DISTRICT,PR,Municipality in Puerto Rico,,,Utilities|Budget/Appropriations|Clean Air and Water (quality),"FY12 Interior-Environment Appropriations Act, State Revolving Loan Fund. Federal appropriations for land conservation fu|FY12 Interior-Environment Appropriations Act, State Revolving Loan Fund. Federal appropriations for land conservation fu|FY12 Interior-Environment Appropriations Act, State Revolving Loan Fund. Federal appropriations for land conservation fu",,2021-01-13T20:06:04.707000-05:00,0.0,0.0
68dbf9a5-41fd-45a1-88bd-6fca39baecc6,2020,Q4Y,,35707,SMITH GARSON,DC,144485,RE-SYNTH INTERNATIONAL,PR,Waste technology company,,,,,,2021-01-13T21:00:15.817000-05:00,0.0,0.0
b72c27d5-59d6-4efc-aee3-72e41ebb2d46,2020,Q4,,401104100,VANTAGEKNIGHT LLC,PR,205327,COSTA ISABELA PARTNERS,PR,Commercial developer,10000.00,,Health Issues,"Coronavirus related legislation
CARES Act",,2021-01-14T11:47:04.250000-05:00,10000.0,0.0
a1896599-c4b6-4dbe-a9bd-c3218c79222f,2020,Q4,,36710,STEPTOE LLP,DC,145737,MEDICAID AND MEDICARE ADVANTAGE PRODUCTS ASSOCIATION OF PUERTO RICO,PR,Health Care Trade Association,70000.00,,Medicare/Medicaid,Issues relating to Puerto Rico health care coverage.,,2021-01-15T14:01:49.207000-05:00,70000.0,0.0
e0d6dab4-dbd8-40c4-a6d4-905e2f16d5f9,2020,Q4,,297033,"TORREY ADVISORY GROUP (FORMERLY MICHAEL TORREY ASSOCIATES, LLC)",DC,207439,"GRUPO NAVIS, LLC",PR,"Distribution of fruits, vegetables, and fresh eggs in Puerto Rico.",10000.00,,"Food Industry (safety, labeling, etc.)","Online processing of Nutrition Assistance Program.
Farmers to Families Food box Program.",,2021-01-15T15:29:29.190000-05:00,10000.0,0.0
fa09bf0a-6eff-4108-8e4e-d3b43324c1b4,2020,Q4,,401103327,OFF HILL STRATEGIES L.L.C.,FL,198595,FINANCIAL OVERSIGHT AND MANAGEMENT BOARD FOR PUERTO RICO,PR,Economic growth and opportunity for the people of Puerto Rico,60000.00,,Medicare/Medicaid|Pharmacy|Economics/Economic Development|Health Issues|Budget/Appropriations|Disaster Planning/Emergencies|Natural Resources,Medicaid Funding Levels for Puerto Rico|Monitored pharmaceutical supply chain legislation and policies.|Economic Development in Puerto Rico|Medicaid funding levels for Puerto Rico.|Disaster Aid for Puerto Rico and Funding Caps,,2021-01-15T19:40:14.617000-05:00,60000.0,0.0
2ce6cfbe-0c40-427d-9cb7-0bee1857fb60,2020,Q4,,30906,SQUIRE PATTON BOGGS,DC,137655,"PARA LA NATURALEZA, INC.",PR,Conservation Trust,50000.00,,Taxation/Internal Revenue Code,Permanent extension of the rum cover over.,,2021-01-18T15:12:14.607000-05:00,50000.0,0.0
4d63ee7c-e8bb-4c94-8148-d1d7653e75e8,2020,Q4,,317355,JOSE FUENTES,DC,186009,"EMPRESAS FONALLEDAS, INC.",PR,Real estate development company.,10000.00,,Agriculture|Taxation/Internal Revenue Code,"Puerto Rico Nutrition Assistance Program (NAP), Coronavirus food assistance for Puerto Rico.|Extension of the Child Tax Credit (CTC) and Earned Income Tax Credit (EITC) to Puerto Rico.",,2021-01-19T09:00:22.003000-05:00,10000.0,0.0
6b60b05f-e67e-4821-b9e3-2d32172bad5b,2020,Q4,,21632,KING & SPALDING LLP,DC,128506,"MCS ADVANTAGE, INC.",PR,Healthcare plan provider,50000.00,,Medicare/Medicaid,Issues related to Medicare Advantage reimbursement for Puerto Rico,,2021-01-19T16:11:01.843000-05:00,50000.0,0.0
0c10dfaf-4016-4545-b536-918f7fdf04cc,2020,Q4,,70175,"MERCURY PUBLIC AFFAIRS, LLC",DC,206954,LOOPLAND GROUP LLC,PR,"Real Estate, Rental and Leasing",40000.00,,Taxation/Internal Revenue Code|Real Estate/Land Use/Conservation,Puerto Rico Opportunity Zone|Puerto Rico Opportunity Zone,,2021-01-19T16:12:02.300000-05:00,40000.0,0.0
5471f4d4-6d6f-40f8-a6de-0d5ef6f5225a,2020,Q4,,21632,KING & SPALDING LLP,DC,128507,PUERTO RICO ELECTRIC POWER AUTHORITY (PREPA),PR,Utility provider,50000.00,,Utilities,"Post-Hurricane Maria power update, earthquake-related issues, and renewable energy program",,2021-01-19T16:15:11.433000-05:00,50000.0,0.0
cc20ada5-ea83-4d62-8b84-99dd7e15f32d,2020,Q4,,401105567,CHRISTIE 55 SOLUTIONS LLC,NJ,206033,PUERTO RICO ELECTRIC POWER AUTHORITY (PREPA),PR,Electric Utility.,50000.00,,Disaster Planning/Emergencies,"Federal government actions with respect to recovery from the hurricanes and earthquakes that have impacted Puerto Rico, ",,2021-01-19T20:12:46.223000-05:00,50000.0,0.0
dbf1a3be-27e3-4978-8936-4d11d337726a,2020,Q4,,401105567,CHRISTIE 55 SOLUTIONS LLC,NJ,206811,PUERTO RICO FISCAL AGENCY AND FINANCIAL ADVISORY AUTHORITY,PR,Independent public corporation and governmental instrumentality.,50000.00,,Disaster Planning/Emergencies|Health Issues,"Federal Government actions with respect to recovery from the hurricanes and earthquakes that have impacted Puerto Rico, |Implementation of Public Law No. 116-136 (CARES Act), Public Law No. 116-139 (Paycheck Protection Program and Health Car",,2021-01-19T20:15:47.543000-05:00,50000.0,0.0
90477d63-2f66-457b-b3b4-2f9152e903a2,2020,Q4,,304736,"TARPLIN, DOWNS & YOUNG, LLC",DC,181317,TRIPLE-S MANAGEMENT CORPORATION,PR,Insurance,70000.00,,Medicare/Medicaid|Budget/Appropriations|Taxation/Internal Revenue Code|Health Issues|Natural Resources,"Medicare Advantage call letter
Puerto Rican health system stabilization
Medicaid cliff, Medicaid bridge funding
Medicare|Budget resolution
Appropriations, continuing resolution, emergency supplemental, hurricane relief
H.R. 4378 - Continuing|H.R. 1865 - Further Consolidated Appropriations Act, 2020|Puerto Rican health system stabilization, Medicaid funding
Health insurance tax
Hurricane response
Emergency Declaration|Puerto Rican debt restructuring and economic stabilization",,2021-01-20T08:38:01.467000-05:00,70000.0,0.0
7461693e-cf56-43bc-aab4-8cfd76ceb5c1,2020,Q4,,75557,"CORNERSTONE GOVERNMENT AFFAIRS, INC.",DC,168233,PUERTO RICO PUBLIC PRIVATE PARTNERSHIPS AUTHORITY,PR,Promotes an ongoing collaboration between the public and private sector of Puerto Rico,90000.00,,Medicare/Medicaid|Budget/Appropriations|Taxation/Internal Revenue Code,Issues pertaining to Puerto Rico's unique treatment as a territory|Issues pertaining to Puerto Rico's unique treatment as a territory|Issues pertaining to Puerto Rico's unique treatment as a territory,,2021-01-20T13:35:01.237000-05:00,90000.0,0.0
e1b0032c-ed13-453d-adf3-4ce12f6950f3,2020,4TY,,77754,"OLDAKER & WILLISON, LLP",DC,170099,FIRST BANCORP,PR,Community bank and financial institution,,,,,,2021-01-20T15:02:50.100000-05:00,0.0,0.0
d34ab7d1-0175-452f-b89b-445ad5386fda,2020,Q4,,72053,CAPITOL HILL CONSULTING GROUP,DC,165752,PRIVATE ALLIANCE FOR ECONOMIC GROWTH OF PUERTO RICO,PR,Promote investment and initiatives to help Puerto Rico's recovery.,20000.00,,Aviation/Airlines/Airports|Taxation/Internal Revenue Code|Economics/Economic Development|Budget/Appropriations,"Puerto Rico economic development initiatives, air cargo hub amendment, opportunity zone enhancements, Puerto Rico recove|Puerto Rico economic development initiatives, air cargo hub amendment, opportunity zone enhancements, Puerto Rico recove|Puerto Rico economic development initiatives, air cargo hub amendment, opportunity zone enhancements, Puerto Rico recove|Puerto Rico economic development initiatives, air cargo hub amendment, opportunity zone enhancements, Puerto Rico recove",,2021-01-20T17:02:27.553000-05:00,20000.0,0.0
79bf1707-e847-42cf-8014-314f115e8b91,2020,Q4,,72053,CAPITOL HILL CONSULTING GROUP,DC,165758,"MCS HEALTHCARE HOLDINGS, LLC",PR,Health Insurance Company,30000.00,,Medicare/Medicaid|Government Issues,"Medicaid funding cliff, Puerto Rico MA rates, Medicare Part B buy-in.|Medicaid funding cliff, Puerto Rico MA rates, Medicare Part B buy-in.",,2021-01-20T17:04:36.037000-05:00,30000.0,0.0
3aae0771-ae08-4ec3-aa65-a15e72161c6e,2020,Q4,,401105212,PARK & K PUBLIC AFFAIRS LLC,NY,203408,PONCE HEALTH SCIENCES UNIVERSITY,PR,Medical School,37500.00,,Economics/Economic Development,Post Maria Redevelopment & Recovery of PR campus,,2021-01-20T22:46:57.877000-05:00,37500.0,0.0
3d2276b1-4753-4d81-9145-e74033e21638,2020,4T,,400532589,PRIME POLICY GROUP,DC,192431,"DESTILERIA SERRALLES, INC.",PR,Distiller of rum.,20000.00,,Trade (domestic/foreign)|Taxation/Internal Revenue Code|Budget/Appropriations,Tariffs|Tax issues|Appropriations,,2021-01-21T00:51:16.437000-05:00,20000.0,0.0
78b82cdd-ec9b-444e-8e14-89ed9befa69e,2020,Q4Y,,1182,ALSTON & BIRD LLP,DC,102473,AIRPORT SHOPPES CORP,PR,Food service,,,,,,2021-01-21T10:43:48.147000-05:00,0.0,0.0
53411852-1651-4990-83a3-ea8b15e70862,2020,Q4,,72053,CAPITOL HILL CONSULTING GROUP,DC,206361,PUERTO RICO TERMINALS,PR,Maritime Terminal Operator,20000.00,,Trade (domestic/foreign)|Economics/Economic Development|Marine/Maritime/Boating/Fisheries,Maritime Transportation issues in general Puerto Rico Economic Development initiatives.|Maritime Transportation issues in general Puerto Rico Economic Development initiatives.|Maritime Transportation issues in general Puerto Rico Economic Development initiatives.,,2021-01-21T13:48:43.703000-05:00,20000.0,0.0
21a484a4-3f45-4b26-a5de-83332a903bb7,2020,Q4,,76855,DLA PIPER LLP (US),DC,169485,GOVERNMENT OF PUERTO RICO,PR,Public corporation of the Government of Puerto Rico,40000.00,,Taxation/Internal Revenue Code,"Tax incentive provisions to encourage investment in Puerto Rico.
Inclusion of Puerto Rico in all stimulus legislation in",,2021-01-21T14:13:35.683000-05:00,40000.0,0.0
c059f8a2-959b-451c-a891-c46472c81630,2020,Q4,,37232,SULLIVAN & CROMWELL LLP,DC,146158,"POPULAR, INC",PR,Commercial bank.,10000.00,,Banking,Issues and legislation relating to minority depository institutions.,,2021-01-21T15:45:44.907000-05:00,10000.0,0.0
9bed7da4-5781-413e-a5f3-7d9a69e595a7,2020,Q4Y,,400532589,PRIME POLICY GROUP,DC,192476,FOUR WINDS LLC,PR,Housing Development,,,,,,2021-01-21T16:49:26.497000-05:00,0.0,0.0
e6a446e5-e447-4b28-8f79-5330670d91e2,2020,Q4,,400532589,PRIME POLICY GROUP,DC,206268,JOSE E. ROSSI,PR,Construction,20000.00,,Economics/Economic Development|Energy/Nuclear,Resilient and sustainable energy and economic solutions|Resilient and sustainable energy and economic solutions,,2021-01-21T16:57:48.587000-05:00,20000.0,0.0
d264f280-b8d1-46e1-bf85-c783d6744efc,2017,4A,,400532589,PRIME POLICY GROUP,DC,192431,"DESTILERIA SERRALLES, INC.",PR,Distiller of rum.,20000.00,,Taxation/Internal Revenue Code,Tax reform,,2021-01-29T15:06:45.650000-05:00,20000.0,0.0
ac7d2f44-3f4b-4384-b1ff-455adbfc02ee,2018,3A,,400532589,PRIME POLICY GROUP,DC,192431,"DESTILERIA SERRALLES, INC.",PR,Distiller of rum.,20000.00,,Trade (domestic/foreign)|Taxation/Internal Revenue Code|Budget/Appropriations,Tariffs|Tax issues|Appropriations,,2021-01-29T15:11:47.287000-05:00,20000.0,0.0
143c9490-ea5a-4df9-a793-3f69e59e3780,2017,4A,,400532589,PRIME POLICY GROUP,DC,192431,"DESTILERIA SERRALLES, INC.",PR,Distiller of rum.,20000.00,,Taxation/Internal Revenue Code,Tax reform,,2021-01-29T15:12:47.843000-05:00,20000.0,0.0
7a4d8335-ab8e-4819-af1b-b453f55279d3,2020,4@,,400532589,PRIME POLICY GROUP,DC,192431,"DESTILERIA SERRALLES, INC.",PR,Distiller of rum.,20000.00,,Trade (domestic/foreign)|Taxation/Internal Revenue Code|Budget/Appropriations,Tariffs|Tax issues|Appropriations,,2021-01-29T15:16:48.097000-05:00,20000.0,0.0
32b9f26a-0205-4988-95bf-a914abecdb08,2020,Q4,,400520535,JASON UNDERWOOD,KY,192052,SERRALLES DISTILLERY,PR,Rum distiller,30000.00,,Taxation/Internal Revenue Code,IRS Code 1986 to repeal the limitation on the cover over of distilled spirits taxes to Puerto Rico and the Virgin Island,,2021-02-08T12:39:52.503000-05:00,30000.0,0.0
a2425d8d-8264-45f5-9c9d-9982dd2004fd,2020,Q4,,401103211,CAPITOL ADVOCACY PARTNERS,DC,198165,BOYS AND GIRLS CLUBS OF PUERTO RICO,PR,Community services and programs.,25000.00,,Health Issues|Law Enforcement/Crime/Criminal Justice|Budget/Appropriations|Disaster Planning/Emergencies|Education,"Mental health and basic health needs of students to support learning. Impact of coronavirus on children. Food insecuriti|Support for at-risk youth, including after school programming, for youth residing in public housing projects.|Coronavirus stimulus, including CARES funding.|Puerto Rico disaster preparedness and FEMA CEDS; Issues with disaster relief funding. Issues with COVID pandemic respons|21st Century Learning Centers, Charter School Development Program, After-School Programs and services for at-risk youth.",,2021-02-17T14:16:22.220000-05:00,25000.0,0.0
b5e2cf45-5522-4aad-944c-c09534e7a140,2020,4T,,401104581,"TURNBERRY SOLUTIONS, LLC",DC,202084,SUFFOLK ADMINISTRATIVE SERVICES LLC,PR,Administrative services,,,Health Issues,Provide strategic guidance and counsel on health care issues,,2021-03-01T09:31:48.300000-05:00,0.0,0.0
1e26c72a-70ec-484f-b771-8e80f43564a2,2021,Q1,,70175,"MERCURY PUBLIC AFFAIRS, LLC",DC,206954,LOOPLAND GROUP LLC,PR,"Real Estate, Rental and Leasing",,,Real Estate/Land Use/Conservation|Taxation/Internal Revenue Code,"Focused on Opportunity Zone issues, particularly HR 1740, To Designate all of Puerto Rico an Opportunity Zone|Focused on Opportunity Zone issues, particularly HR 1740, To Designate all of Puerto Rico an Opportunity Zone",,2021-04-02T10:16:30.117000-04:00,0.0,0.0
73a0b68b-ad92-4b4a-bd28-d062feaca632,2021,Q1,,401103327,OFF HILL STRATEGIES L.L.C.,FL,198595,FINANCIAL OVERSIGHT AND MANAGEMENT BOARD FOR PUERTO RICO,PR,Economic growth and opportunity for the people of Puerto Rico,60000.00,,Health Issues|Disaster Planning/Emergencies|Economics/Economic Development|Medicare/Medicaid|Budget/Appropriations|Pharmacy|Natural Resources,Medicaid funding levels for Puerto Rico|Disaster Aid for Puerto Rico|Economic Development in Puerto Rico|Medicaid Funding Levels for Puerto Rico|Disaster Aid for Puerto Rico and Funding Caps,,2021-04-13T21:17:16.137000-04:00,60000.0,0.0
4cae7622-f12c-48bc-b4a6-9d951b156203,2021,Q1,,297033,"TORREY ADVISORY GROUP (FORMERLY MICHAEL TORREY ASSOCIATES, LLC)",DC,207439,"GRUPO NAVIS, LLC",PR,"Distribution of fruits, vegetables, and fresh eggs in Puerto Rico.",30000.00,,"Food Industry (safety, labeling, etc.)",Farmers to Families Food box Program.,,2021-04-15T12:25:24.273000-04:00,30000.0,0.0
bb38c3f3-76ed-4f7a-9aa3-06b2bf779e19,2021,Q1,,7268,BROYDRICK & ASSOCIATES,DC,110356,MILWAUKEE METROPOLITAN SEWERAGE DISTRICT,PR,Municipality in Puerto Rico,10000.00,,Utilities|Budget/Appropriations|Clean Air and Water (quality),"FY12 Interior-Environment Appropriations Act, State Revolving Loan Fund. Federal appropriations for land conservation fu|FY12 Interior-Environment Appropriations Act, State Revolving Loan Fund. Federal appropriations for land conservation fu|FY12 Interior-Environment Appropriations Act, State Revolving Loan Fund. Federal appropriations for land conservation fu",,2021-04-15T18:48:49.157000-04:00,10000.0,0.0
31566723-667b-4b2b-a799-5d1599375d7c,2021,Q1,,36710,STEPTOE LLP,DC,145737,MEDICAID AND MEDICARE ADVANTAGE PRODUCTS ASSOCIATION OF PUERTO RICO,PR,Health Care Trade Association,70000.00,,Medicare/Medicaid,Issues relating to Puerto Rico health care coverage.,,2021-04-16T15:14:08.780000-04:00,70000.0,0.0
c915926d-05d4-4705-a308-6d838ea4a647,2021,Q1,,401104100,VANTAGEKNIGHT LLC,PR,205327,COSTA ISABELA PARTNERS,PR,Commercial developer,10000.00,,Health Issues,"Coronavirus related legislation
CARES Act",,2021-04-17T15:46:10.717000-04:00,10000.0,0.0
73fafff1-e9a7-4639-935a-3f460960e832,2021,Q1Y,,35707,SMITH GARSON,DC,144485,RE-SYNTH INTERNATIONAL,PR,Waste technology company,,,,,,2021-04-17T16:30:21.697000-04:00,0.0,0.0
043473b5-11b2-4cee-b0d9-24a0d6387ebd,2021,Q1,,304736,"TARPLIN, DOWNS & YOUNG, LLC",DC,181317,TRIPLE-S MANAGEMENT CORPORATION,PR,Insurance,70000.00,,Budget/Appropriations|Natural Resources|Health Issues|Medicare/Medicaid,"Budget resolution
Appropriations, continuing resolution, emergency supplemental
S. Con. Res. 5 (117)|Puerto Rican debt restructuring and economic stabilization|Puerto Rican health system stabilization, Medicaid funding
Health insurance tax
Emergency Declaration
pandemic response
|Medicare Advantage call letter
Puerto Rican health system stabilization
Medicaid cliff, Medicaid bridge funding
Medicare",,2021-04-18T22:35:39.777000-04:00,70000.0,0.0
b9475c7d-828a-47c0-9a61-af6cfecd17a3,2021,1T,,401105567,CHRISTIE 55 SOLUTIONS LLC,NJ,206033,PUERTO RICO ELECTRIC POWER AUTHORITY (PREPA),PR,Electric Utility.,50000.00,,Disaster Planning/Emergencies,"Federal government actions with respect to recovery from the hurricanes and earthquakes that have impacted Puerto Rico, ",,2021-04-19T13:07:27.290000-04:00,50000.0,0.0
c5fab86d-4b6e-4b1e-a1b8-b285da4ca144,2021,1TY,,401105567,CHRISTIE 55 SOLUTIONS LLC,NJ,206811,PUERTO RICO FISCAL AGENCY AND FINANCIAL ADVISORY AUTHORITY,PR,Independent public corporation and governmental instrumentality.,,,,,,2021-04-19T13:10:36.217000-04:00,0.0,0.0
f9b90b20-a3fd-4216-ada7-4756217304b0,2021,Q1,,21632,KING & SPALDING LLP,DC,128506,"MCS ADVANTAGE, INC.",PR,Healthcare plan provider,50000.00,,Medicare/Medicaid,Issues related to Medicare Advantage reimbursement for Puerto Rico,,2021-04-19T14:21:26.573000-04:00,50000.0,0.0
b5e06884-ca02-4e91-ba49-57e5a4b1e468,2021,Q1,,21632,KING & SPALDING LLP,DC,128507,PUERTO RICO ELECTRIC POWER AUTHORITY (PREPA),PR,Utility provider,50000.00,,Utilities,"Post-Hurrican Maria power update, earthquake-related issues, and renewable energy program",,2021-04-19T14:25:42.807000-04:00,50000.0,0.0
a14e7668-14e1-4c25-8dd2-5c9e2070d9b7,2021,Q1,,30906,SQUIRE PATTON BOGGS,DC,137655,"PARA LA NATURALEZA, INC.",PR,Conservation Trust,50000.00,,Taxation/Internal Revenue Code,Permanent extension of the rum cover over.,,2021-04-19T16:25:55.747000-04:00,50000.0,0.0
f3d58f06-cbb1-4503-aa76-b1c8322b2aa6,2021,Q1Y,,37232,SULLIVAN & CROMWELL LLP,DC,146158,"POPULAR, INC",PR,Commercial bank.,,,,,,2021-04-20T11:04:37.963000-04:00,0.0,0.0
bfa5189f-37c0-47eb-b50d-4a7bdb6a1754,2021,Q1Y,,1182,ALSTON & BIRD LLP,DC,102473,AIRPORT SHOPPES CORP,PR,Food service,,,,,,2021-04-20T11:19:52.280000-04:00,0.0,0.0
588212ed-5295-409b-a8b9-4c8ee59af71b,2021,Q1,,401103211,CAPITOL ADVOCACY PARTNERS,DC,198165,BOYS AND GIRLS CLUBS OF PUERTO RICO,PR,Community services and programs.,15000.00,,Budget/Appropriations|Health Issues|Economics/Economic Development|Law Enforcement/Crime/Criminal Justice|Education|Disaster Planning/Emergencies,"Community project request, release of prior year appropriations to the Puerto Rico Department of Education.|Mental health resources and trauma-informed programming.|Disaster relief economic development programs; Generational poverty reduction strategies.|Office of Juvenile Justice and Delinquency Prevention programs to support violence intervention and trauma-informed supp|Charter school program grants and program administration, release of prior year appropriations to the Puerto Rico Depart",,2021-04-20T12:21:03.833000-04:00,15000.0,0.0
c8e04271-4e6d-4273-b0dc-d4aa4c4c375b,2021,Q1,,317355,JOSE FUENTES,DC,186009,"EMPRESAS FONALLEDAS, INC.",PR,Real estate development company.,5000.00,,Taxation/Internal Revenue Code|Health Issues|Agriculture|Medicare/Medicaid,"Extension of the Child Tax Credit (CTC) and Earned Income Tax Credit (EITC) to Puerto Rico; American Rescue Plan Act of |Healthcare resources for Puerto Rico in response to COVID-19.|Puerto Rico Nutrition Assistance Program (NAP), Food and nutrition security issues for Puerto Rico.|Medicaid spending for Puerto Rico.",,2021-04-20T12:37:52.887000-04:00,5000.0,0.0
d2cce121-874b-4405-bfaa-c30926375f80,2021,Q1,,72053,CAPITOL HILL CONSULTING GROUP,DC,165752,PRIVATE ALLIANCE FOR ECONOMIC GROWTH OF PUERTO RICO,PR,Promote investment and initiatives to help Puerto Rico's recovery.,20000.00,,Aviation/Airlines/Airports|Taxation/Internal Revenue Code|Economics/Economic Development|Budget/Appropriations,"Puerto Rico economic development initiatives, air cargo hub amendment, opportunity zone enhancements, Puerto Rico recove|Puerto Rico economic development initiatives, air cargo hub amendment, opportunity zone enhancements, Puerto Rico recove|Puerto Rico economic development initiatives, air cargo hub amendment, opportunity zone enhancements, Puerto Rico recove|Puerto Rico economic development initiatives, air cargo hub amendment, opportunity zone enhancements, Puerto Rico recove",,2021-04-20T16:35:23.963000-04:00,20000.0,0.0
feb5214b-c556-48b6-afc1-a330420fa06b,2021,Q1,,72053,CAPITOL HILL CONSULTING GROUP,DC,165758,"MCS HEALTHCARE HOLDINGS, LLC",PR,Health Insurance Company,30000.00,,Medicare/Medicaid|Government Issues,"Medicaid funding cliff, Puerto Rico MA rates, Medicare Part B buy-in.|Medicaid funding cliff, Puerto Rico MA rates, Medicare Part B buy-in.",,2021-04-20T16:37:37.513000-04:00,30000.0,0.0
3e4c1950-fc6a-4956-a461-2489fb05f3b7,2021,Q1,,72053,CAPITOL HILL CONSULTING GROUP,DC,206361,PUERTO RICO TERMINALS,PR,Maritime Terminal Operator,20000.00,,Economics/Economic Development|Marine/Maritime/Boating/Fisheries|Trade (domestic/foreign),Maritime Transportation issues in general Puerto Rico Economic Development initiatives.|Maritime Transportation issues in general Puerto Rico Economic Development initiatives.|Maritime Transportation issues in general Puerto Rico Economic Development initiatives.,,2021-04-20T17:11:51.310000-04:00,20000.0,0.0
04eb6075-36f5-465a-82cd-57c88b1bbccd,2021,Q1,,76855,DLA PIPER LLP (US),DC,169485,GOVERNMENT OF PUERTO RICO,PR,Public corporation of the Government of Puerto Rico,180000.00,,Taxation/Internal Revenue Code,"Tax incentive provisions to encourage investment in Puerto Rico.
Inclusion of Puerto Rico in all stimulus legislation in",,2021-04-20T17:37:27.807000-04:00,180000.0,0.0
bf97c6d9-afa1-43d5-933d-91b14d9bbf7f,2021,Q1Y,,400532589,PRIME POLICY GROUP,DC,192476,FOUR WINDS LLC,PR,Housing Development,,,,,,2021-04-20T17:39:49.580000-04:00,0.0,0.0
0aefa050-71a0-41c2-9f3e-8c798cef44b9,2021,Q1Y,,400532589,PRIME POLICY GROUP,DC,206268,JOSE E. ROSSI,PR,Construction,,,,,,2021-04-20T18:01:39.113000-04:00,0.0,0.0
55c01e2f-af50-4b2d-b0b3-cef89cd356b3,2021,RR,,400532589,PRIME POLICY GROUP,DC,209778,SENATE OF PUERTO RICO,PR,Legislature of Puerto Rico,,,Trade (domestic/foreign)|Manufacturing|Taxation/Internal Revenue Code|Health Issues|Housing|Education|Welfare,Economic development|Economic development|Economic development|Economic development|Economic development,,2021-04-20T18:10:25-04:00,0.0,0.0
72541d71-1cbe-4462-a718-50b9335d33d6,2021,Q1,,401105212,PARK & K PUBLIC AFFAIRS LLC,NY,203408,PONCE HEALTH SCIENCES UNIVERSITY,PR,Medical School,37500.00,,Economics/Economic Development,Post Maria Redevelopment & Recovery of PR campus,,2021-04-20T21:22:11.467000-04:00,37500.0,0.0
df9b2609-d91b-4ee1-b706-4ced137b8987,2021,Q1,,75557,"CORNERSTONE GOVERNMENT AFFAIRS, INC.",DC,168233,PUERTO RICO PUBLIC PRIVATE PARTNERSHIPS AUTHORITY,PR,Promotes an ongoing collaboration between the public and private sector of Puerto Rico,90000.00,,Budget/Appropriations|Taxation/Internal Revenue Code|Medicare/Medicaid,Issues pertaining to Puerto Rico's unique treatment as a territory|Issues pertaining to Puerto Rico's unique treatment as a territory|Issues pertaining to Puerto Rico's unique treatment as a territory,,2021-04-22T00:23:19.177000-04:00,90000.0,0.0
29cef5bf-3f17-4d7a-8e31-063a4a3c9c24,2021,Q1,,400428066,NWG ADVOCACY LLC,FL,190717,HOSPITAL ASSOCIATION OF PUERTO RICO,PR,Serve Puerto Rico's Hospital System and its Members,24000.00,,Health Issues,"Medicaid, Medicare",,2021-04-23T10:12:12.520000-04:00,24000.0,0.0
cd0aa83e-3f05-4f65-81f9-b9249a94cfb7,2021,Q1,,400428066,NWG ADVOCACY LLC,FL,190730,PUERTO RICO PRIVATE SECTOR COALITION,PR,coalition of the thirty business organizations in Puerto Rico,10000.00,,Economics/Economic Development,"reshoring, infrastructure, health care, housing",,2021-04-23T10:15:13.450000-04:00,10000.0,0.0
a2cfcd73-6cb6-4c07-930d-a0df13d3dd56,2021,RR,,400428066,NWG ADVOCACY LLC,FL,209840,HECHO DE PUERTO RICO,PR,trade association for local companies,,,Manufacturing,reshoring,,2021-04-24T11:41:23-04:00,0.0,0.0
fe5f42f6-a6d6-4ae0-b8c4-18288e5e3f51,2021,RA,,400428066,NWG ADVOCACY LLC,FL,190719,PUERTO RICO MANUFACTURERS ASSOCIATION,PR,manufacturing trade association,,,Taxation/Internal Revenue Code,reshoring,,2021-04-26T11:50:51-04:00,0.0,0.0
75c29b0a-34f3-4df1-b3b7-afe793135688,2021,RR,,400532589,PRIME POLICY GROUP,DC,209922,PUERTO RICO MAYORS ASSOCIATION,PR,Local government association,,,Disaster Planning/Emergencies|Housing|Homeland Security,Recovery and reconstruction from pandemic and natural disasters.|Recovery and reconstruction from pandemic and natural disasters.|Recovery and reconstruction from pandemic and natural disasters.,,2021-05-03T15:37:22-04:00,0.0,0.0
635dbe4f-1e16-4496-bdd2-53ffec28005f,2021,RA,,30906,SQUIRE PATTON BOGGS,DC,136354,GOVERNMENT OF PUERTO RICO,PR,Government entity (not foreign),,,Transportation|Taxation/Internal Revenue Code|Government Issues|Budget/Appropriations,Advocacy related to FY22 appropriations and infrastructure priorities.|Advocacy related to FY22 appropriations and infrastructure priorities.|Advocacy related to FY22 appropriations and infrastructure priorities.|Advocacy related to FY22 appropriations and infrastructure priorities.,,2021-05-26T09:48:10-04:00,0.0,0.0
b3605da3-cfc4-4232-927f-bed62dcfb47f,2021,RR,,401105159,FULCRUM PUBLIC AFFAIRS LLC,DC,210373,"COMMONWEALTH OF PUERTO RICO, HOUSE OF REPRESENTATIVES",PR,The lower house of the Legislative Assembly of Puerto Rico,,,Homeland Security|Housing|Health Issues|Taxation/Internal Revenue Code|Economics/Economic Development,"Tax policy, facilitation of federal disaster recovery and mitigation investments; promotion of equity in federal healthc|Tax policy, facilitation of federal disaster recovery and mitigation investments; promotion of equity in federal healthc|Tax policy, facilitation of federal disaster recovery and mitigation investments; promotion of equity in federal healthc|Tax policy, facilitation of federal disaster recovery and mitigation investments; promotion of equity in federal healthc|Tax policy, facilitation of federal disaster recovery and mitigation investments; promotion of equity in federal healthc",,2021-06-03T16:37:37-04:00,0.0,0.0
f3c40f6d-6c91-44d9-bdd7-e1dc9595b1c2,2021,Q1,,400520535,JASON UNDERWOOD,KY,192052,SERRALLES DISTILLERY,PR,Rum distiller,30000.00,,Taxation/Internal Revenue Code,Seeking permanency of rum cover over program.,,2021-06-14T14:16:33.050000-04:00,30000.0,0.0
cb5b024d-b887-4962-839c-20124babf977,2021,1AY,,400532589,PRIME POLICY GROUP,DC,209778,SENATE OF PUERTO RICO,PR,Legislature of Puerto Rico,,,,,,2021-06-16T12:40:23.743000-04:00,0.0,0.0
bf14380b-a3af-42e2-8484-3c0fe5c52c34,2021,2TY,,35707,SMITH GARSON,DC,144485,RE-SYNTH INTERNATIONAL,PR,Waste technology company,,,,,,2021-07-07T09:13:18.247000-04:00,0.0,0.0
f28aa70c-82f0-47dc-86db-8cfa6503985a,2021,2T,,401104100,VANTAGEKNIGHT LLC,PR,205327,COSTA ISABELA PARTNERS,PR,Commercial developer,,,Health Issues,"Coronavirus related legislation
CARES Act",,2021-07-08T15:30:21.490000-04:00,0.0,0.0
5344285f-bd2d-49e4-8307-4ae2bf490059,2021,Q2,,297033,"TORREY ADVISORY GROUP (FORMERLY MICHAEL TORREY ASSOCIATES, LLC)",DC,207439,"GRUPO NAVIS, LLC",PR,"Distribution of fruits, vegetables, and fresh eggs in Puerto Rico.",30000.00,,"Food Industry (safety, labeling, etc.)",Tefap.,,2021-07-13T13:44:30.863000-04:00,30000.0,0.0
45b84516-906a-478c-b7b9-99c433f4c305,2021,Q2,,400532589,PRIME POLICY GROUP,DC,209778,SENATE OF PUERTO RICO,PR,Legislature of Puerto Rico,40000.00,,Taxation/Internal Revenue Code|Medicare/Medicaid|Welfare,"Tax reform|Medicaid and Medicare|Social security, SSI, SNAP",,2021-07-14T12:13:09.847000-04:00,40000.0,0.0
1467b5a9-5d75-43fc-8431-fffc2afef78a,2021,Q2Y,,400532589,PRIME POLICY GROUP,DC,192476,FOUR WINDS LLC,PR,Housing Development,,,,,,2021-07-14T14:03:07.813000-04:00,0.0,0.0
46111580-56c8-4366-bac6-477cd1fa2911,2021,Q2Y,,400532589,PRIME POLICY GROUP,DC,206268,JOSE E. ROSSI,PR,Construction,,,,,,2021-07-15T18:36:08.167000-04:00,0.0,0.0
1f18683e-3c81-4686-91f5-f48b4417f6d3,2021,Q2,,21632,KING & SPALDING LLP,DC,128506,"MCS ADVANTAGE, INC.",PR,Healthcare plan provider,50000.00,,Medicare/Medicaid,Issues related to Medicare Advantage reimbursement for Puerto Rico,,2021-07-16T10:05:19.367000-04:00,50000.0,0.0
c3b9006f-d7b2-4f5f-a51f-7f3280ea6ecd,2021,Q2,,21632,KING & SPALDING LLP,DC,128507,PUERTO RICO ELECTRIC POWER AUTHORITY (PREPA),PR,Utility provider,50000.00,,Utilities,"Post-Hurricane Maria power update, earthquake-related issues, and renewable energy program",,2021-07-16T10:09:21.673000-04:00,50000.0,0.0
2b991f26-827d-4fd2-8a19-a964b165167b,2021,Q2,,400532589,PRIME POLICY GROUP,DC,209922,PUERTO RICO MAYORS ASSOCIATION,PR,Local government association,20000.00,,Disaster Planning/Emergencies|Budget/Appropriations|Natural Resources,FEMA/HUD/Hurricane Maria|Reconciliation|PROMESA,,2021-07-16T15:56:58.453000-04:00,20000.0,0.0
3aa72e50-5292-4b34-9f8e-4d87e599787b,2021,Q2,,7268,BROYDRICK & ASSOCIATES,DC,110356,MILWAUKEE METROPOLITAN SEWERAGE DISTRICT,PR,Municipality in Puerto Rico,20000.00,,Utilities|Budget/Appropriations|Clean Air and Water (quality),"FY12 Interior-Environment Appropriations Act, State Revolving Loan Fund. Federal appropriations for land conservation fu|FY12 Interior-Environment Appropriations Act, State Revolving Loan Fund. Federal appropriations for land conservation fu|FY12 Interior-Environment Appropriations Act, State Revolving Loan Fund. Federal appropriations for land conservation fu",,2021-07-16T16:39:02.293000-04:00,20000.0,0.0
3fd86c51-8485-4b8d-a96f-7ace5937be72,2021,Q2,,317355,JOSE FUENTES,DC,186009,"EMPRESAS FONALLEDAS, INC.",PR,Real estate development company.,5000.00,,Medicare/Medicaid|Welfare|Agriculture,"Medicaid spending for Puerto Rico.|Puerto Rico inclusion in the Supplemental Security Income (SSI) program.|Puerto Rico Nutrition Assistance Program (NAP), Food and nutrition security issues for Puerto Rico.",,2021-07-19T08:59:21.023000-04:00,5000.0,0.0
e6ae013a-84d1-443c-9176-c99ddf838ec7,2021,Q2,,30906,SQUIRE PATTON BOGGS,DC,136354,GOVERNMENT OF PUERTO RICO,PR,Government entity (not foreign),30000.00,,Transportation|Medicare/Medicaid|Budget/Appropriations,Advocacy for Puerto Rico's priority transportation and infrastructure projects.|Advocacy for solution to Puerto Rico's Medicaid fiscal cliff.|Advocacy for Puerto Rico's priority transportation and infrastructure projects.,,2021-07-19T11:31:49.007000-04:00,30000.0,0.0
86ba1b13-331b-4a28-832d-e8b4154e2515,2021,Q2,,30906,SQUIRE PATTON BOGGS,DC,137655,"PARA LA NATURALEZA, INC.",PR,Conservation Trust,50000.00,,Taxation/Internal Revenue Code,Permanent extension of the rum cover over.,,2021-07-19T14:22:18.907000-04:00,50000.0,0.0
193714f6-4da3-46d5-a66b-68aa3238aee6,2021,Q2,,70175,"MERCURY PUBLIC AFFAIRS, LLC",DC,206954,LOOPLAND GROUP LLC,PR,"Real Estate, Rental and Leasing",40000.00,,Real Estate/Land Use/Conservation|Taxation/Internal Revenue Code,"Focused on Opportunity Zone issues, particularly HR 1740, To Designate all of Puerto Rico an Opportunity Zone|Focused on Opportunity Zone issues, particularly HR 1740, To Designate all of Puerto Rico an Opportunity Zone",,2021-07-19T15:21:23.760000-04:00,40000.0,0.0
d7492e3c-ec08-45b1-9e86-2103576fd91a,2021,Q2,,401103327,OFF HILL STRATEGIES L.L.C.,FL,198595,FINANCIAL OVERSIGHT AND MANAGEMENT BOARD FOR PUERTO RICO,PR,Economic growth and opportunity for the people of Puerto Rico,60000.00,,Natural Resources,Implementation of PROMESA,,2021-07-19T17:21:25.557000-04:00,60000.0,0.0
ea99247c-ac56-4a9f-ba6c-369619f7fa5e,2021,Q2,,304736,"TARPLIN, DOWNS & YOUNG, LLC",DC,181317,TRIPLE-S MANAGEMENT CORPORATION,PR,Insurance,70000.00,,Budget/Appropriations|Natural Resources|Health Issues|Medicare/Medicaid,"Budget resolution
Appropriations, continuing resolution, emergency supplemental
S. Con. Res. 5 (117)|Puerto Rican debt restructuring and economic stabilization|Puerto Rican health system stabilization, Medicaid funding
Health insurance tax
Emergency Declaration
pandemic response
|Medicare Advantage call letter
Puerto Rican health system stabilization
Medicaid cliff, Medicaid bridge funding
Medicare",,2021-07-19T21:17:59.463000-04:00,70000.0,0.0
d2125592-b851-4e17-b82d-e7deb2ec980a,2021,Q2,,401103211,CAPITOL ADVOCACY PARTNERS,DC,198165,BOYS AND GIRLS CLUBS OF PUERTO RICO,PR,Community services and programs.,15000.00,,Budget/Appropriations|Education|Economics/Economic Development|Law Enforcement/Crime/Criminal Justice|Disaster Planning/Emergencies|Health Issues,"Community project request, release of prior year appropriations to the Puerto Rico Department of Education.|Charter school program grants and program administration, release of prior year appropriations to the Puerto Rico Depart|Disaster relief economic development programs; Generational poverty reduction strategies.|Office of Juvenile Justice and Delinquency Prevention programs to support violence intervention and trauma-informed supp|Disaster relief programs for Puerto Rico.",,2021-07-20T11:52:38.460000-04:00,15000.0,0.0
5b125392-6525-45a9-ba78-8bf68482e9d9,2021,Q2Y,,1182,ALSTON & BIRD LLP,DC,102473,AIRPORT SHOPPES CORP,PR,Food service,,,,,,2021-07-20T12:33:26.663000-04:00,0.0,0.0
18ebd2a3-c055-4fa0-80ea-78d47803c6dc,2021,Q2,,401105159,FULCRUM PUBLIC AFFAIRS LLC,DC,210373,"COMMONWEALTH OF PUERTO RICO, HOUSE OF REPRESENTATIVES",PR,The lower house of the Legislative Assembly of Puerto Rico,60000.00,,Taxation/Internal Revenue Code|Economics/Economic Development|Health Issues|Housing|Homeland Security,"Issues related to tax policy, facilitation of federal disaster recovery and mitigation investments; promotion of equity |Issues related to tax policy, facilitation of federal disaster recovery and mitigation investments; promotion of equity |Issues related to tax policy, facilitation of federal disaster recovery and mitigation investments; promotion of equity |Issues related to tax policy, facilitation of federal disaster recovery and mitigation investments; promotion of equity |Issues related to tax policy, facilitation of federal disaster recovery and mitigation investments; promotion of equity ",,2021-07-20T12:49:05.170000-04:00,60000.0,0.0
86a67a11-9b31-408e-ab59-a74d0b35ac10,2021,Q2,,76855,DLA PIPER LLP (US),DC,169485,GOVERNMENT OF PUERTO RICO,PR,Public corporation of the Government of Puerto Rico,100000.00,,Medicare/Medicaid|Taxation/Internal Revenue Code,"Medicaid provisions affecting funding allocations for Puerto Rico.|Tax incentive provisions to encourage investment in Puerto Rico.
Inclusion of Puerto Rico in all stimulus legislation in",,2021-07-20T13:38:59.437000-04:00,100000.0,0.0
a5f54799-b094-4229-a767-872449b17b84,2021,Q2Y,,37232,SULLIVAN & CROMWELL LLP,DC,146158,"POPULAR, INC",PR,Commercial bank.,,,,,,2021-07-20T14:16:43.583000-04:00,0.0,0.0
e690a327-759f-4e8c-8c12-cb76019cf320,2021,Q2,,72053,CAPITOL HILL CONSULTING GROUP,DC,165752,PRIVATE ALLIANCE FOR ECONOMIC GROWTH OF PUERTO RICO,PR,Promote investment and initiatives to help Puerto Rico's recovery.,10000.00,,Taxation/Internal Revenue Code|Economics/Economic Development|Budget/Appropriations|Aviation/Airlines/Airports,"Puerto Rico economic development initiatives, air cargo hub amendment, opportunity zone enhancements, Puerto Rico recove|Puerto Rico economic development initiatives, air cargo hub amendment, opportunity zone enhancements, Puerto Rico recove|Puerto Rico economic development initiatives, air cargo hub amendment, opportunity zone enhancements, Puerto Rico recove|Puerto Rico economic development initiatives, air cargo hub amendment, opportunity zone enhancements, Puerto Rico recove",,2021-07-20T17:37:36.080000-04:00,10000.0,0.0
89dd8853-1a68-42b7-b065-1b958172b5be,2021,Q2,,72053,CAPITOL HILL CONSULTING GROUP,DC,165758,"MCS HEALTHCARE HOLDINGS, LLC",PR,Health Insurance Company,30000.00,,Medicare/Medicaid|Government Issues,"Medicaid funding cliff, Puerto Rico MA rates, Medicare Part B buy-in.|Medicaid funding cliff, Puerto Rico MA rates, Medicare Part B buy-in.",,2021-07-20T17:39:39.673000-04:00,30000.0,0.0
2cada40f-5d37-4a7f-862e-2c7785e63d7c,2021,2T,,72053,CAPITOL HILL CONSULTING GROUP,DC,206361,PUERTO RICO TERMINALS,PR,Maritime Terminal Operator,10000.00,,Trade (domestic/foreign)|Economics/Economic Development|Marine/Maritime/Boating/Fisheries,Maritime Transportation issues in general Puerto Rico Economic Development initiatives.|Maritime Transportation issues in general Puerto Rico Economic Development initiatives.|Maritime Transportation issues in general Puerto Rico Economic Development initiatives.,,2021-07-20T17:50:15.433000-04:00,10000.0,0.0
79cf0868-ffb5-43ab-afd0-627f17898557,2021,Q2,,36710,STEPTOE LLP,DC,145737,MEDICAID AND MEDICARE ADVANTAGE PRODUCTS ASSOCIATION OF PUERTO RICO,PR,Health Care Trade Association,70000.00,,Medicare/Medicaid,Issues relating to Puerto Rico health care coverage.,,2021-07-20T21:55:00.400000-04:00,70000.0,0.0
1d721439-41b8-4c39-9266-59c7d7687f4c,2021,Q2,,401105212,PARK & K PUBLIC AFFAIRS LLC,NY,203408,PONCE HEALTH SCIENCES UNIVERSITY,PR,Medical School,37500.00,,Economics/Economic Development,Post Maria Redevelopment & Recovery of PR campus,,2021-07-21T08:04:04.463000-04:00,37500.0,0.0
413b69fb-65e0-4bcc-a69f-6cab75b6b088,2021,Q2,,75557,"CORNERSTONE GOVERNMENT AFFAIRS, INC.",DC,168233,PUERTO RICO PUBLIC PRIVATE PARTNERSHIPS AUTHORITY,PR,Promotes an ongoing collaboration between the public and private sector of Puerto Rico,90000.00,,Taxation/Internal Revenue Code|Medicare/Medicaid|Budget/Appropriations,Issues pertaining to Puerto Rico's unique treatment as a territory|Issues pertaining to Puerto Rico's unique treatment as a territory|Issues pertaining to Puerto Rico's unique treatment as a territory,,2021-07-22T01:39:18.777000-04:00,90000.0,0.0
5f594c3e-8af9-4dc1-b2d9-f00eb716510a,2021,Q2,,400428066,NWG ADVOCACY LLC,FL,190717,HOSPITAL ASSOCIATION OF PUERTO RICO,PR,Serve Puerto Rico's Hospital System and its Members,24000.00,,Health Issues,"Medicaid, Medicare",,2021-07-29T14:45:57.720000-04:00,24000.0,0.0
3c9d96bb-1238-4c9b-ba02-41d2c5b56d5d,2021,Q2,,400428066,NWG ADVOCACY LLC,FL,190719,PUERTO RICO MANUFACTURERS ASSOCIATION,PR,manufacturing trade association,10000.00,,Taxation/Internal Revenue Code,reshoring,,2021-07-29T14:55:00.557000-04:00,10000.0,0.0
53f212d0-53b3-46f4-b9f2-c6621a7852ff,2021,Q2,,400428066,NWG ADVOCACY LLC,FL,190730,PUERTO RICO PRIVATE SECTOR COALITION,PR,coalition of the thirty business organizations in Puerto Rico,20500.00,,Economics/Economic Development,"reshoring, infrastructure, health care, housing",,2021-07-29T15:01:05.007000-04:00,20500.0,0.0
7f5fa910-b2f6-46f3-b47c-d1bfe1e23808,2021,Q2,,400428066,NWG ADVOCACY LLC,FL,209840,HECHO DE PUERTO RICO,PR,trade association for local companies,10000.00,,Transportation|Taxation/Internal Revenue Code,infrastructure|reshoring,,2021-07-29T15:18:07.997000-04:00,10000.0,0.0
92eed757-d0e5-4550-ae3f-23ee95bba4a5,2021,RR,,401104100,VANTAGEKNIGHT LLC,PR,211661,VAULTLINK INC.,PR,Cryptocurrency banking platform,,,Banking,"Monitoring and reporting on banking, cryptocurrency, blockchain, and digital assets policy issues",,2021-08-31T11:07:00-04:00,0.0,0.0
5975ca44-c62d-4d5e-b7f3-59d45dafe12b,2021,Q2,,400520535,JASON UNDERWOOD,KY,192052,SERRALLES DISTILLERY,PR,Rum distiller,30000.00,,Taxation/Internal Revenue Code,Seeking permanency of rum cover over program.,,2021-09-29T09:56:52.673000-04:00,30000.0,0.0
0ad209f3-9ccd-42e6-a4d0-42ca684fb345,2021,RR,,401105296,KEY BRIDGE ADVISORS,PA,212095,VAULTLINK INC.,PR,Cryptocurrency banking platform,,,Financial Institutions/Investments/Securities,How U.S. financial services regulators consider permissible banking activities such as cryptocurrencies including custod,,2021-10-06T05:12:58-04:00,0.0,0.0
c9017350-a350-462d-ae9c-2a73b0d469e0,2021,Q3,,317355,JOSE FUENTES,DC,186009,"EMPRESAS FONALLEDAS, INC.",PR,Real estate development company.,5000.00,,Agriculture|Taxation/Internal Revenue Code|Welfare,"Puerto Rico Nutrition Assistance Program (NAP), Food and nutrition security issues for Puerto Rico.|Expansion of the Child Tax Credit (CTC) within Puerto Rico; H.R. 5376 - Build Back Better Act.|Puerto Rico inclusion in the Supplemental Security Income (SSI) program; H.R. 5376 - Build Back Better Act.",,2021-10-14T11:59:13.073000-04:00,5000.0,0.0
2cba0eb4-b8ea-4595-8fd9-2b8d5c322e4a,2021,Q3,,400428066,NWG ADVOCACY LLC,FL,190717,HOSPITAL ASSOCIATION OF PUERTO RICO,PR,Serve Puerto Rico's Hospital System and its Members,24000.00,,Health Issues,"Medicaid, Medicare",,2021-10-14T14:02:17.647000-04:00,24000.0,0.0
386156c6-69db-4c5b-b230-ae38f420bddd,2021,Q3,,400428066,NWG ADVOCACY LLC,FL,190719,PUERTO RICO MANUFACTURERS ASSOCIATION,PR,manufacturing trade association,10000.00,,Taxation/Internal Revenue Code,reshoring,,2021-10-14T14:03:18.747000-04:00,10000.0,0.0
91c3312b-b569-4be1-b19f-92e0a58248c8,2021,Q3Y,,400428066,NWG ADVOCACY LLC,FL,190730,PUERTO RICO PRIVATE SECTOR COALITION,PR,coalition of the thirty business organizations in Puerto Rico,,,,,,2021-10-14T14:05:19.177000-04:00,0.0,0.0
a5899c78-6e9b-49e8-8683-c03e9bd23b6d,2021,Q3,,400428066,NWG ADVOCACY LLC,FL,209840,HECHO DE PUERTO RICO,PR,trade association for local companies,5000.00,,Transportation|Taxation/Internal Revenue Code,infrastructure|reshoring,,2021-10-14T14:13:23.837000-04:00,5000.0,0.0
4b5403f5-f682-48f5-aeba-3f2a9bc0c40f,2021,Q3,,400428066,NWG ADVOCACY LLC,FL,190717,HOSPITAL ASSOCIATION OF PUERTO RICO,PR,Serve Puerto Rico's Hospital System and its Members,24000.00,,Health Issues,"Medicaid, Medicare",,2021-10-14T14:28:34.797000-04:00,24000.0,0.0
ccea793b-c506-4705-be9e-79eacc42a339,2021,Q3Y,,400428066,NWG ADVOCACY LLC,FL,190730,PUERTO RICO PRIVATE SECTOR COALITION,PR,coalition of the thirty business organizations in Puerto Rico,,,,,,2021-10-14T14:29:37.560000-04:00,0.0,0.0
bde49013-cce7-47d5-84af-e7e4fb354ac6,2021,Q3Y,,400532589,PRIME POLICY GROUP,DC,192476,FOUR WINDS LLC,PR,Housing Development,,,,,,2021-10-16T00:03:24.260000-04:00,0.0,0.0
5a921c5e-4485-4374-9ad0-bf79b13a5f14,2021,Q3Y,,400532589,PRIME POLICY GROUP,DC,206268,JOSE E. ROSSI,PR,Construction,,,,,,2021-10-16T00:53:27.663000-04:00,0.0,0.0
33b7eecb-7d91-4860-bdf9-29d2b0431dc0,2021,Q3,,400532589,PRIME POLICY GROUP,DC,209922,PUERTO RICO MAYORS ASSOCIATION,PR,Local government association,20000.00,,Taxation/Internal Revenue Code|Disaster Planning/Emergencies|Budget/Appropriations|Natural Resources,Tax reform|FEMA/HUD/Hurricane Maria|Reconciliation|PROMESA,,2021-10-16T01:40:34.403000-04:00,20000.0,0.0
25344a8f-e55c-4982-8044-02d380c32082,2021,Q3,,400532589,PRIME POLICY GROUP,DC,209778,SENATE OF PUERTO RICO,PR,Legislature of Puerto Rico,40000.00,,Taxation/Internal Revenue Code|Medicare/Medicaid|Welfare,"Tax reform|Medicaid and Medicare|Social security, SSI, SNAP",,2021-10-16T02:13:38.280000-04:00,40000.0,0.0
c21def05-6a4e-4dde-9050-829afa35a696,2021,Q3,,21632,KING & SPALDING LLP,DC,128506,"MCS ADVANTAGE, INC.",PR,Healthcare plan provider,50000.00,,Medicare/Medicaid,Issues related to Medicare Advantage reimbursement for Puerto Rico,,2021-10-16T16:43:08.300000-04:00,50000.0,0.0
78659d13-8ded-46ae-913b-5cb111cb4a1d,2021,Q3,,21632,KING & SPALDING LLP,DC,128507,PUERTO RICO ELECTRIC POWER AUTHORITY (PREPA),PR,Utility provider,80000.00,,Utilities,"Post-Hurricane Maria power update, earthquake-related issues, and renewable energy program",,2021-10-16T17:12:14.837000-04:00,80000.0,0.0
9bd3bbe5-ff5c-414c-9c78-0bb82e599250,2021,Q3,,401104100,VANTAGEKNIGHT LLC,PR,211661,VAULTLINK INC.,PR,Cryptocurrency banking platform,30000.00,,Banking,"Monitoring and reporting on banking, cryptocurrency, blockchain, and digital assets policy issues",,2021-10-18T09:38:52.057000-04:00,30000.0,0.0
6225d5a3-9eb0-4dce-9f58-4514b5998550,2021,Q3,,30906,SQUIRE PATTON BOGGS,DC,136354,GOVERNMENT OF PUERTO RICO,PR,Government entity (not foreign),150000.00,,Energy/Nuclear|Budget/Appropriations|Transportation|Medicare/Medicaid,Advocacy related to Puerto Ricos power grid/infrastructure.|Advocacy for Puerto Rico's priority transportation and infrastructure projects.|Advocacy for Puerto Rico's priority transportation and infrastructure projects.|Advocacy for solution to Puerto Rico's Medicaid fiscal cliff.,,2021-10-18T12:05:05.747000-04:00,150000.0,0.0
4f2556bc-e6cd-47d5-9f11-cf0b4dc358b2,2021,Q3,,30906,SQUIRE PATTON BOGGS,DC,137655,"PARA LA NATURALEZA, INC.",PR,Conservation Trust,50000.00,,Taxation/Internal Revenue Code,Permanent extension of the rum cover over.,,2021-10-18T14:57:02.987000-04:00,50000.0,0.0
64404a2e-7d54-4626-ad37-bc8516e3d49b,2021,Q3,,401103327,OFF HILL STRATEGIES L.L.C.,FL,198595,FINANCIAL OVERSIGHT AND MANAGEMENT BOARD FOR PUERTO RICO,PR,Economic growth and opportunity for the people of Puerto Rico,60000.00,,Natural Resources,Implementation of PROMESA,,2021-10-18T21:36:01.923000-04:00,60000.0,0.0
2d625a4e-596c-4fd6-a6c0-4b99382e8027,2021,Q3,,7268,BROYDRICK & ASSOCIATES,DC,110356,MILWAUKEE METROPOLITAN SEWERAGE DISTRICT,PR,Municipality in Puerto Rico,20000.00,,Utilities|Budget/Appropriations|Clean Air and Water (quality),"FY12 Interior-Environment Appropriations Act, State Revolving Loan Fund. Federal appropriations for land conservation fu|FY12 Interior-Environment Appropriations Act, State Revolving Loan Fund. Federal appropriations for land conservation fu|FY12 Interior-Environment Appropriations Act, State Revolving Loan Fund. Federal appropriations for land conservation fu",,2021-10-19T06:41:19.627000-04:00,20000.0,0.0
29599f1a-7a8c-497b-b3c2-cc66d9233138,2021,Q3,,304736,"TARPLIN, DOWNS & YOUNG, LLC",DC,181317,TRIPLE-S MANAGEMENT CORPORATION,PR,Insurance,70000.00,,Natural Resources|Budget/Appropriations|Medicare/Medicaid|Health Issues,"Puerto Rican debt restructuring and economic stabilization|Budget resolution
Appropriations, continuing resolution, emergency supplemental
Reconciliation
S. Con. Res. 14|Medicare Advantage call letter
Puerto Rican health system stabilization
Medicaid cliff, Medicaid bridge funding
Medicare|Puerto Rican health system stabilization, Medicaid funding
Health insurance tax
Emergency Declaration
pandemic response
",,2021-10-19T13:34:31.990000-04:00,70000.0,0.0
cf806650-cc49-4371-b4fe-d85ef2aee6a8,2021,Q3,,75557,"CORNERSTONE GOVERNMENT AFFAIRS, INC.",DC,168233,PUERTO RICO PUBLIC PRIVATE PARTNERSHIPS AUTHORITY,PR,Promotes an ongoing collaboration between the public and private sector of Puerto Rico,60000.00,,Budget/Appropriations|Taxation/Internal Revenue Code|Medicare/Medicaid,Issues pertaining to Puerto Rico's unique treatment as a territory|Issues pertaining to Puerto Rico's unique treatment as a territory|Issues pertaining to Puerto Rico's unique treatment as a territory,,2021-10-19T21:46:08.300000-04:00,60000.0,0.0
e79d67cf-04f4-4cc5-bb34-d89e41639a1c,2021,Q3Y,,1182,ALSTON & BIRD LLP,DC,102473,AIRPORT SHOPPES CORP,PR,Food service,,,,,,2021-10-20T10:58:20.057000-04:00,0.0,0.0
421cf08d-69bd-46a8-a3c9-df887eb2b171,2021,Q3,,70175,"MERCURY PUBLIC AFFAIRS, LLC",DC,206954,LOOPLAND GROUP LLC,PR,"Real Estate, Rental and Leasing",40000.00,,Taxation/Internal Revenue Code|Real Estate/Land Use/Conservation,"Focused on Opportunity Zone issues, particularly HR 1740, To Designate all of Puerto Rico an Opportunity Zone|Focused on Opportunity Zone issues, particularly HR 1740, To Designate all of Puerto Rico an Opportunity Zone",,2021-10-20T11:19:19.430000-04:00,40000.0,0.0
51e74438-ead1-4cd3-ad12-6484ea76d0b0,2021,Q3Y,,72053,CAPITOL HILL CONSULTING GROUP,DC,165752,PRIVATE ALLIANCE FOR ECONOMIC GROWTH OF PUERTO RICO,PR,Promote investment and initiatives to help Puerto Rico's recovery.,,,,,,2021-10-20T12:58:29.600000-04:00,0.0,0.0
219df2e5-a6ab-4c78-9b67-49dd907c5623,2021,Q3,,72053,CAPITOL HILL CONSULTING GROUP,DC,165758,"MCS HEALTHCARE HOLDINGS, LLC",PR,Health Insurance Company,30000.00,,Government Issues|Medicare/Medicaid,"Medicaid funding cliff, Puerto Rico MA rates, Medicare Part B buy-in.|Medicaid funding cliff, Puerto Rico MA rates, Medicare Part B buy-in.",,2021-10-20T12:59:35.537000-04:00,30000.0,0.0
7fe857e3-4302-4ded-b536-240dfb03c73d,2021,Q3,,36710,STEPTOE LLP,DC,145737,MEDICAID AND MEDICARE ADVANTAGE PRODUCTS ASSOCIATION OF PUERTO RICO,PR,Health Care Trade Association,70000.00,,Medicare/Medicaid,Issues relating to Puerto Rico health care coverage.,,2021-10-20T13:26:56.227000-04:00,70000.0,0.0
a76f8d44-fe9e-4f19-9d40-c139b9565205,2021,Q3,,401105212,PARK & K PUBLIC AFFAIRS LLC,NY,203408,PONCE HEALTH SCIENCES UNIVERSITY,PR,Medical School,37500.00,,Economics/Economic Development,Post Maria Redevelopment & Recovery of PR campus,,2021-10-20T14:34:16.303000-04:00,37500.0,0.0
3fbd4cc9-0cb0-46d1-be05-7b4e1ac24d59,2021,Q3,,297033,"TORREY ADVISORY GROUP (FORMERLY MICHAEL TORREY ASSOCIATES, LLC)",DC,207439,"GRUPO NAVIS, LLC",PR,"Distribution of fruits, vegetables, and fresh eggs in Puerto Rico.",30000.00,,"Food Industry (safety, labeling, etc.)","The Emergency Food Assistance Program (TEFAP).
Issues related to the Nutrition Assistance Program.",,2021-10-20T15:27:03.690000-04:00,30000.0,0.0
e875681f-708a-47d9-9ac0-3051fbcc1fa7,2021,Q3Y,,37232,SULLIVAN & CROMWELL LLP,DC,146158,"POPULAR, INC",PR,Commercial bank.,,,,,,2021-10-20T15:44:36.327000-04:00,0.0,0.0
b6c0749a-8e38-4498-aab0-3b88e8c7cd94,2021,3A,,401105296,KEY BRIDGE ADVISORS,PA,212095,VAULTLINK INC.,PR,Cryptocurrency banking platform,,,Financial Institutions/Investments/Securities,"H.R. 4741 Digital Asset Market Structure and Investor Protection Act 
Subtitle B-Regulation of Digital Asset Fiat-Based ",,2021-10-20T18:10:26.557000-04:00,0.0,0.0
e8b8ec77-c0ae-4c91-818f-def496fb1b49,2021,Q3,,76855,DLA PIPER LLP (US),DC,169485,GOVERNMENT OF PUERTO RICO,PR,Public corporation of the Government of Puerto Rico,140000.00,,Taxation/Internal Revenue Code|Medicare/Medicaid,"Tax incentive provisions to encourage investment in Puerto Rico.
Inclusion of Puerto Rico in all stimulus legislation in|Medicaid provisions affecting funding allocations for Puerto Rico.
Advocate for equal treatment for Puerto Rico under Me",,2021-10-20T19:07:13.483000-04:00,140000.0,0.0
814a62df-8c82-468f-ace6-c07fde14dda5,2021,Q3,,401105159,FULCRUM PUBLIC AFFAIRS LLC,DC,210373,"COMMONWEALTH OF PUERTO RICO, HOUSE OF REPRESENTATIVES",PR,The lower house of the Legislative Assembly of Puerto Rico,60000.00,,Homeland Security|Health Issues|Housing|Economics/Economic Development|Taxation/Internal Revenue Code,"Issues related to tax policy, facilitation of federal disaster recovery and mitigation investments; promotion of equity |Issues related to tax policy, facilitation of federal disaster recovery and mitigation investments; promotion of equity |Issues related to tax policy, facilitation of federal disaster recovery and mitigation investments; promotion of equity |Issues related to tax policy, facilitation of federal disaster recovery and mitigation investments; promotion of equity |Issues related to tax policy, facilitation of federal disaster recovery and mitigation investments; promotion of equity ",,2021-10-20T21:11:16.333000-04:00,60000.0,0.0
e3b42e7f-1871-458e-bafc-e9ca3a6c7c63,2021,Q3,,401103211,CAPITOL ADVOCACY PARTNERS,DC,198165,BOYS AND GIRLS CLUBS OF PUERTO RICO,PR,Community services and programs.,15000.00,,Education|Health Issues|Disaster Planning/Emergencies|Budget/Appropriations|Economics/Economic Development|Law Enforcement/Crime/Criminal Justice,"Charter school program grants and program administration, release of prior year appropriations to the Puerto Rico Depart|Mental health resources and trauma-informed programming. Community violence.|Disaster relief programs for Puerto Rico, including for Hurricanes and COVID-19.|Community project request, release of prior year appropriations to the Puerto Rico Department of Education, emergency CO|Disaster relief economic development programs; Generational poverty reduction strategies.",,2021-10-20T21:16:29.373000-04:00,15000.0,0.0
f453a6c4-4f9e-4451-aa8e-1c83bc522c47,2021,3T,,401105159,FULCRUM PUBLIC AFFAIRS LLC,DC,210373,"COMMONWEALTH OF PUERTO RICO, HOUSE OF REPRESENTATIVES",PR,The lower house of the Legislative Assembly of Puerto Rico,60000.00,,Economics/Economic Development|Health Issues|Homeland Security|Taxation/Internal Revenue Code|Housing,"Issues related to tax policy, facilitation of federal disaster recovery and mitigation investments; promotion of equity |Issues related to tax policy, facilitation of federal disaster recovery and mitigation investments; promotion of equity |Issues related to tax policy, facilitation of federal disaster recovery and mitigation investments; promotion of equity |Issues related to tax policy, facilitation of federal disaster recovery and mitigation investments; promotion of equity |Issues related to tax policy, facilitation of federal disaster recovery and mitigation investments; promotion of equity ",,2021-10-20T22:29:24.660000-04:00,60000.0,0.0
8ae248f4-bc78-48cb-bda4-bb54d75014b5,2021,RA,,401105296,KEY BRIDGE ADVISORS,PA,212095,VAULTLINK INC.,PR,Cryptocurrency banking platform,,,Banking,"Monitoring and reporting on banking, cryptocurrency, blockchain, and digital assets policy issues",,2021-10-21T12:03:42-04:00,0.0,0.0
4a00337a-bdcc-44f7-9322-dfe85ca9e9b2,2021,Q3,,400520535,JASON UNDERWOOD,KY,192052,SERRALLES DISTILLERY,PR,Rum distiller,30000.00,,Taxation/Internal Revenue Code,Seeking permanency of rum cover over program.,,2021-12-03T11:41:37.880000-05:00,30000.0,0.0
0ece0ffa-18cf-431e-8801-62785afa1b5c,2021,Q4,,400428066,NWG ADVOCACY LLC,FL,190717,HOSPITAL ASSOCIATION OF PUERTO RICO,PR,Serve Puerto Rico's Hospital System and its Members,24000.00,,Health Issues,"Medicaid, Medicare",,2022-01-10T06:14:05.110000-05:00,24000.0,0.0
e43132ce-2f02-4afa-b9d4-fc793ec92cbe,2021,Q4,,400428066,NWG ADVOCACY LLC,FL,190719,PUERTO RICO MANUFACTURERS ASSOCIATION,PR,manufacturing trade association,,,Taxation/Internal Revenue Code,reshoring,,2022-01-10T06:30:07.333000-05:00,0.0,0.0
93b74ce5-3d3c-47c1-8367-e60258b371c1,2021,Q4Y,,400428066,NWG ADVOCACY LLC,FL,190730,PUERTO RICO PRIVATE SECTOR COALITION,PR,coalition of the thirty business organizations in Puerto Rico,15000.00,,,,,2022-01-10T06:36:08.363000-05:00,15000.0,0.0
83772727-1e05-4a13-98b8-9c2040df0230,2021,Q4,,400428066,NWG ADVOCACY LLC,FL,209840,HECHO DE PUERTO RICO,PR,trade association for local companies,5000.00,,Transportation|Taxation/Internal Revenue Code,infrastructure|reshoring,,2022-01-10T06:52:12.853000-05:00,5000.0,0.0
ffe15188-ddc5-476a-bb1d-543eb302a4a4,2021,Q4,,7268,BROYDRICK & ASSOCIATES,DC,110356,MILWAUKEE METROPOLITAN SEWERAGE DISTRICT,PR,Municipality in Puerto Rico,20000.00,,Utilities|Budget/Appropriations|Clean Air and Water (quality),"FY12 Interior-Environment Appropriations Act, State Revolving Loan Fund. Federal appropriations for land conservation fu|FY12 Interior-Environment Appropriations Act, State Revolving Loan Fund. Federal appropriations for land conservation fu|FY12 Interior-Environment Appropriations Act, State Revolving Loan Fund. Federal appropriations for land conservation fu",,2022-01-12T07:39:24.230000-05:00,20000.0,0.0
e2ab9f33-9d49-4964-b5b0-6fe137dd5e11,2021,Q4,,21632,KING & SPALDING LLP,DC,128506,"MCS ADVANTAGE, INC.",PR,Healthcare plan provider,50000.00,,Medicare/Medicaid,Issues related to Medicare Advantage reimbursement for Puerto Rico,,2022-01-13T01:00:20.843000-05:00,50000.0,0.0
45314a53-6c79-48ba-929b-545d3d4bf018,2021,Q4,,21632,KING & SPALDING LLP,DC,128507,PUERTO RICO ELECTRIC POWER AUTHORITY (PREPA),PR,Utility provider,30000.00,,Utilities,Renewable energy program; congressional testimony,,2022-01-13T01:03:21.330000-05:00,30000.0,0.0
09bdf152-3b8d-43aa-a382-90f6207e875a,2021,Q4,,317355,JOSE FUENTES,DC,186009,"EMPRESAS FONALLEDAS, INC.",PR,Real estate development company.,10000.00,,Agriculture,"Puerto Rico Nutrition Assistance Program (NAP), Food and nutrition security issues for Puerto Rico.",,2022-01-14T10:10:43.970000-05:00,10000.0,0.0
94ddbca5-96f1-492d-b7c0-773929ec09f8,2021,Q4,,75557,"CORNERSTONE GOVERNMENT AFFAIRS, INC.",DC,168233,PUERTO RICO PUBLIC PRIVATE PARTNERSHIPS AUTHORITY,PR,Promotes an ongoing collaboration between the public and private sector of Puerto Rico,60000.00,,Medicare/Medicaid|Budget/Appropriations|Taxation/Internal Revenue Code,Issues pertaining to Puerto Rico's unique treatment as a territory|Issues pertaining to Puerto Rico's unique treatment as a territory|Issues pertaining to Puerto Rico's unique treatment as a territory,,2022-01-14T18:17:20.777000-05:00,60000.0,0.0
88a874d1-4989-44fe-90db-cd77efabcb12,2021,4TY,,400532589,PRIME POLICY GROUP,DC,192476,FOUR WINDS LLC,PR,Housing Development,,,,,,2022-01-18T10:23:36.767000-05:00,0.0,0.0
44ccc7c5-bf29-49d5-ac16-af8523ae9511,2021,4TY,,400532589,PRIME POLICY GROUP,DC,206268,JOSE E. ROSSI,PR,Construction,,,,,,2022-01-18T11:27:03.693000-05:00,0.0,0.0
72fe76aa-6f61-47a3-90cb-3a66634111de,2021,Q4,,401104100,VANTAGEKNIGHT LLC,PR,211661,VAULTLINK INC.,PR,Cryptocurrency banking platform,90000.00,,Banking,"Monitoring and reporting on banking, cryptocurrency, blockchain, and digital assets policy issues",,2022-01-18T14:45:11.443000-05:00,90000.0,0.0
fd559f47-2bb1-4e62-992e-a680de499407,2021,Q4,,304736,"TARPLIN, DOWNS & YOUNG, LLC",DC,181317,TRIPLE-S MANAGEMENT CORPORATION,PR,Insurance,70000.00,,Medicare/Medicaid|Budget/Appropriations|Natural Resources|Health Issues,"Medicare Advantage call letter
Puerto Rican health system stabilization
Medicaid cliff, Medicaid bridge funding
Medicare|Budget resolution, Appropriations, continuing resolution, emergency supplemental, Reconciliation
S. Con. Res. 14|Puerto Rican debt restructuring and economic stabilization|Puerto Rican health system stabilization, Medicaid funding, Health insurance tax, Emergency Declaration, pandemic respon",,2022-01-19T10:32:48.077000-05:00,70000.0,0.0
3efa25c6-e4c7-425d-8ee1-d8f31001a776,2021,Q4,,30906,SQUIRE PATTON BOGGS,DC,137655,"PARA LA NATURALEZA, INC.",PR,Conservation Trust,50000.00,,Taxation/Internal Revenue Code,Permanent extension of the rum cover over.,,2022-01-19T11:20:22.767000-05:00,50000.0,0.0
6873fbf9-e54c-4492-beb9-04d8a0b1782f,2021,Q4,,400532589,PRIME POLICY GROUP,DC,209922,PUERTO RICO MAYORS ASSOCIATION,PR,Local government association,20000.00,,Disaster Planning/Emergencies|Budget/Appropriations|Natural Resources|Taxation/Internal Revenue Code,FEMA/HUD/Hurricane Maria|Reconciliation|PROMESA|Tax reform,,2022-01-19T14:22:41.733000-05:00,20000.0,0.0
66fb9699-7925-4113-919b-c350284f3cfe,2021,Q4,,400532589,PRIME POLICY GROUP,DC,209778,SENATE OF PUERTO RICO,PR,Legislature of Puerto Rico,40000.00,,Medicare/Medicaid|Welfare|Taxation/Internal Revenue Code,"Medicaid and Medicare|Social security, SSI, SNAP|Tax reform",,2022-01-19T14:33:24.653000-05:00,40000.0,0.0
9b41ea76-40bf-490b-9b26-e4140535ca7e,2021,Q4,,30906,SQUIRE PATTON BOGGS,DC,136354,GOVERNMENT OF PUERTO RICO,PR,Government entity (not foreign),100000.00,,Transportation|Medicare/Medicaid|Budget/Appropriations|Energy/Nuclear,Advocacy for Puerto Rico's priority transportation and infrastructure projects.|Advocacy for solution to Puerto Rico's Medicaid fiscal cliff.|Advocacy for Puerto Rico's priority transportation and infrastructure projects.|Advocacy related to Puerto Ricos power grid/infrastructure.,,2022-01-19T17:08:35.713000-05:00,100000.0,0.0
c58c426d-3777-44bc-b788-a9dc93c7d6eb,2021,Q4,,401103327,OFF HILL STRATEGIES L.L.C.,FL,198595,FINANCIAL OVERSIGHT AND MANAGEMENT BOARD FOR PUERTO RICO,PR,Economic growth and opportunity for the people of Puerto Rico,60000.00,,Natural Resources,Implementation of PROMESA,,2022-01-19T23:28:05.743000-05:00,60000.0,0.0
0846bcc3-33ed-46fd-b0e9-468eeefdb3a0,2021,Q4,,36710,STEPTOE LLP,DC,145737,MEDICAID AND MEDICARE ADVANTAGE PRODUCTS ASSOCIATION OF PUERTO RICO,PR,Health Care Trade Association,70000.00,,Medicare/Medicaid,Issues relating to Puerto Rico health care coverage.,,2022-01-20T10:44:06.887000-05:00,70000.0,0.0
7af822db-9e82-474d-ad90-55d890f3dae3,2021,Q4Y,,1182,ALSTON & BIRD LLP,DC,102473,AIRPORT SHOPPES CORP,PR,Food service,,,,,,2022-01-20T11:15:23.907000-05:00,0.0,0.0
db4bb94f-2b4f-41e9-88b4-3ecced7e5ef8,2021,Q4,,297033,"TORREY ADVISORY GROUP (FORMERLY MICHAEL TORREY ASSOCIATES, LLC)",DC,207439,"GRUPO NAVIS, LLC",PR,"Distribution of fruits, vegetables, and fresh eggs in Puerto Rico.",30000.00,,"Food Industry (safety, labeling, etc.)","The Emergency Food Assistance Program (TEFAP).
Issues related to the Nutrition Assistance Program.",,2022-01-20T11:35:30.497000-05:00,30000.0,0.0
8bf65b28-a778-46b0-8aec-289ae1e7d440,2021,Q4,,76855,DLA PIPER LLP (US),DC,169485,GOVERNMENT OF PUERTO RICO,PR,Public corporation of the Government of Puerto Rico,120000.00,,Medicare/Medicaid|Taxation/Internal Revenue Code,"Medicaid provisions affecting funding allocations for Puerto Rico.
Advocate for equal treatment for Puerto Rico under Me|Tax incentive provisions to encourage investment in Puerto Rico.
Inclusion of Puerto Rico in all stimulus legislation in",,2022-01-20T12:44:10.157000-05:00,120000.0,0.0
22a01437-c44e-498c-a8fa-7ee8f5b33823,2021,Q4,,70175,"MERCURY PUBLIC AFFAIRS, LLC",DC,206954,LOOPLAND GROUP LLC,PR,"Real Estate, Rental and Leasing",40000.00,,Taxation/Internal Revenue Code|Real Estate/Land Use/Conservation,"Focused on Opportunity Zone issues, particularly HR 1740, To Designate all of Puerto Rico an Opportunity Zone|Focused on Opportunity Zone issues, particularly HR 1740, To Designate all of Puerto Rico an Opportunity Zone",,2022-01-20T13:58:55.917000-05:00,40000.0,0.0
10ad5afc-e16f-4a42-b5c9-c4d8b4016df4,2021,RR,,66773,"THE CORMAC GROUP, LLC",DC,213493,NUC UNIVERSITY,PR,higher education,,,Education,pending regulations,,2022-01-20T14:41:06-05:00,0.0,0.0
461e05e7-20f7-45b5-93f1-fbf30ccf4076,2021,Q4Y,,401105296,KEY BRIDGE ADVISORS,PA,212095,VAULTLINK INC.,PR,Cryptocurrency banking platform,,,,,,2022-01-20T15:26:46.443000-05:00,0.0,0.0
95cf8024-214b-44ba-8bff-09bcd88dff3b,2021,Q4Y,,37232,SULLIVAN & CROMWELL LLP,DC,146158,"POPULAR, INC",PR,Commercial bank.,,,,,,2022-01-20T16:03:18.090000-05:00,0.0,0.0
b3366955-5a92-4591-8bcb-29630a70521f,2021,Q4,,401105212,PARK & K PUBLIC AFFAIRS LLC,NY,203408,PONCE HEALTH SCIENCES UNIVERSITY,PR,Medical School,37500.00,,Economics/Economic Development,Post Maria Redevelopment & Recovery of PR campus,,2022-01-20T16:53:42.817000-05:00,37500.0,0.0
c7d2b976-c38a-4879-9f8f-ff748e649165,2021,Q4,,66773,"THE CORMAC GROUP, LLC",DC,213493,NUC UNIVERSITY,PR,higher education,10000.00,,Education,Pending regulations,,2022-01-20T19:18:12.263000-05:00,10000.0,0.0
d9eb7745-df56-4632-8802-30ac680d4a58,2021,2T,,72053,CAPITOL HILL CONSULTING GROUP,DC,165752,PRIVATE ALLIANCE FOR ECONOMIC GROWTH OF PUERTO RICO,PR,Promote investment and initiatives to help Puerto Rico's recovery.,10000.00,,Taxation/Internal Revenue Code|Economics/Economic Development|Budget/Appropriations|Aviation/Airlines/Airports,"Puerto Rico economic development initiatives, air cargo hub amendment, opportunity zone enhancements, Puerto Rico recove|Puerto Rico economic development initiatives, air cargo hub amendment, opportunity zone enhancements, Puerto Rico recove|Puerto Rico economic development initiatives, air cargo hub amendment, opportunity zone enhancements, Puerto Rico recove|Puerto Rico economic development initiatives, air cargo hub amendment, opportunity zone enhancements, Puerto Rico recove",,2022-01-21T16:20:19.737000-05:00,10000.0,0.0
32c8b388-32c8-483f-a864-4f1f23bb3728,2021,Q4,,72053,CAPITOL HILL CONSULTING GROUP,DC,165758,"MCS HEALTHCARE HOLDINGS, LLC",PR,Health Insurance Company,30000.00,,Medicare/Medicaid|Government Issues,"Medicaid funding cliff, Puerto Rico MA rates, Medicare Part B buy-in.|Medicaid funding cliff, Puerto Rico MA rates, Medicare Part B buy-in.",,2022-01-21T16:21:20.397000-05:00,30000.0,0.0
a6ac7458-4f68-471f-abd5-2caa9cdf1cf6,2022,RR,,401104071,NEW CENTURY GOVERNMENT AFFAIRS (F/K/A TERRENCE C. WOLFE),DC,213556,THE CORMAC GROUP ON BEHALF OF NUC UNIVERSITY,PR,"General higher education issues, Title IV, Gainful Employment",,,Education,Gainful employment,,2022-01-24T11:06:00-05:00,0.0,0.0
3356bb89-2494-4585-a43c-43103b2f3aaa,2021,Q4,,401103211,CAPITOL ADVOCACY PARTNERS,DC,198165,BOYS AND GIRLS CLUBS OF PUERTO RICO,PR,Community services and programs.,15000.00,,Economics/Economic Development|Health Issues|Budget/Appropriations|Education|Law Enforcement/Crime/Criminal Justice|Disaster Planning/Emergencies,"Disaster relief economic development programs; Generational poverty reduction strategies.|Mental health resources and trauma-informed programming. Community violence.|Community project request, release of prior year appropriations to the Puerto Rico Department of Education, emergency CO|Charter school program grants and program administration, release of prior year appropriations to the Puerto Rico Depart|Office of Juvenile Justice and Delinquency Prevention programs to support violence intervention and trauma-informed supp",,2022-01-26T15:20:07.510000-05:00,15000.0,0.0
4d1b3f4f-316e-418c-ab47-eea9b0c65454,2021,Q4,,400520535,JASON UNDERWOOD,KY,192052,SERRALLES DISTILLERY,PR,Rum distiller,30000.00,,Taxation/Internal Revenue Code,Seeking permanency of rum cover over program.,,2022-03-11T15:16:42-05:00,30000.0,0.0
800e6974-9aa2-4c7b-8f3c-47d364d9f083,2022,Q1,,400428066,NWG ADVOCACY LLC,FL,190717,HOSPITAL ASSOCIATION OF PUERTO RICO,PR,Serve Puerto Rico's Hospital System and its Members,24000.00,,Health Issues,"Medicaid, Medicare",,2022-04-12T16:16:46-04:00,24000.0,0.0
9054fd05-05be-4339-b812-8da83a73b816,2022,Q1,,400428066,NWG ADVOCACY LLC,FL,190719,PUERTO RICO MANUFACTURERS ASSOCIATION,PR,manufacturing trade association,,,Taxation/Internal Revenue Code,reshoring,,2022-04-12T16:17:42-04:00,0.0,0.0
10c8fdf0-e78b-45e8-beec-eea0ede6797f,2022,Q1Y,,400428066,NWG ADVOCACY LLC,FL,190730,PUERTO RICO PRIVATE SECTOR COALITION,PR,coalition of the thirty business organizations in Puerto Rico,,,,,,2022-04-12T16:18:53-04:00,0.0,0.0
c38a4cf9-e1b1-4cec-bff5-7ec4e48809f6,2022,Q1,,400428066,NWG ADVOCACY LLC,FL,209840,HECHO DE PUERTO RICO,PR,trade association for local companies,,,Transportation|Taxation/Internal Revenue Code,infrastructure|reshoring,,2022-04-12T16:23:40-04:00,0.0,0.0
d82870e8-c6f1-48a4-86a0-d30436ee1a24,2022,Q1,,304736,"TARPLIN, DOWNS & YOUNG, LLC",DC,181317,TRIPLE-S MANAGEMENT CORPORATION,PR,Insurance,70000.00,,Budget/Appropriations|Health Issues|Medicare/Medicaid|Natural Resources,"budget resolution, appropriations, continuing resolution, emergency supplemental, reconciliation H.R. 2471, Consolidated|Puerto Rican health system stabilization, Medicaid funding, Health insurance tax, Emergency Declaration, pandemic respon|Medicare Advantage call letter, Puerto Rican health system stabilization, Medicaid cliff, Medicaid bridge funding, Medic|Puerto Rican debt restructuring and economic stabilization",,2022-04-14T14:24:25-04:00,70000.0,0.0
6f8da0a2-e771-41fb-91ac-df2a4c25bc9a,2022,Q1,,297033,"TORREY ADVISORY GROUP (FORMERLY MICHAEL TORREY ASSOCIATES, LLC)",DC,207439,"GRUPO NAVIS, LLC",PR,"Distribution of fruits, vegetables, and fresh eggs in Puerto Rico.",30000.00,,"Food Industry (safety, labeling, etc.)",The Emergency Food Assistance Program (TEFAP). Issues related to the Nutrition Assistance Program.,,2022-04-15T13:02:13-04:00,30000.0,0.0
5709ea25-4ebc-412e-90be-146d641c7359,2022,Q1,,7268,BROYDRICK & ASSOCIATES,DC,110356,MILWAUKEE METROPOLITAN SEWERAGE DISTRICT,PR,Municipality in Puerto Rico,20000.00,,Budget/Appropriations|Clean Air and Water (quality)|Utilities,"FY12 Interior-Environment Appropriations Act, State Revolving Loan Fund. Federal appropriations for land conservation fu|FY12 Interior-Environment Appropriations Act, State Revolving Loan Fund. Federal appropriations for land conservation fu|FY12 Interior-Environment Appropriations Act, State Revolving Loan Fund. Federal appropriations for land conservation fu",,2022-04-16T17:35:48-04:00,20000.0,0.0
d351e64e-b757-4065-804a-752e13b45fd5,2022,Q1,,30906,SQUIRE PATTON BOGGS,DC,136354,GOVERNMENT OF PUERTO RICO,PR,Government entity (not foreign),80000.00,,Budget/Appropriations|Energy/Nuclear|Immigration|Medicare/Medicaid|Transportation,Advocacy for Puerto Rico's priority transportation and infrastructure projects.|Advocacy related to Puerto Ricos power grid/infrastructure.|Issues related to H-2B Visa cap.|Advocacy for solution to Puerto Rico's Medicaid fiscal cliff.|Advocacy for Puerto Rico's priority transportation and infrastructure projects.,,2022-04-18T17:02:19-04:00,80000.0,0.0
04ff5895-d4be-49a9-8846-3905b5bf4702,2022,Q1,,75557,"CORNERSTONE GOVERNMENT AFFAIRS, INC.",DC,168233,PUERTO RICO PUBLIC PRIVATE PARTNERSHIPS AUTHORITY,PR,Promotes an ongoing collaboration between the public and private sector of Puerto Rico,60000.00,,Medicare/Medicaid|Taxation/Internal Revenue Code|Budget/Appropriations,Issues pertaining to Puerto Rico's unique treatment as a territory|Issues pertaining to Puerto Rico's unique treatment as a territory|Issues pertaining to Puerto Rico's unique treatment as a territory,,2022-04-18T21:24:53-04:00,60000.0,0.0
4d1ff8bc-1d60-4e85-87d6-bba2653e974a,2022,Q1,,401104100,VANTAGEKNIGHT LLC,PR,211661,VAULTLINK INC.,PR,Cryptocurrency banking platform,90000.00,,Banking,"Monitoring and reporting on banking, cryptocurrency, blockchain, and digital assets policy issues",,2022-04-18T21:46:47-04:00,90000.0,0.0
807a1ae7-75dc-40b9-b208-2f60c4126d7c,2022,1T,,400532589,PRIME POLICY GROUP,DC,209922,PUERTO RICO MAYORS ASSOCIATION,PR,Local government association,20000.00,,Budget/Appropriations|Natural Resources|Disaster Planning/Emergencies|Taxation/Internal Revenue Code,Reconciliation|PROMESA|FEMA/HUD/Hurricane Maria|Tax reform,,2022-04-18T23:21:38-04:00,20000.0,0.0
862d2b6c-a589-4d8a-bc1a-d56f7e1baa78,2022,Q1,,400532589,PRIME POLICY GROUP,DC,209778,SENATE OF PUERTO RICO,PR,Legislature of Puerto Rico,30000.00,,Taxation/Internal Revenue Code|Welfare|Medicare/Medicaid|Environment/Superfund|Natural Resources,"Tax reform|Social security, SSI, SNAP|Medicaid and Medicare|S.405 - Vieques Recovery and Redevelopment Act|PROMESA",,2022-04-18T23:57:03-04:00,30000.0,0.0
a095ebe1-ec67-41dd-8fe5-30af6edea78a,2022,Q1,,317355,JOSE FUENTES,DC,186009,"EMPRESAS FONALLEDAS, INC.",PR,Real estate development company.,10000.00,,Agriculture,"Puerto Rico Nutrition Assistance Program (NAP), Food and nutrition security issues for Puerto Rico.",,2022-04-19T10:43:31-04:00,10000.0,0.0
c7f12515-c96c-475f-aaa1-62838120bf63,2022,Q1,,70175,"MERCURY PUBLIC AFFAIRS, LLC",DC,206954,LOOPLAND GROUP LLC,PR,"Real Estate, Rental and Leasing",40000.00,,Real Estate/Land Use/Conservation|Taxation/Internal Revenue Code,"Focused on Opportunity Zone issues, including HR 1740, To Designate all of Puerto Rico an Opportunity Zone, HR7467; Oppo|Focused on Opportunity Zone issues, particularly HR 1740, To Designate all of Puerto Rico an Opportunity Zone",,2022-04-19T16:27:49-04:00,40000.0,0.0
85e2a907-5421-4f5c-980e-3acc2d476bf5,2022,Q1,,401103327,OFF HILL STRATEGIES L.L.C.,FL,198595,FINANCIAL OVERSIGHT AND MANAGEMENT BOARD FOR PUERTO RICO,PR,Economic growth and opportunity for the people of Puerto Rico,60000.00,,Natural Resources,Implementation of PROMESA,,2022-04-19T16:39:08-04:00,60000.0,0.0
9463bec4-ca74-40c2-928a-30f17d62e435,2022,Q1,,30906,SQUIRE PATTON BOGGS,DC,137655,"PARA LA NATURALEZA, INC.",PR,Conservation Trust,50000.00,,Taxation/Internal Revenue Code,Permanent extension of the rum cover over.,,2022-04-19T16:51:23-04:00,50000.0,0.0
fed6c60d-4f64-47b0-8ddd-c828ae016782,2022,Q1Y,,1182,ALSTON & BIRD LLP,DC,102473,AIRPORT SHOPPES CORP,PR,Food service,,,,,,2022-04-20T08:51:35-04:00,0.0,0.0
1995f7ed-6567-45e6-810f-296b7b0ddc59,2022,Q1,,36710,STEPTOE LLP,DC,145737,MEDICAID AND MEDICARE ADVANTAGE PRODUCTS ASSOCIATION OF PUERTO RICO,PR,Health Care Trade Association,70000.00,,Medicare/Medicaid,Issues relating to Puerto Rico health care coverage.,,2022-04-20T10:03:40-04:00,70000.0,0.0
36c62e9d-3224-4f3e-af1e-154325e78925,2022,Q1,,401104071,NEW CENTURY GOVERNMENT AFFAIRS (F/K/A TERRENCE C. WOLFE),DC,213556,THE CORMAC GROUP ON BEHALF OF NUC UNIVERSITY,PR,"General higher education issues, Title IV, Gainful Employment",5000.00,,Education,Gainful Employment and 90/10,,2022-04-20T10:56:16-04:00,5000.0,0.0
8b09c0be-8b72-478e-b038-1d1de54da12c,2022,Q1,,72053,CAPITOL HILL CONSULTING GROUP,DC,165758,"MCS HEALTHCARE HOLDINGS, LLC",PR,Health Insurance Company,30000.00,,Medicare/Medicaid|Government Issues,"Medicaid funding cliff, Puerto Rico MA rates, Medicare Part B buy-in.|Medicaid funding cliff, Puerto Rico MA rates, Medicare Part B buy-in.",,2022-04-20T11:15:51-04:00,30000.0,0.0
b2ce3a73-3c4c-409d-bdf7-03d1fe7a861e,2022,Q1,,76855,DLA PIPER LLP (US),DC,169485,GOVERNMENT OF PUERTO RICO,PR,Public corporation of the Government of Puerto Rico,110000.00,,Taxation/Internal Revenue Code|Medicare/Medicaid,Tax incentive provisions to encourage investment in Puerto Rico. Inclusion of Puerto Rico in all stimulus legislation in|Medicaid provisions affecting funding allocations for Puerto Rico. Advocate for equal treatment for Puerto Rico under Me,,2022-04-20T13:22:57-04:00,110000.0,0.0
ad85d6bc-fbcb-4e83-9690-ba4bbb04089e,2022,Q1Y,,21632,KING & SPALDING LLP,DC,128507,PUERTO RICO ELECTRIC POWER AUTHORITY (PREPA),PR,Utility provider,,,,,,2022-04-20T14:18:59-04:00,0.0,0.0
da149717-e914-47a5-a53f-554bd56b1ad2,2022,Q1,,21632,KING & SPALDING LLP,DC,128506,"MCS ADVANTAGE, INC.",PR,Healthcare plan provider,50000.00,,Medicare/Medicaid,Issues related to Medicare Advantage reimbursement for Puerto Rico,,2022-04-20T14:21:19-04:00,50000.0,0.0
a8cab2cd-10e2-420b-b3e3-5c63fa9afdb1,2022,Q1Y,,37232,SULLIVAN & CROMWELL LLP,DC,146158,"POPULAR, INC",PR,Commercial bank.,,,,,,2022-04-20T15:36:51-04:00,0.0,0.0
f6ce69ca-d592-4d93-9645-08f7e5bdee7c,2022,Q1,,401105212,PARK & K PUBLIC AFFAIRS LLC,NY,203408,PONCE HEALTH SCIENCES UNIVERSITY,PR,Medical School,37500.00,,Economics/Economic Development,Post Maria Redevelopment & Recovery of PR campus,,2022-04-20T19:18:02-04:00,37500.0,0.0
467bad3e-0548-445c-8e33-6457ba0d90e7,2022,Q1,,66773,"THE CORMAC GROUP, LLC",DC,213493,NUC UNIVERSITY,PR,higher education,20000.00,,Education,Pending regulations,,2022-04-20T19:21:11-04:00,20000.0,0.0
d7f2042b-ff3e-4a66-9207-a910019f4992,2022,Q1Y,,401105296,KEY BRIDGE ADVISORS,PA,212095,VAULTLINK INC.,PR,Cryptocurrency banking platform,,,,,,2022-04-21T15:23:39-04:00,0.0,0.0
d2272f3f-287a-45ac-aead-61386644c37d,2022,Q1,,401103211,CAPITOL ADVOCACY PARTNERS,DC,198165,BOYS AND GIRLS CLUBS OF PUERTO RICO,PR,Community services and programs.,15000.00,,Budget/Appropriations|Disaster Planning/Emergencies|Education|Health Issues|Law Enforcement/Crime/Criminal Justice|Economics/Economic Development,"Community project request, release of prior year appropriations to the Puerto Rico Department of Education, emergency CO|Disaster relief programs for Puerto Rico, including for Hurricanes and COVID-19.|Charter school program grants and program administration, release of prior year appropriations to the Puerto Rico Depart|Mental health resources and trauma-informed programming. Community violence.|Office of Juvenile Justice and Delinquency Prevention programs to support violence intervention and trauma-informed supp",,2022-05-03T12:57:06-04:00,15000.0,0.0
f699d78e-095b-4b77-a310-c06dd9d27802,2022,Q1,,400520535,JASON UNDERWOOD,KY,192052,SERRALLES DISTILLERY,PR,Rum distiller,30000.00,,Taxation/Internal Revenue Code,Seeking permanency of rum cover over program.,,2022-05-27T09:42:33-04:00,30000.0,0.0
c7eb9d43-9b9d-4227-b06e-e70e7acc1fc9,2022,Q2,,400428066,NWG ADVOCACY LLC,FL,190717,HOSPITAL ASSOCIATION OF PUERTO RICO,PR,Serve Puerto Rico's Hospital System and its Members,24000.00,,Health Issues,"Medicaid, Medicare",,2022-07-07T05:37:43-04:00,24000.0,0.0
0f0143fa-ef38-4ea3-afac-95ae05db3478,2022,Q2Y,,400428066,NWG ADVOCACY LLC,FL,190719,PUERTO RICO MANUFACTURERS ASSOCIATION,PR,manufacturing trade association,,,,,,2022-07-07T05:41:45-04:00,0.0,0.0
92871685-7d9d-466c-b077-cdd45e9964f9,2022,Q2Y,,400428066,NWG ADVOCACY LLC,FL,190730,PUERTO RICO PRIVATE SECTOR COALITION,PR,coalition of the thirty business organizations in Puerto Rico,20000.00,,,,,2022-07-07T05:44:57-04:00,20000.0,0.0
a7cf94e1-e820-4bd2-9844-67e33df282e5,2022,Q2Y,,400428066,NWG ADVOCACY LLC,FL,209840,HECHO DE PUERTO RICO,PR,trade association for local companies,,,,,,2022-07-07T05:52:08-04:00,0.0,0.0
7e0529b2-9ada-4a21-882f-4cc9559f0718,2022,RR,,401106757,AND PARTNERS LLC,DC,52125,ECOELECTRICA LP,PR,Liquid Natural Gas Company,,,Energy/Nuclear,Advocate on issues related to the Federal Energy Regulatory Commission,,2022-07-11T16:32:21-04:00,0.0,0.0
d790b6d1-2372-478e-a4a7-186a201fc09b,2022,Q2,,401104100,VANTAGEKNIGHT LLC,PR,211661,VAULTLINK INC.,PR,Cryptocurrency banking platform,90000.00,,Banking,"Monitoring and reporting on banking, cryptocurrency, blockchain, and digital assets policy issues",,2022-07-12T13:40:40-04:00,90000.0,0.0
dbbecc3e-90d0-48c1-8ebf-60a06182d1db,2022,Q2,,7268,BROYDRICK & ASSOCIATES,DC,110356,MILWAUKEE METROPOLITAN SEWERAGE DISTRICT,PR,Municipality in Puerto Rico,10000.00,,Budget/Appropriations|Clean Air and Water (quality)|Utilities,"FY12 Interior-Environment Appropriations Act, State Revolving Loan Fund. Federal appropriations for land conservation fu|FY12 Interior-Environment Appropriations Act, State Revolving Loan Fund. Federal appropriations for land conservation fu|FY12 Interior-Environment Appropriations Act, State Revolving Loan Fund. Federal appropriations for land conservation fu",,2022-07-13T10:09:43-04:00,10000.0,0.0
b1436c70-7fb5-469d-8400-4eafec788c15,2022,Q2,,317355,JOSE FUENTES,DC,186009,"EMPRESAS FONALLEDAS, INC.",PR,Real estate development company.,10000.00,,Agriculture|Environment/Superfund|Medicare/Medicaid,"Puerto Rico Nutrition Assistance Program (NAP), Food and nutrition security issues for Puerto Rico.|San Juan drainage issues.|Medicaid spending for Puerto Rico.",,2022-07-14T12:53:32-04:00,10000.0,0.0
12e70313-885c-4858-bd65-234958ff0de9,2022,Q2,,30906,SQUIRE PATTON BOGGS,DC,136354,GOVERNMENT OF PUERTO RICO,PR,Government entity (not foreign),80000.00,,Budget/Appropriations|Energy/Nuclear|Environment/Superfund|Immigration|Transportation,Advocacy for Puerto Rico's priority transportation and infrastructure projects.|Advocacy related to Puerto Ricos power grid/infrastructure.|Issues related to EPA and Clean Air Act compliance.|Issues related to H-2B Visa cap.|Advocacy for Puerto Rico's priority transportation and infrastructure projects.,,2022-07-18T10:56:58-04:00,80000.0,0.0
a552a667-683f-4520-8c84-4e0e6b82784f,2022,Q2,,401103327,OFF HILL STRATEGIES L.L.C.,FL,198595,FINANCIAL OVERSIGHT AND MANAGEMENT BOARD FOR PUERTO RICO,PR,Economic growth and opportunity for the people of Puerto Rico,60000.00,,Natural Resources,Implementation of PROMESA,,2022-07-18T13:50:32-04:00,60000.0,0.0
5942d69a-c120-4a19-bd16-f8f7f0cb4ad8,2022,Q2,,30906,SQUIRE PATTON BOGGS,DC,137655,"PARA LA NATURALEZA, INC.",PR,Conservation Trust,50000.00,,Taxation/Internal Revenue Code,Permanent extension of the rum cover over.,,2022-07-18T15:34:26-04:00,50000.0,0.0
0288b4de-4f8e-4d2a-8b41-6a2dc65f7591,2022,Q2,,76855,DLA PIPER LLP (US),DC,169485,GOVERNMENT OF PUERTO RICO,PR,Public corporation of the Government of Puerto Rico,80000.00,,Taxation/Internal Revenue Code|Medicare/Medicaid,Tax incentive provisions to encourage investment in Puerto Rico. Inclusion of Puerto Rico in all stimulus legislation in|Medicaid provisions affecting funding allocations for Puerto Rico. Advocate for equal treatment for Puerto Rico under Me,,2022-07-18T17:28:56-04:00,80000.0,0.0
9385c4a8-db12-43e0-8012-c860459d3b77,2022,Q2,,70175,"MERCURY PUBLIC AFFAIRS, LLC",DC,206954,LOOPLAND GROUP LLC,PR,"Real Estate, Rental and Leasing",40000.00,,Real Estate/Land Use/Conservation|Taxation/Internal Revenue Code,"Focused on Opportunity Zone issues, including HR 1740, To Designate all of Puerto Rico an Opportunity Zone, HR7467; Oppo|Focused on Opportunity Zone issues, particularly HR 1740, To Designate all of Puerto Rico an Opportunity Zone",,2022-07-19T15:04:53-04:00,40000.0,0.0
dd91170c-9b99-4a0a-8aa5-6a82ea1caccc,2022,2TY,,401105296,KEY BRIDGE ADVISORS,PA,212095,VAULTLINK INC.,PR,Cryptocurrency banking platform,,,,,,2022-07-19T16:32:54-04:00,0.0,0.0
351b2b88-4578-4257-9f8e-003bea736c5f,2022,Q2,,401104071,NEW CENTURY GOVERNMENT AFFAIRS (F/K/A TERRENCE C. WOLFE),DC,213556,THE CORMAC GROUP ON BEHALF OF NUC UNIVERSITY,PR,"General higher education issues, Title IV, Gainful Employment",10000.00,,Education,Gainful Employment and 90/10.,,2022-07-19T16:57:55-04:00,10000.0,0.0
ea623e77-41d8-4255-8e99-33037f54639e,2022,Q2,,304736,"TARPLIN, DOWNS & YOUNG, LLC",DC,181317,TRIPLE-S MANAGEMENT CORPORATION,PR,Insurance,70000.00,,Budget/Appropriations|Health Issues|Medicare/Medicaid|Natural Resources,"budget resolution, appropriations, continuing resolution, emergency supplemental, reconciliation H.R. 2471, Consolidated|Puerto Rican health system stabilization, Medicaid funding, Health insurance tax, Emergency Declaration, pandemic respon|Medicare Advantage call letter, Puerto Rican health system stabilization, Medicaid cliff, Medicaid bridge funding, Medic|Puerto Rican debt restructuring and economic stabilization",,2022-07-19T17:17:18-04:00,70000.0,0.0
a84f445b-d4ba-469d-b1fb-85e6a4469d37,2022,Q2,,75557,"CORNERSTONE GOVERNMENT AFFAIRS, INC.",DC,168233,PUERTO RICO PUBLIC PRIVATE PARTNERSHIPS AUTHORITY,PR,Promotes an ongoing collaboration between the public and private sector of Puerto Rico,60000.00,,Medicare/Medicaid|Taxation/Internal Revenue Code|Budget/Appropriations,Issues pertaining to Puerto Rico's unique treatment as a territory|Issues pertaining to Puerto Rico's unique treatment as a territory|Issues pertaining to Puerto Rico's unique treatment as a territory,,2022-07-19T20:21:12-04:00,60000.0,0.0
59650388-f2be-443f-8468-042ba0a26e5d,2022,Q2,,36710,STEPTOE LLP,DC,145737,MEDICAID AND MEDICARE ADVANTAGE PRODUCTS ASSOCIATION OF PUERTO RICO,PR,Health Care Trade Association,70000.00,,Medicare/Medicaid,Issues relating to Puerto Rico health care coverage.,,2022-07-20T08:17:18-04:00,70000.0,0.0
3231ac41-9e87-493e-8081-93b20f54d387,2022,Q2Y,,1182,ALSTON & BIRD LLP,DC,102473,AIRPORT SHOPPES CORP,PR,Food service,,,,,,2022-07-20T09:16:20-04:00,0.0,0.0
b10a8368-29e2-474a-bd87-4e79d3c7515a,2022,Q2,,401103211,CAPITOL ADVOCACY PARTNERS,DC,198165,BOYS AND GIRLS CLUBS OF PUERTO RICO,PR,Community services and programs.,15000.00,,Budget/Appropriations|Disaster Planning/Emergencies|Education|Health Issues|Law Enforcement/Crime/Criminal Justice|Economics/Economic Development,"Community project request, release of prior year appropriations to the Puerto Rico Department of Education, emergency CO|Disaster relief programs for Puerto Rico, including for Hurricanes and COVID-19. Community project request for disaster |Charter school program grants and program administration, release of prior year appropriations to the Puerto Rico Depart|Mental health resources and trauma-informed programming. Community violence.|Office of Juvenile Justice and Delinquency Prevention programs to support violence intervention and trauma-informed supp",,2022-07-20T09:23:43-04:00,15000.0,0.0
1c54811f-d778-4655-8df3-7c9bacb1b0fc,2022,Q2,,297033,"TORREY ADVISORY GROUP (FORMERLY MICHAEL TORREY ASSOCIATES, LLC)",DC,207439,"GRUPO NAVIS, LLC",PR,"Distribution of fruits, vegetables, and fresh eggs in Puerto Rico.",30000.00,,"Food Industry (safety, labeling, etc.)",The Emergency Food Assistance Program (TEFAP). Issues related to the Nutrition Assistance Program.,,2022-07-20T11:29:14-04:00,30000.0,0.0
0be77e41-f4c6-4056-ba64-e15c32952cb1,2022,Q2,,72053,CAPITOL HILL CONSULTING GROUP,DC,165758,"MCS HEALTHCARE HOLDINGS, LLC",PR,Health Insurance Company,30000.00,,Medicare/Medicaid|Government Issues,"Medicaid funding cliff, Puerto Rico MA rates, Medicare Part B buy-in.|Medicaid funding cliff, Puerto Rico MA rates, Medicare Part B buy-in.",,2022-07-20T11:34:24-04:00,30000.0,0.0
885a735a-e348-4a7e-92a5-ddbcea68c7ed,2022,Q2,,401106757,AND PARTNERS LLC,DC,52125,ECOELECTRICA LP,PR,Liquid Natural Gas Company,,,Energy/Nuclear,Advocated on Federal Energy Regulatory Commission issues related to liquid natural gas operations,,2022-07-20T11:54:25-04:00,0.0,0.0
79faf956-056c-43bd-931b-b98aec5d379d,2022,Q2Y,,37232,SULLIVAN & CROMWELL LLP,DC,146158,"POPULAR, INC",PR,Commercial bank.,,,,,,2022-07-20T15:41:51-04:00,0.0,0.0
785a8de2-79dd-4380-8ed1-ae9e8e11c429,2022,Q2,,21632,KING & SPALDING LLP,DC,128506,"MCS ADVANTAGE, INC.",PR,Healthcare plan provider,50000.00,,Medicare/Medicaid,Issues related to Medicare Advantage reimbursement for Puerto Rico,,2022-07-20T16:37:58-04:00,50000.0,0.0
59e93a92-006e-43f4-80d0-e4793e48aef5,2022,Q2Y,,21632,KING & SPALDING LLP,DC,128507,PUERTO RICO ELECTRIC POWER AUTHORITY (PREPA),PR,Utility provider,,,,,,2022-07-20T16:52:13-04:00,0.0,0.0
00888089-9e7c-43af-ae0e-ff864f9fe814,2022,Q2,,400532589,PRIME POLICY GROUP,DC,209778,SENATE OF PUERTO RICO,PR,Legislature of Puerto Rico,40000.00,,Environment/Superfund|Natural Resources|Energy/Nuclear|Taxation/Internal Revenue Code|Welfare|Medicare/Medicaid,"S.405 - Vieques Recovery and Redevelopment Act|PROMESA; oversight|BOEM|Tax reform|Social security, SSI, SNAP",,2022-07-20T17:08:51-04:00,40000.0,0.0
01f1b0b5-e908-42a1-b1b8-87a44fe3af14,2022,Q2,,66773,"THE CORMAC GROUP, LLC",DC,213493,NUC UNIVERSITY,PR,higher education,20000.00,,Education,Pending regulations,,2022-07-20T18:51:19-04:00,20000.0,0.0
9845449e-b519-4096-b008-adfb7f63e292,2022,Q2,,401105212,PARK & K PUBLIC AFFAIRS LLC,NY,203408,PONCE HEALTH SCIENCES UNIVERSITY,PR,Medical School,37500.00,,Economics/Economic Development,Post Maria Redevelopment & Recovery of PR campus,,2022-07-20T23:03:14-04:00,37500.0,0.0
8103c5b2-55e8-424e-8153-3586f3186861,2022,Q2Y,,401104155,ODONNELL & SON LLC,DC,200868,AIREKO FOUNDATION,PR,Non-Profit,,,,,,2022-08-25T11:58:09-04:00,0.0,0.0
dc72b669-5e6c-48ad-ae62-806c89de816f,2022,Q2,,400520535,JASON UNDERWOOD,KY,192052,SERRALLES DISTILLERY,PR,Rum distiller,30000.00,,Taxation/Internal Revenue Code,Seeking permanency of rum cover over program.,,2022-10-04T16:07:25-04:00,30000.0,0.0
0d412b2c-2333-4b5e-927d-cea14cab2671,2022,Q3,,400520535,JASON UNDERWOOD,KY,192052,SERRALLES DISTILLERY,PR,Rum distiller,30000.00,,Taxation/Internal Revenue Code,Seeking permanency of rum cover over program.,,2022-10-04T16:08:15-04:00,30000.0,0.0
eca423f1-cf50-4ea7-9653-5773a3aba187,2022,Q3,,30906,SQUIRE PATTON BOGGS,DC,136354,GOVERNMENT OF PUERTO RICO,PR,Government entity (not foreign),80000.00,,Budget/Appropriations|Energy/Nuclear|Environment/Superfund|Immigration|Transportation,Advocacy for Puerto Rico's priority transportation and infrastructure projects.|Advocacy related to Puerto Ricos power grid/infrastructure.|Issues related to EPA and Clean Air Act compliance.|Issues related to H-2B Visa cap.|Advocacy for Puerto Rico's priority transportation and infrastructure projects.,,2022-10-11T15:30:54-04:00,80000.0,0.0
99d9a12e-dd14-48d3-9bc7-bba0f4fe7b72,2022,Q3,,400428066,NWG ADVOCACY LLC,FL,190717,HOSPITAL ASSOCIATION OF PUERTO RICO,PR,Serve Puerto Rico's Hospital System and its Members,24000.00,,Health Issues,"Medicaid, Medicare",,2022-10-11T16:02:17-04:00,24000.0,0.0
a4777762-9568-4339-b73e-1b089abbab53,2022,Q3Y,,400428066,NWG ADVOCACY LLC,FL,190719,PUERTO RICO MANUFACTURERS ASSOCIATION,PR,manufacturing trade association,,,,,,2022-10-11T16:03:42-04:00,0.0,0.0
8a77d464-147d-4131-a7a6-e94486a34aae,2022,Q3Y,,400428066,NWG ADVOCACY LLC,FL,190730,PUERTO RICO PRIVATE SECTOR COALITION,PR,coalition of the thirty business organizations in Puerto Rico,10000.00,,,,,2022-10-11T16:09:53-04:00,10000.0,0.0
249e9ffa-938c-4730-b942-c97904e8caa1,2022,3TY,,400428066,NWG ADVOCACY LLC,FL,209840,HECHO DE PUERTO RICO,PR,trade association for local companies,,,,,,2022-10-11T16:12:49-04:00,0.0,0.0
8339ec58-4888-4d5a-be1c-259da227b53a,2022,Q3,,21632,KING & SPALDING LLP,DC,128506,"MCS ADVANTAGE, INC.",PR,Healthcare plan provider,50000.00,,Medicare/Medicaid,Issues related to Medicare Advantage reimbursement for Puerto Rico,,2022-10-11T18:56:38-04:00,50000.0,0.0
cf81d34f-f4ed-4a35-8b3d-4b8f5da2c86c,2022,Q3Y,,21632,KING & SPALDING LLP,DC,128507,PUERTO RICO ELECTRIC POWER AUTHORITY (PREPA),PR,Utility provider,,,,,,2022-10-11T19:58:09-04:00,0.0,0.0
d285be88-209f-4b02-ab48-8fa00884bd11,2022,Q3,,401106757,AND PARTNERS LLC,DC,52125,ECOELECTRICA LP,PR,Liquid Natural Gas Company,10000.00,,Energy/Nuclear,Advocated on Federal Energy Regulatory Commission issues related to liquid natural gas operations,,2022-10-12T09:31:45-04:00,10000.0,0.0
a231a2a4-0282-42db-8984-b845dc08b87e,2022,Q3,,317355,JOSE FUENTES,DC,186009,"EMPRESAS FONALLEDAS, INC.",PR,Real estate development company.,20000.00,,Agriculture|Disaster Planning/Emergencies,"Puerto Rico Nutrition Assistance Program (NAP), Food and nutrition security issues for Puerto Rico.|Hurricane Fiona disaster relief.",,2022-10-12T09:36:00-04:00,20000.0,0.0
0a861f58-e844-4f64-9570-63e855420cfb,2022,RR,,400532589,PRIME POLICY GROUP,DC,53082,CARIBBEAN TRANSMISSION DEVELOPMENT COMPANY (FKA ATABEY CAPITAL MANAGEMENT),PR,Fund management company,,,Energy/Nuclear|Environment/Superfund,Permit application|Permit application,,2022-10-13T10:53:41-04:00,0.0,0.0
9ab27571-5a67-4995-a2f9-0799979741df,2021,RA,,401105159,FULCRUM PUBLIC AFFAIRS LLC,DC,210373,"COMMONWEALTH OF PUERTO RICO, HOUSE OF REPRESENTATIVES",PR,The lower house of the Legislative Assembly of Puerto Rico,,,Economics/Economic Development|Health Issues|Homeland Security|Housing|Taxation/Internal Revenue Code,"Tax policy, facilitation of federal disaster recovery and mitigation investments; promotion of equity in federal healthc|Tax policy, facilitation of federal disaster recovery and mitigation investments; promotion of equity in federal healthc|Tax policy, facilitation of federal disaster recovery and mitigation investments; promotion of equity in federal healthc|Tax policy, facilitation of federal disaster recovery and mitigation investments; promotion of equity in federal healthc|Tax policy, facilitation of federal disaster recovery and mitigation investments; promotion of equity in federal healthc",,2022-10-13T13:12:48-04:00,0.0,0.0
fde0b71a-6feb-4a5d-b7ed-4b06de0a6873,2022,Q3,,30906,SQUIRE PATTON BOGGS,DC,137655,"PARA LA NATURALEZA, INC.",PR,Conservation Trust,50000.00,,Taxation/Internal Revenue Code,Permanent extension of the rum cover over.,,2022-10-13T16:59:09-04:00,50000.0,0.0
d8424a37-4b0d-4f8d-a08d-0f24b042a4d3,2022,Q3,,401104100,VANTAGEKNIGHT LLC,PR,211661,VAULTLINK INC.,PR,Cryptocurrency banking platform,90000.00,,Banking,"Monitoring and reporting on banking, cryptocurrency, blockchain, and digital assets policy issues",,2022-10-17T15:57:23-04:00,90000.0,0.0
95f61b29-0075-4319-b7ce-d9392f586ff5,2022,Q3,,7268,BROYDRICK & ASSOCIATES,DC,110356,MILWAUKEE METROPOLITAN SEWERAGE DISTRICT,PR,Municipality in Puerto Rico,20000.00,,Budget/Appropriations|Clean Air and Water (quality)|Utilities,"FY12 Interior-Environment Appropriations Act, State Revolving Loan Fund. Federal appropriations for land conservation fu|FY12 Interior-Environment Appropriations Act, State Revolving Loan Fund. Federal appropriations for land conservation fu|FY12 Interior-Environment Appropriations Act, State Revolving Loan Fund. Federal appropriations for land conservation fu",,2022-10-17T19:57:11-04:00,20000.0,0.0
6dc889c6-2a6c-4d47-9551-e2f449bfbee5,2022,Q3,,400532589,PRIME POLICY GROUP,DC,53082,CARIBBEAN TRANSMISSION DEVELOPMENT COMPANY (FKA ATABEY CAPITAL MANAGEMENT),PR,Fund management company,60000.00,,Energy/Nuclear,Presidential permit for power line,,2022-10-18T10:38:06-04:00,60000.0,0.0
c609b85f-f55e-4b6e-a01b-1a67d248ecac,2022,Q3,,76855,DLA PIPER LLP (US),DC,169485,GOVERNMENT OF PUERTO RICO,PR,Public corporation of the Government of Puerto Rico,90000.00,,Taxation/Internal Revenue Code|Medicare/Medicaid,Tax incentive provisions to encourage investment in Puerto Rico. Medical supply chain manufacturing incentives. Child ta|Medicaid provisions affecting funding allocations for Puerto Rico. Advocate for equal treatment for Puerto Rico under Me,,2022-10-18T12:09:34-04:00,90000.0,0.0
900e8cb0-57ff-454d-bef9-dd8f0e0bbee8,2022,Q3,,401103327,OFF HILL STRATEGIES L.L.C.,FL,198595,FINANCIAL OVERSIGHT AND MANAGEMENT BOARD FOR PUERTO RICO,PR,Economic growth and opportunity for the people of Puerto Rico,60000.00,,Natural Resources,Implementation of PROMESA,,2022-10-18T12:31:12-04:00,60000.0,0.0
9170c431-f5a2-45fb-9bac-e77aa8e4819e,2022,Q3,,400532589,PRIME POLICY GROUP,DC,209778,SENATE OF PUERTO RICO,PR,Legislature of Puerto Rico,50000.00,,Taxation/Internal Revenue Code|Welfare|Medicare/Medicaid|Environment/Superfund|Natural Resources|Energy/Nuclear,"Tax reform|Social security, SSI, SNAP|Medicaid and Medicare|S.405 - Vieques Recovery and Redevelopment Act|PROMESA; oversight",,2022-10-18T12:31:50-04:00,50000.0,0.0
aa47f2c1-4afa-4157-b586-bdabc72e1f9e,2022,Q3,,401104071,NEW CENTURY GOVERNMENT AFFAIRS (F/K/A TERRENCE C. WOLFE),DC,213556,THE CORMAC GROUP ON BEHALF OF NUC UNIVERSITY,PR,"General higher education issues, Title IV, Gainful Employment",10000.00,,Education,Gainful Employment and 90/10.,,2022-10-19T17:22:51-04:00,10000.0,0.0
5349909a-16b3-4944-80c8-b53923028bda,2022,Q3,,75557,"CORNERSTONE GOVERNMENT AFFAIRS, INC.",DC,168233,PUERTO RICO PUBLIC PRIVATE PARTNERSHIPS AUTHORITY,PR,Promotes an ongoing collaboration between the public and private sector of Puerto Rico,20000.00,,Medicare/Medicaid|Taxation/Internal Revenue Code|Budget/Appropriations,Issues pertaining to Puerto Rico's unique treatment as a territory|Issues pertaining to Puerto Rico's unique treatment as a territory|Issues pertaining to Puerto Rico's unique treatment as a territory,,2022-10-19T19:11:31-04:00,20000.0,0.0
41281f35-4dad-4e1d-9458-3f572fe45580,2022,Q3,,297033,"TORREY ADVISORY GROUP (FORMERLY MICHAEL TORREY ASSOCIATES, LLC)",DC,207439,"GRUPO NAVIS, LLC",PR,"Distribution of fruits, vegetables, and fresh eggs in Puerto Rico.",30000.00,,"Food Industry (safety, labeling, etc.)",The Emergency Food Assistance Program (TEFAP). Issues related to the Nutrition Assistance Program.,,2022-10-20T06:47:35-04:00,30000.0,0.0
b38cdb3f-c974-4c03-a67e-5b3d8252571e,2022,Q3Y,,1182,ALSTON & BIRD LLP,DC,102473,AIRPORT SHOPPES CORP,PR,Food service,,,,,,2022-10-20T09:49:54-04:00,0.0,0.0
3c93b6de-c52e-43c8-8768-d1f58972c074,2022,Q3,,36710,STEPTOE LLP,DC,145737,MEDICAID AND MEDICARE ADVANTAGE PRODUCTS ASSOCIATION OF PUERTO RICO,PR,Health Care Trade Association,70000.00,,Medicare/Medicaid,Issues relating to Puerto Rico health care coverage.,,2022-10-20T11:55:18-04:00,70000.0,0.0
2ab54820-b401-447e-96f3-7a652c769386,2022,Q3,,304736,"TARPLIN, DOWNS & YOUNG, LLC",DC,181317,TRIPLE-S MANAGEMENT CORPORATION,PR,Insurance,70000.00,,Budget/Appropriations|Health Issues|Medicare/Medicaid|Natural Resources,"H.R. 6833, Continuing Appropriations and Ukraine Supplemental Appropriations Act of 2023|Puerto Rican health system stabilization, Medicaid funding, Health insurance tax, Emergency Declaration, pandemic respon|Medicare Advantage call letter, Puerto Rican health system stabilization, Medicaid cliff, Medicaid bridge funding, Medic|Puerto Rican debt restructuring and economic stabilization",,2022-10-20T13:32:34-04:00,70000.0,0.0
fb90cc37-5869-4512-93ae-e978edd12eb7,2022,Q3,,66773,"THE CORMAC GROUP, LLC",DC,213493,NUC UNIVERSITY,PR,higher education,20000.00,,Education,Pending regulations,,2022-10-20T15:34:17-04:00,20000.0,0.0
b729a40d-f3bf-4d3f-8054-562c30254557,2022,Q3Y,,37232,SULLIVAN & CROMWELL LLP,DC,146158,"POPULAR, INC",PR,Commercial bank.,,,,,,2022-10-20T16:11:40-04:00,0.0,0.0
2c1a60f1-dd5c-4a55-af67-0e8e4f2d7d33,2022,Q3,,72053,CAPITOL HILL CONSULTING GROUP,DC,165758,"MCS HEALTHCARE HOLDINGS, LLC",PR,Health Insurance Company,30000.00,,Medicare/Medicaid|Government Issues,"Medicaid funding cliff, Puerto Rico MA rates, Medicare Part B buy-in.|Medicaid funding cliff, Puerto Rico MA rates, Medicare Part B buy-in.",,2022-10-20T17:11:19-04:00,30000.0,0.0
a8aa8f68-a50f-498f-b712-96897b06d4e5,2022,Q3,,401105212,PARK & K PUBLIC AFFAIRS LLC,NY,203408,PONCE HEALTH SCIENCES UNIVERSITY,PR,Medical School,37500.00,,Economics/Economic Development,Post Maria Redevelopment & Recovery of PR campus,,2022-10-20T17:31:44-04:00,37500.0,0.0
a8701db9-401e-4b79-bad1-0851f200c6f1,2022,3A,,401105212,PARK & K PUBLIC AFFAIRS LLC,NY,203408,PONCE HEALTH SCIENCES UNIVERSITY,PR,Medical School,37500.00,,Economics/Economic Development,Post Maria Redevelopment & Recovery of PR campus,,2022-10-20T17:38:22-04:00,37500.0,0.0
6665bd15-ae5b-4cd1-b406-a62c9c873b13,2022,Q3,,401103211,CAPITOL ADVOCACY PARTNERS,DC,198165,BOYS AND GIRLS CLUBS OF PUERTO RICO,PR,Community services and programs.,15000.00,,Budget/Appropriations|Disaster Planning/Emergencies|Education|Health Issues|Law Enforcement/Crime/Criminal Justice|Economics/Economic Development,"Community project request, release of prior year appropriations to the Puerto Rico Department of Education, emergency CO|Disaster relief programs for Puerto Rico, including for Hurricanes and COVID-19. Community project request for disaster |Charter school program grants and program administration, release of prior year appropriations to the Puerto Rico Depart|Mental health resources and trauma-informed programming. Community violence.|Office of Juvenile Justice and Delinquency Prevention programs to support violence intervention and trauma-informed supp",,2022-10-31T15:47:01-04:00,15000.0,0.0
ed3b9ffb-407d-4e41-afc3-eda5f8f951c3,2022,RR,,21632,KING & SPALDING LLP,DC,53432,PUERTO RICO FISCAL AGENCY AND FINANCIAL ADVISORY AUTHORITY (AAFAF),PR,Independent public corporation and governmental instrumentality,,,Budget/Appropriations|Energy/Nuclear|Homeland Security,"Advocacy for Puerto Rico Fiscal Agency and Financial Advisory Authority (AAFAF) related to Budget, Energy, and Homeland |Advocacy for Puerto Rico Fiscal Agency and Financial Advisory Authority (AAFAF) related to Budget, Energy, and Homeland |Advocacy for Puerto Rico Fiscal Agency and Financial Advisory Authority (AAFAF) related to Budget, Energy, and Homeland ",,2022-11-14T17:12:39-05:00,0.0,0.0
f7d733bd-4ef6-4f3e-8d6c-49a73de9e09d,2022,3T,,70175,"MERCURY PUBLIC AFFAIRS, LLC",DC,206954,LOOPLAND GROUP LLC,PR,"Real Estate, Rental and Leasing",40000.00,,Real Estate/Land Use/Conservation|Taxation/Internal Revenue Code,"Focused on Opportunity Zone issues, including HR 1740, To Designate all of Puerto Rico an Opportunity Zone, HR7467; Oppo|Focused on Opportunity Zone issues, particularly HR 1740, To Designate all of Puerto Rico an Opportunity Zone",,2022-11-15T10:30:50-05:00,40000.0,0.0
066ec948-f2eb-4e02-8f76-596dfe3be3f0,2022,3TY,,401104155,ODONNELL & SON LLC,DC,200868,AIREKO FOUNDATION,PR,Non-Profit,,,,,,2022-11-15T14:18:44-05:00,0.0,0.0
a2ee6735-19ae-481f-9476-1183a9f78e81,2021,3@,,401105159,FULCRUM PUBLIC AFFAIRS LLC,DC,210373,"COMMONWEALTH OF PUERTO RICO, HOUSE OF REPRESENTATIVES",PR,The lower house of the Legislative Assembly of Puerto Rico,60000.00,,Economics/Economic Development|Health Issues|Homeland Security|Housing|Taxation/Internal Revenue Code,"Issues related to tax policy, facilitation of federal disaster recovery and mitigation investments; promotion of equity |Issues related to tax policy, facilitation of federal disaster recovery and mitigation investments; promotion of equity |Issues related to tax policy, facilitation of federal disaster recovery and mitigation investments; promotion of equity |Issues related to tax policy, facilitation of federal disaster recovery and mitigation investments; promotion of equity |Issues related to tax policy, facilitation of federal disaster recovery and mitigation investments; promotion of equity ",,2022-12-07T10:30:31-05:00,60000.0,0.0
75417711-0d67-4b32-8691-ee1b7f87431f,2022,RR,,7257,"BROWNSTEIN HYATT FARBER SCHRECK, LLP",DC,53650,"ROMARK GLOBAL PHARMA, LLC",PR,Pharmaceutical product distributor,,,Pharmacy,Issues regarding funding for Biomedical Advanced Research and Development Authority,,2022-12-15T15:02:47-05:00,0.0,0.0
bd12c1d2-a381-4528-826c-92b228ce5ad1,2022,Q4,,401104071,NEW CENTURY GOVERNMENT AFFAIRS (F/K/A TERRENCE C. WOLFE),DC,213556,THE CORMAC GROUP ON BEHALF OF NUC UNIVERSITY,PR,"General higher education issues, Title IV, Gainful Employment",10000.00,,Education,Gainful Employment,,2023-01-10T17:51:36-05:00,10000.0,0.0
232d6e35-803f-4f76-9c4b-23ee7a014dc9,2022,Q4,,317355,JOSE FUENTES,DC,186009,"EMPRESAS FONALLEDAS, INC.",PR,Real estate development company.,10000.00,,Agriculture,"Puerto Rico Nutrition Assistance Program (NAP), nutrition and food security issues for Puerto Rico.",,2023-01-11T09:50:36-05:00,10000.0,0.0
dd106791-943a-4c16-b968-09fe4bef0b5d,2022,Q4,,400428066,NWG ADVOCACY LLC,FL,190717,HOSPITAL ASSOCIATION OF PUERTO RICO,PR,Serve Puerto Rico's Hospital System and its Members,24000.00,,Health Issues,"Medicaid, Medicare",,2023-01-11T11:12:54-05:00,24000.0,0.0
6c0cc232-b830-4fcf-b259-0ce4d72e81ca,2022,Q4Y,,400428066,NWG ADVOCACY LLC,FL,190719,PUERTO RICO MANUFACTURERS ASSOCIATION,PR,manufacturing trade association,,,,,,2023-01-11T11:13:42-05:00,0.0,0.0
d7f7cde5-212f-45c6-9df4-153f35dcf81b,2022,4TY,,400428066,NWG ADVOCACY LLC,FL,190730,PUERTO RICO PRIVATE SECTOR COALITION,PR,coalition of the thirty business organizations in Puerto Rico,,,,,,2023-01-11T11:14:41-05:00,0.0,0.0
43079f38-f78e-4988-a7f7-11c8a51b0dff,2022,Q4,,7268,BROYDRICK & ASSOCIATES,DC,110356,MILWAUKEE METROPOLITAN SEWERAGE DISTRICT,PR,Municipality in Puerto Rico,20000.00,,Budget/Appropriations|Clean Air and Water (quality)|Utilities,"FY12 Interior-Environment Appropriations Act, State Revolving Loan Fund. Federal appropriations for land conservation fu|FY12 Interior-Environment Appropriations Act, State Revolving Loan Fund. Federal appropriations for land conservation fu|FY12 Interior-Environment Appropriations Act, State Revolving Loan Fund. Federal appropriations for land conservation fu",,2023-01-11T16:29:02-05:00,20000.0,0.0
5e4e3c90-bfb1-4c01-8457-2de0923a7b2b,2022,Q4,,401106757,AND PARTNERS LLC,DC,52125,ECOELECTRICA LP,PR,Liquid Natural Gas Company,10000.00,,Energy/Nuclear,Advocated on Federal Energy Regulatory Commission issues related to liquid natural gas operations,,2023-01-11T17:15:50-05:00,10000.0,0.0
f69f6da3-f181-4556-8bc8-723725d5c1f2,2022,Q4,,75557,"CORNERSTONE GOVERNMENT AFFAIRS, INC.",DC,168233,PUERTO RICO PUBLIC PRIVATE PARTNERSHIPS AUTHORITY,PR,Promotes an ongoing collaboration between the public and private sector of Puerto Rico,70000.00,,Medicare/Medicaid|Taxation/Internal Revenue Code|Budget/Appropriations,Issues pertaining to Puerto Rico's unique treatment as a territory|Issues pertaining to Puerto Rico's unique treatment as a territory|Issues pertaining to Puerto Rico's unique treatment as a territory,,2023-01-13T23:29:03-05:00,70000.0,0.0
20cca989-d08b-4453-bb4a-5a015a04763e,2022,Q4,,30906,SQUIRE PATTON BOGGS,DC,136354,GOVERNMENT OF PUERTO RICO,PR,Government entity (not foreign),60000.00,,Budget/Appropriations|Energy/Nuclear|Medicare/Medicaid|Transportation,Advocacy for Puerto Rico's priority transportation and infrastructure projects.|Advocacy related to Puerto Ricos power grid/infrastructure.|Advocacy for solution to Puerto Rico's Medicaid fiscal cliff.|Advocacy for Puerto Rico's priority transportation and infrastructure projects.,,2023-01-16T12:09:42-05:00,60000.0,0.0
5b56b11e-3335-4749-8943-c487a11a9bb9,2022,Q4,,401104100,VANTAGEKNIGHT LLC,PR,211661,VAULTLINK INC.,PR,Cryptocurrency banking platform,90000.00,,Banking,"Monitoring and reporting on banking, cryptocurrency, blockchain, and digital assets policy issues",,2023-01-16T19:33:59-05:00,90000.0,0.0
690c1506-0e4d-46f5-8502-d352ef60ce49,2022,Q4,,30906,SQUIRE PATTON BOGGS,DC,137655,"PARA LA NATURALEZA, INC.",PR,Conservation Trust,50000.00,,Taxation/Internal Revenue Code,Permanent extension of the rum cover over.,,2023-01-17T15:45:49-05:00,50000.0,0.0
d326ea4f-18cc-49bf-9788-d54e0861b986,2022,Q4,,400532589,PRIME POLICY GROUP,DC,53082,CARIBBEAN TRANSMISSION DEVELOPMENT COMPANY (FKA ATABEY CAPITAL MANAGEMENT),PR,Fund management company,40000.00,,Energy/Nuclear,Presidential permit for power line,,2023-01-18T12:21:40-05:00,40000.0,0.0
d6fdb4ed-c171-4f28-8d0b-1e67d9b8471d,2022,Q4,,400532589,PRIME POLICY GROUP,DC,209778,SENATE OF PUERTO RICO,PR,Legislature of Puerto Rico,40000.00,,Taxation/Internal Revenue Code|Welfare|Medicare/Medicaid|Environment/Superfund|Natural Resources,"Tax reform|Social security, SSI, SNAP|Medicaid and Medicare|S.405 - Vieques Recovery and Redevelopment Act|PROMESA; oversight",,2023-01-18T15:06:04-05:00,40000.0,0.0
8c492f97-b9b4-4615-8fa8-7f37f0e84424,2022,4A,,400532589,PRIME POLICY GROUP,DC,53082,CARIBBEAN TRANSMISSION DEVELOPMENT COMPANY (FKA ATABEY CAPITAL MANAGEMENT),PR,Fund management company,60000.00,,Energy/Nuclear,Presidential permit for power line,,2023-01-18T15:18:02-05:00,60000.0,0.0
f94e5667-d133-4da4-a9b3-1a3d22559fcc,2022,RR,,401106014,NORTHERN COMPASS GROUP LLC,AK,54001,"BROWNSTEIN HYATT FARBER SCHRECK LLP OBO ROMARK GLOBAL PHARMA, LLC",PR,Pharmaceutical product distributor,,,Pharmacy,Issues regarding funding for the Biomedical Advanced Research and Development Authority,,2023-01-18T19:57:43-05:00,0.0,0.0
445f743b-6679-4466-9f6b-94dc4b6e4433,2022,Q4,,21632,KING & SPALDING LLP,DC,128506,"MCS ADVANTAGE, INC.",PR,Healthcare plan provider,50000.00,,Medicare/Medicaid,Issues related to Medicare Advantage reimbursement for Puerto Rico,,2023-01-18T23:50:27-05:00,50000.0,0.0
271d2c57-bf42-41a2-a0f4-6b94a7107945,2022,Q4Y,,21632,KING & SPALDING LLP,DC,128507,PUERTO RICO ELECTRIC POWER AUTHORITY (PREPA),PR,Utility provider,,,,,,2023-01-18T23:52:32-05:00,0.0,0.0
ad2ee14b-cc02-46e2-8c15-3a55ef681e62,2022,Q4,,21632,KING & SPALDING LLP,DC,53432,PUERTO RICO FISCAL AGENCY AND FINANCIAL ADVISORY AUTHORITY (AAFAF),PR,Independent public corporation and governmental instrumentality,120000.00,,Budget/Appropriations|Energy/Nuclear|Homeland Security,Advocacy for Puerto Rico Fiscal Agency and Financial Advisory Authority (AAFAF) related to Budget/Appropriations Issues|Advocacy for Puerto Rico Fiscal Agency and Financial Advisory Authority (AAFAF) related to Energy Issues|Advocacy for Puerto Rico Fiscal Agency and Financial Advisory Authority (AAFAF) related Homeland Security Issues,,2023-01-18T23:55:10-05:00,120000.0,0.0
dfc91f28-2b55-4a2a-be76-d16eb1ae9cf0,2022,Q4,,72053,CAPITOL HILL CONSULTING GROUP,DC,165758,"MCS HEALTHCARE HOLDINGS, LLC",PR,Health Insurance Company,30000.00,,Medicare/Medicaid|Government Issues,"Medicaid funding cliff, Puerto Rico MA rates, Medicare Part B buy-in.|Medicaid funding cliff, Puerto Rico MA rates, Medicare Part B buy-in.",,2023-01-19T15:24:52-05:00,30000.0,0.0
37f1a5a4-0d43-40c8-bf91-42093d28ee95,2022,Q4,,401103327,OFF HILL STRATEGIES L.L.C.,FL,198595,FINANCIAL OVERSIGHT AND MANAGEMENT BOARD FOR PUERTO RICO,PR,Economic growth and opportunity for the people of Puerto Rico,60000.00,,Natural Resources,Implementation of PROMESA,,2023-01-19T16:27:15-05:00,60000.0,0.0
4ce4cb1a-4e98-4762-bad0-28b4fd68da2d,2022,Q4,,401106014,NORTHERN COMPASS GROUP LLC,AK,54001,"BROWNSTEIN HYATT FARBER SCHRECK LLP OBO ROMARK GLOBAL PHARMA, LLC",PR,Pharmaceutical product distributor,,,Pharmacy,Issues regarding funding for the Biomedical Advanced Research and Development Authority.,,2023-01-19T16:33:20-05:00,0.0,0.0
96317f72-6558-413b-b05e-b8c23419bfb2,2022,Q4,,7257,"BROWNSTEIN HYATT FARBER SCHRECK, LLP",DC,53650,"ROMARK GLOBAL PHARMA, LLC",PR,Pharmaceutical product distributor,20000.00,,Pharmacy,"Issues regarding Biomedical Advanced Research and Development Authority H.R. 2617, Consolidated Appropriations Act, 2023",,2023-01-19T17:29:25-05:00,20000.0,0.0
01b4361f-c572-4588-937e-9eb4f712c32f,2022,Q4Y,,1182,ALSTON & BIRD LLP,DC,102473,AIRPORT SHOPPES CORP,PR,Food service,,,,,,2023-01-20T09:02:23-05:00,0.0,0.0
842bb943-750f-4b2f-ba5b-18e4576f25f7,2022,Q4,,401103211,CAPITOL ADVOCACY PARTNERS,DC,198165,BOYS AND GIRLS CLUBS OF PUERTO RICO,PR,Community services and programs.,15000.00,,Budget/Appropriations|Disaster Planning/Emergencies|Education|Health Issues|Law Enforcement/Crime/Criminal Justice|Economics/Economic Development,"Community project request, release of prior year appropriations to the Puerto Rico Department of Education, emergency CO|Disaster relief programs for Puerto Rico, including for Hurricanes and COVID-19. Community project request for disaster |Charter school program grants and program administration, release of prior year appropriations to the Puerto Rico Depart|Mental health resources and trauma-informed programming. Community violence.|Office of Juvenile Justice and Delinquency Prevention programs to support violence intervention and trauma-informed supp",,2023-01-20T12:59:57-05:00,15000.0,0.0
20eec9f9-13e4-4abf-aaa4-f32424f47594,2022,Q4,,304736,"TARPLIN, DOWNS & YOUNG, LLC",DC,181317,TRIPLE-S MANAGEMENT CORPORATION,PR,Insurance,70000.00,,Budget/Appropriations|Health Issues|Medicare/Medicaid|Natural Resources,"H.R.2617 - Consolidated Appropriations Act, 2023|H.R. 4406, the Supporting Medicaid in the U.S. Territories Act of 2021 H.R. 5376, the Inflation Reduction Act H.R.2617, |Medicare Advantage call letter, Puerto Rican health system stabilization, Medicaid cliff, Medicaid bridge funding, Medic|Puerto Rican debt restructuring and economic stabilization",,2023-01-20T13:02:51-05:00,70000.0,0.0
06b67c6c-b79b-4c96-86e8-16f6eb52a0b2,2022,Q4,,76855,DLA PIPER LLP (US),DC,169485,GOVERNMENT OF PUERTO RICO,PR,Public corporation of the Government of Puerto Rico,70000.00,,Taxation/Internal Revenue Code|Medicare/Medicaid,Tax incentive provisions to encourage investment in Puerto Rico. Medical supply chain manufacturing incentives. Child ta|Medicaid provisions affecting funding allocations for Puerto Rico. Advocate for equal treatment for Puerto Rico under Me,,2023-01-20T14:22:11-05:00,70000.0,0.0
8c095d02-0b10-43ee-8f9a-8f2343635079,2022,Q4,,66773,"THE CORMAC GROUP, LLC",DC,213493,NUC UNIVERSITY,PR,higher education,20000.00,,Education,Pending regulations,,2023-01-20T14:58:23-05:00,20000.0,0.0
35ea960c-05e6-47de-a5aa-95d9fa8a5612,2022,Q4,,36710,STEPTOE LLP,DC,145737,MEDICAID AND MEDICARE ADVANTAGE PRODUCTS ASSOCIATION OF PUERTO RICO,PR,Health Care Trade Association,70000.00,,Medicare/Medicaid,Issues relating to Puerto Rico health care coverage.,,2023-01-20T16:15:29-05:00,70000.0,0.0
73d2b6c8-429f-4954-8148-c38d40200e23,2022,Q4,,297033,"TORREY ADVISORY GROUP (FORMERLY MICHAEL TORREY ASSOCIATES, LLC)",DC,207439,"GRUPO NAVIS, LLC",PR,"Distribution of fruits, vegetables, and fresh eggs in Puerto Rico.",30000.00,,"Food Industry (safety, labeling, etc.)|Trade (domestic/foreign)",The Emergency Food Assistance Program (TEFAP). Issues related to the Nutrition Assistance Program.|Import Approval,,2023-01-20T16:21:48-05:00,30000.0,0.0
e9c9cd91-a6f8-41ec-8ff0-45739895bc6f,2022,Q4Y,,37232,SULLIVAN & CROMWELL LLP,DC,146158,"POPULAR, INC",PR,Commercial bank.,,,,,,2023-01-20T17:12:30-05:00,0.0,0.0
84497d70-3581-459b-a13e-3d1a92612caa,2022,Q4,,401105212,PARK & K PUBLIC AFFAIRS LLC,NY,203408,PONCE HEALTH SCIENCES UNIVERSITY,PR,Medical School,37500.00,,Economics/Economic Development,Post Maria Redevelopment & Recovery of PR campus,,2023-01-23T12:31:25-05:00,37500.0,0.0
8c21b768-e5b1-49f0-bd5e-d8a6f3193aed,2022,RA,,401106757,AND PARTNERS LLC,DC,52125,ECOELECTRICA LP,PR,Liquid Natural Gas Company,,,Energy/Nuclear,Advocate on issues related to the Federal Energy Regulatory Commission,,2023-03-13T12:09:36-04:00,0.0,0.0
c9a6c759-7651-40dd-a160-391f319390da,2022,Q4,,400520535,JASON UNDERWOOD,KY,192052,SERRALLES DISTILLERY,PR,Rum distiller,30000.00,,Taxation/Internal Revenue Code,Seeking permanency of rum cover over program or extension or RCO tax provisions.,,2023-03-20T15:32:08-04:00,30000.0,0.0
1d95bf5b-b299-49b5-ba20-83baf6f43ea2,2023,RR,,313271,"AVOQ, LLC",DC,54900,SENATE OF PUERTO RICO,PR,Legislature of Puerto Rico,,,Economics/Economic Development|Government Issues|Medicare/Medicaid|Taxation/Internal Revenue Code|Welfare,Issues related to tax; SNAP; Medicare and Medicaid; economic development|Issues related to tax; SNAP; Medicare and Medicaid; economic development|Issues related to tax; SNAP; Medicare and Medicaid; economic development|Issues related to tax; SNAP; Medicare and Medicaid; economic development|Issues related to tax; SNAP; Medicare and Medicaid; economic development,,2023-03-28T10:14:55-04:00,0.0,0.0
3e82b6d3-8ddc-4381-8199-4104cc9624e4,2023,Q1,,21632,KING & SPALDING LLP,DC,128506,"MCS ADVANTAGE, INC.",PR,Healthcare plan provider,50000.00,,Medicare/Medicaid,Issues related to Medicare Advantage reimbursement for Puerto Rico,,2023-04-07T16:43:37-04:00,50000.0,0.0
d5860359-a09f-44c0-900a-f5489273b15b,2023,Q1Y,,21632,KING & SPALDING LLP,DC,128507,PUERTO RICO ELECTRIC POWER AUTHORITY (PREPA),PR,Utility provider,,,,,,2023-04-07T16:46:14-04:00,0.0,0.0
f4cd33e4-424b-4789-8d2f-7a6cfcc6e489,2023,Q1,,21632,KING & SPALDING LLP,DC,53432,PUERTO RICO FISCAL AGENCY AND FINANCIAL ADVISORY AUTHORITY (AAFAF),PR,Independent public corporation and governmental instrumentality,120000.00,,Budget/Appropriations|Energy/Nuclear|Homeland Security,Advocacy for Puerto Rico Fiscal Agency and Financial Advisory Authority (AAFAF) related to Budget/Appropriations Issues|Advocate for Puerto Rico Fiscal Agency and Financial Authority (AAFAF) related to Energy Issues|Advocacy for Puerto Rico Fiscal Agency and Financial Authority (AAFAF) related Homeland Security Issues,,2023-04-07T16:53:34-04:00,120000.0,0.0
475ae34d-2bbd-485c-91ce-6cfe1a4059bf,2023,1TY,,400428066,NWG ADVOCACY LLC,FL,190719,PUERTO RICO MANUFACTURERS ASSOCIATION,PR,manufacturing trade association,,,,,,2023-04-12T21:19:41-04:00,0.0,0.0
3c139a1a-88b1-42f2-9b43-67c08b2758ce,2023,Q1,,400428066,NWG ADVOCACY LLC,FL,190717,HOSPITAL ASSOCIATION OF PUERTO RICO,PR,Serve Puerto Rico's Hospital System and its Members,24000.00,,Health Issues,MEDICAID,,2023-04-12T21:22:01-04:00,24000.0,0.0
ce2c7963-1ae5-4130-a190-c757f8848e0c,2023,RR,,401107432,AXADVOCACY GOVERNMENT RELATIONS,DC,55181,PROFESSIONAL HOSPITAL GUAYNABO,PR,Health Care,,,Health Issues,"CMS Network Adequacy issues, Hospital Administration Issues generally.",,2023-04-13T17:49:41-04:00,0.0,0.0
feef78e5-06bd-45db-b242-10eb8ba1a616,2023,Q1,,7268,BROYDRICK & ASSOCIATES,DC,110356,MILWAUKEE METROPOLITAN SEWERAGE DISTRICT,PR,Municipality in Puerto Rico,20000.00,,Budget/Appropriations|Clean Air and Water (quality)|Utilities,State Revolving Loan Fund. Federal appropriations for land conservation fund. Clean Water Trust Fund Legislation TIGER G|State Revolving Loan Fund. Federal appropriations for land conservation fund. Clean Water Trust Fund Legislation TIGER G|State Revolving Loan Fund. Federal appropriations for land conservation fund. Clean Water Trust Fund Legislation TIGER G,,2023-04-17T09:38:19-04:00,20000.0,0.0
f6a4cb7d-eb46-4eb5-b4e8-90850bde79a4,2023,Q1,,401104071,NEW CENTURY GOVERNMENT AFFAIRS (F/K/A TERRENCE C. WOLFE),DC,213556,THE CORMAC GROUP ON BEHALF OF NUC UNIVERSITY,PR,"General higher education issues, Title IV, Gainful Employment",10000.00,,Education,Gainful Employment,,2023-04-17T15:44:46-04:00,10000.0,0.0
4a71d465-3be4-4c26-8c73-9b39bd847b7c,2023,Q1,,30906,SQUIRE PATTON BOGGS,DC,136354,GOVERNMENT OF PUERTO RICO,PR,Government entity (not foreign),50000.00,,Agriculture|Budget/Appropriations|Energy/Nuclear|Transportation,Advocacy related to the Farm Bill and shifting Puerto Rico from NAP to SNAP.|Advocacy for Puerto Rico's priority transportation and infrastructure projects.|Advocacy related to Puerto Ricos power grid/infrastructure.|Advocacy for Puerto Rico's priority transportation and infrastructure projects.,,2023-04-17T16:37:55-04:00,50000.0,0.0
7dcafb20-d939-4b62-afcf-1d67e911a7a8,2023,Q1,,401103211,CAPITOL ADVOCACY PARTNERS,DC,198165,BOYS AND GIRLS CLUBS OF PUERTO RICO,PR,Community services and programs.,15000.00,,Budget/Appropriations|Disaster Planning/Emergencies|Education|Health Issues|Law Enforcement/Crime/Criminal Justice|Economics/Economic Development,"Meeting with Gabriel to discuss Community Project Request and DOJ engagement Submitted Arecibo renovation Community Proj|Disaster recovery -- CDBG; how to better prepare for disasters. Offer shelter and food,|21st Century Schools; Pandemic learning support. Basic skills job training and GED attainment.|Mental health, nutrition, early childhood learning.|Violence prevention and children's exposure to repeated violence",,2023-04-17T17:20:29-04:00,15000.0,0.0
3cdcb101-0fd2-4d69-9e20-e4b769eeacaf,2023,RR,,401103500,FIERCE GOVERNMENT RELATIONS,DC,55287,SENATE OF PUERTO RICO,PR,Legislature of Puerto Rico,,,Economics/Economic Development|Agriculture|Government Issues|Budget/Appropriations|Health Issues,"Issues relating to SNAP Benefits, Economic Development, and Puerto Rico's Democratic Choice.|Issues relating to SNAP Benefits, Economic Development, and Puerto Rico's Democratic Choice.|Issues relating to SNAP Benefits, Economic Development, and Puerto Rico's Democratic Choice.|Issues relating to SNAP Benefits, Economic Development, and Puerto Rico's Democratic Choice.|Issues relating to SNAP Benefits, Economic Development, and Puerto Rico's Democratic Choice.",,2023-04-17T20:45:13-04:00,0.0,0.0
94fac3a7-07ac-4c20-a537-00803fbd0a43,2023,Q1,,30906,SQUIRE PATTON BOGGS,DC,137655,"PARA LA NATURALEZA, INC.",PR,Conservation Trust,40000.00,,Taxation/Internal Revenue Code,Permanent extension of the rum cover over.,,2023-04-18T11:34:01-04:00,40000.0,0.0
3b863ac5-90a8-4d0b-9bc4-fd38b0246b8e,2023,Q1,,317355,JOSE FUENTES,DC,186009,"EMPRESAS FONALLEDAS, INC.",PR,Real estate development company.,10000.00,,Agriculture,"Puerto Rico Nutrition Assistance Program (NAP), Nutrition and food security issues for Puerto Rico.",,2023-04-18T11:35:45-04:00,10000.0,0.0
b776995c-94a7-4155-9c59-b0fb84c79ec0,2023,RA,,401107432,AXADVOCACY GOVERNMENT RELATIONS,DC,55181,PROFESSIONAL HOSPITAL GUAYNABO,PR,Health Care,,,Health Issues,CMS Network Adequacy issues. Hospital Administration Issues generally.,,2023-04-18T13:47:25-04:00,0.0,0.0
9d786c08-d459-4c29-9eca-4a70e7afa7b5,2023,Q1,,400520535,JASON UNDERWOOD,KY,192052,SERRALLES DISTILLERY,PR,Rum distiller,30000.00,,Taxation/Internal Revenue Code,Make permanent or extend the tax extenders that relate to the rum cover over program,,2023-04-18T15:26:32-04:00,30000.0,0.0
c33f13f0-a4a5-4f6e-aa86-cf1faaf81e85,2023,Q1Y,,401106014,NORTHERN COMPASS GROUP LLC,AK,54001,"BROWNSTEIN HYATT FARBER SCHRECK LLP OBO ROMARK GLOBAL PHARMA, LLC",PR,Pharmaceutical product distributor,,,,,,2023-04-18T17:04:37-04:00,0.0,0.0
eb78f14a-be56-4bb7-bb99-035a8da80ff8,2023,Q1,,7257,"BROWNSTEIN HYATT FARBER SCHRECK, LLP",DC,53650,"ROMARK GLOBAL PHARMA, LLC",PR,Pharmaceutical product distributor,110000.00,,Pharmacy,Issues regarding Biomedical Advanced Research and Development Authority Covid-19 Therapeutics',,2023-04-18T18:22:52-04:00,110000.0,0.0
45474c75-e85b-4104-81d1-5fca0fb990ab,2023,Q1,,400532589,PRIME POLICY GROUP,DC,53082,CARIBBEAN TRANSMISSION DEVELOPMENT COMPANY (FKA ATABEY CAPITAL MANAGEMENT),PR,Fund management company,30000.00,,Energy/Nuclear,Presidential permit for power line,,2023-04-19T12:38:31-04:00,30000.0,0.0
de9a3493-ad9f-4cb7-985e-9175792166d4,2023,Q1,,400532589,PRIME POLICY GROUP,DC,53082,CARIBBEAN TRANSMISSION DEVELOPMENT COMPANY (FKA ATABEY CAPITAL MANAGEMENT),PR,Fund management company,30000.00,,Energy/Nuclear,Presidential permit for power line,,2023-04-19T12:39:28-04:00,30000.0,0.0
29cba71e-e4b8-46ea-9e11-f67a20a45330,2023,Q1,,401104100,VANTAGEKNIGHT LLC,PR,211661,VAULTLINK INC.,PR,Cryptocurrency banking platform,90000.00,,Banking,"Monitoring and reporting on banking, cryptocurrency, blockchain, and digital assets policy issues",,2023-04-19T13:07:40-04:00,90000.0,0.0
607ca5c3-51af-44a6-9c9a-ea947e275ec1,2023,Q1,,75557,"CORNERSTONE GOVERNMENT AFFAIRS, INC.",DC,168233,PUERTO RICO PUBLIC PRIVATE PARTNERSHIPS AUTHORITY,PR,Promotes an ongoing collaboration between the public and private sector of Puerto Rico,70000.00,,Medicare/Medicaid|Taxation/Internal Revenue Code|Budget/Appropriations,Issues pertaining to Puerto Rico's unique treatment as a territory.|Issues pertaining to Puerto Rico's unique treatment as a territory|Issues pertaining to Puerto Rico's unique treatment as a territory,,2023-04-19T14:55:00-04:00,70000.0,0.0
777e825c-178f-446a-a28a-335cc658a1e1,2023,Q1,,401103327,OFF HILL STRATEGIES L.L.C.,FL,198595,FINANCIAL OVERSIGHT AND MANAGEMENT BOARD FOR PUERTO RICO,PR,Economic growth and opportunity for the people of Puerto Rico,60000.00,,Natural Resources,Implementation of PROMESA,,2023-04-19T18:17:34-04:00,60000.0,0.0
f7c261ca-805d-4a5b-8f7d-d4b0b95dbfba,2023,Q1,,297033,"TORREY ADVISORY GROUP (FORMERLY MICHAEL TORREY ASSOCIATES, LLC)",DC,207439,"GRUPO NAVIS, LLC",PR,"Distribution of fruits, vegetables, and fresh eggs in Puerto Rico.",30000.00,,"Food Industry (safety, labeling, etc.)|Trade (domestic/foreign)",The Emergency Food Assistance Program (TEFAP). Issues related to the Supplemental Nutrition Assistance Program (SNAP).|Import Approval.,,2023-04-20T08:48:25-04:00,30000.0,0.0
a81daf31-dc0d-4007-aaeb-b281f0083eb9,2023,Q1,,400532589,PRIME POLICY GROUP,DC,209778,SENATE OF PUERTO RICO,PR,Legislature of Puerto Rico,50000.00,,Taxation/Internal Revenue Code|Welfare|Medicare/Medicaid|Natural Resources,"Tax reform|Social security, SSI, SNAP|Medicaid and Medicare|PROMESA; oversight",,2023-04-20T10:13:59-04:00,50000.0,0.0
b880c21f-2388-45ef-8fed-d347035d3fdb,2023,1TY,,37232,SULLIVAN & CROMWELL LLP,DC,146158,"POPULAR, INC",PR,Commercial bank.,,,,,,2023-04-20T10:33:31-04:00,0.0,0.0
5f5acac2-640a-4286-80de-d5b7bb2ecafa,2023,Q1,,401106757,AND PARTNERS LLC,DC,52125,ECOELECTRICA LP,PR,Liquid Natural Gas Company,30000.00,,Energy/Nuclear,Advocated on Federal Energy Regulatory Commission issues related to liquid natural gas operations,,2023-04-20T10:41:09-04:00,30000.0,0.0
b6312db0-c356-4077-90bc-a371e182e11d,2023,Q1Y,,1182,ALSTON & BIRD LLP,DC,102473,AIRPORT SHOPPES CORP,PR,Food service,,,,,,2023-04-20T11:18:05-04:00,0.0,0.0
3c202266-d401-49ef-af1c-8fed26dcd0f3,2023,Q1,,36710,STEPTOE LLP,DC,145737,MEDICAID AND MEDICARE ADVANTAGE PRODUCTS ASSOCIATION OF PUERTO RICO,PR,Health Care Trade Association,70000.00,,Medicare/Medicaid,Issues relating to Puerto Rico health care coverage.,,2023-04-20T12:32:06-04:00,70000.0,0.0
9fa378f0-59b1-45cb-a9ce-ac536ca7b764,2023,Q1,,401103500,FIERCE GOVERNMENT RELATIONS,DC,55287,SENATE OF PUERTO RICO,PR,Legislature of Puerto Rico,20000.00,,Agriculture,"H.R.253- Puerto Rico Nutrition Assistance Fairness Act, S.949 - Puerto Rico Nutrition Assistance Fairness Act of 2023",,2023-04-20T15:14:38-04:00,20000.0,0.0
530893e1-b4a3-48b0-b9be-036877aa5169,2023,Q1,,313271,"AVOQ, LLC",DC,54900,SENATE OF PUERTO RICO,PR,Legislature of Puerto Rico,30000.00,,Welfare,Issues related to SNAP,,2023-04-20T15:38:40-04:00,30000.0,0.0
edc96b5f-0b66-4649-81a2-f7e2aab5b72a,2023,Q1,,66773,"THE CORMAC GROUP, LLC",DC,213493,NUC UNIVERSITY,PR,higher education,20000.00,,Education,pending regulations,,2023-04-20T16:02:15-04:00,20000.0,0.0
1d16bde3-aeab-40bf-8f48-0e777862b95c,2023,1T,,76855,DLA PIPER LLP (US),DC,169485,GOVERNMENT OF PUERTO RICO,PR,Public corporation of the Government of Puerto Rico,20000.00,,Taxation/Internal Revenue Code|Medicare/Medicaid,Tax incentive provisions to encourage investment in Puerto Rico. Medical supply chain manufacturing incentives. Child ta|Medicaid provisions affecting funding allocations for Puerto Rico. Advocate for equal treatment for Puerto Rico under Me,,2023-04-20T16:58:26-04:00,20000.0,0.0
dbacfc4a-71f4-4290-8b1d-c1a86ac3362e,2023,Q1,,304736,"TARPLIN, DOWNS & YOUNG, LLC",DC,181317,TRIPLE-S MANAGEMENT CORPORATION,PR,Insurance,70000.00,,Budget/Appropriations|Health Issues|Medicare/Medicaid|Natural Resources,"Federal budget issues|IRA implementation, Medicare Advantage, Puerto Rican health systems stabilization, Medicaid funding, health disparities,|Medicare Advantage call letter, Medicare Advantage benchmarks, Medicare reimbursement, dual eligible, Medicare physical |Puerto Rican debt restructuring and economic stabilization",,2023-04-20T23:59:12-04:00,70000.0,0.0
64a5f31b-0c0e-4eed-b56b-98bd2f5b16dd,2023,Q1,,72053,CAPITOL HILL CONSULTING GROUP,DC,165758,"MCS HEALTHCARE HOLDINGS, LLC",PR,Health Insurance Company,30000.00,,Medicare/Medicaid|Government Issues,"Medicaid funding cliff, Puerto Rico MA rates, Medicare Part B buy-in.|Medicaid funding cliff, Puerto Rico MA rates, Medicare Part B buy-in.",,2023-04-21T00:36:03-04:00,30000.0,0.0
1c1501f1-9148-45f6-b912-a2ceabc85cf9,2023,Q1,,401105212,PARK & K PUBLIC AFFAIRS LLC,NY,203408,PONCE HEALTH SCIENCES UNIVERSITY,PR,Medical School,37500.00,,Economics/Economic Development,healthcare and healthcare education regulation,,2023-05-30T10:31:47-04:00,37500.0,0.0
7d6066cf-d5d5-4ccb-8e57-8b4162911061,2023,Q2,,400428066,NWG ADVOCACY LLC,FL,190717,HOSPITAL ASSOCIATION OF PUERTO RICO,PR,Serve Puerto Rico's Hospital System and its Members,24000.00,,Health Issues,MEDICAID,,2023-07-04T06:31:15-04:00,24000.0,0.0
3d651837-b392-452d-be5a-135e99ce006d,2023,Q2,,401104100,VANTAGEKNIGHT LLC,PR,211661,VAULTLINK INC.,PR,Cryptocurrency banking platform,90000.00,,Banking,"Monitoring and reporting on banking, cryptocurrency, blockchain, and digital assets policy issues",,2023-07-10T09:42:06-04:00,90000.0,0.0
6c61e39e-27fc-4566-bb67-87e94a5678ca,2023,Q2,,21632,KING & SPALDING LLP,DC,128506,"MCS ADVANTAGE, INC.",PR,Healthcare plan provider,50000.00,,Medicare/Medicaid,Issues related to Medicare Advantage reimbursement for Puerto Rico,,2023-07-11T17:57:05-04:00,50000.0,0.0
a0adc330-fd37-4e4e-a279-af4d9bd76fb4,2023,Q2Y,,21632,KING & SPALDING LLP,DC,128507,PUERTO RICO ELECTRIC POWER AUTHORITY (PREPA),PR,Utility provider,,,,,,2023-07-11T18:00:25-04:00,0.0,0.0
3976924c-6eb0-4ff8-bc5f-b98cf7e65128,2023,Q2,,21632,KING & SPALDING LLP,DC,53432,PUERTO RICO FISCAL AGENCY AND FINANCIAL ADVISORY AUTHORITY (AAFAF),PR,Independent public corporation and governmental instrumentality,120000.00,,Budget/Appropriations|Energy/Nuclear|Homeland Security,Advocacy for Puerto Rico Fiscal Agency and Financial Advisory Authority (AAFAF) related to Statehood for Puerto Rico Iss|Advocacy for Puerto Rico Fiscal Agency and Financial Advisory Authority (AAFAF) related to Statehood for Puerto Rico Iss|Advocacy for Puerto Rico Fiscal Agency and Financial Advisory Authority (AAFAF) related to Statehood for Puerto Rico Iss,,2023-07-11T18:04:16-04:00,120000.0,0.0
478c43dd-5776-4966-b66f-a10068a60abd,2023,Q2,,317355,JOSE FUENTES,DC,186009,"EMPRESAS FONALLEDAS, INC.",PR,Real estate development company.,10000.00,,Agriculture,Puerto Rico Nutrition Assistance Program (NAP). Nutrition and food security issues for Puerto Rico. Puerto Rico Nutritio,,2023-07-14T08:36:48-04:00,10000.0,0.0
fe96f6a9-4174-48a1-b586-3751e1e99ea9,2023,Q2,,30906,SQUIRE PATTON BOGGS,DC,137655,"PARA LA NATURALEZA, INC.",PR,Conservation Trust,40000.00,,Taxation/Internal Revenue Code,Permanent extension of the rum cover over.,,2023-07-17T09:11:39-04:00,40000.0,0.0
a5cce939-e853-464e-8802-64a3b485c3bc,2023,Q2,,30906,SQUIRE PATTON BOGGS,DC,136354,GOVERNMENT OF PUERTO RICO,PR,Government entity (not foreign),150000.00,,Agriculture|Budget/Appropriations|Disaster Planning/Emergencies|Government Issues|Taxation/Internal Revenue Code,"Advocacy related to the Farm Bill and shifting Puerto Rico from NAP to SNAP.|Advocacy related to Puerto Ricos appropriations priorities, including disaster supplemental funding.|Advocacy related to FEMA Sec. 428 alternative procedures program.|Advocacy related to Puerto Rico status legislation.|Advocacy related to the rum cover over excise tax and other tax policy priorities.",,2023-07-17T15:09:00-04:00,150000.0,0.0
c4eadd70-de41-443a-977f-81bef2815305,2023,Q2,,304736,"TARPLIN, DOWNS & YOUNG, LLC",DC,181317,TRIPLE-S MANAGEMENT CORPORATION,PR,Insurance,70000.00,,Budget/Appropriations|Health Issues|Medicare/Medicaid,"Federal budget issues|IRA implementation, Medicare Advantage, Puerto Rican health systems stabilization, Medicaid funding, health disparities,|Medicare Advantage call letter, Medicare Advantage benchmarks, Medicare reimbursement, dual eligible, Medicare physician",,2023-07-18T14:22:50-04:00,70000.0,0.0
fcd84989-fd57-4f74-9706-345f48bebbb9,2023,Q2,,400532589,PRIME POLICY GROUP,DC,53082,CARIBBEAN TRANSMISSION DEVELOPMENT COMPANY (FKA ATABEY CAPITAL MANAGEMENT),PR,Fund management company,40000.00,,Energy/Nuclear,Presidential permit for power line,,2023-07-18T16:42:52-04:00,40000.0,0.0
38d3ae6b-6846-47eb-a7eb-42c1ec88edfc,2023,Q2,,400532589,PRIME POLICY GROUP,DC,209778,SENATE OF PUERTO RICO,PR,Legislature of Puerto Rico,40000.00,,Taxation/Internal Revenue Code|Welfare|Medicare/Medicaid|Natural Resources,"Tax reform|Social security, SSI, SNAP|Medicaid and Medicare|PROMESA; oversight",,2023-07-18T22:30:32-04:00,40000.0,0.0
6da86a73-7dab-4a43-b7f6-8cd0af7d0a3c,2023,Q2,,401106757,AND PARTNERS LLC,DC,52125,ECOELECTRICA LP,PR,Liquid Natural Gas Company,30000.00,,Energy/Nuclear,Advocated on Federal Energy Regulatory Commission issues related to liquid natural gas operations,,2023-07-19T11:08:27-04:00,30000.0,0.0
f58b56f9-f2c4-45f0-9770-3830a55a26c5,2023,Q2Y,,1182,ALSTON & BIRD LLP,DC,102473,AIRPORT SHOPPES CORP,PR,Food service,,,,,,2023-07-19T12:21:40-04:00,0.0,0.0
06e4392f-f5e2-48e1-8030-bb7436e92f44,2023,Q2,,401107432,AXADVOCACY GOVERNMENT RELATIONS,DC,55181,PROFESSIONAL HOSPITAL GUAYNABO,PR,Health Care,50000.00,,Health Issues|Insurance,"CMS Hospital Issues, oversight of Medicare Network Adequacy standards, Hospital Readmission Reduction Program issues, Te|CMS Hospital Issues, oversight of Medicare Network Adequacy standards, Hospital Readmission Reduction Program issues, Te",,2023-07-19T13:14:06-04:00,50000.0,0.0
b99af547-ce2f-41b7-b6b5-bb5c60c8b798,2023,Q2,,75557,"CORNERSTONE GOVERNMENT AFFAIRS, INC.",DC,168233,PUERTO RICO PUBLIC PRIVATE PARTNERSHIPS AUTHORITY,PR,Promotes an ongoing collaboration between the public and private sector of Puerto Rico,60000.00,,Budget/Appropriations|Agriculture|Government Issues|Medicare/Medicaid|Taxation/Internal Revenue Code,Issues pertaining to Puerto Rico's unique treatment as a territory and the path to statehood.|Issues pertaining to Puerto Rico's unique treatment as a territory and the path to statehood.|Issues pertaining to a path for Puerto Rico's statehood.|Issues pertaining to Puerto Rico's unique treatment as a territory and Medicare/Medicaid.|Issues pertaining to Puerto Rico's unique treatment as a territory and taxation.,,2023-07-19T13:27:39-04:00,60000.0,0.0
66c8a807-5bec-47f5-8ef3-384d2566fb71,2023,Q2,,7257,"BROWNSTEIN HYATT FARBER SCHRECK, LLP",DC,53650,"ROMARK GLOBAL PHARMA, LLC",PR,Pharmaceutical product distributor,60000.00,,Pharmacy,Issues regarding Biomedical Advanced Research and Development Authority Covid-19 Therapeutics' Pandemic All Hazards Prep,,2023-07-19T15:07:45-04:00,60000.0,0.0
afd67ff2-a574-4d38-af01-0ce9beda0323,2023,2A,,7257,"BROWNSTEIN HYATT FARBER SCHRECK, LLP",DC,53650,"ROMARK GLOBAL PHARMA, LLC",PR,Pharmaceutical product distributor,40000.00,,Pharmacy,Issues regarding Biomedical Advanced Research and Development Authority Covid-19 Therapeutics' Pandemic All Hazards Prep,,2023-07-19T16:00:56-04:00,40000.0,0.0
47033796-a0d7-4f45-9435-67b9b6752244,2023,Q2,,401103500,FIERCE GOVERNMENT RELATIONS,DC,55287,SENATE OF PUERTO RICO,PR,Legislature of Puerto Rico,50000.00,,Agriculture|Government Issues,H.R.253- Puerto Rico Nutrition Assistance Fairness Act|Puerto Rico's Democratic Choice,,2023-07-19T16:22:20-04:00,50000.0,0.0
35710027-8fb7-4327-b737-b49ba9e6d06c,2023,Q2,,7268,BROYDRICK & ASSOCIATES,DC,110356,MILWAUKEE METROPOLITAN SEWERAGE DISTRICT,PR,Municipality in Puerto Rico,20000.00,,Budget/Appropriations|Clean Air and Water (quality)|Utilities,State Revolving Loan Fund. Federal appropriations for land conservation fund. Clean Water Trust Fund Legislation TIGER G|State Revolving Loan Fund. Federal appropriations for land conservation fund. Clean Water Trust Fund Legislation TIGER G|State Revolving Loan Fund. Federal appropriations for land conservation fund. Clean Water Trust Fund Legislation TIGER G,,2023-07-19T17:27:46-04:00,20000.0,0.0
eb20a70f-095b-4b49-b079-1ce928f7802a,2023,2TY,,401106014,NORTHERN COMPASS GROUP LLC,AK,54001,"BROWNSTEIN HYATT FARBER SCHRECK LLP OBO ROMARK GLOBAL PHARMA, LLC",PR,Pharmaceutical product distributor,,,,,,2023-07-19T19:59:04-04:00,0.0,0.0
5a711482-f909-49b7-9ff6-1b9ffe922ec5,2023,Q2,,401103327,OFF HILL STRATEGIES L.L.C.,FL,198595,FINANCIAL OVERSIGHT AND MANAGEMENT BOARD FOR PUERTO RICO,PR,Economic growth and opportunity for the people of Puerto Rico,60000.00,,Natural Resources,Implementation of PROMESA,,2023-07-19T22:16:48-04:00,60000.0,0.0
ee935739-3acd-47c5-a7e3-9e21226b7e79,2023,1A,,7257,"BROWNSTEIN HYATT FARBER SCHRECK, LLP",DC,53650,"ROMARK GLOBAL PHARMA, LLC",PR,Pharmaceutical product distributor,60000.00,,Pharmacy,Issues regarding Biomedical Advanced Research and Development Authority Covid-19 Therapeutics',,2023-07-19T23:35:27-04:00,60000.0,0.0
0d51080d-346e-47ed-a646-676a4ebf1aa0,2023,RR,,30495,"PACE, LLP",DC,56583,DISTILLERIA SERRALLES,PR,Spirits,,,Taxation/Internal Revenue Code,Rum Cover Over,,2023-07-20T10:24:07-04:00,0.0,0.0
fd57cc0e-4a83-450d-ae97-70cae843993d,2023,Q2,,72053,CAPITOL HILL CONSULTING GROUP,DC,165758,"MCS HEALTHCARE HOLDINGS, LLC",PR,Health Insurance Company,30000.00,,Medicare/Medicaid|Government Issues,"Medicaid funding cliff, Puerto Rico MA rates, Medicare Part B buy-in.|Medicaid funding cliff, Puerto Rico MA rates, Medicare Part B buy-in.",,2023-07-20T11:15:40-04:00,30000.0,0.0
76679bf1-af70-431f-b0c8-0a3c0a78a887,2023,Q2,,36710,STEPTOE LLP,DC,145737,MEDICAID AND MEDICARE ADVANTAGE PRODUCTS ASSOCIATION OF PUERTO RICO,PR,Health Care Trade Association,70000.00,,Medicare/Medicaid,Issues relating to Puerto Rico health care coverage.,,2023-07-20T13:11:16-04:00,70000.0,0.0
3c065a79-ec01-44fa-94b3-f17dea9d3d84,2023,Q2,,401104071,NEW CENTURY GOVERNMENT AFFAIRS (F/K/A TERRENCE C. WOLFE),DC,213556,THE CORMAC GROUP ON BEHALF OF NUC UNIVERSITY,PR,"General higher education issues, Title IV, Gainful Employment",10000.00,,Education,Gainful Employment,,2023-07-20T14:22:51-04:00,10000.0,0.0
cc3a6c0c-5477-44be-a529-a74914f5fcd7,2023,Q2,,297033,"TORREY ADVISORY GROUP (FORMERLY MICHAEL TORREY ASSOCIATES, LLC)",DC,207439,"GRUPO NAVIS, LLC",PR,"Distribution of fruits, vegetables, and fresh eggs in Puerto Rico.",30000.00,,"Food Industry (safety, labeling, etc.)|Trade (domestic/foreign)",The Emergency Food Assistance Program (TEFAP). Issues related to the transition of Puerto Rico from NAP to SNAP.|Import Approval.,,2023-07-20T14:41:54-04:00,30000.0,0.0
96635f2b-55ea-4a27-a0c2-3988105c2796,2023,Q2,,297033,"TORREY ADVISORY GROUP (FORMERLY MICHAEL TORREY ASSOCIATES, LLC)",DC,207439,"GRUPO NAVIS, LLC",PR,"Distribution of fruits, vegetables, and fresh eggs in Puerto Rico.",30000.00,,"Food Industry (safety, labeling, etc.)|Trade (domestic/foreign)",The Emergency Food Assistance Program (TEFAP). Issues related to the transition of Puerto Rico from NAP to SNAP.|Import Approval.,,2023-07-20T15:42:00-04:00,30000.0,0.0
a51c5219-2e35-4b6b-83c1-232c6d80faa0,2023,Q2,,66773,"THE CORMAC GROUP, LLC",DC,213493,NUC UNIVERSITY,PR,higher education,20000.00,,Education,pending regulations,,2023-07-20T16:54:20-04:00,20000.0,0.0
f37605ed-c269-48c4-8468-38d602b0122e,2023,Q2,,313271,"AVOQ, LLC",DC,54900,SENATE OF PUERTO RICO,PR,Legislature of Puerto Rico,50000.00,,Welfare,Issues related to SNAP,,2023-07-20T18:17:19-04:00,50000.0,0.0
43c5679b-6ac8-4d9c-ac9d-5ea2c096604e,2023,Q2,,401103211,CAPITOL ADVOCACY PARTNERS,DC,198165,BOYS AND GIRLS CLUBS OF PUERTO RICO,PR,Community services and programs.,15000.00,,Budget/Appropriations|Disaster Planning/Emergencies|Education|Health Issues|Law Enforcement/Crime/Criminal Justice|Economics/Economic Development,"Community Project Requests for facilities and after school programming.|Disaster recovery and preparation, including Community Development Block Grant.|Pandemic learning support. Basic skills job training and GED attainment.|Mental health, nutrition, early childhood learning.|Violence prevention and children's exposure to repeated violence",,2023-07-25T17:12:30-04:00,15000.0,0.0
30f93158-5737-4eb5-9203-dcd2f5c1c5b0,2023,RR,,400428066,NWG ADVOCACY LLC,FL,56721,CAMARA DE COMERCIO DE PUERTO RICO,PR,promotion of business in Puerto Rico,,,Economics/Economic Development,"energy, tax, health, food programs",,2023-07-27T15:25:36-04:00,0.0,0.0
11149799-59fb-462a-b867-a257e876de73,2023,Q2,,401105212,PARK & K PUBLIC AFFAIRS LLC,NY,203408,PONCE HEALTH SCIENCES UNIVERSITY,PR,Medical School,37500.00,,Economics/Economic Development,healthcare and healthcare education regulation,,2023-07-31T13:25:42-04:00,37500.0,0.0
ce79ff71-9db4-4c03-bf72-aa0a952ce858,2023,Q3,,400428066,NWG ADVOCACY LLC,FL,190717,HOSPITAL ASSOCIATION OF PUERTO RICO,PR,Serve Puerto Rico's Hospital System and its Members,24000.00,,Health Issues,MEDICAID,,2023-10-01T19:47:41-04:00,24000.0,0.0
f0b25fa6-9a0d-4fb1-bbf8-b019acac5a47,2023,Q3,,400428066,NWG ADVOCACY LLC,FL,56721,CAMARA DE COMERCIO DE PUERTO RICO,PR,promotion of business in Puerto Rico,30000.00,,Economics/Economic Development,"SNAP, energy, tax",,2023-10-01T20:00:29-04:00,30000.0,0.0
4444c0cf-beaa-4aa6-910b-354d358ba134,2023,Q2,,400520535,JASON UNDERWOOD,KY,192052,SERRALLES DISTILLERY,PR,Rum distiller,30000.00,,Taxation/Internal Revenue Code,Make permanent or extend the tax extenders that relate to the rum cover over program,,2023-10-04T16:16:09-04:00,30000.0,0.0
5d700f9a-59d3-412b-8ba6-95b68ee2babb,2023,Q3,,400520535,JASON UNDERWOOD,KY,192052,SERRALLES DISTILLERY,PR,Rum distiller,30000.00,,Taxation/Internal Revenue Code,Make permanent or extend the tax extenders that relate to the rum cover over program,,2023-10-04T16:17:15-04:00,30000.0,0.0
00286e66-842d-4b2f-a56d-72c42b2839eb,2023,Q3,,30906,SQUIRE PATTON BOGGS,DC,136354,GOVERNMENT OF PUERTO RICO,PR,Government entity (not foreign),150000.00,,Agriculture|Budget/Appropriations|Disaster Planning/Emergencies|Government Issues|Taxation/Internal Revenue Code,"Advocacy related to the Farm Bill and shifting Puerto Rico from NAP to SNAP.|Advocacy related to Puerto Ricos appropriations priorities, including disaster supplemental funding.|Advocacy related to FEMA Sec. 428 alternative procedures program.|Advocacy related to Puerto Rico status legislation.|Advocacy related to the rum cover over excise tax and other tax policy priorities.",,2023-10-11T15:00:32-04:00,150000.0,0.0
03e23f43-70eb-41f8-9faa-4b0b294c9610,2023,Q3,,30906,SQUIRE PATTON BOGGS,DC,137655,"PARA LA NATURALEZA, INC.",PR,Conservation Trust,40000.00,,Taxation/Internal Revenue Code,Permanent extension of the rum cover over.,,2023-10-11T15:17:06-04:00,40000.0,0.0
bfab538a-50de-429e-8958-3e2f3ac01b4a,2023,Q3,,401104071,NEW CENTURY GOVERNMENT AFFAIRS (F/K/A TERRENCE C. WOLFE),DC,213556,THE CORMAC GROUP ON BEHALF OF NUC UNIVERSITY,PR,"General higher education issues, Title IV, Gainful Employment",10000.00,,Education,Gainful Employment,,2023-10-12T15:20:48-04:00,10000.0,0.0
bef7bb93-1c7b-4fc8-919d-4f1579587f4d,2023,Q3,,401104100,VANTAGEKNIGHT LLC,PR,211661,VAULTLINK INC.,PR,Cryptocurrency banking platform,90000.00,,Banking,"Monitoring and reporting on banking, cryptocurrency, blockchain, and digital assets policy issues",,2023-10-13T06:55:32-04:00,90000.0,0.0
27f1c474-fe1a-4f78-af6a-ff0b5e3d81a8,2023,Q3,,401106757,AND PARTNERS LLC,DC,52125,ECOELECTRICA LP,PR,Liquid Natural Gas Company,30000.00,,Energy/Nuclear,Advocated on Federal Energy Regulatory Commission issues related to liquid natural gas operations,,2023-10-16T15:26:33-04:00,30000.0,0.0
7913d8ed-1e49-4609-b3f5-f8828563b990,2023,Q3,,7268,BROYDRICK & ASSOCIATES,DC,110356,MILWAUKEE METROPOLITAN SEWERAGE DISTRICT,PR,Municipality in Puerto Rico,10000.00,,Budget/Appropriations|Clean Air and Water (quality)|Utilities,State Revolving Loan Fund. Federal appropriations for land conservation fund. Clean Water Trust Fund Legislation TIGER G|State Revolving Loan Fund. Federal appropriations for land conservation fund. Clean Water Trust Fund Legislation TIGER G|State Revolving Loan Fund. Federal appropriations for land conservation fund. Clean Water Trust Fund Legislation TIGER G,,2023-10-17T13:43:46-04:00,10000.0,0.0
107c6ded-81e3-4036-8f1d-41324c7c0144,2023,Q3,,7257,"BROWNSTEIN HYATT FARBER SCHRECK, LLP",DC,53650,"ROMARK GLOBAL PHARMA, LLC",PR,Pharmaceutical product distributor,,,Pharmacy,Issues regarding Biomedical Advanced Research and Development Authority Covid-19 Therapeutics' Pandemic All Hazards Prep,,2023-10-17T17:00:59-04:00,0.0,0.0
8d257bdc-1527-48ea-a4c7-5225b2157285,2023,Q3,,317355,JOSE FUENTES,DC,186009,"EMPRESAS FONALLEDAS, INC.",PR,Real estate development company.,10000.00,,Agriculture,"Puerto Rico Nutrition Assistance Program (NAP), Nutrition and food security issues for Puerto Rico. H.R. 253/S. 949 - Pu",,2023-10-18T11:12:38-04:00,10000.0,0.0
70935840-1b5b-4748-89af-b46e5f301bdd,2023,Q3,,21632,KING & SPALDING LLP,DC,128506,"MCS ADVANTAGE, INC.",PR,Healthcare plan provider,50000.00,,Medicare/Medicaid,Issues related to Medicare Advantage reimbursement for Puerto Rico,,2023-10-18T15:46:12-04:00,50000.0,0.0
c0e6373e-790e-45d1-a9e5-b4a8d9b477b8,2023,Q3Y,,21632,KING & SPALDING LLP,DC,128507,PUERTO RICO ELECTRIC POWER AUTHORITY (PREPA),PR,Utility provider,,,,,,2023-10-18T15:48:46-04:00,0.0,0.0
e5cfc6fa-75c6-4770-a965-38a3f530806c,2023,Q3,,21632,KING & SPALDING LLP,DC,53432,PUERTO RICO FISCAL AGENCY AND FINANCIAL ADVISORY AUTHORITY (AAFAF),PR,Independent public corporation and governmental instrumentality,120000.00,,Budget/Appropriations|Energy/Nuclear|Homeland Security,Advocacy for Puerto Rico Fiscal Agency and Financial Advisory Authority (AAFAF) related to Statehood for Puerto Rico Iss|Advocacy for Puerto Rico Fiscal Agency and Financial Advisory Authority (AAFAF) related to Statehood for Puerto Rico Iss|Advocacy for Puerto Rico Fiscal Agency and Financial Advisory Authority (AAFAF) related to Statehood for Puerto Rico Iss,,2023-10-18T15:51:05-04:00,120000.0,0.0
0f9e9b93-a48c-4a62-8109-11f0cbbd65b7,2023,Q3,,304736,"TARPLIN, DOWNS & YOUNG, LLC",DC,181317,TRIPLE-S MANAGEMENT CORPORATION,PR,Insurance,70000.00,,Budget/Appropriations|Health Issues|Medicare/Medicaid,"Federal budget issues|IRA implementation, Medicare Advantage, Puerto Rican health systems stabilization, Medicaid funding, health disparities,|Medicare Advantage call letter, Medicare Advantage benchmarks, Medicare reimbursement, dual eligible, Medicare physician",,2023-10-19T10:09:51-04:00,70000.0,0.0
3562000e-88bc-48bf-a608-8f8b8a36c3a2,2023,Q3Y,,400532589,PRIME POLICY GROUP,DC,53082,CARIBBEAN TRANSMISSION DEVELOPMENT COMPANY (FKA ATABEY CAPITAL MANAGEMENT),PR,Fund management company,,,,,,2023-10-19T10:28:50-04:00,0.0,0.0
5fd6867f-dc1e-4d2b-b642-8dc76b2417d7,2023,Q3,,400532589,PRIME POLICY GROUP,DC,209778,SENATE OF PUERTO RICO,PR,Legislature of Puerto Rico,50000.00,,Taxation/Internal Revenue Code|Welfare|Medicare/Medicaid|Natural Resources|Agriculture,"Tax reform|Social security, SSI, SNAP|Medicaid and Medicare|PROMESA; oversight|Farm bill",,2023-10-19T13:29:38-04:00,50000.0,0.0
cd445ed6-f93a-4482-aaae-6647717994f2,2023,Q3,,401103327,OFF HILL STRATEGIES L.L.C.,FL,198595,FINANCIAL OVERSIGHT AND MANAGEMENT BOARD FOR PUERTO RICO,PR,Economic growth and opportunity for the people of Puerto Rico,60000.00,,Natural Resources,Implementation of PROMESA,,2023-10-20T08:21:53-04:00,60000.0,0.0
1ee46dcb-d0f9-4f5b-bb7b-e31a3a77a3d2,2023,Q3,,297033,"TORREY ADVISORY GROUP (FORMERLY MICHAEL TORREY ASSOCIATES, LLC)",DC,207439,"GRUPO NAVIS, LLC",PR,"Distribution of fruits, vegetables, and fresh eggs in Puerto Rico.",30000.00,,"Food Industry (safety, labeling, etc.)",The Emergency Food Assistance Program (TEFAP). Issues related to the transition of Puerto Rico from NAP to SNAP.,,2023-10-20T09:23:38-04:00,30000.0,0.0
a11a6cc5-0612-4a5d-9f20-2dcb6bc0b8ea,2023,Q3Y,,1182,ALSTON & BIRD LLP,DC,102473,AIRPORT SHOPPES CORP,PR,Food service,,,,,,2023-10-20T09:48:17-04:00,0.0,0.0
82f8230c-5c71-43ae-bcab-80f789251bc6,2023,Q3,,75557,"CORNERSTONE GOVERNMENT AFFAIRS, INC.",DC,168233,PUERTO RICO PUBLIC PRIVATE PARTNERSHIPS AUTHORITY,PR,Promotes an ongoing collaboration between the public and private sector of Puerto Rico,70000.00,,Government Issues|Medicare/Medicaid|Taxation/Internal Revenue Code|Budget/Appropriations|Agriculture,Issues pertaining to a path for Puerto Rico's statehood.|Issues pertaining to Puerto Rico's unique treatment as a territory and Medicare/Medicaid.|Issues pertaining to Puerto Rico's unique treatment as a territory and taxation.|Issues pertaining to Puerto Rico's unique treatment as a territory and the path to statehood.|Issues pertaining to Puerto Rico's unique treatment as a territory and the path to statehood.,,2023-10-20T10:52:06-04:00,70000.0,0.0
10aca1ec-487c-45a0-9031-489411be87d7,2023,Q3,,36710,STEPTOE LLP,DC,145737,MEDICAID AND MEDICARE ADVANTAGE PRODUCTS ASSOCIATION OF PUERTO RICO,PR,Health Care Trade Association,70000.00,,Medicare/Medicaid,Issues relating to Puerto Rico health care coverage.,,2023-10-20T10:57:38-04:00,70000.0,0.0
c8659d8f-8a5c-4e74-86fa-4ff4d89ec9b0,2023,Q3,,313271,"AVOQ, LLC",DC,54900,SENATE OF PUERTO RICO,PR,Legislature of Puerto Rico,60000.00,,Welfare,Issues related to SNAP,,2023-10-20T12:42:09-04:00,60000.0,0.0
a360bed2-f254-49c3-a825-0a157b947dcc,2023,Q3,,401107432,AXADVOCACY GOVERNMENT RELATIONS,DC,55181,PROFESSIONAL HOSPITAL GUAYNABO,PR,Health Care,50000.00,,Health Issues,"Issues related to CMS Hospitals, oversight of Medicare Network Adequacy standards, Hospital Readmission Reduction Progra",,2023-10-20T12:57:32-04:00,50000.0,0.0
9e9a8afe-6626-4acc-b846-c988f93bbc9e,2023,Q3,,66773,"THE CORMAC GROUP, LLC",DC,213493,NUC UNIVERSITY,PR,higher education,20000.00,,Education,pending regulations,,2023-10-20T16:56:40-04:00,20000.0,0.0
a31d09f6-529d-417d-ab27-5a850b7fab67,2023,Q3,,401103500,FIERCE GOVERNMENT RELATIONS,DC,55287,SENATE OF PUERTO RICO,PR,Legislature of Puerto Rico,50000.00,,Agriculture,H.R.253- Puerto Rico Nutrition Assistance Fairness Act,,2023-10-20T20:14:36-04:00,50000.0,0.0
1c7adf9b-4e30-4cca-a248-1fa46eb56bdf,2023,Q3,,72053,CAPITOL HILL CONSULTING GROUP,DC,165758,"MCS HEALTHCARE HOLDINGS, LLC",PR,Health Insurance Company,30000.00,,Medicare/Medicaid|Government Issues,"Medicaid funding cliff, Puerto Rico MA rates, Medicare Part B buy-in.|Medicaid funding cliff, Puerto Rico MA rates, Medicare Part B buy-in.",,2023-10-23T10:53:48-04:00,30000.0,0.0
372c558f-73b3-4813-8901-c8fba3ff5438,2023,RR,,401104600,ALTA CREST LLC,DC,57735,GENERA PR LLC,PR,Power and Energy Service Provider,,,Budget/Appropriations|Disaster Planning/Emergencies|Energy/Nuclear,+ FY23 and FY24 budget cycles + Disaster recovery and planning + General energy matters|+ FY23 and FY24 budget cycles + Disaster recovery and planning + General energy matters|+ FY23 and FY24 budget cycles + Disaster recovery and planning + General energy matters,,2023-11-11T19:32:21-05:00,0.0,0.0
780b7f9d-3829-45ef-bedd-9edc35ae2256,2023,Q3,,401105212,PARK & K PUBLIC AFFAIRS LLC,NY,203408,PONCE HEALTH SCIENCES UNIVERSITY,PR,Medical School,37500.00,,Economics/Economic Development,healthcare and healthcare education regulation,,2023-11-20T11:03:14-05:00,37500.0,0.0
cdc1bd19-93e4-4b10-8fcd-6542d730bb7e,2023,Q3,,30495,"PACE, LLP",DC,56583,DISTILLERIA SERRALLES,PR,Spirits,20000.00,,Taxation/Internal Revenue Code,H.R. 1028/S. 1477,,2023-11-20T12:05:38-05:00,20000.0,0.0
299847a9-4cce-47fe-a289-09e656f1d4f8,2023,Q3,,401103211,CAPITOL ADVOCACY PARTNERS,DC,198165,BOYS AND GIRLS CLUBS OF PUERTO RICO,PR,Community services and programs.,15000.00,,Budget/Appropriations|Disaster Planning/Emergencies|Education|Health Issues|Law Enforcement/Crime/Criminal Justice|Economics/Economic Development,"Community Project Requests for facilities and after school programming.|Disaster recovery and preparation, including Community Development Block Grant.|Pandemic learning support. Basic skills job training and GED attainment.|Mental health, nutrition, early childhood learning.|Violence prevention and children's exposure to repeated violence",,2023-11-28T10:15:05-05:00,15000.0,0.0
642ad309-c60a-4ae8-a435-f3c70fdd07b8,2023,Q4,,400428066,NWG ADVOCACY LLC,FL,190717,HOSPITAL ASSOCIATION OF PUERTO RICO,PR,Serve Puerto Rico's Hospital System and its Members,24000.00,,Health Issues,"MEDICAID, Medicare",,2024-01-02T12:58:45-05:00,24000.0,0.0
6f26920a-d9e4-4b7f-a1ff-543c2ea31639,2023,Q4,,400428066,NWG ADVOCACY LLC,FL,56721,CAMARA DE COMERCIO DE PUERTO RICO,PR,promotion of business in Puerto Rico,10000.00,,Economics/Economic Development,"SNAP, energy, tax",,2024-01-02T13:06:04-05:00,10000.0,0.0
33052ddb-c1c5-4cb7-b2da-77162d28c996,2023,Q4,,36710,STEPTOE LLP,DC,145737,MEDICAID AND MEDICARE ADVANTAGE PRODUCTS ASSOCIATION OF PUERTO RICO,PR,Health Care Trade Association,70000.00,,Medicare/Medicaid,Issues relating to Puerto Rico health care coverage.,,2024-01-04T13:11:07-05:00,70000.0,0.0
6461c624-9c1c-420a-8ef1-270d9f3c94d9,2023,Q4,,36710,STEPTOE LLP,DC,145737,MEDICAID AND MEDICARE ADVANTAGE PRODUCTS ASSOCIATION OF PUERTO RICO,PR,Health Care Trade Association,70000.00,,Medicare/Medicaid,Issues relating to Puerto Rico health care coverage.,,2024-01-04T14:17:58-05:00,70000.0,0.0
1967079b-3216-4867-b7f4-c3dc6d16ba8f,2023,Q4,,401105212,PARK & K PUBLIC AFFAIRS LLC,NY,203408,PONCE HEALTH SCIENCES UNIVERSITY,PR,Medical School,37500.00,,Economics/Economic Development,healthcare and healthcare education regulation,,2024-01-10T11:18:35-05:00,37500.0,0.0
3f161274-190b-4b29-b36e-24f78875905c,2024,RR,,283696,"BECKER & POLIAKOFF, P.A.",DC,58276,VITELLO CONSULTING (ON BEHALF OF HUDSON VALLEY FISHERIES),PR,Consulting firm on behalf of an aquaculture facility,,,Budget/Appropriations,Federal funding issues,,2024-01-15T12:10:10-05:00,0.0,0.0
5da2a305-209c-42f5-9367-3b9e9c505bd0,2023,Q4,,21632,KING & SPALDING LLP,DC,53432,PUERTO RICO FISCAL AGENCY AND FINANCIAL ADVISORY AUTHORITY (AAFAF),PR,Independent public corporation and governmental instrumentality,120000.00,,Budget/Appropriations|Energy/Nuclear|Homeland Security,Advocacy for Puerto Rico Fiscal Agency and Financial Advisory Authority (AAFAF) related to Statehood for Puerto Rico Iss|Advocacy for Puerto Rico Fiscal Agency and Financial Advisory Authority (AAFAF) related to Statehood for Puerto Rico Iss|Advocacy for Puerto Rico Fiscal Agency and Financial Advisory Authority (AAFAF) related to Statehood for Puerto Rico Iss,,2024-01-16T20:45:32-05:00,120000.0,0.0
28c48cb4-a95c-46b2-beba-98eb0f266c5b,2023,Q4,,21632,KING & SPALDING LLP,DC,128506,"MCS ADVANTAGE, INC.",PR,Healthcare plan provider,50000.00,,Medicare/Medicaid,Issues related to Medicare Advantage reimbursement for Puerto Rico,,2024-01-16T20:49:37-05:00,50000.0,0.0
9a6f74de-54ee-4fc1-a7fb-f12d5730519e,2023,Q4Y,,21632,KING & SPALDING LLP,DC,128507,PUERTO RICO ELECTRIC POWER AUTHORITY (PREPA),PR,Utility provider,,,,,,2024-01-16T20:51:51-05:00,0.0,0.0
2e97e03d-0fce-4684-8fa5-5cd3abc5d3b5,2023,Q4,,7268,BROYDRICK & ASSOCIATES,DC,110356,MILWAUKEE METROPOLITAN SEWERAGE DISTRICT,PR,Municipality in Puerto Rico,20000.00,,Budget/Appropriations|Clean Air and Water (quality)|Utilities,State Revolving Loan Fund. Federal appropriations for land conservation fund. Clean Water Trust Fund Legislation TIGER G|State Revolving Loan Fund. Federal appropriations for land conservation fund. Clean Water Trust Fund Legislation TIGER G|State Revolving Loan Fund. Federal appropriations for land conservation fund. Clean Water Trust Fund Legislation TIGER G,,2024-01-17T09:50:27-05:00,20000.0,0.0
0accb844-ba60-4b08-8c63-0c1ba87a77f1,2022,RA,,401104071,NEW CENTURY GOVERNMENT AFFAIRS (F/K/A TERRENCE C. WOLFE),DC,213556,THE CORMAC GROUP ON BEHALF OF NUC UNIVERSITY,PR,"General higher education issues, Title IV, Gainful Employment",,,Education,Gainful employment,,2024-01-17T14:53:48-05:00,0.0,0.0
8fb03cf0-39ed-47e6-ad93-8304e202b2f5,2023,Q4,,7257,"BROWNSTEIN HYATT FARBER SCHRECK, LLP",DC,53650,"ROMARK GLOBAL PHARMA, LLC",PR,Pharmaceutical product distributor,,,Pharmacy,Issues regarding Biomedical Advanced Research and Development Authority Covid-19 Therapeutics' Pandemic All Hazards Prep,,2024-01-17T21:42:31-05:00,0.0,0.0
5ab055c5-1e10-4aac-9e8f-b799d0c7f5c3,2023,Q4Y,,400532589,PRIME POLICY GROUP,DC,53082,CARIBBEAN TRANSMISSION DEVELOPMENT COMPANY (FKA ATABEY CAPITAL MANAGEMENT),PR,Fund management company,,,,,,2024-01-18T09:37:08-05:00,0.0,0.0
b6087086-5bcd-490c-8a90-816d279459f0,2023,Q4,,400532589,PRIME POLICY GROUP,DC,209778,SENATE OF PUERTO RICO,PR,Legislature of Puerto Rico,50000.00,,Taxation/Internal Revenue Code|Welfare|Natural Resources|Agriculture,"Tax reform|Social security, SSI, SNAP|PROMESA; oversight|Farm bill",,2024-01-18T11:36:56-05:00,50000.0,0.0
2e548cdd-3538-4097-847f-2abd1bf235af,2023,Q4,,304736,"TARPLIN, DOWNS & YOUNG, LLC",DC,181317,TRIPLE-S MANAGEMENT CORPORATION,PR,Insurance,70000.00,,Budget/Appropriations|Health Issues|Medicare/Medicaid,"Federal budget issues|IRA implementation, Medicare Advantage, Puerto Rican health systems stabilization, Medicaid funding, health disparities,|Medicare Advantage call letter, Medicare Advantage benchmarks, Medicare reimbursement, dual eligible, Medicare physician",,2024-01-18T13:28:11-05:00,70000.0,0.0
3ff914c6-b1ca-44f7-ad96-df891f5dbf15,2023,Q4,,401107432,AXADVOCACY GOVERNMENT RELATIONS,DC,55181,PROFESSIONAL HOSPITAL GUAYNABO,PR,Health Care,50000.00,,Health Issues,"Puerto Rico Hospital Administration issues, generally. Monitor CMS Hospital issues, oversight of Medicare Network Adequa",,2024-01-18T23:28:54-05:00,50000.0,0.0
6632045e-ce9e-40ac-86d9-cd0e5c5557f6,2023,Q4,,75557,"CORNERSTONE GOVERNMENT AFFAIRS, INC.",DC,168233,PUERTO RICO PUBLIC PRIVATE PARTNERSHIPS AUTHORITY,PR,Promotes an ongoing collaboration between the public and private sector of Puerto Rico,90000.00,,Medicare/Medicaid|Taxation/Internal Revenue Code|Budget/Appropriations|Agriculture|Government Issues,Issues pertaining to Puerto Rico's unique treatment as a territory and Medicare/Medicaid.|Issues pertaining to Puerto Rico's unique treatment as a territory and taxation.|Issues pertaining to Puerto Rico's unique treatment as a territory and the path to statehood.|Issues pertaining to Puerto Rico's unique treatment as a territory and the path to statehood and supplemental nutrition |Issues pertaining to a path for Puerto Rico's statehood.,,2024-01-18T23:55:46-05:00,90000.0,0.0
09506b69-ebdc-4ee6-bea1-bea223febc1a,2023,Q4,,317355,JOSE FUENTES,DC,186009,"EMPRESAS FONALLEDAS, INC.",PR,Real estate development company.,10000.00,,Agriculture,"Puerto Rico Nutrition Assistance Program (NAP), Nutrition and food security issues for Puerto Rico. Puerto Rico Nutritio",,2024-01-19T08:40:30-05:00,10000.0,0.0
90ab3be9-b882-41f0-8575-ddf07b4b6f42,2023,Q4,,30906,SQUIRE PATTON BOGGS,DC,136354,GOVERNMENT OF PUERTO RICO,PR,Government entity (not foreign),80000.00,,Agriculture|Budget/Appropriations|Disaster Planning/Emergencies|Government Issues|Taxation/Internal Revenue Code,"Advocacy related to the Farm Bill and shifting Puerto Rico from NAP to SNAP.|Advocacy related to Puerto Ricos appropriations priorities, including disaster supplemental funding.|Advocacy related to FEMA Sec. 428 alternative procedures program.|Advocacy related to Puerto Rico status legislation.|Advocacy related to the rum cover over excise tax and other tax policy priorities.",,2024-01-19T08:55:35-05:00,80000.0,0.0
8d978afe-f03a-41e6-ba20-1b2d0993b2a4,2023,Q4,,30906,SQUIRE PATTON BOGGS,DC,137655,"PARA LA NATURALEZA, INC.",PR,Conservation Trust,30000.00,,Taxation/Internal Revenue Code,"Lobby Congress on S. 1477, H.R. 3146 and final bill H.R. 7024 - Rum Cover Tax.",,2024-01-19T09:06:30-05:00,30000.0,0.0
503290f8-aa00-44a9-a27d-d99e5274c43e,2023,Q4,,401104071,NEW CENTURY GOVERNMENT AFFAIRS (F/K/A TERRENCE C. WOLFE),DC,213556,THE CORMAC GROUP ON BEHALF OF NUC UNIVERSITY,PR,"General higher education issues, Title IV, Gainful Employment",10000.00,,Education,Gainful Employment,,2024-01-19T16:03:02-05:00,10000.0,0.0
16f3882d-80f0-4df4-8d8b-8427566e1223,2023,Q4,,401104071,NEW CENTURY GOVERNMENT AFFAIRS (F/K/A TERRENCE C. WOLFE),DC,213556,THE CORMAC GROUP ON BEHALF OF NUC UNIVERSITY,PR,"General higher education issues, Title IV, Gainful Employment",10000.00,,Education,Gainful Employment,,2024-01-19T17:02:52-05:00,10000.0,0.0
eb1ff3e4-8e57-4f28-ac62-9f9d56ba7349,2023,Q4,,401103327,OFF HILL STRATEGIES L.L.C.,FL,198595,FINANCIAL OVERSIGHT AND MANAGEMENT BOARD FOR PUERTO RICO,PR,Economic growth and opportunity for the people of Puerto Rico,60000.00,,Natural Resources,Implementation of PROMESA,,2024-01-19T18:25:05-05:00,60000.0,0.0
78bfbfbe-b00b-4dac-ba2d-0a4615b6317c,2023,Q4,,66773,"THE CORMAC GROUP, LLC",DC,213493,NUC UNIVERSITY,PR,higher education,70000.00,,Education,pending higher education regulations,,2024-01-19T19:12:17-05:00,70000.0,0.0
2bc37e5f-1910-4a88-8e21-ca54f298395b,2023,Q4,,72053,CAPITOL HILL CONSULTING GROUP,DC,165758,"MCS HEALTHCARE HOLDINGS, LLC",PR,Health Insurance Company,30000.00,,Medicare/Medicaid|Government Issues,"Medicaid funding cliff, Puerto Rico MA rates, Medicare Part B buy-in.|Medicaid funding cliff, Puerto Rico MA rates, Medicare Part B buy-in.",,2024-01-19T21:23:16-05:00,30000.0,0.0
af07420c-1adc-45a1-8b9c-429ae12ca6b1,2023,4T,,401106757,AND PARTNERS LLC,DC,52125,ECOELECTRICA LP,PR,Liquid Natural Gas Company,30000.00,,Energy/Nuclear,Advocated on Federal Energy Regulatory Commission issues related to liquid natural gas operations,,2024-01-22T09:37:14-05:00,30000.0,0.0
2c8b2668-deed-488b-95ed-64976f7b7ba7,2023,Q4,,401104100,VANTAGEKNIGHT LLC,PR,211661,VAULTLINK INC.,PR,Cryptocurrency banking platform,90000.00,,Banking,"Monitoring and reporting on banking, cryptocurrency, blockchain, and digital assets policy issues",,2024-01-22T10:18:57-05:00,90000.0,0.0
673e0880-0f54-4776-86b1-59d7fbde8778,2023,Q4Y,,1182,ALSTON & BIRD LLP,DC,102473,AIRPORT SHOPPES CORP,PR,Food service,,,,,,2024-01-22T10:42:38-05:00,0.0,0.0
713d122f-6eb3-4f7f-b4e9-fba06177b03a,2023,Q4,,401103500,FIERCE GOVERNMENT RELATIONS,DC,55287,SENATE OF PUERTO RICO,PR,Legislature of Puerto Rico,50000.00,,Agriculture,HR 2757- Puerto Rico Status Act,,2024-01-22T12:13:20-05:00,50000.0,0.0
dcddfc1b-7403-4c1c-8743-2c7e2446ee7e,2023,Q4,,297033,"TORREY ADVISORY GROUP (FORMERLY MICHAEL TORREY ASSOCIATES, LLC)",DC,207439,"GRUPO NAVIS, LLC",PR,"Distribution of fruits, vegetables, and fresh eggs in Puerto Rico.",30000.00,,"Food Industry (safety, labeling, etc.)",The Emergency Food Assistance Program (TEFAP). Issues related to the transition of Puerto Rico from NAP to SNAP.,,2024-01-22T15:11:29-05:00,30000.0,0.0
197e3e79-b468-4732-886d-3291878485a3,2023,Q4,,313271,"AVOQ, LLC",DC,54900,SENATE OF PUERTO RICO,PR,Legislature of Puerto Rico,60000.00,,Welfare,Issues related to SNAP,,2024-01-22T19:11:54-05:00,60000.0,0.0
70790b96-d81f-4fd7-b6b2-fee2e867dfe1,2023,Q4,,401103211,CAPITOL ADVOCACY PARTNERS,DC,198165,BOYS AND GIRLS CLUBS OF PUERTO RICO,PR,Community services and programs.,15000.00,,Budget/Appropriations|Disaster Planning/Emergencies|Education|Health Issues|Law Enforcement/Crime/Criminal Justice|Economics/Economic Development,"Community Project Requests for facilities and after school programming.|Disaster recovery and preparation, including Community Development Block Grant.|Pandemic learning support. Basic skills job training and GED attainment. Workforce training.|Mental health, nutrition, early childhood learning. Domestic violence.|Violence prevention and children's exposure to repeated violence",,2024-02-05T12:37:45-05:00,15000.0,0.0
5bad8647-23e1-40b3-b8b9-76a34fce98d9,2023,Q4,,30495,"PACE, LLP",DC,56583,DISTILLERIA SERRALLES,PR,Spirits,20000.00,,Taxation/Internal Revenue Code,"H.R. 1028/S. 1477 Rum Cover Over, HR 7024",,2024-02-07T10:07:50-05:00,20000.0,0.0
841b6bfe-f4bc-41b9-a3d2-09ddbe457a1e,2022,4A,,304736,"TARPLIN, DOWNS & YOUNG, LLC",DC,181317,TRIPLE-S MANAGEMENT CORPORATION,PR,Insurance,70000.00,,Budget/Appropriations|Health Issues|Medicare/Medicaid|Natural Resources,"H.R.2617 - Consolidated Appropriations Act, 2023|H.R. 4406, the Supporting Medicaid in the U.S. Territories Act of 2021 H.R. 5376, the Inflation Reduction Act H.R.2617, |Medicare Advantage call letter, Puerto Rican health system stabilization, Medicaid cliff, Medicaid bridge funding, Medic|Puerto Rican debt restructuring and economic stabilization",,2024-02-08T13:49:35-05:00,70000.0,0.0
bc52efb4-fbde-4f51-9153-64b9a3c24778,2023,4A,,401103327,OFF HILL STRATEGIES L.L.C.,FL,198595,FINANCIAL OVERSIGHT AND MANAGEMENT BOARD FOR PUERTO RICO,PR,Economic growth and opportunity for the people of Puerto Rico,60000.00,,Natural Resources,Implementation of PROMESA,,2024-03-06T15:02:14-05:00,60000.0,0.0
1f4ff057-e61b-44a2-8e3e-3d6e0249acef,2024,RR,,32932,REED SMITH LLP,DC,59167,MEDICARE AND MEDICAID ADVANTAGE PRODUCTS ASSOCIATION OF PUERTO RICO,PR,Health Care Trade Association,,,Medicare/Medicaid|Budget/Appropriations|Insurance,Issues related to health care coverage in Puerto Rico|Issues related to health care coverage in Puerto Rico|Issues related to health care coverage in Puerto Rico,,2024-03-15T15:05:13-04:00,0.0,0.0
3875baf5-3601-4c0e-84f7-1b799c18a722,2024,Q1,,401104600,ALTA CREST LLC,DC,57735,GENERA PR LLC,PR,Power and Energy Service Provider,54000.00,,Energy/Nuclear,Puerto Rico energy grid security,,2024-03-18T13:02:36-04:00,54000.0,0.0
393e90a8-98c7-4d47-bdd1-8276c9e28c24,2023,Q4,,400520535,JASON UNDERWOOD,KY,192052,SERRALLES DISTILLERY,PR,Rum distiller,30000.00,,Taxation/Internal Revenue Code,Make permanent or extend the tax extenders that relate to the rum cover over program,,2024-03-18T13:34:53-04:00,30000.0,0.0
1514bdfd-f420-4114-bb69-c72277a623e7,2024,Q1,,401105212,PARK & K PUBLIC AFFAIRS LLC,NY,203408,PONCE HEALTH SCIENCES UNIVERSITY,PR,Medical School,37500.00,,Economics/Economic Development,healthcare and healthcare education regulation,,2024-04-11T12:11:08-04:00,37500.0,0.0
7f5071e5-ea0a-4baf-b3fb-5e64b6c0707d,2024,Q1,,400428066,NWG ADVOCACY LLC,FL,190717,HOSPITAL ASSOCIATION OF PUERTO RICO,PR,Serve Puerto Rico's Hospital System and its Members,24000.00,,Health Issues,"MEDICAID, Medicare",,2024-04-12T07:36:43-04:00,24000.0,0.0
bb749218-fbca-45c4-9e52-1c20d79412fc,2024,Q1,,400428066,NWG ADVOCACY LLC,FL,56721,CAMARA DE COMERCIO DE PUERTO RICO,PR,promotion of business in Puerto Rico,30000.00,,Economics/Economic Development,"SNAP, energy, tax",,2024-04-12T07:40:15-04:00,30000.0,0.0
05e5f27b-8f2f-4ec3-9de9-53ce77df367d,2024,Q1,,401104071,NEW CENTURY GOVERNMENT AFFAIRS (F/K/A TERRENCE C. WOLFE),DC,213556,THE CORMAC GROUP ON BEHALF OF NUC UNIVERSITY,PR,"General higher education issues, Title IV, Gainful Employment",10000.00,,Education,Gainful Employment,,2024-04-12T17:30:19-04:00,10000.0,0.0
b9c9d58d-fe45-416b-b974-40d24e1aed76,2024,Q1,,30906,SQUIRE PATTON BOGGS,DC,136354,GOVERNMENT OF PUERTO RICO,PR,Government entity (not foreign),190000.00,,Agriculture|Budget/Appropriations|Disaster Planning/Emergencies|Government Issues|Taxation/Internal Revenue Code,"Advocacy related to the Farm Bill and shifting Puerto Rico from NAP to SNAP.|Advocacy related to Puerto Ricos appropriations priorities, including disaster supplemental funding.|Advocacy related to FEMA Sec. 428 alternative procedures program.|Advocacy related to Puerto Rico status legislation.|Advocacy related to the rum cover over excise tax and other tax policy priorities.",,2024-04-16T15:46:26-04:00,190000.0,0.0
6ee17b85-13fb-4349-8cc6-dbf9c020a06a,2024,Q1,,304736,"TARPLIN, DOWNS & YOUNG, LLC",DC,181317,TRIPLE-S MANAGEMENT CORPORATION,PR,Insurance,70000.00,,Budget/Appropriations|Health Issues|Medicare/Medicaid,"Federal budget issues|Medicare Advantage, Medicaid funding, health disparities, social determinates of health|Medicare Advantage call letter, Medicare Advantage benchmarks, Medicare reimbursement, dual eligible, Medicare physician",,2024-04-16T16:08:40-04:00,70000.0,0.0
6c321b52-bf34-4a50-b5e2-53b799ede38e,2024,Q1Y,,283696,"BECKER & POLIAKOFF, P.A.",DC,58276,VITELLO CONSULTING (ON BEHALF OF HUDSON VALLEY FISHERIES),PR,Consulting firm on behalf of an aquaculture facility,,,,,,2024-04-16T16:23:51-04:00,0.0,0.0
db6feaae-d5ad-4dba-880b-1cfe36039ad3,2024,Q1,,401104100,VANTAGEKNIGHT LLC,PR,211661,VAULTLINK INC.,PR,Cryptocurrency banking platform,90000.00,,Banking,"Monitoring and reporting on banking, cryptocurrency, blockchain, and digital assets policy issues",,2024-04-17T09:45:37-04:00,90000.0,0.0
b086c443-4489-4a7d-8944-b29cdd512b88,2024,Q1Y,,7257,"BROWNSTEIN HYATT FARBER SCHRECK, LLP",DC,53650,"ROMARK GLOBAL PHARMA, LLC",PR,Pharmaceutical product distributor,,,,,,2024-04-17T11:13:30-04:00,0.0,0.0
8016dbd4-9437-4780-ae15-f76901bd37c9,2024,Q1,,30906,SQUIRE PATTON BOGGS,DC,137655,"PARA LA NATURALEZA, INC.",PR,Conservation Trust,30000.00,,Agriculture|Disaster Planning/Emergencies|Natural Resources|Taxation/Internal Revenue Code,"Reforestation issues stemming from 2017 natural disasters.|Preservation of historic aqueduct and surrounding area.|Reforestation issues stemming from 2017 natural disasters.|Lobby Congress on S. 1477, H.R. 3146 and final bill H.R. 7024 - Rum Cover Tax.",,2024-04-17T11:27:38-04:00,30000.0,0.0
cca21ab3-9e01-4c11-a7cc-6fda98aa6b8e,2024,Q1Y,,400532589,PRIME POLICY GROUP,DC,53082,CARIBBEAN TRANSMISSION DEVELOPMENT COMPANY (FKA ATABEY CAPITAL MANAGEMENT),PR,Fund management company,,,,,,2024-04-17T12:00:09-04:00,0.0,0.0
fa33ffbc-d4a3-4e96-ace1-449fc76c28d4,2024,Q1,,75557,"CORNERSTONE GOVERNMENT AFFAIRS, INC.",DC,168233,PUERTO RICO PUBLIC PRIVATE PARTNERSHIPS AUTHORITY,PR,Promotes an ongoing collaboration between the public and private sector of Puerto Rico,90000.00,,Medicare/Medicaid|Taxation/Internal Revenue Code|Budget/Appropriations|Agriculture|Government Issues,Issues pertaining to Puerto Rico's unique treatment as a territory and Medicare/Medicaid.|Issues pertaining to Puerto Rico's unique treatment as a territory and taxation.|Issues pertaining to Puerto Rico's unique treatment as a territory and the path to statehood.|Issues pertaining to Puerto Rico's unique treatment as a territory and the path to statehood and supplemental nutrition |Issues pertaining to a path for Puerto Rico's statehood.,,2024-04-17T17:49:02-04:00,90000.0,0.0
b14eb7d1-7eb5-4423-9a5a-c55136003631,2024,Q1,,400532589,PRIME POLICY GROUP,DC,209778,SENATE OF PUERTO RICO,PR,Legislature of Puerto Rico,50000.00,,Taxation/Internal Revenue Code|Welfare|Natural Resources|Agriculture,"Tax reform|Social security, SSI, SNAP|PROMESA; oversight|Farm bill",,2024-04-17T20:38:35-04:00,50000.0,0.0
a497215a-c050-4412-88b6-b4e540ab4775,2024,Q1,,317355,JOSE FUENTES,DC,186009,"EMPRESAS FONALLEDAS, INC.",PR,Real estate development company.,10000.00,,Agriculture,"Puerto Rico Nutrition Assistance Program (NAP), Nutrition and food security issues for Puerto Rico. Puerto Rico Nutritio",,2024-04-19T13:03:53-04:00,10000.0,0.0
892d2471-7b3b-46f8-bd03-e92fb472af99,2024,Q1,,297033,"TORREY ADVISORY GROUP (FORMERLY MICHAEL TORREY ASSOCIATES, LLC)",DC,207439,"GRUPO NAVIS, LLC",PR,"Distribution of fruits, vegetables, and fresh eggs in Puerto Rico.",30000.00,,"Food Industry (safety, labeling, etc.)",The Emergency Food Assistance Program (TEFAP). Issues related to the transition of Puerto Rico from NAP to SNAP.,,2024-04-19T13:51:55-04:00,30000.0,0.0
5026af9a-d1ef-491c-b2d4-ba649911b07e,2024,Q1,,21632,KING & SPALDING LLP,DC,128506,"MCS ADVANTAGE, INC.",PR,Healthcare plan provider,50000.00,,Medicare/Medicaid,Issues related to Medicare Advantage reimbursement for Puerto Rico,,2024-04-19T17:51:45-04:00,50000.0,0.0
edf7c1e2-1b30-4b01-9250-d4e80024a41e,2024,Q1Y,,21632,KING & SPALDING LLP,DC,128507,PUERTO RICO ELECTRIC POWER AUTHORITY (PREPA),PR,Utility provider,,,,,,2024-04-19T17:54:24-04:00,0.0,0.0
a7545455-8c3f-4ee1-a38f-6c6e948554bf,2024,Q1,,21632,KING & SPALDING LLP,DC,53432,PUERTO RICO FISCAL AGENCY AND FINANCIAL ADVISORY AUTHORITY (AAFAF),PR,Independent public corporation and governmental instrumentality,120000.00,,Homeland Security|Budget/Appropriations|Energy/Nuclear,Advocacy for Puerto Rico Fiscal Agency and Financial Advisory Authority (AAFAF) related to Statehood for Puerto Rico Iss|Advocacy for Puerto Rico Fiscal Agency and Financial Advisory Authority (AAFAF) related to Statehood for Puerto Rico Iss|Advocacy for Puerto Rico Fiscal Agency and Financial Advisory Authority (AAFAF) related to Statehood for Puerto Rico Iss,,2024-04-19T18:07:43-04:00,120000.0,0.0
c7e68ba6-00d2-4869-ba19-506e64934ec3,2024,Q1,,7268,BROYDRICK & ASSOCIATES,DC,110356,MILWAUKEE METROPOLITAN SEWERAGE DISTRICT,PR,Municipality in Puerto Rico,20000.00,,Budget/Appropriations|Clean Air and Water (quality)|Utilities,State Revolving Loan Fund. Federal appropriations for land conservation fund. Clean Water Trust Fund Legislation TIGER G|State Revolving Loan Fund. Federal appropriations for land conservation fund. Clean Water Trust Fund Legislation TIGER G|State Revolving Loan Fund. Federal appropriations for land conservation fund. Clean Water Trust Fund Legislation TIGER G,,2024-04-20T08:43:29-04:00,20000.0,0.0
a44f3092-33a4-464f-9fb4-f8a9374ec25d,2024,1T,,36710,STEPTOE LLP,DC,145737,MEDICAID AND MEDICARE ADVANTAGE PRODUCTS ASSOCIATION OF PUERTO RICO,PR,Health Care Trade Association,20000.00,,Medicare/Medicaid,Issues relating to Puerto Rico health care coverage.,,2024-04-20T18:26:41-04:00,20000.0,0.0
43d90ddd-18a0-47e4-86d0-d95c8a4aeea2,2024,Q1,,401103500,FIERCE GOVERNMENT RELATIONS,DC,55287,SENATE OF PUERTO RICO,PR,Legislature of Puerto Rico,,,Agriculture,Issues relating to SNAP Benefits,,2024-04-20T20:49:18-04:00,0.0,0.0
3ab06dca-5656-4c76-bdf8-64b26a21e14a,2024,Q1,,72053,CAPITOL HILL CONSULTING GROUP,DC,165758,"MCS HEALTHCARE HOLDINGS, LLC",PR,Health Insurance Company,30000.00,,Medicare/Medicaid|Government Issues,"Medicaid funding cliff, Puerto Rico MA rates, Medicare Part B buy-in.|Medicaid funding cliff, Puerto Rico MA rates, Medicare Part B buy-in.",,2024-04-21T07:50:28-04:00,30000.0,0.0
092dd09b-2f0d-47be-8981-2ba8e0f8de8e,2024,Q1,,401103327,OFF HILL STRATEGIES L.L.C.,FL,198595,FINANCIAL OVERSIGHT AND MANAGEMENT BOARD FOR PUERTO RICO,PR,Economic growth and opportunity for the people of Puerto Rico,60000.00,,Natural Resources,Implementation of PROMESA,,2024-04-21T19:05:44-04:00,60000.0,0.0
b8ab22e8-399b-4ee5-9200-27b6848ddfeb,2024,Q1Y,,1182,ALSTON & BIRD LLP,DC,102473,AIRPORT SHOPPES CORP,PR,Food service,,,,,,2024-04-22T09:19:03-04:00,0.0,0.0
8c99cdbb-bd56-4dd5-bab8-4c72535aa239,2024,Q1,,401107432,AXADVOCACY GOVERNMENT RELATIONS,DC,55181,PROFESSIONAL HOSPITAL GUAYNABO,PR,Health Care,50000.00,,Health Issues,"Puerto Rico Hospital Administration issues, generally. Monitor CMS Hospital issues, oversight of Medicare Network Adequa",,2024-04-22T13:51:32-04:00,50000.0,0.0
a65e3082-2c9e-40dd-b53c-ba83dac84060,2024,Q1,,66773,"THE CORMAC GROUP, LLC",DC,213493,NUC UNIVERSITY,PR,higher education,20000.00,,Education,pending higher education regulations,,2024-04-22T15:44:05-04:00,20000.0,0.0
208308be-0b0d-4da6-bbf2-f7e7dd13ed82,2024,Q1,,313271,"AVOQ, LLC",DC,54900,SENATE OF PUERTO RICO,PR,Legislature of Puerto Rico,40000.00,,Welfare|Taxation/Internal Revenue Code,Issues related to SNAP|Issues related to taxes and economic development,,2024-04-22T17:46:00-04:00,40000.0,0.0
3759ecb9-0d8e-47be-9058-0736bfabd771,2024,Q1,,401103211,CAPITOL ADVOCACY PARTNERS,DC,198165,BOYS AND GIRLS CLUBS OF PUERTO RICO,PR,Community services and programs.,15000.00,,Budget/Appropriations|Disaster Planning/Emergencies|Education|Health Issues|Law Enforcement/Crime/Criminal Justice|Economics/Economic Development,"Community Project Requests for facilities and after school programming.|Disaster recovery and preparation, including Community Development Block Grant.|Pandemic learning support. Basic skills job training and GED attainment. Workforce training.|Mental health, nutrition, early childhood learning. Domestic violence.|Violence prevention and children's exposure to repeated violence",,2024-05-10T17:40:52-04:00,15000.0,0.0
97bd0c72-bfe8-4613-8163-f0da64ce6e20,2024,RR,,401062995,"C6 STRATEGIES, LLC (FKA MS. DANA W. HUDSON)",DC,60183,RED CAT HOLDINGS,PR,Unmanned Aerial solutions and services,,,Defense,Advocate for advanced unmanned aerial systems and solutions,,2024-05-14T15:10:31-04:00,0.0,0.0
805ccc72-9cf8-4525-b97a-fca14ba65750,2024,1A,,32932,REED SMITH LLP,DC,59167,MEDICARE AND MEDICAID ADVANTAGE PRODUCTS ASSOCIATION OF PUERTO RICO,PR,Health Care Trade Association,50000.00,,Medicare/Medicaid,Issues related to health care coverage in Puerto Rico.,,2024-05-22T15:47:19-04:00,50000.0,0.0
a1b5d437-ca23-4edd-abce-969ed0119da0,2024,Q1,,30495,"PACE, LLP",DC,56583,DISTILLERIA SERRALLES,PR,Spirits,20000.00,,Taxation/Internal Revenue Code,"H.R. 1028/S. 1477 Rum Cover Over, HR 7024",,2024-06-05T15:49:31-04:00,20000.0,0.0
10577c7e-137a-491c-824a-b5dd04d1a491,2024,Q1,,400520535,JASON UNDERWOOD,KY,192052,SERRALLES DISTILLERY,PR,Rum distiller,30000.00,,Taxation/Internal Revenue Code,Make permanent or extend the tax extenders that relate to the rum cover over program,,2024-06-21T08:56:20-04:00,30000.0,0.0
8e01a4d3-3ed4-4dc2-bfe9-69c07b66df8e,2024,Q2Y,,283696,"BECKER & POLIAKOFF, P.A.",DC,58276,VITELLO CONSULTING (ON BEHALF OF HUDSON VALLEY FISHERIES),PR,Consulting firm on behalf of an aquaculture facility,,,,,,2024-07-11T10:42:44-04:00,0.0,0.0
dbf21a9e-dd3e-42c6-922c-dc1006cc2fde,2024,2A,,283696,"BECKER & POLIAKOFF, P.A.",DC,58276,VITELLO CONSULTING (ON BEHALF OF HUDSON VALLEY FISHERIES),PR,Consulting firm on behalf of an aquaculture facility,,,Agriculture,Agriculture Issues Farm Bill,,2024-07-11T14:15:24-04:00,0.0,0.0
25a7242a-20ab-43bd-be94-e600b150b2eb,2024,2TY,,400532589,PRIME POLICY GROUP,DC,53082,CARIBBEAN TRANSMISSION DEVELOPMENT COMPANY (FKA ATABEY CAPITAL MANAGEMENT),PR,Fund management company,,,,,,2024-07-12T10:25:21-04:00,0.0,0.0
2ae65087-c65a-48d3-ba66-2f0f7ea1a59f,2024,Q2,,30495,"PACE, LLP",DC,56583,DISTILLERIA SERRALLES,PR,Spirits,20000.00,,Taxation/Internal Revenue Code,"H.R. 1028/S. 1477 Rum Cover Over, HR 7024",,2024-07-14T16:01:32-04:00,20000.0,0.0
e953f96b-7bfb-4b72-a1fa-20a603761567,2024,Q2,,400428066,NWG ADVOCACY LLC,FL,190717,HOSPITAL ASSOCIATION OF PUERTO RICO,PR,Serve Puerto Rico's Hospital System and its Members,24000.00,,Health Issues,"MEDICAID, Medicare",,2024-07-15T07:17:57-04:00,24000.0,0.0
a53f25ad-61ae-4fa5-b817-173669c3f840,2024,Q2,,400428066,NWG ADVOCACY LLC,FL,56721,CAMARA DE COMERCIO DE PUERTO RICO,PR,promotion of business in Puerto Rico,40000.00,,Economics/Economic Development,"SNAP, energy, tax, medicare, medicaid",,2024-07-15T07:30:50-04:00,40000.0,0.0
26ad8305-a9c7-442d-aabf-91c0d45f4384,2024,Q2,,75557,"CORNERSTONE GOVERNMENT AFFAIRS, INC.",DC,168233,PUERTO RICO PUBLIC PRIVATE PARTNERSHIPS AUTHORITY,PR,Promotes an ongoing collaboration between the public and private sector of Puerto Rico,90000.00,,Medicare/Medicaid|Taxation/Internal Revenue Code|Budget/Appropriations|Agriculture|Government Issues,Issues pertaining to Puerto Rico's unique treatment as a territory and Medicare/Medicaid.|Issues pertaining to Puerto Rico's unique treatment as a territory and taxation.|Issues pertaining to Puerto Rico's unique treatment as a territory and the path to statehood.|Issues pertaining to Puerto Rico's unique treatment as a territory and the path to statehood and supplemental nutrition |Issues pertaining to a path for Puerto Rico's statehood.,,2024-07-15T21:08:39-04:00,90000.0,0.0
c4d2ae6c-967f-49bc-ac7e-65dbee5e2131,2024,Q2,,317355,JOSE FUENTES,DC,186009,"EMPRESAS FONALLEDAS, INC.",PR,Real estate development company.,10000.00,,Agriculture,"Puerto Rico Nutrition Assistance Program (NAP), Nutrition and food security issues for Puerto Rico. Puerto Rico Nutritio",,2024-07-16T11:31:19-04:00,10000.0,0.0
44f3ac94-c996-4d48-bc96-c48725df3a59,2024,2TY,,7257,"BROWNSTEIN HYATT FARBER SCHRECK, LLP",DC,53650,"ROMARK GLOBAL PHARMA, LLC",PR,Pharmaceutical product distributor,,,,,,2024-07-16T13:33:27-04:00,0.0,0.0
544253bc-b021-4143-931b-496a39ed32cf,2024,Q2,,30906,SQUIRE PATTON BOGGS,DC,136354,GOVERNMENT OF PUERTO RICO,PR,Government entity (not foreign),160000.00,,Agriculture|Budget/Appropriations|Disaster Planning/Emergencies|Government Issues|Taxation/Internal Revenue Code,"Advocacy related to the Farm Bill and shifting Puerto Rico from NAP to SNAP.|Advocacy related to Puerto Ricos appropriations priorities, including disaster supplemental funding.|Advocacy related to FEMA Sec. 428 alternative procedures program.|Advocacy related to Puerto Rico status legislation.|Advocacy related to the rum cover over excise tax and other tax policy priorities.",,2024-07-16T15:20:26-04:00,160000.0,0.0
3366345e-b891-4d3f-bf44-4be6567da1fc,2024,Q2,,304736,"TARPLIN, DOWNS & YOUNG, LLC",DC,181317,TRIPLE-S MANAGEMENT CORPORATION,PR,Insurance,70000.00,,Budget/Appropriations|Health Issues|Medicare/Medicaid,"Federal budget issues|health disparities, social determinates of health|Medicare Advantage, Medicare Advantage benchmarks, Medicare reimbursement, dual eligible, Medicare physician payment",,2024-07-16T17:47:52-04:00,70000.0,0.0
51b56ac3-6c41-4e34-bf56-16793bd84d23,2024,Q2,,30906,SQUIRE PATTON BOGGS,DC,137655,"PARA LA NATURALEZA, INC.",PR,Conservation Trust,10000.00,,Agriculture|Disaster Planning/Emergencies|Natural Resources|Taxation/Internal Revenue Code,"Reforestation issues stemming from 2017 natural disasters.|Preservation of historic aqueduct and surrounding area.|Reforestation issues stemming from 2017 natural disasters.|Lobby Congress on S. 1477, H.R. 3146 and final bill H.R. 7024 - Rum Cover Tax.",,2024-07-17T12:26:29-04:00,10000.0,0.0
9ee62480-48b6-4b33-9628-cd02632c593d,2024,Q2,,401103327,OFF HILL STRATEGIES L.L.C.,FL,198595,FINANCIAL OVERSIGHT AND MANAGEMENT BOARD FOR PUERTO RICO,PR,Economic growth and opportunity for the people of Puerto Rico,60000.00,,Natural Resources,Implementation of PROMESA,,2024-07-19T11:12:09-04:00,60000.0,0.0
92558b5c-f3d3-4f74-b87a-9a9acf50de23,2024,Q2,,401103211,CAPITOL ADVOCACY PARTNERS,DC,198165,BOYS AND GIRLS CLUBS OF PUERTO RICO,PR,Community services and programs.,15000.00,,Education|Health Issues|Law Enforcement/Crime/Criminal Justice|Economics/Economic Development|Budget/Appropriations|Disaster Planning/Emergencies,"Pandemic learning support. Basic skills job training and GED attainment. Workforce training.|Mental health, nutrition, early childhood learning. Domestic violence.|Violence prevention and children's exposure to repeated violence|Economic development for youth workforce, including relation to after school programming.|Community Project Requests for facilities and after school programming.",,2024-07-19T11:50:25-04:00,15000.0,0.0
b3aa4b5e-ba20-4f5d-9a91-c7610e935088,2024,Q2,,400532589,PRIME POLICY GROUP,DC,209778,SENATE OF PUERTO RICO,PR,Legislature of Puerto Rico,70000.00,,Taxation/Internal Revenue Code|Welfare|Natural Resources|Agriculture,"Tax reform|Social security, SSI, SNAP|PROMESA; oversight|Farm bill",,2024-07-19T13:40:45-04:00,70000.0,0.0
d5729ccc-2427-4c96-bdf5-27ddb90a8481,2024,Q2,,401104071,NEW CENTURY GOVERNMENT AFFAIRS (F/K/A TERRENCE C. WOLFE),DC,213556,THE CORMAC GROUP ON BEHALF OF NUC UNIVERSITY,PR,"General higher education issues, Title IV, Gainful Employment",10000.00,,Education,Issues related to gainful employment and international students,,2024-07-19T14:31:52-04:00,10000.0,0.0
3b5dbf44-d8a9-4fc0-8f26-fcbcfd3dec9b,2024,Q2,,297033,"TORREY ADVISORY GROUP (FORMERLY MICHAEL TORREY ASSOCIATES, LLC)",DC,207439,"GRUPO NAVIS, LLC",PR,"Distribution of fruits, vegetables, and fresh eggs in Puerto Rico.",30000.00,,"Food Industry (safety, labeling, etc.)",The Emergency Food Assistance Program (TEFAP). Issues related to the transition of Puerto Rico from NAP to SNAP.,,2024-07-19T16:48:00-04:00,30000.0,0.0
3be99aa8-f95d-4e14-bd19-4004031204f9,2024,Q2,,72053,CAPITOL HILL CONSULTING GROUP,DC,165758,"MCS HEALTHCARE HOLDINGS, LLC",PR,Health Insurance Company,30000.00,,Medicare/Medicaid|Government Issues,"Medicaid funding cliff, Puerto Rico MA rates, Medicare Part B buy-in.|Medicaid funding cliff, Puerto Rico MA rates, Medicare Part B buy-in.",,2024-07-19T18:30:53-04:00,30000.0,0.0
932a9ccf-fc9c-4199-b668-0ddf1093df7d,2024,Q2,,7268,BROYDRICK & ASSOCIATES,DC,110356,MILWAUKEE METROPOLITAN SEWERAGE DISTRICT,PR,Municipality in Puerto Rico,20000.00,,Clean Air and Water (quality)|Budget/Appropriations|Utilities,State Revolving Loan Fund. Federal appropriations for land conservation fund. Clean Water Trust Fund Legislation TIGER G|State Revolving Loan Fund. Federal appropriations for land conservation fund. Clean Water Trust Fund Legislation TIGER G|State Revolving Loan Fund. Federal appropriations for land conservation fund. Clean Water Trust Fund Legislation TIGER G,,2024-07-20T08:22:39-04:00,20000.0,0.0
a1313ce6-3e7f-4284-98ce-a50ac0dfc51d,2024,Q2Y,,1182,ALSTON & BIRD LLP,DC,102473,AIRPORT SHOPPES CORP,PR,Food service,,,,,,2024-07-22T08:00:13-04:00,0.0,0.0
16060c1a-ef65-4fa2-ac26-e62f07266f22,2024,Q2,,32932,REED SMITH LLP,DC,59167,MEDICARE AND MEDICAID ADVANTAGE PRODUCTS ASSOCIATION OF PUERTO RICO,PR,Health Care Trade Association,70000.00,,Medicare/Medicaid,Issues related to health care coverage in Puerto Rico.,,2024-07-22T11:42:16-04:00,70000.0,0.0
b5018eaa-ad0c-4792-bc29-ace8b84a13f7,2024,Q2,,21632,KING & SPALDING LLP,DC,128506,"MCS ADVANTAGE, INC.",PR,Healthcare plan provider,50000.00,,Medicare/Medicaid,Issues related to Medicare Advantage reimbursement for Puerto Rico,,2024-07-22T12:27:57-04:00,50000.0,0.0
4b8906b2-e3a6-4173-ab71-543173516c54,2024,Q2Y,,21632,KING & SPALDING LLP,DC,128507,PUERTO RICO ELECTRIC POWER AUTHORITY (PREPA),PR,Utility provider,,,,,,2024-07-22T12:30:59-04:00,0.0,0.0
47293366-93c7-4c57-ba2f-396db5c65c03,2024,Q2,,21632,KING & SPALDING LLP,DC,53432,PUERTO RICO FISCAL AGENCY AND FINANCIAL ADVISORY AUTHORITY (AAFAF),PR,Independent public corporation and governmental instrumentality,120000.00,,Budget/Appropriations|Energy/Nuclear|Homeland Security,Advocacy for Puerto Rico Fiscal Agency and Financial Advisory Authority (AAFAF) related to Statehood for Puerto Rico Iss|Advocacy for Puerto Rico Fiscal Agency and Financial Advisory Authority (AAFAF) related to Statehood for Puerto Rico Iss|Advocacy for Puerto Rico Fiscal Agency and Financial Advisory Authority (AAFAF) related to Statehood for Puerto Rico Iss,,2024-07-22T12:34:14-04:00,120000.0,0.0
426a233f-7bbc-4e77-aeb3-d663d94f4c91,2024,Q2,,66773,"THE CORMAC GROUP, LLC",DC,213493,NUC UNIVERSITY,PR,higher education,20000.00,,Education,university visa issues,,2024-07-22T14:34:04-04:00,20000.0,0.0
9cd69e19-bbe5-41a3-80ab-715a755e32c5,2024,Q2,,401104100,VANTAGEKNIGHT LLC,PR,211661,VAULTLINK INC.,PR,Cryptocurrency banking platform,90000.00,,Banking,"Monitoring and reporting on banking, cryptocurrency, blockchain, and digital assets policy issues",,2024-07-22T15:04:19-04:00,90000.0,0.0
e1ceb8c2-1dab-46eb-bbcd-6e0530edf0c5,2024,Q2,,313271,"AVOQ, LLC",DC,54900,SENATE OF PUERTO RICO,PR,Legislature of Puerto Rico,50000.00,,Taxation/Internal Revenue Code|Welfare,Issues related to taxes and economic development|Issues related to SNAP,,2024-07-22T17:19:33-04:00,50000.0,0.0
2dde1b56-2871-4a4b-99d3-e7ba4f158f0b,2024,Q2,,401107432,AXADVOCACY GOVERNMENT RELATIONS,DC,55181,PROFESSIONAL HOSPITAL GUAYNABO,PR,Health Care,50000.00,,Health Issues,"Puerto Rico Hospital Administration issues, generally. Monitor CMS Hospital issues, oversight of Medicare Network Adequa",,2024-07-22T19:16:35-04:00,50000.0,0.0
6ec476a1-4031-438d-bd57-0c33d7ddd1ed,2024,Q2Y,,401103500,FIERCE GOVERNMENT RELATIONS,DC,55287,SENATE OF PUERTO RICO,PR,Legislature of Puerto Rico,,,,,,2024-07-22T23:38:03-04:00,0.0,0.0
2f98c1ee-65b9-43a4-a5ec-070e82722c86,2024,Q2,,401062995,"C6 STRATEGIES, LLC (FKA MS. DANA W. HUDSON)",DC,60183,RED CAT HOLDINGS,PR,Unmanned Aerial solutions and services,10000.00,,Defense,Advocate for enhanced Uas capabilities for USSOCOM and Army,,2024-07-23T16:10:20-04:00,10000.0,0.0
672f000f-4967-43a3-82c1-8c105f645054,2024,Q2,,401104600,ALTA CREST LLC,DC,57735,GENERA PR LLC,PR,Power and Energy Service Provider,54000.00,,Energy/Nuclear,Puerto Rico energy grid security,,2024-07-29T21:18:18-04:00,54000.0,0.0
81d4dc09-c853-4bc7-b037-7e1fcfa5bc07,2024,Q2,,401105212,PARK & K PUBLIC AFFAIRS LLC,NY,203408,PONCE HEALTH SCIENCES UNIVERSITY,PR,Medical School,37500.00,,Economics/Economic Development,healthcare and healthcare education regulation,,2024-07-30T11:20:24-04:00,37500.0,0.0
7121c5d7-55eb-411c-af66-0654e8bda593,2024,Q2,,400520535,JASON UNDERWOOD,KY,192052,SERRALLES DISTILLERY,PR,Rum distiller,30000.00,,Taxation/Internal Revenue Code,Make permanent or extend the tax extenders that relate to the rum cover over program,,2024-08-27T08:51:20-04:00,30000.0,0.0
a6ffb78b-8efa-4dea-91a3-53aecf9d4953,2023,Q4,,401104600,ALTA CREST LLC,DC,57735,GENERA PR LLC,PR,Power and Energy Service Provider,54000.00,,Energy/Nuclear,Puerto Rico energy grid security,,2024-09-04T00:00:34-04:00,54000.0,0.0
fe9a6556-b69c-430b-bba5-c1ec349776d9,2024,Q3,,400428066,NWG ADVOCACY LLC,FL,190717,HOSPITAL ASSOCIATION OF PUERTO RICO,PR,Serve Puerto Rico's Hospital System and its Members,24000.00,,Health Issues,"MEDICAID, Medicare",,2024-10-06T14:09:44-04:00,24000.0,0.0
eb1ce3d5-3d00-4c33-ada8-249abb661826,2024,Q3,,400428066,NWG ADVOCACY LLC,FL,56721,CAMARA DE COMERCIO DE PUERTO RICO,PR,promotion of business in Puerto Rico,,,Economics/Economic Development,"SNAP, energy, tax, medicare, medicaid",,2024-10-06T14:19:38-04:00,0.0,0.0
97076479-406d-47f3-9fcf-565e0e7dbaa0,2024,Q3,,30906,SQUIRE PATTON BOGGS,DC,136354,GOVERNMENT OF PUERTO RICO,PR,Government entity (not foreign),80000.00,,Agriculture|Budget/Appropriations|Disaster Planning/Emergencies|Government Issues|Taxation/Internal Revenue Code,"Advocacy related to the Farm Bill and shifting Puerto Rico from NAP to SNAP.|Advocacy related to Puerto Ricos appropriations priorities, including disaster supplemental funding.|Advocacy related to FEMA Sec. 428 alternative procedures program.|Advocacy related to Puerto Rico status legislation.|Advocacy related to the rum cover over excise tax and other tax policy priorities.",,2024-10-11T15:30:53-04:00,80000.0,0.0
f20b1aa8-2485-4be5-9777-6d9181dcaa02,2024,Q3,,400532589,PRIME POLICY GROUP,DC,209778,SENATE OF PUERTO RICO,PR,Legislature of Puerto Rico,70000.00,,Taxation/Internal Revenue Code|Welfare|Natural Resources|Agriculture,"Tax reform|Social security, SSI, SNAP|PROMESA; oversight|Farm bill",,2024-10-14T15:12:22-04:00,70000.0,0.0
f9c99958-39df-4db7-aa2e-0043fb8f3131,2024,Q3,,75557,"CORNERSTONE GOVERNMENT AFFAIRS, INC.",DC,168233,PUERTO RICO PUBLIC PRIVATE PARTNERSHIPS AUTHORITY,PR,Promotes an ongoing collaboration between the public and private sector of Puerto Rico,50000.00,,Medicare/Medicaid|Taxation/Internal Revenue Code|Budget/Appropriations|Agriculture|Government Issues,Issues pertaining to Puerto Rico's unique treatment as a territory and Medicare/Medicaid.|Issues pertaining to Puerto Rico's unique treatment as a territory and taxation.|Issues pertaining to Puerto Rico's unique treatment as a territory and the path to statehood.|Issues pertaining to Puerto Rico's unique treatment as a territory and the path to statehood and supplemental nutrition |Issues pertaining to a path for Puerto Rico's statehood.,,2024-10-14T15:39:23-04:00,50000.0,0.0
bab1ff25-0b3e-48a9-a551-25c5bd6e8b5b,2024,Q3,,30906,SQUIRE PATTON BOGGS,DC,137655,"PARA LA NATURALEZA, INC.",PR,Conservation Trust,20000.00,,Agriculture|Disaster Planning/Emergencies|Natural Resources|Taxation/Internal Revenue Code,"Reforestation issues stemming from 2017 natural disasters.|Preservation of historic aqueduct and surrounding area.|Reforestation issues stemming from 2017 natural disasters.|Lobby Congress on S. 1477, H.R. 3146 and final bill H.R. 7024 - Rum Cover Tax.",,2024-10-15T11:58:48-04:00,20000.0,0.0
5bd42d01-eb4c-450c-be3c-016c1e90fd38,2024,Q3,,283696,"BECKER & POLIAKOFF, P.A.",DC,58276,VITELLO CONSULTING (ON BEHALF OF HUDSON VALLEY FISHERIES),PR,Consulting firm on behalf of an aquaculture facility,,,Agriculture,Agriculture Issues Farm Bill,,2024-10-16T16:06:45-04:00,0.0,0.0
74f6429c-5780-4d3e-ab39-9e1c1dd8dc85,2024,Q3,,401104071,NEW CENTURY GOVERNMENT AFFAIRS (F/K/A TERRENCE C. WOLFE),DC,213556,THE CORMAC GROUP ON BEHALF OF NUC UNIVERSITY,PR,"General higher education issues, Title IV, Gainful Employment",10000.00,,Education,Issues related to gainful employment and international students,,2024-10-16T16:15:49-04:00,10000.0,0.0
9a304e34-a3ea-4754-9b29-52562094e609,2024,Q3,,401104600,ALTA CREST LLC,DC,57735,GENERA PR LLC,PR,Power and Energy Service Provider,54000.00,,Energy/Nuclear,Puerto Rico energy grid security,,2024-10-17T09:44:45-04:00,54000.0,0.0
9e71e190-5513-48ed-8888-c9eca08b8c25,2024,Q3Y,,21632,KING & SPALDING LLP,DC,128507,PUERTO RICO ELECTRIC POWER AUTHORITY (PREPA),PR,Utility provider,,,,,,2024-10-18T09:16:26-04:00,0.0,0.0
a73d5160-eb7c-4992-82e8-6266a3965721,2024,Q3,,21632,KING & SPALDING LLP,DC,128506,"MCS ADVANTAGE, INC.",PR,Healthcare plan provider,50000.00,,Medicare/Medicaid,Issues related to Medicare Advantage reimbursement for Puerto Rico,,2024-10-18T09:23:47-04:00,50000.0,0.0
23677db3-3ec3-44d8-9e88-b03f0afac1e4,2024,Q3,,317355,JOSE FUENTES,DC,186009,"EMPRESAS FONALLEDAS, INC.",PR,Real estate development company.,10000.00,,Agriculture,Puerto Rico Nutrition Assistance Program (NAP); Issues related to nutrition and food security for Puerto Rico; H.R. 253/,,2024-10-18T09:28:46-04:00,10000.0,0.0
05746a6c-b4cf-4796-9b00-f662a42f79d6,2024,Q3,,21632,KING & SPALDING LLP,DC,53432,PUERTO RICO FISCAL AGENCY AND FINANCIAL ADVISORY AUTHORITY (AAFAF),PR,Independent public corporation and governmental instrumentality,120000.00,,Budget/Appropriations|Energy/Nuclear|Homeland Security,Advocacy for Puerto Rico Fiscal Agency and Financial Advisory Authority (AAFAF) related to Statehood for Puerto Rico Iss|Advocacy for Puerto Rico Fiscal Agency and Financial Advisory Authority (AAFAF) related to Statehood for Puerto Rico Iss|Advocacy for Puerto Rico Fiscal Agency and Financial Advisory Authority (AAFAF) related to Statehood for Puerto Rico Iss,,2024-10-18T09:52:13-04:00,120000.0,0.0
caf142e3-bb46-46a5-b4a6-1ff4d64bfb9b,2024,Q3,,304736,"TARPLIN, DOWNS & YOUNG, LLC",DC,181317,TRIPLE-S MANAGEMENT CORPORATION,PR,Insurance,70000.00,,Budget/Appropriations|Health Issues|Medicare/Medicaid,"Federal budget issues|health disparities, social determinates of health|Medicare Advantage, Medicare Advantage benchmarks, Medicare reimbursement, dual eligible, Medicare physician payment",,2024-10-18T11:32:52-04:00,70000.0,0.0
16e0e461-798b-48e8-9057-0c9f83e26b9a,2024,Q3,,401103327,OFF HILL STRATEGIES L.L.C.,FL,198595,FINANCIAL OVERSIGHT AND MANAGEMENT BOARD FOR PUERTO RICO,PR,Economic growth and opportunity for the people of Puerto Rico,60000.00,,Natural Resources,Implementation of PROMESA,,2024-10-18T13:50:44-04:00,60000.0,0.0
96183172-324f-47dd-86e8-7e955f4d5504,2024,Q3,,32932,REED SMITH LLP,DC,59167,MEDICARE AND MEDICAID ADVANTAGE PRODUCTS ASSOCIATION OF PUERTO RICO,PR,Health Care Trade Association,70000.00,,Medicare/Medicaid,Issues related to health care coverage in Puerto Rico.,,2024-10-18T16:14:56-04:00,70000.0,0.0
65a0e0b8-0817-4636-b045-d48d576fb4d2,2024,Q3,,72053,CAPITOL HILL CONSULTING GROUP,DC,165758,"MCS HEALTHCARE HOLDINGS, LLC",PR,Health Insurance Company,30000.00,,Medicare/Medicaid|Government Issues,"Medicaid funding cliff, Puerto Rico MA rates, Medicare Part B buy-in.|Medicaid funding cliff, Puerto Rico MA rates, Medicare Part B buy-in.",,2024-10-20T14:11:33-04:00,30000.0,0.0
7c1c247b-7018-408b-94a9-6c63f8f38db0,2024,Q3Y,,1182,ALSTON & BIRD LLP,DC,102473,AIRPORT SHOPPES CORP,PR,Food service,,,,,,2024-10-21T08:59:29-04:00,0.0,0.0
73e79c5e-ca4c-4a88-9371-326343381b02,2024,Q3,,7268,BROYDRICK & ASSOCIATES,DC,110356,MILWAUKEE METROPOLITAN SEWERAGE DISTRICT,PR,Municipality in Puerto Rico,20000.00,,Budget/Appropriations|Clean Air and Water (quality)|Utilities,State Revolving Loan Fund. Federal appropriations for land conservation fund. Clean Water Trust Fund Legislation TIGER G|State Revolving Loan Fund. Federal appropriations for land conservation fund. Clean Water Trust Fund Legislation TIGER G|State Revolving Loan Fund. Federal appropriations for land conservation fund. Clean Water Trust Fund Legislation TIGER G,,2024-10-21T09:40:38-04:00,20000.0,0.0
34a5b1ac-0cf0-4800-83c2-2d779f3cb63f,2024,Q3,,66773,"THE CORMAC GROUP, LLC",DC,213493,NUC UNIVERSITY,PR,higher education,20000.00,,Education,university visa issues,,2024-10-21T13:48:28-04:00,20000.0,0.0
a819e280-0299-4db1-b959-5f0ee0f295ef,2024,Q3,,401104100,VANTAGEKNIGHT LLC,PR,211661,VAULTLINK INC.,PR,Cryptocurrency banking platform,90000.00,,Banking,"Monitoring and reporting on banking, cryptocurrency, blockchain, and digital assets policy issues",,2024-10-21T15:17:38-04:00,90000.0,0.0
78355b47-905a-409f-bc00-630665e162d9,2024,Q3,,401107432,AXADVOCACY GOVERNMENT RELATIONS,DC,55181,PROFESSIONAL HOSPITAL GUAYNABO,PR,Health Care,50000.00,,Health Issues,"Puerto Rico Hospital Administration issues, generally. Monitor CMS Hospital issues, oversight of Medicare Network Adequa",,2024-10-21T15:55:05-04:00,50000.0,0.0
37116bf5-f355-4520-a0c3-ccbc30fcbca6,2024,3TY,,401103500,FIERCE GOVERNMENT RELATIONS,DC,55287,SENATE OF PUERTO RICO,PR,Legislature of Puerto Rico,,,,,,2024-10-21T16:12:58-04:00,0.0,0.0
c95996eb-b900-4c8b-9062-b00c792aa165,2024,Q3,,313271,"AVOQ, LLC",DC,54900,SENATE OF PUERTO RICO,PR,Legislature of Puerto Rico,50000.00,,Welfare|Taxation/Internal Revenue Code,Issues related to SNAP|Issues related to taxes and economic development,,2024-10-21T18:44:12-04:00,50000.0,0.0
7993af7a-e334-4090-858d-7e219b68424c,2024,Q3,,297033,"TORREY ADVISORY GROUP (FORMERLY MICHAEL TORREY ASSOCIATES, LLC)",DC,207439,"GRUPO NAVIS, LLC",PR,"Distribution of fruits, vegetables, and fresh eggs in Puerto Rico.",30000.00,,"Food Industry (safety, labeling, etc.)",The Emergency Food Assistance Program (TEFAP). Issues related to the transition of Puerto Rico from NAP to SNAP. Food as,,2024-10-21T21:45:01-04:00,30000.0,0.0
868094e9-d7ee-4db2-89b3-ef6f5172e2b5,2024,Q3,,401103211,CAPITOL ADVOCACY PARTNERS,DC,198165,BOYS AND GIRLS CLUBS OF PUERTO RICO,PR,Community services and programs.,15000.00,,Housing|Economics/Economic Development|Budget/Appropriations|Disaster Planning/Emergencies|Education|Health Issues|Law Enforcement/Crime/Criminal Justice,"Requested Rep. Gonzalez to support BGCPRs request to reallocate FY23 CPF funding to support the ongoing San Lorenzo Proj|Economic development for youth workforce, including relation to after school programming.|Community Project Requests for facilities and after school programming.|Disaster recovery and preparation, including Community Development Block Grant.|Pandemic learning support. Basic skills job training and GED attainment. Workforce training.",,2024-10-21T21:56:14-04:00,15000.0,0.0
05d82f5d-8f6e-49ba-95de-5d7d00511bc0,2024,Q3,,401062995,"C6 STRATEGIES, LLC (FKA MS. DANA W. HUDSON)",DC,60183,RED CAT HOLDINGS,PR,Unmanned Aerial solutions and services,10000.00,,Defense,Advocate for enhanced Uas capabilities for USSOCOM,,2024-10-21T23:44:22-04:00,10000.0,0.0
fde4f98f-2ae3-4f7f-adb1-63d595d07b29,2024,Q3,,401105212,PARK & K PUBLIC AFFAIRS LLC,NY,203408,PONCE HEALTH SCIENCES UNIVERSITY,PR,Medical School,37500.00,,Economics/Economic Development,healthcare and healthcare education regulation,,2024-10-23T12:54:44-04:00,37500.0,0.0
bb4b6bf3-ea69-409b-9158-a75d038c2aef,2024,Q3,,30495,"PACE, LLP",DC,56583,DISTILLERIA SERRALLES,PR,Spirits,20000.00,,Taxation/Internal Revenue Code,"H.R. 1028/S. 1477 Rum Cover Over, HR 7024",,2024-10-23T14:28:55-04:00,20000.0,0.0
56170e8f-e037-4c72-bd9b-a8584b755c5d,2024,RR,,283696,"BECKER & POLIAKOFF, P.A.",DC,61938,VITELLO CONSULTING (ON BEHALF OF BEATBOX BEVERAGES),PR,Beverage Company,,,Alcohol and Drug Abuse,Standards of fill,,2024-11-11T19:50:03-05:00,0.0,0.0
2bd3f5e6-1b36-4c53-a918-95f4c57d430e,2024,Q3,,400520535,JASON UNDERWOOD,KY,192052,SERRALLES DISTILLERY,PR,Rum distiller,30000.00,,Taxation/Internal Revenue Code,Make permanent or extend the tax extenders that relate to the rum cover over program,,2024-12-04T11:14:34-05:00,30000.0,0.0
c5b9449b-43b8-427b-962a-fcd08fc13b67,2024,Q4,,30906,SQUIRE PATTON BOGGS,DC,136354,GOVERNMENT OF PUERTO RICO,PR,Government entity (not foreign),60000.00,,Agriculture|Budget/Appropriations|Disaster Planning/Emergencies|Government Issues|Taxation/Internal Revenue Code,"Advocacy related to the Farm Bill and shifting Puerto Rico from NAP to SNAP.|Advocacy related to Puerto Ricos appropriations priorities, including disaster supplemental funding.|Advocacy related to FEMA Sec. 428 alternative procedures program.|Advocacy related to Puerto Rico status legislation.|Advocacy related to the rum cover over excise tax and other tax policy priorities.",,2025-01-10T14:03:51-05:00,60000.0,0.0
4611fff1-bd02-4424-b7d0-c8b3bb15d8e2,2024,4TY,,283696,"BECKER & POLIAKOFF, P.A.",DC,58276,VITELLO CONSULTING (ON BEHALF OF HUDSON VALLEY FISHERIES),PR,Consulting firm on behalf of an aquaculture facility,,,,,,2025-01-13T13:33:25-05:00,0.0,0.0
74b4deb5-b502-4363-92ca-f6485bf88172,2025,RR,,283696,"BECKER & POLIAKOFF, P.A.",DC,63526,VITELLO CONSULTING (ON BEHALF OF FORTUNE METALS LLC),PR,Scrap Metal Company,,,Budget/Appropriations,Federal funding for community projects.,,2025-01-13T13:40:29-05:00,0.0,0.0
9cfa1183-8e3d-4361-9b08-d356dd85b1c9,2024,Q4,,21632,KING & SPALDING LLP,DC,128506,"MCS ADVANTAGE, INC.",PR,Healthcare plan provider,50000.00,,Medicare/Medicaid,Issues related to Medicare Advantage reimbursement for Puerto Rico,,2025-01-13T23:32:34-05:00,50000.0,0.0
2d58762d-f164-4a44-9eca-6bf98d637aca,2024,Q4Y,,21632,KING & SPALDING LLP,DC,128507,PUERTO RICO ELECTRIC POWER AUTHORITY (PREPA),PR,Utility provider,,,,,,2025-01-13T23:49:31-05:00,0.0,0.0
9b42922d-6239-40db-b7da-03d3221675a3,2024,Q4,,21632,KING & SPALDING LLP,DC,53432,PUERTO RICO FISCAL AGENCY AND FINANCIAL ADVISORY AUTHORITY (AAFAF),PR,Independent public corporation and governmental instrumentality,120000.00,,Budget/Appropriations|Energy/Nuclear|Homeland Security,Advocacy for Puerto Rico Fiscal Agency and Financial Advisory Authority (AAFAF) related to Statehood for Puerto Rico Iss|Advocacy for Puerto Rico Fiscal Agency and Financial Advisory Authority (AAFAF) related to Statehood for Puerto Rico Iss|Advocacy for Puerto Rico Fiscal Agency and Financial Advisory Authority (AAFAF) related to Statehood for Puerto Rico Iss,,2025-01-13T23:52:07-05:00,120000.0,0.0
f758b261-571d-4fd9-b1ae-965f712defc8,2024,RR,,8453,"CASSIDY & ASSOCIATES, INC.",DC,63551,RED CAT,PR,"UAV manufacture/RDTE for surveillance, reconnaissance, & tactical operations",,,Defense,Department of Defense,,2025-01-14T10:17:17-05:00,0.0,0.0
2cd74ed2-e1b6-40f5-9915-1b293f2cb30c,2024,Q4,,30495,"PACE, LLP",DC,56583,DISTILLERIA SERRALLES,PR,Spirits,20000.00,,Taxation/Internal Revenue Code,"H.R. 1028/S. 1477 Rum Cover Over, HR 7024",,2025-01-14T17:12:06-05:00,20000.0,0.0
4e062dc2-e52a-426c-b926-04e5abff0fe8,2024,Q4,,401104600,ALTA CREST LLC,DC,57735,GENERA PR LLC,PR,Power and Energy Service Provider,54000.00,,Energy/Nuclear,Puerto Rico energy grid security,,2025-01-14T21:48:13-05:00,54000.0,0.0
1df1b534-401a-4d76-8c84-14f7632f8b3d,2024,Q4,,30906,SQUIRE PATTON BOGGS,DC,137655,"PARA LA NATURALEZA, INC.",PR,Conservation Trust,10000.00,,Agriculture|Disaster Planning/Emergencies|Natural Resources|Taxation/Internal Revenue Code,"Reforestation issues stemming from 2017 natural disasters.|Preservation of historic aqueduct and surrounding area.|Reforestation issues stemming from 2017 natural disasters.|Lobby Congress on S. 1477, H.R. 3146 and final bill H.R. 7024 - Rum Cover Tax.",,2025-01-15T12:57:10-05:00,10000.0,0.0
b1c33c4c-109b-4c09-99ec-12695c2c28be,2024,Q4,,7268,BROYDRICK & ASSOCIATES,DC,110356,MILWAUKEE METROPOLITAN SEWERAGE DISTRICT,PR,Municipality in Puerto Rico,20000.00,,Budget/Appropriations|Clean Air and Water (quality)|Utilities,State Revolving Loan Fund. Federal appropriations for land conservation fund. Clean Water Trust Fund Legislation TIGER G|State Revolving Loan Fund. Federal appropriations for land conservation fund. Clean Water Trust Fund Legislation TIGER G|State Revolving Loan Fund. Federal appropriations for land conservation fund. Clean Water Trust Fund Legislation TIGER G,,2025-01-16T09:24:42-05:00,20000.0,0.0
4fd92dfa-dd8c-499e-be3a-5042e3a6be55,2024,Q4,,401104071,NEW CENTURY GOVERNMENT AFFAIRS (F/K/A TERRENCE C. WOLFE),DC,213556,THE CORMAC GROUP ON BEHALF OF NUC UNIVERSITY,PR,"General higher education issues, Title IV, Gainful Employment",10000.00,,Education,Issues related to gainful employment and international students,,2025-01-16T11:55:26-05:00,10000.0,0.0
3580511a-1dfc-4daa-80e4-edc1d353eade,2024,Q4,,304736,"TARPLIN, DOWNS & YOUNG, LLC",DC,181317,TRIPLE-S MANAGEMENT CORPORATION,PR,Insurance,70000.00,,Medicare/Medicaid|Budget/Appropriations|Health Issues,"Medicare Advantage, Medicare Advantage benchmarks, Medicare reimbursement, dual eligible, Medicare physician payment|Federal budget issues|health disparities, social determinates of health",,2025-01-16T16:30:22-05:00,70000.0,0.0
cb5f43d5-76c4-4bbc-8b35-ac37ae157112,2024,Q4,,317355,JOSE FUENTES,DC,186009,"EMPRESAS FONALLEDAS, INC.",PR,Real estate development company.,10000.00,,Agriculture,Puerto Rico Nutrition Assistance Program (NAP); Issues related to nutrition and food security for Puerto Rico; H.R. 253/,,2025-01-17T10:47:07-05:00,10000.0,0.0
d5bea1b3-eea7-4f7b-8b0a-24ae1257919f,2024,Q4,,283696,"BECKER & POLIAKOFF, P.A.",DC,61938,VITELLO CONSULTING (ON BEHALF OF BEATBOX BEVERAGES),PR,Beverage Company,10000.00,,Consumer Issues/Safety/Products,Issues related to Alcohol & Tobacco Tax & Trade Bureau (TTB) and Standards of Fill,,2025-01-17T15:21:33-05:00,10000.0,0.0
c1bdb545-3790-47a7-b2ac-cca14ff51166,2024,Q4,,8453,"CASSIDY & ASSOCIATES, INC.",DC,63551,RED CAT,PR,"UAV manufacture/RDTE for surveillance, reconnaissance, & tactical operations",20000.00,,Defense,Department of Defense,,2025-01-18T17:19:38-05:00,20000.0,0.0
8c6358d8-56d5-4334-8f88-711516a5f1ec,2024,4T,,400532589,PRIME POLICY GROUP,DC,209778,SENATE OF PUERTO RICO,PR,Legislature of Puerto Rico,70000.00,,Taxation/Internal Revenue Code|Welfare|Natural Resources|Agriculture,"Tax reform|Social security, SSI, SNAP|PROMESA; oversight|Farm bill",,2025-01-19T23:31:40-05:00,70000.0,0.0
06006dc1-8d5a-470c-b224-016b388d22c0,2024,Q4,,75557,"CORNERSTONE GOVERNMENT AFFAIRS, INC.",DC,168233,PUERTO RICO PUBLIC PRIVATE PARTNERSHIPS AUTHORITY,PR,Promotes an ongoing collaboration between the public and private sector of Puerto Rico,70000.00,,Medicare/Medicaid|Taxation/Internal Revenue Code|Budget/Appropriations|Agriculture|Government Issues,Issues pertaining to Puerto Rico's unique treatment as a territory and Medicare/Medicaid.|Issues pertaining to Puerto Rico's unique treatment as a territory and taxation.|Issues pertaining to Puerto Rico's unique treatment as a territory and the path to statehood.|Issues pertaining to Puerto Rico's unique treatment as a territory and the path to statehood and supplemental nutrition |Issues pertaining to a path for Puerto Rico's statehood.,,2025-01-20T14:28:34-05:00,70000.0,0.0
5466786d-099d-40a8-82b1-bcd67448f0ea,2024,Q4,,32932,REED SMITH LLP,DC,59167,MEDICARE AND MEDICAID ADVANTAGE PRODUCTS ASSOCIATION OF PUERTO RICO,PR,Health Care Trade Association,70000.00,,Medicare/Medicaid,Issues related to health care coverage in Puerto Rico.,,2025-01-20T14:54:23-05:00,70000.0,0.0
13cf1a39-aab6-4d72-80ac-b79ab3e9c419,2024,Q4,,72053,CAPITOL HILL CONSULTING GROUP,DC,165758,"MCS HEALTHCARE HOLDINGS, LLC",PR,Health Insurance Company,30000.00,,Medicare/Medicaid|Government Issues,"Medicaid funding cliff, Puerto Rico MA rates, Medicare Part B buy-in.|Medicaid funding cliff, Puerto Rico MA rates, Medicare Part B buy-in.",,2025-01-20T20:09:28-05:00,30000.0,0.0
77b16dcd-218f-4126-adbb-650b1851f088,2024,Q4,,297033,"TORREY ADVISORY GROUP (FORMERLY MICHAEL TORREY ASSOCIATES, LLC)",DC,207439,"GRUPO NAVIS, LLC",PR,"Distribution of fruits, vegetables, and fresh eggs in Puerto Rico.",30000.00,,"Food Industry (safety, labeling, etc.)",The Emergency Food Assistance Program (TEFAP). Issues related to the transition of Puerto Rico from NAP to SNAP. Food as,,2025-01-20T21:12:23-05:00,30000.0,0.0
21732b38-f7b3-405a-841f-f9a082ae4465,2024,Q4,,400428066,NWG ADVOCACY LLC,FL,190717,HOSPITAL ASSOCIATION OF PUERTO RICO,PR,Serve Puerto Rico's Hospital System and its Members,24000.00,,Health Issues,"MEDICAID, Medicare",,2025-01-21T08:39:15-05:00,24000.0,0.0
60da4505-c0c0-4a14-b807-8529dc63ca1e,2024,Q4,,400428066,NWG ADVOCACY LLC,FL,56721,CAMARA DE COMERCIO DE PUERTO RICO,PR,promotion of business in Puerto Rico,15000.00,,Economics/Economic Development,"SNAP, energy, tax, medicare, medicaid",,2025-01-21T08:54:06-05:00,15000.0,0.0
5e820c4e-ff50-4acc-a483-f3b684b42a20,2024,Q4,,401103327,OFF HILL STRATEGIES L.L.C.,FL,198595,FINANCIAL OVERSIGHT AND MANAGEMENT BOARD FOR PUERTO RICO,PR,Economic growth and opportunity for the people of Puerto Rico,60000.00,,Natural Resources,Implementation of PROMESA,,2025-01-21T09:41:27-05:00,60000.0,0.0
2fc3bd04-9b55-45a9-a0cb-683de86118cd,2024,Q4Y,,1182,ALSTON & BIRD LLP,DC,102473,AIRPORT SHOPPES CORP,PR,Food service,,,,,,2025-01-21T12:36:24-05:00,0.0,0.0
621008bb-cdd2-49ca-a91f-0520d3fc507e,2024,Q4,,401104100,VANTAGEKNIGHT LLC,PR,211661,VAULTLINK INC.,PR,Cryptocurrency banking platform,90000.00,,Banking,"Monitoring and reporting on banking, cryptocurrency, blockchain, and digital assets policy issues",,2025-01-21T14:56:04-05:00,90000.0,0.0
c6cdb165-020f-4ffd-ae8e-26ac18ba094a,2024,Q4,,66773,"THE CORMAC GROUP, LLC",DC,213493,NUC UNIVERSITY,PR,higher education,20000.00,,Education,university visa issues,,2025-01-21T16:11:27-05:00,20000.0,0.0
eff930d9-ea52-4b4f-9371-a533e60ee855,2024,Q4,,401107432,AXADVOCACY GOVERNMENT RELATIONS,DC,55181,PROFESSIONAL HOSPITAL GUAYNABO,PR,Health Care,50000.00,,Health Issues,"Puerto Rico Hospital Administration issues, generally. Monitor CMS Hospital issues, oversight of Medicare Network Adequa",,2025-01-21T16:41:38-05:00,50000.0,0.0
4075ddd3-3b0b-4845-bf8a-792be9731edf,2024,4TY,,313271,"AVOQ, LLC",DC,54900,SENATE OF PUERTO RICO,PR,Legislature of Puerto Rico,,,,,,2025-01-21T19:13:20-05:00,0.0,0.0
2ec37f67-fbe9-4a94-bf2b-e1bd886320aa,2024,Q4,,401105212,PARK & K PUBLIC AFFAIRS LLC,NY,203408,PONCE HEALTH SCIENCES UNIVERSITY,PR,Medical School,37500.00,,Economics/Economic Development,healthcare and healthcare education regulation,,2025-01-24T11:17:50-05:00,37500.0,0.0
b949a542-806f-4a05-b3e8-5ca717da581d,2024,Q4,,401062995,"C6 STRATEGIES, LLC (FKA MS. DANA W. HUDSON)",DC,60183,RED CAT HOLDINGS,PR,Unmanned Aerial solutions and services,,,Defense,Advocate for enhanced Uas capabilities for USSOCOM and other DoD users.,,2025-01-25T15:44:29-05:00,0.0,0.0
ecb4870d-60c0-410c-af63-a176208f4e22,2025,RR,,401105227,BRIAN GLACKIN & ASSOCIATES LLC,VA,63923,"RED CAT HOLDINGS, INC.",PR,Drone technology company,,,Defense,Unmanned Air Systems,,2025-01-30T16:08:17-05:00,0.0,0.0
887b0222-36b5-4a64-a618-1cb53df03ba0,2024,Q4,,401103211,CAPITOL ADVOCACY PARTNERS,DC,198165,BOYS AND GIRLS CLUBS OF PUERTO RICO,PR,Community services and programs.,5000.00,,Budget/Appropriations|Disaster Planning/Emergencies|Education|Health Issues|Law Enforcement/Crime/Criminal Justice|Economics/Economic Development|Housing,"Discussions on non-profit needs, challenges, and community projects, including moving funding from Arecibo Clubhouse com|Disaster recovery and preparation, including Community Development Block Grant.|Pandemic learning support. Basic skills job training and GED attainment. Workforce training.|Mental health, nutrition, early childhood learning. Domestic violence.|Violence prevention and children's exposure to repeated violence",,2025-02-04T11:52:35-05:00,5000.0,0.0
fb364ee1-bcc9-45ab-b52f-e03bd758730b,2024,Q4,,400520535,JASON UNDERWOOD,KY,192052,SERRALLES DISTILLERY,PR,Rum distiller,30000.00,,Taxation/Internal Revenue Code,Make permanent or extend the tax extenders that relate to the rum cover over program,,2025-03-03T16:20:42-05:00,30000.0,0.0
22cccbc0-ce81-44ce-9703-cb11aaf8a035,2025,Q1,,400428066,NWG ADVOCACY LLC,FL,190717,HOSPITAL ASSOCIATION OF PUERTO RICO,PR,Serve Puerto Rico's Hospital System and its Members,24000.00,,Health Issues,Medicaid and Medicare,,2025-04-01T10:32:50-04:00,24000.0,0.0
ea0c54ea-7cc1-4864-a7ad-6d70fc945286,2025,Q1,,400428066,NWG ADVOCACY LLC,FL,56721,CAMARA DE COMERCIO DE PUERTO RICO,PR,promotion of business in Puerto Rico,9000.00,,Economics/Economic Development,"FEMA, Energy grid recovery, nearshoring",,2025-04-01T10:43:18-04:00,9000.0,0.0
06a7f887-4562-4110-9938-1fe7cb7d1624,2025,Q1,,401104600,ALTA CREST LLC,DC,57735,GENERA PR LLC,PR,Power and Energy Service Provider,54000.00,,Energy/Nuclear,Puerto Rico energy grid recovery,,2025-04-01T15:44:37-04:00,54000.0,0.0
a61bf05b-799a-4d34-b1e2-8615548eb2a9,2025,Q1,,401104071,NEW CENTURY GOVERNMENT AFFAIRS (F/K/A TERRENCE C. WOLFE),DC,213556,THE CORMAC GROUP ON BEHALF OF NUC UNIVERSITY,PR,"General higher education issues, Title IV, Gainful Employment",10000.00,,Education,Issues related to gainful employment and international students,,2025-04-09T11:05:22-04:00,10000.0,0.0
ab4778fa-171d-4e80-a242-36f842a92d37,2025,Q1,,30906,SQUIRE PATTON BOGGS,DC,137655,"PARA LA NATURALEZA, INC.",PR,Conservation Trust,30000.00,,Agriculture|Disaster Planning/Emergencies|Natural Resources|Taxation/Internal Revenue Code,"Reforestation issues stemming from 2017 natural disasters.|Preservation of historic aqueduct and surrounding area.|Reforestation issues stemming from 2017 natural disasters.|Lobby Congress on S. 1477, H.R. 3146 and final bill H.R. 7024 - Rum Cover Tax.",,2025-04-10T13:38:08-04:00,30000.0,0.0
9586e37c-6f0b-4d3c-af9c-07b64d3dcdf6,2025,Q1,,30906,SQUIRE PATTON BOGGS,DC,136354,GOVERNMENT OF PUERTO RICO,PR,Government entity (not foreign),60000.00,,Agriculture|Taxation/Internal Revenue Code,Advocacy related to the Farm Bill and shifting Puerto Rico from NAP to SNAP.|Advocacy related to the rum cover over excise tax and other tax policy priorities.,,2025-04-15T12:27:35-04:00,60000.0,0.0
564b9c47-b278-4bb8-a80b-8fc27ab7f21b,2025,Q1,,401105227,BRIAN GLACKIN & ASSOCIATES LLC,VA,63923,"RED CAT HOLDINGS, INC.",PR,Drone technology company,20000.00,,Defense,Unmanned Air Systems,,2025-04-16T14:30:49-04:00,20000.0,0.0
932f570a-5e05-4589-a537-4e1daba81346,2025,Q1,,7268,BROYDRICK & ASSOCIATES,DC,110356,MILWAUKEE METROPOLITAN SEWERAGE DISTRICT,PR,Municipality in Puerto Rico,10000.00,,Budget/Appropriations|Utilities,Corps of Engineering funding. GLRI initiative funding. WRDA for 2018 and Federal funding opportunities. RCPP program. In|Corps of Engineering funding. GLRI initiative funding. WRDA for 2018 and Federal funding opportunities. RCPP program. In,,2025-04-17T09:40:20-04:00,10000.0,0.0
69141dc7-9de7-463a-b2ea-6193600f7aa0,2025,Q1,,7268,BROYDRICK & ASSOCIATES,DC,110356,MILWAUKEE METROPOLITAN SEWERAGE DISTRICT,PR,Municipality in Puerto Rico,10000.00,,Budget/Appropriations|Utilities,Corps of Engineering funding. GLRI initiative funding. WRDA for 2018 and Federal funding opportunities. RCPP program. In|Corps of Engineering funding. GLRI initiative funding. WRDA for 2018 and Federal funding opportunities. RCPP program. In,,2025-04-17T09:41:13-04:00,10000.0,0.0
a581a6b8-3dd5-4df4-abf9-9cd925aed859,2025,Q1Y,,21632,KING & SPALDING LLP,DC,128507,PUERTO RICO ELECTRIC POWER AUTHORITY (PREPA),PR,Utility provider,,,,,,2025-04-18T00:23:51-04:00,0.0,0.0
c8e72ed1-3a73-4a36-98eb-526d9609f6cd,2025,Q1,,21632,KING & SPALDING LLP,DC,128506,"MCS ADVANTAGE, INC.",PR,Healthcare plan provider,50000.00,,Medicare/Medicaid,Issues related to Medicare Advantage reimbursement for Puerto Rico.,,2025-04-18T00:26:45-04:00,50000.0,0.0
a8f81ea1-8432-4d88-848a-1bf62159ead8,2025,Q1Y,,317355,JOSE FUENTES,DC,186009,"EMPRESAS FONALLEDAS, INC.",PR,Real estate development company.,,,,,,2025-04-18T10:22:43-04:00,0.0,0.0
5f1ba0f4-ca64-4435-addb-ca5f4d37c20b,2025,Q1,,401105212,PARK & K PUBLIC AFFAIRS LLC,NY,203408,PONCE HEALTH SCIENCES UNIVERSITY,PR,Medical School,37500.00,,Economics/Economic Development,"Economic development for Puerto Rico, expanding healthcare access on the island",,2025-04-18T10:36:43-04:00,37500.0,0.0
5bd6dcfc-589a-4fa6-930e-8f9f30d5852d,2025,Q1,,401103327,OFF HILL STRATEGIES L.L.C.,FL,198595,FINANCIAL OVERSIGHT AND MANAGEMENT BOARD FOR PUERTO RICO,PR,Economic growth and opportunity for the people of Puerto Rico,60000.00,,Natural Resources,Implementation of PROMESA,,2025-04-18T14:49:15-04:00,60000.0,0.0
157b3699-0eac-4379-b261-0ab909c696bb,2025,Q1,,283696,"BECKER & POLIAKOFF, P.A.",DC,61938,VITELLO CONSULTING (ON BEHALF OF BEATBOX BEVERAGES),PR,Beverage Company,20000.00,,Tariff (miscellaneous tariff bills),Foreign tariff issues,,2025-04-18T17:21:47-04:00,20000.0,0.0
e34e4cb7-0aa3-48be-8774-52dfd694bae0,2025,Q1,,8453,"CASSIDY & ASSOCIATES, INC.",DC,63551,RED CAT,PR,"UAV manufacture/RDTE for surveillance, reconnaissance, & tactical operations",50000.00,,Defense,Department of Defense,,2025-04-20T15:09:03-04:00,50000.0,0.0
3afe309d-241e-4c79-9ba7-4df1e8c47766,2025,Q1,,75557,"CORNERSTONE GOVERNMENT AFFAIRS, INC.",DC,168233,PUERTO RICO PUBLIC PRIVATE PARTNERSHIPS AUTHORITY,PR,Promotes an ongoing collaboration between the public and private sector of Puerto Rico,,,Government Issues|Medicare/Medicaid|Taxation/Internal Revenue Code|Budget/Appropriations|Agriculture,Issues pertaining to a path for Puerto Rico's statehood.|Issues pertaining to Puerto Rico's unique treatment as a territory and Medicare/Medicaid.|Issues pertaining to Puerto Rico's unique treatment as a territory and taxation.|Issues pertaining to Puerto Rico's unique treatment as a territory and the path to statehood.|Issues pertaining to Puerto Rico's unique treatment as a territory and the path to statehood and supplemental nutrition ,,2025-04-20T22:48:10-04:00,0.0,0.0
dfac9234-343c-4518-941d-b660d38fa0c3,2025,Q1Y,,21632,KING & SPALDING LLP,DC,53432,PUERTO RICO FISCAL AGENCY AND FINANCIAL ADVISORY AUTHORITY (AAFAF),PR,Independent public corporation and governmental instrumentality,120000.00,,,,,2025-04-21T00:46:31-04:00,120000.0,0.0
5307b493-846c-41c8-8931-e232ed6a2b30,2025,Q1Y,,1182,ALSTON & BIRD LLP,DC,102473,AIRPORT SHOPPES CORP,PR,Food service,,,,,,2025-04-21T10:07:21-04:00,0.0,0.0
24c1cfed-f39d-4175-8db6-c5deb71de35c,2025,Q1,,32932,REED SMITH LLP,DC,59167,MEDICARE AND MEDICAID ADVANTAGE PRODUCTS ASSOCIATION OF PUERTO RICO,PR,Health Care Trade Association,70000.00,,Medicare/Medicaid,Issues related to health care coverage in Puerto Rico.,,2025-04-21T11:13:50-04:00,70000.0,0.0
4f66ff39-cb56-47eb-9b74-990a760612e9,2025,Q1,,72053,CAPITOL HILL CONSULTING GROUP,DC,165758,"MCS HEALTHCARE HOLDINGS, LLC",PR,Health Insurance Company,30000.00,,Medicare/Medicaid|Government Issues,"Medicaid funding cliff, Puerto Rico MA rates, Medicare Part B buy-in.|Medicaid funding cliff, Puerto Rico MA rates, Medicare Part B buy-in.",,2025-04-21T14:14:40-04:00,30000.0,0.0
1ae46628-9cb9-4429-b2c3-ab6fb174cdff,2025,Q1,,304736,"TARPLIN, DOWNS & YOUNG, LLC",DC,181317,TRIPLE-S MANAGEMENT CORPORATION,PR,Insurance,70000.00,,Budget/Appropriations|Health Issues|Medicare/Medicaid,"federal budget issues|health disparities, social determinates of health|Medicare Advantage, Medicare Advantage benchmarks, Medicare reimbursement, dual eligible, Medicare physician payment",,2025-04-21T14:33:04-04:00,70000.0,0.0
5df1ad88-edf8-414b-b2d2-9ff05a0153e3,2025,Q1,,66773,"THE CORMAC GROUP, LLC",DC,213493,NUC UNIVERSITY,PR,higher education,20000.00,,Education,university visa issues,,2025-04-21T16:18:11-04:00,20000.0,0.0
247d2de8-09aa-4ee9-a498-0a22f3551713,2025,Q1,,401107432,AXADVOCACY GOVERNMENT RELATIONS,DC,55181,PROFESSIONAL HOSPITAL GUAYNABO,PR,Health Care,50000.00,,Health Issues,"Puerto Rico Hospital Administration issues, generally. Monitor CMS Hospital issues, oversight of Medicare Network Adequa",,2025-04-21T16:40:36-04:00,50000.0,0.0
cddecf42-ed53-46fd-86e8-aed1538e8868,2025,RR,,85071,"NAVIGATORS GLOBAL LLC (FORMERLY DC NAVIGATORS, LLC)",DC,66161,PUERTO RICO FISCAL AGENCY AND FINANCIAL ADVISORY AUTHORITY (AAFAF),PR,Independent public corporation and governmental instrumentality of Puerto Rico,,,Disaster Planning/Emergencies|Government Issues|Health Issues|Taxation/Internal Revenue Code|Housing|Energy/Nuclear,Issues related to energy infrastructure for Puerto Rico. Issues related to Puerto Ricos status. Issues related to disast|Issues related to energy infrastructure for Puerto Rico. Issues related to Puerto Ricos status. Issues related to disast|Issues related to energy infrastructure for Puerto Rico. Issues related to Puerto Ricos status. Issues related to disast|Issues related to energy infrastructure for Puerto Rico. Issues related to Puerto Ricos status. Issues related to disast|Issues related to energy infrastructure for Puerto Rico. Issues related to Puerto Ricos status. Issues related to disast,,2025-04-21T17:23:37-04:00,0.0,0.0
cb4ccdd6-303c-4db7-8fe8-d95a829e3e1d,2025,Q1,,297033,"TORREY ADVISORY GROUP (FORMERLY MICHAEL TORREY ASSOCIATES, LLC)",DC,207439,"GRUPO NAVIS, LLC",PR,"Distribution of fruits, vegetables, and fresh eggs in Puerto Rico.",30000.00,,"Food Industry (safety, labeling, etc.)",The Emergency Food Assistance Program (TEFAP). Food as Medicine.,,2025-04-21T18:51:14-04:00,30000.0,0.0
ef5ff966-7111-4a6c-9639-47b35d736da2,2025,Q1,,85071,"NAVIGATORS GLOBAL LLC (FORMERLY DC NAVIGATORS, LLC)",DC,66161,PUERTO RICO FISCAL AGENCY AND FINANCIAL ADVISORY AUTHORITY (AAFAF),PR,Independent public corporation and governmental instrumentality of Puerto Rico,50000.00,,Energy/Nuclear|Government Issues|Disaster Planning/Emergencies|Health Issues|Taxation/Internal Revenue Code|Housing,"Issues related to energy infrastructure for Puerto Rico. Issues related to disaster response and resilience for Puerto R|Issues related to energy infrastructure for Puerto Rico. Issues related to Puerto Ricos status. Issues related to disast|Issues related to energy infrastructure for Puerto Rico. Issues related to disaster response and resilience for Puerto R|General issues related to healthcare for Puerto Rico, including Medicaid issues.|Issues related to Puerto Ricos status. General tax and manufacturing issues.",,2025-04-21T19:08:22-04:00,50000.0,0.0
a5f8500a-8242-4481-9d09-f92f8cfaff5e,2025,Q1,,401104100,VANTAGEKNIGHT LLC,PR,211661,VAULTLINK INC.,PR,Cryptocurrency banking platform,90000.00,,Banking,"Monitoring and reporting on banking, cryptocurrency, blockchain, and digital assets policy issues",,2025-04-22T09:35:00-04:00,90000.0,0.0
03b1af70-5601-4aba-8f62-d5f752b6a7a4,2025,RR,,401106285,"CONTINENTAL STRATEGY, LLC",DC,66239,PUERTO RICO FISCAL AGENCY AND FINANCIAL ADVISORY AUTHORITY,PR,"Fiscal agent, financial advisor, and reporting agent for the Government of Puerto Rico.",,,Government Issues|Trade (domestic/foreign)|Economics/Economic Development|Health Issues|Transportation|Urban Development/Municipalities|Disaster Planning/Emergencies,Government relations and advocacy services.|Government relations and advocacy services.|Government relations and advocacy services.|Government relations and advocacy services.|Government relations and advocacy services.,,2025-04-22T13:39:40-04:00,0.0,0.0
4909d812-290e-4a5e-b67b-2ac72ba6dc0a,2025,Q1,,30495,"PACE, LLP",DC,56583,DISTILLERIA SERRALLES,PR,Spirits,20000.00,,Taxation/Internal Revenue Code,Rum Cover over,,2025-04-22T20:19:26-04:00,20000.0,0.0
4086c77c-9390-4977-b5fb-35589d04357b,2025,Q1,,30495,"PACE, LLP",DC,56583,DISTILLERIA SERRALLES,PR,Spirits,20000.00,,Taxation/Internal Revenue Code,Rum Cover over,,2025-04-22T20:19:44-04:00,20000.0,0.0
3e5b6c82-58c3-4db3-92fc-8ff8c82c6966,2025,Q1,,401062995,"C6 STRATEGIES, LLC (FKA MS. DANA W. HUDSON)",DC,60183,RED CAT HOLDINGS,PR,Unmanned Aerial solutions and services,,,Defense,Advocate for increased small unmanned aerial systems in the Army and US Special Operations Command.,,2025-04-28T23:20:17-04:00,0.0,0.0
a51a68b4-aaaa-4c25-b3d6-66418472ab23,2025,Q1,,401103211,CAPITOL ADVOCACY PARTNERS,DC,198165,BOYS AND GIRLS CLUBS OF PUERTO RICO,PR,Community services and programs.,5000.00,,Budget/Appropriations|Education,"Prior community project funding in EDI; ESSER funding. Proposed federal government universal funding freeze. FY25 commun|ESSER funding, reimbursement protocols, liquidation extension, and procurement for school construction project, aftersch",,2025-04-29T08:52:29-04:00,5000.0,0.0
a9a6bb23-e69a-4557-8b32-eb378d33db8a,2025,1A,,283696,"BECKER & POLIAKOFF, P.A.",DC,63526,VITELLO CONSULTING (ON BEHALF OF FORTUNE METALS LLC),PR,Scrap Metal Company,20000.00,,Agriculture,"Farm bill, agriculture issues",,2025-05-06T11:23:27-04:00,20000.0,0.0
abfa5ed6-3a17-4a4c-9cd7-8d906e10f933,2025,Q1,,400520535,JASON UNDERWOOD,KY,192052,SERRALLES DISTILLERY,PR,Rum distiller,30000.00,,Taxation/Internal Revenue Code,Seeking permanence of rum cover over tax extenders,,2025-05-13T12:38:57-04:00,30000.0,0.0
ae19d02c-e074-4a24-9d8f-e18b655ba5a7,2025,1AY,,401106285,"CONTINENTAL STRATEGY, LLC",DC,66239,PUERTO RICO FISCAL AGENCY AND FINANCIAL ADVISORY AUTHORITY,PR,"Fiscal agent, financial advisor, and reporting agent for the Government of Puerto Rico.",,,,,,2025-05-22T10:24:48-04:00,0.0,0.0
bf2a4a84-d837-4683-828f-f4bcd5233fc6,2025,Q2,,30906,SQUIRE PATTON BOGGS,DC,136354,GOVERNMENT OF PUERTO RICO,PR,Government entity (not foreign),60000.00,,Agriculture|Taxation/Internal Revenue Code,Advocacy related to the Farm Bill and shifting Puerto Rico from NAP to SNAP.|Advocacy related to the rum cover over excise tax and other tax policy priorities.,,2025-07-03T13:01:36-04:00,60000.0,0.0
97d54692-f4cb-491e-9141-ba9a2393423b,2025,Q2,,30906,SQUIRE PATTON BOGGS,DC,137655,"PARA LA NATURALEZA, INC.",PR,Conservation Trust,20000.00,,Taxation/Internal Revenue Code,"Lobby Congress on S. 1477, H.R. 3146 and final bill H.R. 7024 - Rum Cover Tax.",,2025-07-08T09:14:48-04:00,20000.0,0.0
51b7b8ae-bbfe-4054-b3bb-741820cda426,2025,RR,,401103211,CAPITOL ADVOCACY PARTNERS,DC,67687,VIMENTI,PR,Social service and education,,,Education,FY26 community project for STEM education,,2025-07-14T09:13:53-04:00,0.0,0.0
f9727f73-e16f-4cbf-a61b-22149f6400d1,2025,Q2,,30495,"PACE, LLP",DC,56583,DISTILLERIA SERRALLES,PR,Spirits,20000.00,,Taxation/Internal Revenue Code,Rum Cover over,,2025-07-14T09:15:23-04:00,20000.0,0.0
9baefa28-63b4-4ce3-959b-d56269936b22,2025,Q2,,400428066,NWG ADVOCACY LLC,FL,190717,HOSPITAL ASSOCIATION OF PUERTO RICO,PR,Serve Puerto Rico's Hospital System and its Members,24000.00,,Health Issues,Medicaid and Medicare,,2025-07-14T14:29:56-04:00,24000.0,0.0
20b20344-1c35-44d7-8e81-1d00f25a73a0,2025,Q2,,400428066,NWG ADVOCACY LLC,FL,56721,CAMARA DE COMERCIO DE PUERTO RICO,PR,promotion of business in Puerto Rico,9000.00,,Economics/Economic Development,"FEMA, Energy grid recovery, nearshoring",,2025-07-14T14:38:14-04:00,9000.0,0.0
7de814e5-3232-4714-95f1-b0f151cad538,2025,Q2,,283696,"BECKER & POLIAKOFF, P.A.",DC,61938,VITELLO CONSULTING (ON BEHALF OF BEATBOX BEVERAGES),PR,Beverage Company,20000.00,,Tariff (miscellaneous tariff bills),Foreign tariff issues,,2025-07-15T14:37:10-04:00,20000.0,0.0
032606fc-a4cd-4b3f-acc9-2896caca10b6,2025,Q2,,8453,"CASSIDY & ASSOCIATES, INC.",DC,63551,RED CAT,PR,"UAV manufacture/RDTE for surveillance, reconnaissance, & tactical operations",40000.00,,Defense,Department of Defense,,2025-07-16T17:03:48-04:00,40000.0,0.0
fdfee085-6b4d-479b-bce6-20f0c0e1f067,2025,Q2,,75557,"CORNERSTONE GOVERNMENT AFFAIRS, INC.",DC,168233,PUERTO RICO PUBLIC PRIVATE PARTNERSHIPS AUTHORITY,PR,Promotes an ongoing collaboration between the public and private sector of Puerto Rico,50000.00,,Medicare/Medicaid|Taxation/Internal Revenue Code|Budget/Appropriations|Agriculture|Government Issues,Issues pertaining to Puerto Rico's unique treatment as a territory and Medicare/Medicaid.|Issues pertaining to Puerto Rico's unique treatment as a territory and taxation.|Issues pertaining to Puerto Rico's unique treatment as a territory and the path to statehood.|Issues pertaining to Puerto Rico's unique treatment as a territory and the path to statehood and supplemental nutrition |Issues pertaining to a path for Puerto Rico's statehood.,,2025-07-16T23:02:03-04:00,50000.0,0.0
c5fe090b-3a0f-4ada-8962-c48da768c824,2025,Q2,,304736,"TARPLIN, DOWNS & YOUNG, LLC",DC,181317,TRIPLE-S MANAGEMENT CORPORATION,PR,Insurance,70000.00,,Budget/Appropriations|Health Issues|Medicare/Medicaid,"federal budget issues|health disparities, social determinates of health|Medicare Advantage, Medicare Advantage benchmarks, Medicare reimbursement, dual eligible, Medicare physician payment",,2025-07-17T15:12:48-04:00,70000.0,0.0
9f76551f-1a0b-4d82-8875-33c904ecf3a8,2025,Q2,,7268,BROYDRICK & ASSOCIATES,DC,110356,MILWAUKEE METROPOLITAN SEWERAGE DISTRICT,PR,Municipality in Puerto Rico,20000.00,,Budget/Appropriations|Utilities,Corps of Engineering funding. GLRI initiative funding. WRDA for 2018 and Federal funding opportunities. RCPP program. In|Corps of Engineering funding. GLRI initiative funding. WRDA for 2018 and Federal funding opportunities. RCPP program. In,,2025-07-17T17:48:11-04:00,20000.0,0.0
3c2f66c6-c8d0-48a0-b383-5d5a44c40db1,2025,RR,,401103245,STINSON LLP,MO,67926,"RWR1911, LLC",PR,Enhancing legal protections for private business owners.,,,Civil Rights/Civil Liberties,Addressing the standards and practices related to qui tam legal actions and investigations permitting private citizens t,,2025-07-18T11:15:21-04:00,0.0,0.0
77c4c501-7bb9-4b45-b5ca-3e0053558eb7,2025,Q2,,401105227,BRIAN GLACKIN & ASSOCIATES LLC,VA,63923,"RED CAT HOLDINGS, INC.",PR,Drone technology company,20000.00,,Defense,Unmanned Air Systems,,2025-07-18T14:12:14-04:00,20000.0,0.0
4ddc6b52-7a43-4c83-ae75-e15f92aaf36b,2025,Q2,,297033,"TORREY ADVISORY GROUP (FORMERLY MICHAEL TORREY ASSOCIATES, LLC)",DC,207439,"GRUPO NAVIS, LLC",PR,"Distribution of fruits, vegetables, and fresh eggs in Puerto Rico.",30000.00,,"Food Industry (safety, labeling, etc.)",Food as Medicine Nutrition Incentives Make America Healthy Again,,2025-07-20T07:24:04-04:00,30000.0,0.0
97831d97-6fbe-4b53-bdf4-b04fc96094d9,2025,Q2Y,,1182,ALSTON & BIRD LLP,DC,102473,AIRPORT SHOPPES CORP,PR,Food service,,,,,,2025-07-21T08:05:49-04:00,0.0,0.0
41931644-15b9-4d1c-99a9-1743c2d5d664,2025,Q2,,401104100,VANTAGEKNIGHT LLC,PR,211661,VAULTLINK INC.,PR,Cryptocurrency banking platform,90000.00,,Banking,"Monitoring and reporting on banking, cryptocurrency, blockchain, and digital assets policy issues",,2025-07-21T08:46:42-04:00,90000.0,0.0
939e0fbb-9b8b-4806-8bb4-589b20a199e6,2025,Q2,,401103327,OFF HILL STRATEGIES L.L.C.,FL,198595,FINANCIAL OVERSIGHT AND MANAGEMENT BOARD FOR PUERTO RICO,PR,Economic growth and opportunity for the people of Puerto Rico,60000.00,,Natural Resources,Implementation of PROMESA,,2025-07-21T09:13:34-04:00,60000.0,0.0
2316f32e-2992-4492-9fac-ba12f80ca8d2,2025,Q2,,283696,"BECKER & POLIAKOFF, P.A.",DC,63526,VITELLO CONSULTING (ON BEHALF OF FORTUNE METALS LLC),PR,Scrap Metal Company,20000.00,,Agriculture,"Farm bill, agriculture issues.",,2025-07-21T11:25:37-04:00,20000.0,0.0
8af808a6-a420-4603-a2d1-1d705fdcd593,2025,Q2,,72053,CAPITOL HILL CONSULTING GROUP,DC,165758,"MCS HEALTHCARE HOLDINGS, LLC",PR,Health Insurance Company,30000.00,,Medicare/Medicaid|Government Issues,"Medicaid funding cliff, Puerto Rico MA rates, Medicare Part B buy-in.|Medicaid funding cliff, Puerto Rico MA rates, Medicare Part B buy-in.",,2025-07-21T11:59:08-04:00,30000.0,0.0
6646c5e6-0309-4685-a445-181cd114f667,2025,2T,,317355,JOSE FUENTES,DC,186009,"EMPRESAS FONALLEDAS, INC.",PR,Real estate development company.,10000.00,,Agriculture,Nutrition and food security issues for Puerto Rico.,,2025-07-21T12:23:44-04:00,10000.0,0.0
5239e6e1-e9ae-4295-b97e-9350feed022e,2025,Q2,,401104071,NEW CENTURY GOVERNMENT AFFAIRS (F/K/A TERRENCE C. WOLFE),DC,213556,THE CORMAC GROUP ON BEHALF OF NUC UNIVERSITY,PR,"General higher education issues, Title IV, Gainful Employment",10000.00,,Education,Issues related to gainful employment and international students,,2025-07-21T13:42:05-04:00,10000.0,0.0
672453d6-da02-4603-b427-2a5e51414b07,2025,Q2,,401106285,"CONTINENTAL STRATEGY, LLC",DC,66239,PUERTO RICO FISCAL AGENCY AND FINANCIAL ADVISORY AUTHORITY,PR,"Fiscal agent, financial advisor, and reporting agent for the Government of Puerto Rico.",150000.00,,Trade (domestic/foreign)|Government Issues|Economics/Economic Development|Health Issues|Transportation|Urban Development/Municipalities|Disaster Planning/Emergencies,Government Relations and advocacy services|Government relations and advocacy services|government relations and advocacy services|government relations and advocacy services|government relations and advocacy services,,2025-07-21T14:01:07-04:00,150000.0,0.0
aeb464fc-a60d-4c3e-b877-f937ba346bb3,2025,2T,,401107432,AXADVOCACY GOVERNMENT RELATIONS,DC,55181,PROFESSIONAL HOSPITAL GUAYNABO,PR,Health Care,30000.00,,Health Issues,"Puerto Rico Hospital Administration issues, generally. Monitor CMS Hospital issues, oversight of Medicare Network Adequa",,2025-07-21T14:10:19-04:00,30000.0,0.0
649f601c-f3bc-4cbe-919c-0e8ffdbdf346,2025,Q2,,32932,REED SMITH LLP,DC,59167,MEDICARE AND MEDICAID ADVANTAGE PRODUCTS ASSOCIATION OF PUERTO RICO,PR,Health Care Trade Association,70000.00,,Medicare/Medicaid,Issues related to health care coverage in Puerto Rico.,,2025-07-21T14:54:16-04:00,70000.0,0.0
10e9f343-6806-4b33-b6a6-780132d796c0,2025,Q2,,85071,"NAVIGATORS GLOBAL LLC (FORMERLY DC NAVIGATORS, LLC)",DC,66161,PUERTO RICO FISCAL AGENCY AND FINANCIAL ADVISORY AUTHORITY (AAFAF),PR,Independent public corporation and governmental instrumentality of Puerto Rico,60000.00,,Government Issues|Disaster Planning/Emergencies|Health Issues|Taxation/Internal Revenue Code|Housing|Energy/Nuclear,"Issues related to energy infrastructure for Puerto Rico. Issues related to Puerto Ricos status. Issues related to disast|Issues related to energy infrastructure for Puerto Rico. Issues related to disaster response and resilience for Puerto R|General issues related to healthcare for Puerto Rico, including Medicaid issues.|Issues related to Puerto Ricos status. General tax and manufacturing issues, including the MMEDS Act of 2025 (H.R.3042).|General issues related to housing for Puerto Rico.",,2025-07-21T16:49:59-04:00,60000.0,0.0
d6d34208-090b-4d44-a559-0523a0471c58,2025,Q2,,66773,"THE CORMAC GROUP, LLC",DC,213493,NUC UNIVERSITY,PR,higher education,20000.00,,Education,"university visa issues, higher education issues",,2025-07-21T16:59:26-04:00,20000.0,0.0
0e611c81-94cc-4df0-a134-937df3b52e20,2025,Q2,,401103245,STINSON LLP,MO,67926,"RWR1911, LLC",PR,Enhancing legal protections for private business owners.,30000.00,,Civil Rights/Civil Liberties,Addressing the standards and practices related to qui tam legal actions and investigations permitting private citizens t,,2025-07-21T17:21:05-04:00,30000.0,0.0
7cfe4200-bc92-4a8a-8955-70e6bdf1b0f4,2025,Q2,,401103211,CAPITOL ADVOCACY PARTNERS,DC,198165,BOYS AND GIRLS CLUBS OF PUERTO RICO,PR,Community services and programs.,5000.00,,Health Issues|Budget/Appropriations|Education,"One Big Beautiful Bill and areas that impact students with disabilities, including Medicaid and Alaska carveout.|Prior community project funding in EDI; ESSER funding. Proposed federal government universal funding freeze. FY25 commun|ESSER funding, reimbursement protocols, liquidation extension, and procurement for school construction project, aftersch",,2025-07-21T18:29:41-04:00,5000.0,0.0
3da77758-3557-49ec-b730-86575bcb514e,2025,Q2,,21632,KING & SPALDING LLP,DC,128506,"MCS ADVANTAGE, INC.",PR,Healthcare plan provider,50000.00,,Medicare/Medicaid,Issues related to Medicare Advantage reimbursement for Puerto Rico.,,2025-07-21T20:08:18-04:00,50000.0,0.0
0fff026a-b6fa-424f-a872-c2ff3278f38f,2025,Q2Y,,21632,KING & SPALDING LLP,DC,128507,PUERTO RICO ELECTRIC POWER AUTHORITY (PREPA),PR,Utility provider,,,,,,2025-07-21T21:36:25-04:00,0.0,0.0
2aa0ec47-3550-4ef8-93b4-d710e07bf6fb,2025,Q2Y,,21632,KING & SPALDING LLP,DC,53432,PUERTO RICO FISCAL AGENCY AND FINANCIAL ADVISORY AUTHORITY (AAFAF),PR,Independent public corporation and governmental instrumentality,,,,,,2025-07-21T21:38:50-04:00,0.0,0.0
e9c438e6-c2df-4349-a20f-25a4cee96eb3,2025,Q1,,401103211,CAPITOL ADVOCACY PARTNERS,DC,67687,VIMENTI,PR,Social service and education,15000.00,,Budget/Appropriations|Education,"FY26 community project in STEM education and science career readiness; funding for economic development and anti-poverty|Full service community schools policy and grant program, support for two generation anti-poverty initiatives.",,2025-07-22T17:24:28-04:00,15000.0,0.0
19b3e849-7667-49a4-b7ae-e92ecca4861e,2025,Q2,,401103211,CAPITOL ADVOCACY PARTNERS,DC,67687,VIMENTI,PR,Social service and education,15000.00,,Budget/Appropriations|Education,"FY26 community project in STEM education and science career readiness; funding for economic development and anti-poverty|Full service community schools policy and grant program, support for two generation anti-poverty initiatives.",,2025-07-22T17:27:36-04:00,15000.0,0.0
dba292e2-f63e-4827-bd49-c4e7ea60f0e8,2025,Q2,,401104600,ALTA CREST LLC,DC,57735,GENERA PR LLC,PR,Power and Energy Service Provider,54000.00,,Energy/Nuclear,Puerto Rico energy grid recovery,,2025-08-01T12:21:10-04:00,54000.0,0.0
e484a5ec-5b27-457f-927f-cb5eea02c690,2025,Q2,,401062995,"C6 STRATEGIES, LLC (FKA MS. DANA W. HUDSON)",DC,60183,RED CAT HOLDINGS,PR,Unmanned Aerial solutions and services,10000.00,,Defense,Advocate for increased small unmanned aerial systems in the Army and US Special Operations Command. HR 4016 House Defens,,2025-08-06T09:36:06-04:00,10000.0,0.0
502f54a4-1a61-4eb0-8811-a95cf9352b2d,2025,Q2,,401105212,PARK & K PUBLIC AFFAIRS LLC,NY,203408,PONCE HEALTH SCIENCES UNIVERSITY,PR,Medical School,37500.00,,Economics/Economic Development,"Economic development for Puerto Rico, expanding healthcare access on the island",,2025-08-07T11:20:48-04:00,37500.0,0.0
01dfa731-baec-41d0-a5a4-d66756371d99,2025,2A,,401105212,PARK & K PUBLIC AFFAIRS LLC,NY,203408,PONCE HEALTH SCIENCES UNIVERSITY,PR,Medical School,37500.00,,Economics/Economic Development,"Economic development for Puerto Rico, expanding healthcare access on the island",,2025-08-12T14:10:50-04:00,37500.0,0.0
801397d0-5a31-4288-a5df-45a4440a2add,2025,Q1,,401062995,"C6 STRATEGIES, LLC (FKA MS. DANA W. HUDSON)",DC,60183,RED CAT HOLDINGS,PR,Unmanned Aerial solutions and services,10000.00,,Defense,advocate for more american drone use by US Army and Special Operations,,2025-08-25T14:31:27-04:00,10000.0,0.0
55b5d80c-0486-4a05-b8e1-ea127c039081,2025,RA,,400428066,NWG ADVOCACY LLC,FL,190719,PUERTO RICO MANUFACTURERS ASSOCIATION,PR,manufacturing trade association,,,Economics/Economic Development,nearshoring energy grid reconstruction,,2025-09-04T14:32:42-04:00,0.0,0.0
6f7f6640-df47-4bbc-8f81-12df24894740,2025,Q2,,400520535,JASON UNDERWOOD,KY,192052,SERRALLES DISTILLERY,PR,Rum distiller,30000.00,,Taxation/Internal Revenue Code,Seeking permanence of rum cover over tax extenders,,2025-09-19T11:13:18-04:00,30000.0,0.0
51509a7a-be50-48e5-8c42-29dccff8ca94,2025,RR,,401103565,MICHAEL BEST STRATEGIES LLC,DC,68846,PUERTO RICO FISCAL AGENCY AND FINANCIAL ADVISORY AUTHORITY,PR,Public corporation that serves as the fiscal agent for the government of Puerto Rico.,,,Energy/Nuclear|Taxation/Internal Revenue Code|Disaster Planning/Emergencies,"Issues related to agencies that affect the island of Puerto Rico, including the DOE, FEMA, DHS, and reshoring pharmaceut|Issues related to agencies that affect the island of Puerto Rico, including the DOE, FEMA, DHS, and reshoring pharmaceut|Issues related to agencies that affect the island of Puerto Rico, including the DOE, FEMA, DHS, and reshoring pharmaceut",,2025-09-23T16:15:15-04:00,0.0,0.0
142d9bb9-8620-4e0e-a23b-007415cf844d,2025,1A,,400428066,NWG ADVOCACY LLC,FL,56721,CAMARA DE COMERCIO DE PUERTO RICO,PR,promotion of business in Puerto Rico,13500.00,,Economics/Economic Development,"electric grid reconstruction, FEMA funding and implementation of recovery",,2025-09-25T20:50:28-04:00,13500.0,0.0
943ed77d-c74d-44c8-a23d-307b8c864abb,2025,Q3,,400428066,NWG ADVOCACY LLC,FL,190717,HOSPITAL ASSOCIATION OF PUERTO RICO,PR,Serve Puerto Rico's Hospital System and its Members,24000.00,,Health Issues,Medicaid and Medicare,,2025-10-07T09:21:52-04:00,24000.0,0.0
cd7e852a-43ad-4844-8fe8-2bc88a21a464,2025,Q3,,400428066,NWG ADVOCACY LLC,FL,190719,PUERTO RICO MANUFACTURERS ASSOCIATION,PR,manufacturing trade association,,,Economics/Economic Development,"electric grid, reshoring",,2025-10-07T09:55:29-04:00,0.0,0.0
4b62c1d2-103f-43bb-80a2-d8bc2d354f12,2025,Q3,,400428066,NWG ADVOCACY LLC,FL,56721,CAMARA DE COMERCIO DE PUERTO RICO,PR,promotion of business in Puerto Rico,9000.00,,Economics/Economic Development,"FEMA, Energy grid recovery, nearshoring",,2025-10-07T10:16:14-04:00,9000.0,0.0
f47ab757-69b9-43a5-9aad-4bcef587d320,2025,3A,,400428066,NWG ADVOCACY LLC,FL,56721,CAMARA DE COMERCIO DE PUERTO RICO,PR,promotion of business in Puerto Rico,13500.00,,Economics/Economic Development,"FEMA, Energy grid recovery, nearshoring",,2025-10-07T10:39:28-04:00,13500.0,0.0
5c9ceb0d-2c4f-4289-ad48-1812c623e9b0,2025,Q3,,30906,SQUIRE PATTON BOGGS,DC,137655,"PARA LA NATURALEZA, INC.",PR,Conservation Trust,30000.00,,Taxation/Internal Revenue Code,"Lobby Congress on S. 1477, H.R. 3146 and final bill H.R. 7024 - Rum Cover Tax and H. Con. Res 14.",,2025-10-08T14:46:00-04:00,30000.0,0.0
61ed2891-7bda-49a9-a9e0-1192eece7877,2025,3T,,75557,"CORNERSTONE GOVERNMENT AFFAIRS, INC.",DC,168233,PUERTO RICO PUBLIC PRIVATE PARTNERSHIPS AUTHORITY,PR,Promotes an ongoing collaboration between the public and private sector of Puerto Rico,,,Medicare/Medicaid|Taxation/Internal Revenue Code|Budget/Appropriations|Agriculture|Government Issues,Issues pertaining to Puerto Rico's unique treatment as a territory and Medicare/Medicaid.|Issues pertaining to Puerto Rico's unique treatment as a territory and taxation.|Issues pertaining to Puerto Rico's unique treatment as a territory and the path to statehood.|Issues pertaining to Puerto Rico's unique treatment as a territory and the path to statehood and supplemental nutrition |Issues pertaining to a path for Puerto Rico's statehood.,,2025-10-10T22:30:54-04:00,0.0,0.0
82441870-a2d9-460b-9ab8-5c27442c164b,2025,RR,,401105518,MIRSONIA GROUP,VA,69179,"EMPRESAS FONALLEDAS, INC.",PR,"Real estate, agriculture and retail",,,Agriculture,Nutritional Assistance Program,,2025-10-14T13:14:17-04:00,0.0,0.0
15facd3d-ec9c-4615-8512-99fa7e6e01e5,2025,Q3,,401104100,VANTAGEKNIGHT LLC,PR,211661,VAULTLINK INC.,PR,Cryptocurrency banking platform,90000.00,,Banking,"Monitoring and reporting on banking, cryptocurrency, blockchain, and digital assets policy issues",,2025-10-15T08:30:36-04:00,90000.0,0.0
9e4beb4a-5ab3-4fb8-bca7-6e6339e0dfba,2025,Q3,,304736,"TARPLIN, DOWNS & YOUNG, LLC",DC,181317,TRIPLE-S MANAGEMENT CORPORATION,PR,Insurance,70000.00,,Budget/Appropriations|Health Issues|Medicare/Medicaid,"federal budget issues|health disparities, social determinates of health|Medicare Advantage, Medicare Advantage benchmarks, Medicare reimbursement, dual eligible, Medicare physician payment",,2025-10-15T15:42:02-04:00,70000.0,0.0
0d0110ba-bd9a-4cb5-b515-f227deaa0dca,2025,Q3,,32932,REED SMITH LLP,DC,59167,MEDICARE AND MEDICAID ADVANTAGE PRODUCTS ASSOCIATION OF PUERTO RICO,PR,Health Care Trade Association,70000.00,,Medicare/Medicaid,Issues related to health care coverage in Puerto Rico.,,2025-10-15T23:10:44-04:00,70000.0,0.0
b65b48cf-8c3a-4a7f-96d3-a474deef28dd,2025,Q3,,401105518,MIRSONIA GROUP,VA,69179,"EMPRESAS FONALLEDAS, INC.",PR,"Real estate, agriculture and retail",10000.00,,Agriculture,Issues related to nutritional assistance and food security for Puerto Rico.,,2025-10-16T11:45:30-04:00,10000.0,0.0
28706ec3-102e-436c-b184-e9fc013ee1d3,2025,Q3,,8453,"CASSIDY & ASSOCIATES, INC.",DC,63551,RED CAT,PR,"UAV manufacture/RDTE for surveillance, reconnaissance, & tactical operations",20000.00,,Defense,Department of Defense,,2025-10-16T14:03:17-04:00,20000.0,0.0
8cb249ab-306a-495e-a00e-6272c6611508,2025,Q3,,401105227,BRIAN GLACKIN & ASSOCIATES LLC,VA,63923,"RED CAT HOLDINGS, INC.",PR,Drone technology company,20000.00,,Defense,Unmanned Air Systems,,2025-10-16T14:51:42-04:00,20000.0,0.0
9320f80f-7ef4-4e8f-9a2a-ae506da93edd,2025,Q3,,401104071,NEW CENTURY GOVERNMENT AFFAIRS (F/K/A TERRENCE C. WOLFE),DC,213556,THE CORMAC GROUP ON BEHALF OF NUC UNIVERSITY,PR,"General higher education issues, Title IV, Gainful Employment",10000.00,,Education,Issues related to gainful employment and international students,,2025-10-16T18:08:16-04:00,10000.0,0.0
da4c2bdc-68b3-4c25-be5e-52f05861ea53,2025,3TY,,30906,SQUIRE PATTON BOGGS,DC,136354,GOVERNMENT OF PUERTO RICO,PR,Government entity (not foreign),,,,,,2025-10-17T08:52:28-04:00,0.0,0.0
d7712e4d-835a-4b37-94b7-033bca359526,2025,Q3,,401103327,OFF HILL STRATEGIES L.L.C.,FL,198595,FINANCIAL OVERSIGHT AND MANAGEMENT BOARD FOR PUERTO RICO,PR,Economic growth and opportunity for the people of Puerto Rico,60000.00,,Natural Resources,Implementation of PROMESA,,2025-10-17T22:18:01-04:00,60000.0,0.0
ccbe9544-b3e9-4854-b4e0-14684e47f66e,2025,Q3Y,,1182,ALSTON & BIRD LLP,DC,102473,AIRPORT SHOPPES CORP,PR,Food service,,,,,,2025-10-20T07:33:00-04:00,0.0,0.0
5ae41101-c61e-42f6-b421-f5fc85c88668,2025,Q3,,7268,BROYDRICK & ASSOCIATES,DC,110356,MILWAUKEE METROPOLITAN SEWERAGE DISTRICT,PR,Municipality in Puerto Rico,10000.00,,Budget/Appropriations|Utilities,Corps of Engineering funding. GLRI initiative funding. WRDA for 2018 and Federal funding opportunities. RCPP program. In|Corps of Engineering funding. GLRI initiative funding. WRDA for 2018 and Federal funding opportunities. RCPP program. In,,2025-10-20T09:39:48-04:00,10000.0,0.0
c194bb4b-4673-42b3-84d4-2d0fc01962c7,2025,Q3,,7268,BROYDRICK & ASSOCIATES,DC,110356,MILWAUKEE METROPOLITAN SEWERAGE DISTRICT,PR,Municipality in Puerto Rico,10000.00,,Budget/Appropriations|Utilities,Corps of Engineering funding. GLRI initiative funding. WRDA for 2018 and Federal funding opportunities. RCPP program. In|Corps of Engineering funding. GLRI initiative funding. WRDA for 2018 and Federal funding opportunities. RCPP program. In,,2025-10-20T09:40:33-04:00,10000.0,0.0
5299236d-30af-4ef2-a281-e8084da63066,2025,Q3,,30495,"PACE, LLP",DC,56583,DISTILLERIA SERRALLES,PR,Spirits,20000.00,,Taxation/Internal Revenue Code,Rum Cover over,,2025-10-20T10:08:56-04:00,20000.0,0.0
3f908f81-c9c7-4a89-a4de-7e6f8f87d5f4,2025,Q3,,283696,"BECKER & POLIAKOFF, P.A.",DC,61938,VITELLO CONSULTING (ON BEHALF OF BEATBOX BEVERAGES),PR,Beverage Company,20000.00,,Tariff (miscellaneous tariff bills),Foreign tariff issues,,2025-10-20T14:39:23-04:00,20000.0,0.0
30578d16-ab3e-424e-b43a-88987d8d680a,2025,Q3,,283696,"BECKER & POLIAKOFF, P.A.",DC,63526,VITELLO CONSULTING (ON BEHALF OF FORTUNE METALS LLC),PR,Scrap Metal Company,20000.00,,Agriculture,"Farm bill, agriculture issues.",,2025-10-20T14:40:44-04:00,20000.0,0.0
3f9d6159-72aa-4b0d-954e-ecbe1acf25bc,2025,Q3,,401106285,"CONTINENTAL STRATEGY, LLC",DC,66239,PUERTO RICO FISCAL AGENCY AND FINANCIAL ADVISORY AUTHORITY,PR,"Fiscal agent, financial advisor, and reporting agent for the Government of Puerto Rico.",50000.00,,Trade (domestic/foreign)|Government Issues|Economics/Economic Development|Health Issues|Transportation|Urban Development/Municipalities|Disaster Planning/Emergencies,Government Relations and advocacy services|Government relations and advocacy services|government relations and advocacy services|government relations and advocacy services|government relations and advocacy services,,2025-10-20T15:28:02-04:00,50000.0,0.0
03b2f3d9-fd23-4592-9cb9-bfa73d457164,2025,Q3,,297033,"TORREY ADVISORY GROUP (FORMERLY MICHAEL TORREY ASSOCIATES, LLC)",DC,207439,"GRUPO NAVIS, LLC",PR,"Distribution of fruits, vegetables, and fresh eggs in Puerto Rico.",30000.00,,"Food Industry (safety, labeling, etc.)",Food as Medicine Nutrition Incentives Make America Healthy Again,,2025-10-20T16:07:35-04:00,30000.0,0.0
d6a7d94e-daf5-486e-95f9-af2de77bf306,2025,Q3,,401062995,"C6 STRATEGIES, LLC (FKA MS. DANA W. HUDSON)",DC,60183,RED CAT HOLDINGS,PR,Unmanned Aerial solutions and services,10000.00,,Defense,Advocate for increased small unmanned aerial systems in the Army and US Special Operations Command. HR 4016 House Defens,,2025-10-20T16:29:25-04:00,10000.0,0.0
e3f24317-ddc0-4014-bd87-b252261e033d,2025,Q3,,66773,"THE CORMAC GROUP, LLC",DC,213493,NUC UNIVERSITY,PR,higher education,20000.00,,Education,"university visa issues, higher education issues",,2025-10-20T16:31:17-04:00,20000.0,0.0
dd935cd7-ac62-44ad-a217-aa54de2afd54,2025,Q3Y,,401103245,STINSON LLP,MO,67926,"RWR1911, LLC",PR,Enhancing legal protections for private business owners.,,,,,,2025-10-20T16:47:07-04:00,0.0,0.0
8ab403c0-f7c6-42e6-bb3b-b4a45d213174,2025,Q3,,401103211,CAPITOL ADVOCACY PARTNERS,DC,198165,BOYS AND GIRLS CLUBS OF PUERTO RICO,PR,Community services and programs.,5000.00,,Budget/Appropriations|Education|Health Issues,"Prior community project funding in EDI; ESSER funding. Proposed federal government universal funding freeze. FY25 commun|ESSER funding, reimbursement protocols, liquidation extension, and procurement for school construction project, aftersch|One Big Beautiful Bill and areas that impact students with disabilities, including Medicaid and Alaska carveout.",,2025-10-20T18:32:17-04:00,5000.0,0.0
19ddaf51-d72f-43db-ad61-63889ef502cd,2025,Q3,,401103565,MICHAEL BEST STRATEGIES LLC,DC,68846,PUERTO RICO FISCAL AGENCY AND FINANCIAL ADVISORY AUTHORITY,PR,Public corporation that serves as the fiscal agent for the government of Puerto Rico.,80000.00,,Energy/Nuclear|Taxation/Internal Revenue Code|Disaster Planning/Emergencies,"Issues related to agencies that affect the island of Puerto Rico, including the DOE, FEMA, IRS, and reshoring pharmaceut|Issues related to agencies that affect the island of Puerto Rico, including the DOE, FEMA, IRS, and reshoring pharmaceut|Issues related to agencies that affect the island of Puerto Rico, including the DOE, FEMA, IRS, and reshoring pharmaceut",,2025-10-20T18:33:04-04:00,80000.0,0.0
84d8e5cb-c658-40a5-b087-38e78a2073e9,2025,Q3,,401103211,CAPITOL ADVOCACY PARTNERS,DC,67687,VIMENTI,PR,Social service and education,15000.00,,Budget/Appropriations|Education,"FY26 community project in STEM education and science career readiness; funding for economic development and anti-poverty|Full service community schools policy and grant program, support for two generation anti-poverty initiatives.",,2025-10-20T19:15:13-04:00,15000.0,0.0
914cc74b-7ab9-4bba-b442-47bd82d7d9bb,2025,Q3,,85071,"NAVIGATORS GLOBAL LLC (FORMERLY DC NAVIGATORS, LLC)",DC,66161,PUERTO RICO FISCAL AGENCY AND FINANCIAL ADVISORY AUTHORITY (AAFAF),PR,Independent public corporation and governmental instrumentality of Puerto Rico,60000.00,,Taxation/Internal Revenue Code|Housing|Energy/Nuclear|Government Issues|Disaster Planning/Emergencies|Health Issues,"Issues related to Puerto Ricos status. General tax and manufacturing issues, including the MMEDS Act of 2025 (H.R.3042).|General issues related to housing for Puerto Rico.|Issues related to energy infrastructure for Puerto Rico. Issues related to disaster response and resilience for Puerto R|Issues related to energy infrastructure for Puerto Rico. Issues related to Puerto Ricos status. Issues related to disast|Issues related to energy infrastructure for Puerto Rico. Issues related to disaster response and resilience for Puerto R",,2025-10-20T19:56:20-04:00,60000.0,0.0
d9a3d857-7287-40f4-a7c1-87aa170618e9,2025,Q3,,21632,KING & SPALDING LLP,DC,128506,"MCS ADVANTAGE, INC.",PR,Healthcare plan provider,50000.00,,Medicare/Medicaid,Issues related to Medicare Advantage reimbursement for Puerto Rico.,,2025-10-20T20:58:22-04:00,50000.0,0.0
63a93464-04fa-4f2e-89c3-edf174f57c90,2025,Q3Y,,21632,KING & SPALDING LLP,DC,128507,PUERTO RICO ELECTRIC POWER AUTHORITY (PREPA),PR,Utility provider,,,,,,2025-10-20T21:01:05-04:00,0.0,0.0
ef638b19-6ed5-4f21-8cee-dfd29f63d22b,2025,Q3Y,,21632,KING & SPALDING LLP,DC,53432,PUERTO RICO FISCAL AGENCY AND FINANCIAL ADVISORY AUTHORITY (AAFAF),PR,Independent public corporation and governmental instrumentality,,,,,,2025-10-20T21:02:54-04:00,0.0,0.0
97b17b88-d45b-4991-8ca4-6cdeb6c94969,2025,Q3,,401105212,PARK & K PUBLIC AFFAIRS LLC,NY,203408,PONCE HEALTH SCIENCES UNIVERSITY,PR,Medical School,37500.00,,Economics/Economic Development,"Economic development for Puerto Rico, expanding healthcare access on the island",,2025-10-21T12:33:22-04:00,37500.0,0.0
e2328e19-3093-41f0-aee2-9b0e971eec1d,2025,Q3,,72053,CAPITOL HILL CONSULTING GROUP,DC,165758,"MCS HEALTHCARE HOLDINGS, LLC",PR,Health Insurance Company,30000.00,,Medicare/Medicaid|Government Issues,"Medicaid funding cliff, Puerto Rico MA rates, Medicare Part B buy-in. Dual Eligibles legislation.|Medicaid funding cliff, Puerto Rico MA rates, Medicare Part B buy-in.",,2025-10-23T10:27:07-04:00,30000.0,0.0
71083940-2c85-43fe-97ca-9a30d49d463d,2025,Q3,,401104600,ALTA CREST LLC,DC,57735,GENERA PR LLC,PR,Power and Energy Service Provider,54000.00,,Energy/Nuclear,Puerto Rico energy grid recovery,,2025-10-23T10:45:23-04:00,54000.0,0.0
9a706a6a-30e6-4a64-82e9-ae1bff0512e3,2025,RR,,401110100,NEW ADVOCATE INC,MA,69808,RED CAT HOLDINGS,PR,Manufacturing,,,Aerospace|Manufacturing|Defense,"U.S. drone competitiveness, supply-chain development, and federal acquisition of uncrewed systems.|U.S. drone competitiveness, supply-chain development, and federal acquisition of uncrewed systems.|U.S. drone competitiveness, supply-chain development, and federal acquisition of uncrewed systems.",,2025-11-14T16:11:05-05:00,0.0,0.0
54253a72-dd9a-4e4b-9f30-a986e8b93623,2025,Q3,,400520535,JASON UNDERWOOD,KY,192052,SERRALLES DISTILLERY,PR,Rum distiller,30000.00,,Taxation/Internal Revenue Code,Seeking permanence of rum cover over tax extenders,,2025-11-24T15:20:20-05:00,30000.0,0.0
168de286-38c9-437f-8b02-467cef56de54,2025,Q3,,401110100,NEW ADVOCATE INC,MA,69808,RED CAT HOLDINGS,PR,Manufacturing,10000.00,,Manufacturing,Promotion of American drone competitiveness and manufacturing capabilities (no specific bills),,2025-11-30T21:23:07-05:00,10000.0,0.0
1f17b7d1-4561-4b47-9292-7b116aa5cc2a,2025,RR,,21632,KING & SPALDING LLP,DC,70069,QUANTUM EARTH,PR,leading provider of production and infrastructure services to oil and gas producers.,,,Environment/Superfund,Advocate for Policies regarding Rare Earth Minerals.,,2025-12-05T18:48:40-05:00,0.0,0.0
9873bc6b-1872-4a93-b98f-6e958b8db03c,2025,Q2,,21632,KING & SPALDING LLP,DC,70069,QUANTUM EARTH,PR,leading provider of production and infrastructure services to oil and gas producers.,90000.00,,Environment/Superfund,Advocate for Policies regarding Rare Earth Minerals.,,2025-12-18T17:28:25-05:00,90000.0,0.0
c3747689-e66f-476f-b7bf-0a9a08737fb4,2025,Q3,,21632,KING & SPALDING LLP,DC,70069,QUANTUM EARTH,PR,leading provider of production and infrastructure services to oil and gas producers.,90000.00,,Environment/Superfund,Advocate for Policies regarding Rare Earth Minerals.,,2025-12-18T17:32:32-05:00,90000.0,0.0
9fd3fd53-0f35-445c-af5c-9d29b81bb803,2025,4TY,,283696,"BECKER & POLIAKOFF, P.A.",DC,63526,VITELLO CONSULTING (ON BEHALF OF FORTUNE METALS LLC),PR,Scrap Metal Company,,,,,,2026-01-02T12:52:52-05:00,0.0,0.0
becb6f29-90bb-46b9-a2ae-e7d66123367e,2025,Q4,,401105212,PARK & K PUBLIC AFFAIRS LLC,NY,203408,PONCE HEALTH SCIENCES UNIVERSITY,PR,Medical School,37500.00,,Economics/Economic Development,"Economic development for Puerto Rico, expanding healthcare access on the island",,2026-01-09T10:22:11-05:00,37500.0,0.0
334393e8-e9db-4428-ae20-e96c971aec9f,2025,Q4,,400428066,NWG ADVOCACY LLC,FL,190717,HOSPITAL ASSOCIATION OF PUERTO RICO,PR,Serve Puerto Rico's Hospital System and its Members,24000.00,,Health Issues,Medicaid and Medicare,,2026-01-09T16:29:56-05:00,24000.0,0.0
b5ea60e2-c37f-4459-a55e-ece00ee749c8,2025,Q4,,400428066,NWG ADVOCACY LLC,FL,56721,CAMARA DE COMERCIO DE PUERTO RICO,PR,promotion of business in Puerto Rico,18000.00,,Economics/Economic Development,"FEMA, Energy grid recovery, nearshoring",,2026-01-09T16:35:44-05:00,18000.0,0.0
e7446658-a3bd-40e5-90bd-8208e6b40cf0,2025,Q4,,400428066,NWG ADVOCACY LLC,FL,190719,PUERTO RICO MANUFACTURERS ASSOCIATION,PR,manufacturing trade association,18000.00,,Economics/Economic Development,"electric grid, reshoring",,2026-01-09T16:51:43-05:00,18000.0,0.0
35543602-c825-4ee1-9d12-59fbb32f6b7f,2025,Q4,,30495,"PACE, LLP",DC,56583,DISTILLERIA SERRALLES,PR,Spirits,20000.00,,Taxation/Internal Revenue Code,Rum Cover over,,2026-01-12T14:17:02-05:00,20000.0,0.0
4e77bb07-04cf-42c3-9c40-f554b5bde6b1,2025,Q4,,7268,BROYDRICK & ASSOCIATES,DC,110356,MILWAUKEE METROPOLITAN SEWERAGE DISTRICT,PR,Municipality in Puerto Rico,20000.00,,Budget/Appropriations|Utilities,Corps of Engineering funding. GLRI initiative funding. WRDA for 2018 and Federal funding opportunities. RCPP program. In|Corps of Engineering funding. GLRI initiative funding. WRDA for 2018 and Federal funding opportunities. RCPP program. In,,2026-01-12T17:36:31-05:00,20000.0,0.0
38608b78-a968-4833-b90c-901e9325fc10,2025,Q4,,30906,SQUIRE PATTON BOGGS,DC,137655,"PARA LA NATURALEZA, INC.",PR,Conservation Trust,30000.00,,Agriculture|Disaster Planning/Emergencies|Natural Resources|Taxation/Internal Revenue Code,"Reforestation issues stemming from 2017 natural disasters.|Preservation of historic aqueduct and surrounding area.|Reforestation issues stemming from 2017 natural disasters.|Lobby Congress on S. 1477, H.R. 3146 and final bill H.R. 7024 - Rum Cover Tax and H. Con. Res 14.",,2026-01-14T14:46:57-05:00,30000.0,0.0
c7c9a22b-8599-4f89-809a-129385870673,2025,RR,,401110247,MR. DOUGLAS DOMENECH,VA,70630,THE CONSERVATION TRUST OF PUERTO RICO,PR,"Non-profit conservation trust, environmental and historic preservation, education",,,Environment/Superfund|Government Issues|Natural Resources,Identifying Federal grants that fit the institution's mission. Issues related to the unique Federal/Commonwealth governa|Identifying Federal grants that fit the institution's mission. Issues related to the unique Federal/Commonwealth governa|Identifying Federal grants that fit the institution's mission. Issues related to the unique Federal/Commonwealth governa,,2026-01-15T15:59:02-05:00,0.0,0.0
44274067-ecd8-4694-96eb-cc56e6039309,2025,Q4Y,,401103245,STINSON LLP,MO,67926,"RWR1911, LLC",PR,Enhancing legal protections for private business owners.,20000.00,,,,,2026-01-15T17:48:34-05:00,20000.0,0.0
4a3b5fa3-6e2e-4549-b679-4a42b1a1b883,2025,Q4,,401110247,MR. DOUGLAS DOMENECH,VA,70630,THE CONSERVATION TRUST OF PUERTO RICO,PR,"Non-profit conservation trust, environmental and historic preservation, education",20000.00,,Government Issues|Environment/Superfund,Appointments to the Board of Trustees and Advisory Council of the Trust. General structure and mission of the Trust.|General orientation to the mission of the trust which includes environmental issues.,,2026-01-16T11:35:23-05:00,20000.0,0.0
0bed301d-2977-42e4-a6a0-8ac5c29a0dc7,2025,Q4,,401105227,BRIAN GLACKIN & ASSOCIATES LLC,VA,63923,"RED CAT HOLDINGS, INC.",PR,Drone technology company,20000.00,,Defense,Unmanned Air Systems,,2026-01-16T15:25:25-05:00,20000.0,0.0
a4d5d9e0-1fa4-4f24-bc9b-63a356092608,2025,Q4,,283696,"BECKER & POLIAKOFF, P.A.",DC,61938,VITELLO CONSULTING (ON BEHALF OF BEATBOX BEVERAGES),PR,Beverage Company,20000.00,,Tariff (miscellaneous tariff bills),Foreign tariff issues,,2026-01-17T15:10:41-05:00,20000.0,0.0
7bdde0d6-3667-4596-b57d-6d3dc39d69a4,2025,Q4,,8453,"CASSIDY & ASSOCIATES, INC.",DC,63551,RED CAT,PR,"UAV manufacture/RDTE for surveillance, reconnaissance, & tactical operations",20000.00,,Defense,Department of Defense,,2026-01-17T18:13:16-05:00,20000.0,0.0
968b619b-2f49-462d-99aa-c11a9c058839,2025,4T,,283696,"BECKER & POLIAKOFF, P.A.",DC,61938,VITELLO CONSULTING (ON BEHALF OF BEATBOX BEVERAGES),PR,Beverage Company,10000.00,,Tariff (miscellaneous tariff bills),Foreign tariff issues,,2026-01-19T10:24:48-05:00,10000.0,0.0
3ff9edc9-5419-4d88-b575-1d1863a46864,2025,Q4,,401106285,"CONTINENTAL STRATEGY, LLC",DC,66239,PUERTO RICO FISCAL AGENCY AND FINANCIAL ADVISORY AUTHORITY,PR,"Fiscal agent, financial advisor, and reporting agent for the Government of Puerto Rico.",150000.00,,Trade (domestic/foreign)|Government Issues|Economics/Economic Development|Health Issues|Transportation|Urban Development/Municipalities|Disaster Planning/Emergencies,Government Relations and advocacy services|Government relations and advocacy services|government relations and advocacy services|government relations and advocacy services|government relations and advocacy services,,2026-01-19T15:57:44-05:00,150000.0,0.0
bb59bd93-8bcb-4731-8e1e-b478b36a0c85,2025,Q4,,401062995,"C6 STRATEGIES, LLC (FKA MS. DANA W. HUDSON)",DC,60183,RED CAT HOLDINGS,PR,Unmanned Aerial solutions and services,10000.00,,Defense,Advocate for increased small unmanned aerial systems in the Army and US Special Operations Command. HR 4016 House Defens,,2026-01-19T16:14:12-05:00,10000.0,0.0
1591072e-6d42-4e98-8b08-48f0bc36a600,2025,Q4,,401110100,NEW ADVOCATE INC,MA,69808,RED CAT HOLDINGS,PR,Manufacturing,40500.00,,Manufacturing|Defense,Promotion of American drone competitiveness and manufacturing capabilities.|Promote defense acquisition of drones in 2026 NDAA (S. 1071).,,2026-01-19T16:24:17-05:00,40500.0,0.0
55e7e0f7-3b0e-4812-bfb8-32a52585d620,2025,4A,,401110100,NEW ADVOCATE INC,MA,69808,RED CAT HOLDINGS,PR,Manufacturing,40000.00,,Manufacturing|Defense,Promotion of American drone competitiveness and manufacturing capabilities.|Promote defense acquisition of drones in 2026 NDAA (S. 1071).,,2026-01-19T20:26:09-05:00,40000.0,0.0
3e89b53c-ce7f-415a-b13b-af68b222ad1c,2025,Q4,,21632,KING & SPALDING LLP,DC,128506,"MCS ADVANTAGE, INC.",PR,Healthcare plan provider,50000.00,,Medicare/Medicaid,Issues related to Medicare Advantage reimbursement for Puerto Rico.,,2026-01-19T21:36:19-05:00,50000.0,0.0
27932793-1a9a-4218-9b9d-dd3bed16911d,2025,Q4Y,,21632,KING & SPALDING LLP,DC,128507,PUERTO RICO ELECTRIC POWER AUTHORITY (PREPA),PR,Utility provider,,,,,,2026-01-19T21:49:33-05:00,0.0,0.0
a3e19252-3812-4e9f-902f-856976cccf5a,2025,Q4Y,,21632,KING & SPALDING LLP,DC,53432,PUERTO RICO FISCAL AGENCY AND FINANCIAL ADVISORY AUTHORITY (AAFAF),PR,Independent public corporation and governmental instrumentality,,,,,,2026-01-19T21:51:47-05:00,0.0,0.0
110ddc4a-8c11-42cc-9193-59fb00b80fa3,2025,Q4,,21632,KING & SPALDING LLP,DC,70069,QUANTUM EARTH,PR,leading provider of production and infrastructure services to oil and gas producers.,90000.00,,Environment/Superfund,Advocate for Policies regarding Rare Earth Minerals.,,2026-01-20T01:07:26-05:00,90000.0,0.0
207faa06-a6f7-4694-8de9-bf0260ce4935,2025,Q4Y,,1182,ALSTON & BIRD LLP,DC,102473,AIRPORT SHOPPES CORP,PR,Food service,,,,,,2026-01-20T08:39:42-05:00,0.0,0.0
e44bea3a-a38e-4bb9-941b-cabe10b75cb1,2025,Q4,,66773,"THE CORMAC GROUP, LLC",DC,213493,NUC UNIVERSITY,PR,higher education,20000.00,,Education,"university visa issues, higher education issues",,2026-01-20T09:35:30-05:00,20000.0,0.0
fecdcb49-cd83-456c-8309-39f268e328c7,2025,Q4,,401103327,OFF HILL STRATEGIES L.L.C.,FL,198595,FINANCIAL OVERSIGHT AND MANAGEMENT BOARD FOR PUERTO RICO,PR,Economic growth and opportunity for the people of Puerto Rico,60000.00,,Natural Resources,Implementation of PROMESA,,2026-01-20T09:44:45-05:00,60000.0,0.0
73159888-0503-42d6-aa9f-d8c344dcfa80,2025,Q4,,401105518,MIRSONIA GROUP,VA,69179,"EMPRESAS FONALLEDAS, INC.",PR,"Real estate, agriculture and retail",10000.00,,Agriculture,Issues related to nutritional assistance and food security for Puerto Rico.,,2026-01-20T09:55:45-05:00,10000.0,0.0
bfd3aa26-65b1-4375-aabc-39aef75c31a4,2025,Q4,,401104100,VANTAGEKNIGHT LLC,PR,211661,VAULTLINK INC.,PR,Cryptocurrency banking platform,90000.00,,Banking,"Monitoring and reporting on banking, cryptocurrency, blockchain, and digital assets policy issues",,2026-01-20T10:47:38-05:00,90000.0,0.0
30fa39d1-d0e1-4709-9f8f-de933ae5fdd3,2025,Q4,,72053,CAPITOL HILL CONSULTING GROUP,DC,165758,"MCS HEALTHCARE HOLDINGS, LLC",PR,Health Insurance Company,30000.00,,Medicare/Medicaid|Government Issues,"Medicaid funding cliff, Puerto Rico MA rates, Medicare Part B buy-in. Dual Eligibles legislation.|Medicaid funding cliff, Puerto Rico MA rates, Medicare Part B buy-in.",,2026-01-20T13:39:16-05:00,30000.0,0.0
d4d775d8-bc53-4314-955c-de2dd806596c,2025,Q4,,297033,"TORREY ADVISORY GROUP (FORMERLY MICHAEL TORREY ASSOCIATES, LLC)",DC,207439,"GRUPO NAVIS, LLC",PR,"Distribution of fruits, vegetables, and fresh eggs in Puerto Rico.",30000.00,,"Food Industry (safety, labeling, etc.)|Health Issues",Food as Medicine Nutrition Incentives Make America Healthy Again NAP to SNAP|Rural Health Transformation Program Funding,,2026-01-20T15:30:28-05:00,30000.0,0.0
aea185ba-f130-4e48-9e91-f8ea6c9e0901,2025,Q4,,32932,REED SMITH LLP,DC,59167,MEDICARE AND MEDICAID ADVANTAGE PRODUCTS ASSOCIATION OF PUERTO RICO,PR,Health Care Trade Association,70000.00,,Medicare/Medicaid,Issues related to health care coverage in Puerto Rico.,,2026-01-20T17:42:37-05:00,70000.0,0.0
bed806af-ce0a-478b-8426-3cb37c09ba96,2025,Q4,,401103565,MICHAEL BEST STRATEGIES LLC,DC,68846,PUERTO RICO FISCAL AGENCY AND FINANCIAL ADVISORY AUTHORITY,PR,Public corporation that serves as the fiscal agent for the government of Puerto Rico.,80000.00,,Taxation/Internal Revenue Code|Disaster Planning/Emergencies|Energy/Nuclear,"Issues related to agencies that affect the island of Puerto Rico, including the DOE, FEMA, IRS, and reshoring pharmaceut|Issues related to agencies that affect the island of Puerto Rico, including the DOE, FEMA, IRS, and reshoring pharmaceut|Issues related to agencies that affect the island of Puerto Rico, including the DOE, FEMA, IRS, and reshoring pharmaceut",,2026-01-20T17:51:06-05:00,80000.0,0.0
440128b9-d8fe-4690-a7e4-97c0362d2fab,2025,Q4,,304736,"TARPLIN, DOWNS & YOUNG, LLC",DC,181317,TRIPLE-S MANAGEMENT CORPORATION,PR,Insurance,70000.00,,Budget/Appropriations|Medicare/Medicaid,"federal budget issues|Medicare Advantage, Medicare Advantage benchmarks, Medicare reimbursement, dual eligible, Medicare physician payment, Me",,2026-01-20T18:24:23-05:00,70000.0,0.0
8656f438-f282-4c8c-a6ff-f3e3490d465d,2025,Q4,,401104071,NEW CENTURY GOVERNMENT AFFAIRS (F/K/A TERRENCE C. WOLFE),DC,213556,THE CORMAC GROUP ON BEHALF OF NUC UNIVERSITY,PR,"General higher education issues, Title IV, Gainful Employment",10000.00,,Education,Issues related to gainful employment and international students,,2026-01-20T18:27:11-05:00,10000.0,0.0
e79930f0-a4f9-4c97-8447-38f6aee0ef79,2025,Q4,,85071,"NAVIGATORS GLOBAL LLC (FORMERLY DC NAVIGATORS, LLC)",DC,66161,PUERTO RICO FISCAL AGENCY AND FINANCIAL ADVISORY AUTHORITY (AAFAF),PR,Independent public corporation and governmental instrumentality of Puerto Rico,60000.00,,Energy/Nuclear|Government Issues|Disaster Planning/Emergencies|Health Issues|Taxation/Internal Revenue Code|Housing,"Issues related to energy infrastructure for Puerto Rico. Issues related to disaster response and resilience for Puerto R|Issues related to energy infrastructure for Puerto Rico. Issues related to Puerto Ricos status. Issues related to disast|Issues related to energy infrastructure for Puerto Rico. Issues related to disaster response and resilience for Puerto R|General issues related to healthcare for Puerto Rico, including Medicaid issues. General issues related to nutrition ass|Issues related to Puerto Ricos status. General tax and manufacturing issues, including the MMEDS Act of 2025 (H.R.3042).",,2026-01-20T21:04:01-05:00,60000.0,0.0
8dd43062-00c6-46d2-9335-f21d3614a7d1,2025,Q4,,401104600,ALTA CREST LLC,DC,57735,GENERA PR LLC,PR,Power and Energy Service Provider,54000.00,,Energy/Nuclear,Puerto Rico energy grid recovery,,2026-02-05T14:18:57-05:00,54000.0,0.0
1b7f0995-79c6-4108-b31f-6a757a51b5d7,2025,Q4,,401103211,CAPITOL ADVOCACY PARTNERS,DC,198165,BOYS AND GIRLS CLUBS OF PUERTO RICO,PR,Community services and programs.,5000.00,,Education|Health Issues|Budget/Appropriations,"Afterschool programs, full service community schools. 21st CCLC, HeadStart; One Big Beautiful Bill and areas that impact|One Big Beautiful Bill and areas that impact students with disabilities, including Medicaid.|Prior community project funding in EDI; ESSER funding. Proposed federal government universal funding freeze. Community p",,2026-02-06T15:47:59-05:00,5000.0,0.0
8039e96b-461b-4afe-8b27-c53036b7bf9f,2025,Q4,,401103211,CAPITOL ADVOCACY PARTNERS,DC,67687,VIMENTI,PR,Social service and education,15000.00,,Budget/Appropriations|Education,"FY26 community project in STEM education and science career readiness; funding for economic development and anti-poverty|Full service community schools policy and grant program, support for two generation anti-poverty initiatives.",,2026-02-06T16:24:23-05:00,15000.0,0.0
aa755aa2-a62b-421b-aab4-636e0dbdfa74,2025,Q4,,400520535,JASON UNDERWOOD,KY,192052,SERRALLES DISTILLERY,PR,Rum distiller,30000.00,,Taxation/Internal Revenue Code,Seeking permanence of rum cover over tax extenders,,2026-02-23T14:36:35-05:00,30000.0,0.0
75103006-1b68-49f4-b4b4-aa66157f826b,2026,Q1,,30906,SQUIRE PATTON BOGGS,DC,137655,"PARA LA NATURALEZA, INC.",PR,Conservation Trust,20000.00,,Agriculture|Disaster Planning/Emergencies|Natural Resources|Taxation/Internal Revenue Code,"Reforestation issues stemming from 2017 natural disasters.|Preservation of historic aqueduct and surrounding area.|Reforestation issues stemming from 2017 natural disasters.|Lobby Congress on S. 1477, H.R. 3146 and final bill H.R. 7024 - Rum Cover Tax and H. Con. Res 14.",,2026-04-06T14:56:50-04:00,20000.0,0.0
e094ee9e-3fa9-4186-a5ec-c3a8b7dda7b4,2026,Q1,,401110247,MR. DOUGLAS DOMENECH,VA,70630,THE CONSERVATION TRUST OF PUERTO RICO,PR,"Non-profit conservation trust, environmental and historic preservation, education",30000.00,,Government Issues|Environment/Superfund,Appointments to the Board of Trustees and Advisory Council of the Trust. General structure and mission of the Trust.|General orientation to the mission of the trust which includes environmental issues.,,2026-04-07T12:12:13-04:00,30000.0,0.0
038a5894-0e88-466a-af31-2b07a41dc777,2026,Q1,,401105518,MIRSONIA GROUP,VA,69179,"EMPRESAS FONALLEDAS, INC.",PR,"Real estate, agriculture and retail",10000.00,,Agriculture,Issues related to nutritional assistance and food security for Puerto Rico.,,2026-04-08T11:39:58-04:00,10000.0,0.0
0a895e74-e6d0-4297-974b-4c410bb51a86,2026,Q1,,8453,"CASSIDY & ASSOCIATES, INC.",DC,63551,RED CAT,PR,"UAV manufacture/RDTE for surveillance, reconnaissance, & tactical operations",20000.00,,Defense,Department of Defense,,2026-04-12T15:26:46-04:00,20000.0,0.0
7eb75ad0-6a14-4d2a-a48c-91c71dcf0330,2026,Q1,,66773,"THE CORMAC GROUP, LLC",DC,213493,NUC UNIVERSITY,PR,higher education,20000.00,,Education,"university visa issues, higher education issues",,2026-04-15T15:13:09-04:00,20000.0,0.0
17bffe32-2b01-43e8-af9e-40a66926590a,2026,Q1,,401106285,"CONTINENTAL STRATEGY, LLC",DC,66239,PUERTO RICO FISCAL AGENCY AND FINANCIAL ADVISORY AUTHORITY,PR,"Fiscal agent, financial advisor, and reporting agent for the Government of Puerto Rico.",150000.00,,Government Issues,Government relations and advocacy services,,2026-04-17T16:02:16-04:00,150000.0,0.0
3545d989-f145-4bb9-9771-3ee683eb85f9,2026,Q1,,401105227,BRIAN GLACKIN & ASSOCIATES LLC,VA,63923,"RED CAT HOLDINGS, INC.",PR,Drone technology company,20000.00,,Defense,Unmanned Air Systems,,2026-04-17T21:34:00-04:00,20000.0,0.0
4971d8ee-ff57-4d58-855c-072aeed68be2,2026,Q1Y,,21632,KING & SPALDING LLP,DC,128507,PUERTO RICO ELECTRIC POWER AUTHORITY (PREPA),PR,Utility provider,,,,,,2026-04-18T11:40:43-04:00,0.0,0.0
34d66b66-95bc-4891-beb6-c6466de63580,2026,Q1Y,,21632,KING & SPALDING LLP,DC,53432,PUERTO RICO FISCAL AGENCY AND FINANCIAL ADVISORY AUTHORITY (AAFAF),PR,Independent public corporation and governmental instrumentality,,,,,,2026-04-18T11:42:55-04:00,0.0,0.0
a1e6311f-b516-42af-9d7f-1cca97730218,2026,Q1,,21632,KING & SPALDING LLP,DC,128506,"MCS ADVANTAGE, INC.",PR,Healthcare plan provider,50000.00,,Medicare/Medicaid,Issues related to Medicare Advantage reimbursement for Puerto Rico.,,2026-04-18T11:49:03-04:00,50000.0,0.0
fd4d09e1-de62-49c3-9e0d-06e4ac052ca0,2026,Q1,,21632,KING & SPALDING LLP,DC,70069,QUANTUM EARTH,PR,leading provider of production and infrastructure services to oil and gas producers.,250000.00,,Energy/Nuclear,Advocate for Policies for Hydrogen Industry.,,2026-04-18T12:08:13-04:00,250000.0,0.0
4cdd964e-e4fe-4375-8464-e44061d8f540,2026,Q1,,7268,BROYDRICK & ASSOCIATES,DC,110356,MILWAUKEE METROPOLITAN SEWERAGE DISTRICT,PR,Municipality in Puerto Rico,10000.00,,Utilities|Budget/Appropriations,Corps of Engineering funding. GLRI initiative funding. WRDA for 2018 and Federal funding opportunities. RCPP program. In|Corps of Engineering funding. GLRI initiative funding. WRDA for 2018 and Federal funding opportunities. RCPP program. In,,2026-04-19T14:19:44-04:00,10000.0,0.0
5e81db15-95ea-46d2-b583-6b884164eac5,2026,Q1,,401105212,PARK & K PUBLIC AFFAIRS LLC,NY,203408,PONCE HEALTH SCIENCES UNIVERSITY,PR,Medical School,37500.00,,Economics/Economic Development,"Economic development for Puerto Rico, expanding healthcare access on the island",,2026-04-20T09:53:10-04:00,37500.0,0.0
943033c9-5ba8-441c-b304-d996e9677997,2026,Q1,,401103327,OFF HILL STRATEGIES L.L.C.,FL,198595,FINANCIAL OVERSIGHT AND MANAGEMENT BOARD FOR PUERTO RICO,PR,Economic growth and opportunity for the people of Puerto Rico,60000.00,,Natural Resources,Implementation of PROMESA,,2026-04-20T10:05:17-04:00,60000.0,0.0
cab70f13-cbe8-4e57-a1af-8d508b833345,2026,Q1Y,,401103245,STINSON LLP,MO,67926,"RWR1911, LLC",PR,Enhancing legal protections for private business owners.,,,,,,2026-04-20T11:30:39-04:00,0.0,0.0
58ce7b58-b73e-4e8c-b206-cc29a1ece6e4,2026,Q1,,401104100,VANTAGEKNIGHT LLC,PR,211661,VAULTLINK INC.,PR,Cryptocurrency banking platform,90000.00,,Banking,"Monitoring and reporting on banking, cryptocurrency, blockchain, and digital assets policy issues",,2026-04-20T13:13:40-04:00,90000.0,0.0
77bb07b2-5820-4f28-b5e7-1b0bda50b0f3,2026,Q1Y,,1182,ALSTON & BIRD LLP,DC,102473,AIRPORT SHOPPES CORP,PR,Food service,,,,,,2026-04-20T13:17:11-04:00,0.0,0.0
52e43c80-b16c-492b-9b92-0ae35a79f935,2026,Q1,,401062995,"C6 STRATEGIES, LLC (FKA MS. DANA W. HUDSON)",DC,60183,RED CAT HOLDINGS,PR,Unmanned Aerial solutions and services,10000.00,,Defense,Advocate for increase in SOCOM funding for experimentation of small unmanned surface vessels.,,2026-04-20T14:02:59-04:00,10000.0,0.0
d91acaac-9d8d-43ee-88cd-459cd405d45d,2026,Q1,,32932,REED SMITH LLP,DC,59167,MEDICARE AND MEDICAID ADVANTAGE PRODUCTS ASSOCIATION OF PUERTO RICO,PR,Health Care Trade Association,70000.00,,Medicare/Medicaid,Issues related to health care coverage in Puerto Rico.,,2026-04-20T16:19:23-04:00,70000.0,0.0
ccc8150d-3595-4668-bdef-b10506faed23,2026,Q1,,304736,"TARPLIN, DOWNS & YOUNG, LLC",DC,181317,TRIPLE-S MANAGEMENT CORPORATION,PR,Insurance,70000.00,,Budget/Appropriations|Medicare/Medicaid,"federal budget issues|Medicare Advantage, Medicare Advantage benchmarks, Medicare reimbursement, dual eligible, Medicare physician payment, Me",,2026-04-20T16:36:28-04:00,70000.0,0.0
e81867b7-c0e1-4dba-a4f1-d5f89d7dbcdb,2026,Q1,,401104071,NEW CENTURY GOVERNMENT AFFAIRS (F/K/A TERRENCE C. WOLFE),DC,213556,THE CORMAC GROUP ON BEHALF OF NUC UNIVERSITY,PR,"General higher education issues, Title IV, Gainful Employment",10000.00,,Education,Issues related to gainful employment and international students,,2026-04-20T17:46:14-04:00,10000.0,0.0
ce6d02fe-e4c2-43c7-8364-d06bcd09d5d7,2026,Q1,,401103565,MICHAEL BEST STRATEGIES LLC,DC,68846,PUERTO RICO FISCAL AGENCY AND FINANCIAL ADVISORY AUTHORITY,PR,Public corporation that serves as the fiscal agent for the government of Puerto Rico.,80000.00,,Disaster Planning/Emergencies|Energy/Nuclear|Taxation/Internal Revenue Code,"Issues related to agencies that affect the island of Puerto Rico, including the DOE, FEMA, IRS, and reshoring pharmaceut|Issues related to agencies that affect the island of Puerto Rico, including the DOE, FEMA, IRS, and reshoring pharmaceut|Issues related to agencies that affect the island of Puerto Rico, including the DOE, FEMA, IRS, and reshoring pharmaceut",,2026-04-20T18:36:12-04:00,80000.0,0.0
f95d080d-ca80-491e-80fc-2e76fb211ffa,2026,Q1,,85071,"NAVIGATORS GLOBAL LLC (FORMERLY DC NAVIGATORS, LLC)",DC,66161,PUERTO RICO FISCAL AGENCY AND FINANCIAL ADVISORY AUTHORITY (AAFAF),PR,Independent public corporation and governmental instrumentality of Puerto Rico,60000.00,,Disaster Planning/Emergencies|Government Issues|Health Issues|Taxation/Internal Revenue Code|Housing|Energy/Nuclear,"Issues related to energy infrastructure for Puerto Rico. Issues related to disaster response and resilience for Puerto R|Issues related to energy infrastructure for Puerto Rico. Issues related to Puerto Ricos status. Issues related to disast|General issues related to healthcare for Puerto Rico, including Medicaid issues. General issues related to nutrition ass|Issues related to Puerto Ricos status. General tax and manufacturing issues, including the MMEDS Act of 2025 (H.R.3042).|General issues related to housing for Puerto Rico.",,2026-04-20T19:50:28-04:00,60000.0,0.0
543b95b0-8216-4df8-b440-3df3a5ba7418,2026,Q1,,297033,"TORREY ADVISORY GROUP (FORMERLY MICHAEL TORREY ASSOCIATES, LLC)",DC,207439,"GRUPO NAVIS, LLC",PR,"Distribution of fruits, vegetables, and fresh eggs in Puerto Rico.",30000.00,,"Food Industry (safety, labeling, etc.)|Health Issues",Food as Medicine Nutrition Incentives Make America Healthy Again NAP to SNAP|Rural Health Transformation Program Funding,,2026-04-20T20:53:17-04:00,30000.0,0.0
c64e2574-62d4-4930-aabd-a72d4ddef1cd,2026,Q1,,401103211,CAPITOL ADVOCACY PARTNERS,DC,198165,BOYS AND GIRLS CLUBS OF PUERTO RICO,PR,Community services and programs.,5000.00,,Education|Taxation/Internal Revenue Code|Budget/Appropriations,"Afterschool programs, ESSER funding, tutoring and enrichment activities, non-profit partnerships in education, full serv|Education Freedom Tax Credit Program and eligibility for Puerto Rico.|Prior community project funding in EDI; ESSER funding. Proposed federal government universal funding freeze. Community p",,2026-04-20T23:16:59-04:00,5000.0,0.0
26fc4bb1-d5fc-401d-aa74-da3a4b983a65,2026,Q1,,401103211,CAPITOL ADVOCACY PARTNERS,DC,67687,VIMENTI,PR,Social service and education,10000.00,,Budget/Appropriations|Education,"FY26 community project in STEM education and science career readiness; funding for economic development and anti-poverty|Full service community schools policy and grant program, support for two generation anti-poverty initiatives.",,2026-04-20T23:42:53-04:00,10000.0,0.0
1ab16faf-d246-43ae-8e43-259a81e1e56b,2026,Q1,,72053,CAPITOL HILL CONSULTING GROUP,DC,165758,"MCS HEALTHCARE HOLDINGS, LLC",PR,Health Insurance Company,30000.00,,Medicare/Medicaid|Government Issues,"Medicaid funding cliff, Puerto Rico MA rates, Medicare Part B buy-in. Dual Eligibles legislation.|Medicaid funding cliff, Puerto Rico MA rates, Medicare Part B buy-in.",,2026-04-21T10:11:34-04:00,30000.0,0.0
56044351-a489-47a1-8947-d5efe5d34c6d,2026,Q1,,401110100,NEW ADVOCATE INC,MA,69808,RED CAT HOLDINGS,PR,Manufacturing,40000.00,,Manufacturing|Defense,Promotion of American drone competitiveness and manufacturing capabilities.|Promote defense acquisition of American-made drones,,2026-04-21T15:33:07-04:00,40000.0,0.0
21045e1b-225c-4f6f-8dcf-a49257a181f2,2026,Q1,,401104600,ALTA CREST LLC,DC,57735,GENERA PR LLC,PR,Power and Energy Service Provider,54000.00,,Energy/Nuclear,Puerto Rico energy grid recovery,,2026-04-22T12:07:28-04:00,54000.0,0.0
84d34521-5af0-4f70-883a-aaee243b275a,2026,Q1,,30495,"PACE, LLP",DC,56583,DISTILLERIA SERRALLES,PR,Spirits,20000.00,,Taxation/Internal Revenue Code,Rum Cover over,,2026-05-13T12:12:43-04:00,20000.0,0.0
3e38a51a-e181-47d0-9e89-ec23ef6fb988,2026,Q1,,400428066,NWG ADVOCACY LLC,FL,190717,HOSPITAL ASSOCIATION OF PUERTO RICO,PR,Serve Puerto Rico's Hospital System and its Members,24000.00,,Health Issues,Medicaid and Medicare,,2026-05-18T12:50:12-04:00,24000.0,0.0
da1747db-1e91-4ad4-bbf0-c51afa934df4,2026,Q1,,400428066,NWG ADVOCACY LLC,FL,56721,CAMARA DE COMERCIO DE PUERTO RICO,PR,promotion of business in Puerto Rico,14700.00,,Economics/Economic Development,"FEMA, Energy grid recovery, nearshoring",,2026-05-18T12:54:12-04:00,14700.0,0.0
39120e5b-7ec8-46a1-8336-a83c62d34e9a,2026,Q1,,400428066,NWG ADVOCACY LLC,FL,190719,PUERTO RICO MANUFACTURERS ASSOCIATION,PR,manufacturing trade association,14700.00,,Economics/Economic Development,"electric grid, reshoring",,2026-05-18T12:55:53-04:00,14700.0,0.0
pr-lda-seed-001,2022,Q4,2022-12-31,100001,"Tarplin, Downs & Young",DC,200001,Puerto Rico Electric Power Authority,PR,Electric utility lobbying re PREPA restructuring,40000,40000,ENG|FIN,PREPA restructuring under PROMESA; energy policy,"Tarplin, James",2023-01-20,40000.0,40000.0
pr-lda-seed-002,2022,Q4,2022-12-31,100002,Squire Patton Boggs,DC,200002,Government of Puerto Rico,PR,PR government federal affairs lobbying,180000,180000,GOV|BUD|FIN,PROMESA Oversight Board; federal appropriations for PR,"Carey, Jr., John; Becker, Benjamin",2023-01-22,180000.0,180000.0
pr-lda-seed-003,2023,Q2,2023-06-30,100003,Greenberg Traurig LLP,DC,200003,Luma Energy LLC,PR,Power transmission and distribution operator,60000,60000,ENG|REG,Energy grid modernization; federal infrastructure funding for PR T&D,"West, Brian; Collins, Jane",2023-07-15,60000.0,60000.0
